curve_id,family,normalized_rmse,noise_fraction,extrapolated_to_160,params
NU00017,weibull,0.02326570576149786,0.022166884576275938,True,"[60.87508280758047, 0.010000000009225036, 0.18180341814955517]"
NU00019,weibull,0.026440237306803664,0.02532702479972201,True,"[43.846048861528445, 0.12983181025982093, 0.14212004838521494]"
NU00020,weibull,0.022288376834542052,0.02162533576090959,True,"[41.22641531389489, 0.01000000000008411, 0.11605295542112769]"
NU00022,weibull,0.004663227466470192,0.003839851255898304,True,"[68.00803487405891, 0.010000000038950019, 0.14010261128165144]"
NU00024,weibull,0.014982372478993155,0.011996963038003515,True,"[41.211954245468206, 0.010000000000000241, 0.2173927340425462]"
NU00025,weibull,0.005860354989251426,0.004849601020363673,True,"[94.98181401335565, 0.010000000011585818, 0.13516369231240175]"
NU00026,weibull,0.018434846956820836,0.01723394125870053,True,"[99.58744931972868, 3.587004079195233, 0.6276243139521598]"
NU00027,weibull,0.004523134177425505,0.0037546003203084957,True,"[45.53732949467068, 0.01000000013965945, 0.15779342764125787]"
NU00029,weibull,0.040202352074432644,0.03932102734166619,True,"[75.04515628808382, 2.318637025170152, 0.5657978528825812]"
NU00030,weibull,0.030525050976736294,0.029397579026701884,True,"[66.35072757664024, 0.8355110982053814, 0.48402596434091]"
NU00031,weibull,0.012853727026648087,0.012746463947770958,True,"[63.832677370033245, 0.9622011069239033, 0.40513809206141416]"
NU00032,weibull,0.01646436578850292,0.01663985052856773,True,"[57.19043815577959, 2.673959560435747, 0.5183225203391251]"
NU00033,weibull,0.030943940374231184,0.03042741224912312,True,"[46.88258204715282, 0.8794841008096441, 0.45023674332184405]"
NU00034,weibull,0.008611822660966953,0.008401658181724595,True,"[43.9731281807095, 0.010000000000000002, 0.36277667242697986]"
NU00035,weibull,0.022576484624530154,0.022614510286633895,True,"[29.650060286507784, 0.010000000000496296, 0.23237215235529662]"
NU00036,weibull,0.02599341327166946,0.025328721799945237,True,"[36.842109279077455, 0.7539075308915593, 0.2842847818843834]"
NU00037,weibull,0.0151082988070228,0.015106995877300402,True,"[72.60626151609587, 0.010000000000013639, 0.3504575791508426]"
NU00050,weibull,0.017628526592812378,0.01779016911407293,True,"[79.37220669629677, 0.010000000000000004, 0.18835909080341517]"
NU00051,weibull,0.023373947608561742,0.024148045195082082,True,"[55.36637820613401, 0.01000000000000001, 0.24618972410576942]"
NU00052,weibull,0.021497901839391032,0.020833023811473783,True,"[76.25849038083585, 0.010000000000001744, 0.16500857214931708]"
NU00053,weibull,0.017823849208765282,0.01789359580894104,True,"[75.60415298244891, 0.010000000000000096, 0.14876665809646822]"
NU00054,weibull,0.01748769493573284,0.016543667321796643,True,"[69.34331822984754, 0.010000000000000083, 0.23114096533667886]"
NU00055,weibull,0.020870233664610945,0.020348403230535442,True,"[48.00017595671024, 0.01000000000000146, 0.11636297014594038]"
NU00056,weibull,0.00944413616411094,0.008595299547032038,True,"[53.179785979745766, 0.010000000000000002, 0.11652481074247989]"
NU00057,weibull,0.003559410337984502,0.0032290459678479028,True,"[66.57953666653732, 0.8704194799667434, 0.16683491801998798]"
NU00058,weibull,0.005889276231408733,0.005255067616079149,True,"[81.13760474734306, 0.010000000034631713, 0.10538923054206734]"
NU00059,weibull,0.01611137617587436,0.014399920320945628,True,"[94.43108843219625, 0.010000000001605659, 0.13376728972445182]"
NU00060,weibull,0.0144846595863507,0.01294674577363434,True,"[64.21841247162595, 0.010000000000002486, 0.1449165610919353]"
NU00061,weibull,0.003447486515426252,0.003117308620499744,True,"[63.47967111249424, 0.9965095046537312, 0.18714493165255178]"
NU00062,weibull,0.011674852295271508,0.010289758281572128,True,"[79.87647319753542, 0.010000000020801942, 0.13026286022889366]"
NU00063,weibull,0.0036326490732298228,0.0032092407018093723,True,"[86.4797673288527, 0.010000000000792354, 0.11225953851626884]"
NU00142,weibull,0.017708651210498746,0.01719821720641798,True,"[35.93581356884892, 4.371592126413646, 0.67998868339522]"
NU00143,weibull,0.0934017983219075,0.08768075515465262,True,"[11.078585042230829, 0.010000000000210198, 0.290315376877651]"
NU00227,weibull,0.02060065461251481,0.018502387719799684,True,"[36.96505248366378, 2.843665608617219, 0.6834740069214938]"
NU00228,weibull,0.018271382568774277,0.017191696245496903,True,"[26.676349786971166, 3.497341837175237, 0.502970798973594]"
NU00229,weibull,0.023967071497336383,0.020766813124121312,True,"[23.3129099468737, 0.010000000000023558, 0.10444146613212654]"
NU00230,weibull,0.028482675441842683,0.024782789417509693,True,"[54.82125501239956, 0.010000000000004429, 0.12508260727300236]"
NU00231,weibull,0.020087832603464608,0.016042694992192248,True,"[54.09280478697714, 0.010000000000003456, 0.31975235857985834]"
NU00232,weibull,0.01140991791579124,0.009734764499735942,True,"[34.22472142496529, 1.7702582963848488, 0.5764511999175648]"
NU00233,weibull,0.020472590601839487,0.017408401150353837,True,"[45.27668746620074, 0.010000000000000606, 0.17561633889718523]"
NU00234,weibull,0.04259056334940544,0.04188748325768337,True,"[29.791799580335926, 6.615718932747496, 0.9209191053815177]"
NU00235,weibull,0.006805122274557883,0.005798119720979545,True,"[33.332439117830646, 1.3405909815609152, 0.43997730683203284]"
NU00237,weibull,0.0007696846146668494,0.002,True,"[44.46691720373247, 1.966472681896496, 0.43065588004040006]"
NU00238,weibull,0.011489072851070216,0.009965059646559169,True,"[36.432767587013664, 1.6702406949440052, 0.46790834300641754]"
NU00240,weibull,0.03092447433519957,0.029348936022900462,True,"[27.07965255689312, 3.6126941494292524, 0.5229117701391771]"
NU00242,weibull,0.015849592824291412,0.015664394855695436,True,"[83.27302148955386, 0.01000000000000274, 0.16858040135207208]"
NU00243,weibull,0.019620393553170225,0.018807042453769074,True,"[72.81865149067193, 0.685976615658821, 0.10001000000000008]"
NU00244,weibull,0.010864033311822271,0.010446769551527024,True,"[70.92403715921697, 0.2519352230146807, 0.22100138527919042]"
NU00245,weibull,0.0661531806082129,0.06901110768916793,True,"[14.858105220476617, 2.8178161993501134, 0.10001000000000405]"
NU00246,weibull,0.048641129814518874,0.051895942239276426,True,"[8.248081138871994, 0.01000000000031194, 0.21158654438062577]"
NU00247,weibull,0.009822971369143568,0.009404247453091963,True,"[55.046466369157955, 0.01000000000000004, 0.2145438498848928]"
NU00248,weibull,0.058503049344009864,0.06012334384210933,True,"[8.660149384389612, 0.010000000000000986, 0.19870300031944194]"
NU00250,weibull,0.008108248117520672,0.007729323899615444,True,"[52.031602227076334, 0.010000000000000007, 0.2587051943386057]"
NU00251,weibull,0.008055700805996574,0.007664019093191251,True,"[69.89858677083596, 0.46688301798483467, 0.24940981693263395]"
NU00252,weibull,0.011261658149250491,0.011105038630892584,True,"[57.49966643845701, 0.38405755454793783, 0.28077399829360233]"
NU00253,weibull,0.016214332178291664,0.016565856735843265,True,"[54.02866573783268, 0.010000000000000056, 0.2166130391054554]"
NU00254,weibull,0.024021170092924173,0.024436942714304303,True,"[10.616247704821237, 0.010000000000001147, 0.21849602922127753]"
NU00255,weibull,0.028047910279447467,0.029160456739991816,True,"[6.2520082741495395, 0.010000000000035644, 0.18947527547656434]"
NU00256,weibull,0.03605241541500569,0.03630888161067734,True,"[54.90939087100738, 0.010000000000000292, 0.23523649320822082]"
NU00257,weibull,0.011928109910627038,0.0117156211322644,True,"[74.83308554735035, 0.010000000000000002, 0.39188601162199677]"
NU00258,weibull,0.005510686566034493,0.005161284795714986,True,"[60.00455260059644, 1.6079756869441864, 0.5765257769504433]"
NU00259,weibull,0.04330159243964691,0.04523008652559323,True,"[9.765098340779822, 0.010000000000046999, 0.23762424466006968]"
NU00260,weibull,0.016546882663823027,0.016300883750137277,True,"[44.35948280429745, 3.043911788158094, 0.521986548473225]"
NU00261,weibull,0.010998637946384674,0.010240695895276174,True,"[39.20146532504901, 0.010000000000005576, 0.18856019693704132]"
NU00262,weibull,0.04863003613740872,0.0507675200680058,True,"[6.801066038149783, 0.010000000003847164, 0.2705891103617796]"
NU00264,weibull,0.019019767599956303,0.016965968922882328,True,"[56.27691161393439, 0.010000000000000748, 0.4357326798116051]"
NU00265,weibull,0.03906841021620496,0.03959152410935289,True,"[12.630876482203636, 0.01000000000001644, 0.2155817206863846]"
NU00266,weibull,0.011166708600499481,0.010670779424977529,True,"[60.2769853796434, 0.6438630170258118, 0.2806217539484328]"
NU00267,weibull,0.008243756231211086,0.00807523183297916,False,"[59.1083322014086, 0.31609783789979123, 0.17366576007326212]"
NU00268,weibull,0.011206865601283825,0.011065195776555776,False,"[49.120954806228376, 1.1989795164262482, 0.33337948246438776]"
NU00269,weibull,0.007773976393400223,0.007695039901682238,False,"[53.13957607984051, 0.3740294045042823, 0.250356531206733]"
NU00270,weibull,0.058884656991321775,0.06540301961460228,True,"[5.5820797800700275, 0.010000000000091167, 0.3542963135092542]"
NU00271,weibull,0.04981241504513608,0.05409448761470282,True,"[8.655904179356954, 0.010000000000020047, 0.24156304923453786]"
NU00272,weibull,0.030695757027191888,0.03008761816299,True,"[8.263719333758848, 0.010000000000016896, 0.2687534782568467]"
NU00274,weibull,0.03073339052964284,0.029061022459040794,True,"[9.729430314133774, 2.179283116560029, 0.7704869804956259]"
NU00275,weibull,0.01890065473762597,0.018078767935374215,True,"[9.827337524812725, 0.010000000000000158, 0.23397341691092907]"
NU00276,weibull,0.04691886626783813,0.036437956116622254,True,"[33.22103868383592, 0.01000000000013802, 0.22065479940995478]"
NU00277,weibull,0.02111067602090517,0.017930337752059947,True,"[24.37159855410603, 2.354721533229554, 0.3784580682505842]"
NU00278,weibull,0.0251128231706002,0.012259534646741274,True,"[52.849545800150516, 0.010000000000015372, 0.7024570057780978]"
NU00287,weibull,0.020509112529077667,0.02039719665934898,True,"[98.63825763430839, 1.6906937478469082, 0.5051192447112601]"
NU00288,weibull,0.016944569187810312,0.01658882307860668,True,"[126.76131551002587, 1.2526351872872317, 0.44403273796888526]"
NU00335,weibull,0.019121858341950695,0.01825524332689053,True,"[45.98402585930481, 1.5705499825660716, 0.41074282776336485]"
NU00339,weibull,0.025438904958908572,0.02467452087305076,True,"[318.778607850715, 0.010000000000000042, 0.18390961348174673]"
NU00341,weibull,0.0316063952556457,0.030579359933025456,True,"[235.65758518393713, 4.135224489561568, 0.41484651735398564]"
NU00342,weibull,0.026793554253696915,0.027395729893608962,True,"[341.52436097618477, 47.6260711990741, 0.7849370931250267]"
NU00343,weibull,0.01754265917127146,0.017200225983898428,True,"[214.69076970322956, 4.374731356643525, 0.3928742833534729]"
NU00344,weibull,0.03555023873116897,0.03515266632164835,True,"[298.2352833749464, 0.6388182790465737, 0.24285375919457414]"
NU00345,weibull,0.037086811423023155,0.038693736964171596,True,"[373.61186142554135, 1.6171624775234938, 0.10001000000000096]"
NU00346,weibull,0.030223592833009197,0.029042771558353764,True,"[167.54593948919594, 3.13528228819144, 0.3568848729614597]"
NU00350,weibull,0.026353427642173653,0.025969434436099295,True,"[26.90198619893242, 3.26615750885822, 0.4235016888357051]"
NU00351,weibull,0.01908077254511537,0.018202748911860706,True,"[55.3468487238012, 0.0100000000000012, 0.24637125469673732]"
NU00352,weibull,0.011145267024517578,0.010082135789105131,True,"[30.731427324793977, 1.743727624873866, 0.5921340272423975]"
NU00353,weibull,0.010829636685567398,0.010447065543779128,True,"[26.64113301986635, 0.010000000000031808, 0.15031641998382028]"
NU00354,weibull,0.006488878378865649,0.006252157392006503,True,"[30.93867481987789, 0.4805903037266472, 0.3034065038795906]"
NU00355,weibull,0.015298186511296191,0.015040494378182247,True,"[46.18801962292402, 0.010000000000000142, 0.20432713439695652]"
NU00356,weibull,0.011671946811803289,0.011671345191231893,True,"[32.10165465248653, 1.269860491070758, 0.5675914612555659]"
NU00357,weibull,0.02435465767424614,0.022268745635336932,True,"[17.279985031687968, 0.010000000000000005, 0.3687307660305426]"
NU00358,weibull,0.012022585566016283,0.011189048802521565,True,"[95.09287530792236, 0.6102388191920445, 0.4668803753524344]"
NU00359,weibull,0.005565493162612024,0.005069123787439494,True,"[86.62590004571479, 1.1417596165522677, 0.655031042947429]"
NU00360,weibull,0.026281028105768794,0.023492517325268997,True,"[94.5299664650576, 0.010000000000000009, 0.3478410797226316]"
NU00361,weibull,0.02252140805497515,0.021932952958159162,True,"[85.84296501194636, 0.010000000000002287, 0.4040481224857181]"
NU00362,weibull,0.014305623236880062,0.013298804655930436,True,"[68.19985229377298, 0.010000000000000042, 0.292414127594218]"
NU00363,weibull,0.026380405122792994,0.024811696748573375,True,"[44.12381884599882, 0.01000000000000004, 0.2660338904751033]"
NU00364,weibull,0.017231281869593298,0.017162325265611896,True,"[31.325358656879125, 3.3124267883001193, 0.6125843871596989]"
NU00365,weibull,0.018719464049348922,0.017924500665239495,True,"[28.09303267811605, 2.6185315273576104, 0.6609948551450965]"
NU00366,weibull,0.03709088635414423,0.0332406438669322,True,"[27.78415105060441, 1.562074254579854, 0.47914217889808963]"
NU00367,weibull,0.031690419662551324,0.03173182707682486,True,"[24.10849929321299, 0.892897911315944, 0.535985393575003]"
NU00368,weibull,0.039939714715373484,0.03868758171817625,True,"[17.8599187100737, 0.010000000004946445, 0.3203494753891852]"
NU00369,weibull,0.0799553199057748,0.07666968716529031,True,"[12.8271090075121, 0.0100000000000002, 0.21116680470893512]"
NU00370,weibull,0.005998592607050788,0.005648989302528413,True,"[99.81744961180831, 2.1593879719258826, 0.8097788119732457]"
NU00371,weibull,0.004463415219320735,0.004098509978812293,True,"[67.41118199156324, 1.0890742779674434, 0.5815918635730811]"
NU00372,weibull,0.012860363754648335,0.01155979079196897,True,"[55.95916989330128, 0.5122396866730592, 0.4712443988131173]"
NU00373,weibull,0.016353892930062782,0.015235870784238062,True,"[47.336098371343326, 1.589953523474727, 0.6382259435900092]"
NU00414,weibull,0.049067625950725315,0.049697625160333506,True,"[13.032668270566267, 3.1733824692406247, 0.5392098170487828]"
NU00415,weibull,0.025597861092221168,0.024829725279200555,True,"[29.381679939061826, 0.010000000000009246, 0.13095529228797165]"
NU00416,weibull,0.05507301445692327,0.05855441165748697,True,"[5.737319847944828, 4.600741584613823, 0.7643652643959468]"
NU00417,weibull,0.056462343656419695,0.05861338912898922,True,"[8.188059557917667, 3.6508471351851384, 0.8199113706878438]"
NU00418,weibull,0.04959351738811525,0.05025370668653299,True,"[7.1054126896895875, 0.9787480952605233, 0.45717106340380587]"
NU00419,weibull,0.032070352693247595,0.03229248890527422,True,"[8.938090064407733, 3.6275722475554177, 0.7734086278944322]"
NU00420,weibull,0.019111470342693008,0.019099093188800192,True,"[7.004536345071112, 4.216588307254749, 0.7879441549910761]"
NU00421,weibull,0.05149405072781158,0.05401179282666103,True,"[9.34317619768872, 0.010000000000004419, 0.3778460559190316]"
NU00422,weibull,0.031089146758888287,0.027479225529082343,True,"[21.609149881837887, 2.5153808767095804, 0.6310815983301831]"
NU00423,weibull,0.011603266381589612,0.010063821469035894,True,"[41.62215294301253, 1.3628560873946005, 0.4422618498007386]"
NU00424,weibull,0.020860427376023213,0.01934279576238134,True,"[11.000289815873098, 3.1777458683322597, 0.64218384276251]"
NU00426,weibull,0.024372247416043196,0.024058157256404294,True,"[11.244915536748504, 2.417498675728322, 0.5902487043863361]"
NU00427,weibull,0.03447170105940863,0.03341646801070804,True,"[13.926306159971576, 0.010000000000000026, 0.2502476278047451]"
NU00428,weibull,0.0349965584427584,0.03425711115461788,True,"[7.457572107556366, 0.010000000000000783, 0.25088754529989105]"
NU00429,weibull,0.06792436668644793,0.06497959237505464,True,"[8.258015743246458, 0.010000000000000562, 0.24387521987880836]"
NU00430,weibull,0.012453528035922291,0.011929080509464738,True,"[16.077042283438217, 1.1286605406728014, 0.3675632019531637]"
NU00431,weibull,0.015614084184319098,0.014943555342907188,True,"[10.344220627397661, 1.7886501885205577, 0.5370726701468997]"
NU00432,weibull,0.017926461167325516,0.017655787824633475,True,"[16.04222305212387, 3.323736502890417, 0.5917028627756574]"
NU00435,weibull,0.024036100383277154,0.024147774075218578,True,"[9.057916179209665, 4.252533528065455, 0.9378771261045152]"
NU00439,weibull,0.027281585417011586,0.026488494316838803,True,"[11.535338816003915, 2.15384733852978, 0.6188280905321314]"
NU00445,weibull,0.03511131563843966,0.03386325102310798,True,"[24.26243083922546, 0.36540405240498414, 0.23221864482951698]"
NU00446,weibull,0.03207579546198569,0.031146389981187142,True,"[8.856623227914865, 0.26936493070212436, 0.3902542347522689]"
NU00448,weibull,0.020966437616257334,0.02022543533709093,True,"[25.397610139757223, 1.7331565471802863, 0.8013979656424931]"
NU00449,weibull,0.00795195312105935,0.007720326532237914,True,"[48.410102231965034, 1.0399519717710166, 0.4774424779260175]"
NU00522,weibull,0.02899572870176437,0.027513483895179144,True,"[71.41140978266475, 3.46411642250806, 0.49397602164996357]"
NU00523,weibull,0.024999669339538746,0.025027639580298557,True,"[39.86999247845369, 0.9102973486701035, 0.26530699575855665]"
NU00524,weibull,0.08305551522790099,0.09008438790314023,True,"[20.824731917157504, 0.01000000000000155, 0.5005071167321101]"
NU00526,weibull,0.017545120796001637,0.015529405602859004,True,"[110.37693039394942, 1.587105467123221, 0.3263134000216645]"
NU00527,weibull,0.01768038662808984,0.01666975204573009,True,"[82.82604783913388, 2.6429465749148413, 0.4205977071694628]"
NU00528,weibull,0.024168940892514947,0.023956786993923923,True,"[45.22064482848164, 1.8883126053410673, 0.33998714919527984]"
NU00529,weibull,0.056785100384665076,0.054594900222018745,True,"[24.85651528721614, 0.010000000000076784, 0.2129429278204136]"
NU00551,weibull,0.0337971385346143,0.03469223260955053,True,"[82.51465583376068, 2.468662388747317, 0.26156614806074735]"
NU00552,weibull,0.012909894119670638,0.01207674917750573,True,"[43.65745020434732, 2.0806496796783303, 0.12885115832397884]"
NU00553,weibull,0.01822365911815112,0.01875422977463586,True,"[45.79665838370259, 4.04274753932708, 0.48826498308670446]"
NU00554,weibull,0.02525874670336659,0.024934101115204686,True,"[40.58158697045771, 2.607459131362998, 0.40707514569643677]"
NU00555,weibull,0.02010696884526738,0.016852070589540125,True,"[20.37892175044222, 0.01000000000000838, 0.1548281770769689]"
NU00556,weibull,0.00792827548563107,0.007867938721785374,True,"[36.98144083367169, 4.036079953964609, 0.31843826832273964]"
NU00557,weibull,0.0065585203807249194,0.006555615805528821,True,"[30.953708484333614, 5.820053466830151, 0.3760000292057395]"
NU00558,weibull,0.006254886575726922,0.006246026612055627,True,"[28.85086686932735, 4.474189441752208, 0.3640537233660473]"
NU00559,weibull,0.014290781126884885,0.0142773490870748,True,"[26.524931032560488, 3.3113143060340007, 0.38492625589891766]"
NU00560,weibull,0.022751467888273466,0.019599645570108983,True,"[13.035898198841274, 0.010000000000000705, 0.1593679411167553]"
NU00561,weibull,0.024355518961741752,0.02473718016207574,True,"[54.54525300135386, 8.789730956793957, 0.5266717841500818]"
NU00562,weibull,0.026192530347916028,0.026934364718900712,True,"[41.62118953205293, 12.591159007475646, 0.5682292812781012]"
NU00563,weibull,0.026078161043133034,0.02313759643323598,True,"[44.22702428427749, 2.1675505978399934, 0.27701891769279396]"
NU00564,weibull,0.021701200490455153,0.019988148221627308,True,"[34.416797790356874, 2.764279635675135, 0.2665021731781519]"
NU00565,weibull,0.014493146759597791,0.007733840493054657,True,"[25.861074515573925, 0.010000000000000002, 0.36502585342339827]"
NU00566,weibull,0.021150208012105653,0.012875008353279146,True,"[15.704532614476522, 0.010000000000000002, 0.29688250940439637]"
NU00567,weibull,0.014535686676300768,0.014443482400070727,True,"[35.42470969489197, 0.9658708048841538, 0.3505646040064817]"
NU00568,weibull,0.01361482756476517,0.013453109995026472,True,"[22.3656603783472, 0.8568149033709498, 0.3212015507637708]"
NU00569,weibull,0.010595201653988268,0.010221162712764522,True,"[31.71979350325311, 0.010000000000000382, 0.27814451237387]"
NU00570,weibull,0.02397969088090188,0.022043436205645556,True,"[22.73581735330778, 0.9556002982006688, 0.34858837767362133]"
NU00571,weibull,0.0099471534331786,0.008420754922314165,True,"[24.924717483927022, 0.1978761909472423, 0.34055325212789594]"
NU00572,weibull,0.020910132988674796,0.019118387283746627,True,"[14.108968060460995, 1.296879060395671, 0.40812387373961334]"
NU00580,weibull,0.03535580487979602,0.036111319274478276,True,"[22.575095216530965, 0.4348025905018228, 0.30133038478154794]"
NU00581,weibull,0.034190335329795346,0.03531220759636071,True,"[23.07543598222556, 1.9618136598717069, 0.44986859126948664]"
NU00582,weibull,0.04213006993436981,0.043362362910110704,True,"[26.355605769080654, 1.3698660163623522, 0.42198376823926503]"
NU00583,weibull,0.019264014457950257,0.019136247632978425,True,"[19.895555463288506, 0.3664840098174981, 0.34785249211990216]"
NU00584,weibull,0.0217333112756407,0.02163466295061885,True,"[17.518014934890367, 0.407682994732028, 0.3894613019660709]"
NU00585,weibull,0.028107574167131312,0.02598242987186028,True,"[19.13732597368573, 0.010000000000001254, 0.34104930035823616]"
NU00586,weibull,0.028302810197016217,0.028382465934723607,True,"[20.094545691441784, 0.5646767206858818, 0.38214356805915495]"
NU00587,weibull,0.017604323070040527,0.01767475624826837,True,"[24.401272889003476, 2.75335940507573, 0.5811613467912613]"
NU00588,weibull,0.01437948162921708,0.01423103499569382,True,"[26.104691886399028, 2.0300643635603635, 0.5187662997508277]"
NU00589,weibull,0.012129745204975558,0.011986275626578318,True,"[24.341306874873474, 2.5688259721505524, 0.5473746793599386]"
NU00590,weibull,0.0135456268458027,0.01350706968514579,True,"[25.68551292860916, 2.187037284349367, 0.47008662298278653]"
NU00591,weibull,0.013484992574532,0.013008598836427014,True,"[21.35585311824926, 2.658092593280959, 0.5875755839937999]"
NU00592,weibull,0.01345468554110236,0.01259555033037043,True,"[23.695662329609352, 2.2487448371309307, 0.592784574834997]"
NU00593,weibull,0.015197454447561121,0.01435432139202127,True,"[22.943259236447545, 2.243467278529799, 0.5736811127064514]"
NU00594,weibull,0.01600956778820519,0.015093734587389373,True,"[21.11902136801179, 2.4276887144112016, 0.5826534058506767]"
NU00595,weibull,0.008399438780784065,0.008312531907788483,True,"[13.492099346450171, 1.833450129358059, 0.5276030078641956]"
NU00596,weibull,0.012047481488449311,0.011850420136866673,True,"[10.149922875589462, 1.026056417104434, 0.4163805203121062]"
NU00597,weibull,0.010842384412857137,0.010391346831993829,True,"[50.05318666371299, 0.5600897416214881, 0.49802820154719424]"
NU00598,weibull,0.010938220098333567,0.010931571303766778,True,"[23.21110886717746, 0.5812842075523733, 0.43522034250288744]"
NU00646,weibull,0.014836883991492463,0.010011518357642128,True,"[88.17789329826627, 0.6805990242881932, 0.4786503529705482]"
NU00647,weibull,0.01860317219880228,0.016797603025728736,True,"[66.56013048025417, 4.068657832534461, 0.6519490303641547]"
NU00648,weibull,0.01843500737971292,0.016411509958461655,True,"[68.74580428577369, 1.536256114057529, 0.40651876804482195]"
NU00649,weibull,0.014516663974861175,0.012572622284511469,True,"[69.16203735519859, 0.4653360471364239, 0.3115162244240021]"
NU00650,weibull,0.013470469701303467,0.011973432173417679,True,"[26.674459920270333, 4.192332583112356, 0.588727099219704]"
NU00651,weibull,0.007354225143387177,0.005677176773411337,True,"[31.78916074340905, 1.0223832609544876, 0.33474895186749104]"
NU00652,weibull,0.01340966788440594,0.010652553629133995,True,"[34.252544116442856, 1.7014993405760308, 0.3867266025857868]"
NU00653,weibull,0.009370123850399276,0.006487988785654312,True,"[42.61911725813756, 0.6213999113994441, 0.40505694449458457]"
NU00654,weibull,0.014764314844943654,0.014791162995098625,True,"[78.92647624642787, 2.0091081943662235, 0.5317782415001162]"
NU00655,weibull,0.03766778791361121,0.0381897966824847,True,"[69.79279557122048, 2.2992669651001005, 0.5892255790734038]"
NU00656,weibull,0.011169825693575955,0.011182300681316414,True,"[75.99512506287013, 3.4365221302779405, 0.9026330976309195]"
NU00657,weibull,0.010581417943903772,0.010599984808355726,True,"[57.03991394761733, 3.33394458535089, 0.870972458588984]"
NU00658,weibull,0.02606161309626864,0.025960690347879775,True,"[45.35563823269366, 0.40997053835812325, 0.32423318579164273]"
NU00659,weibull,0.019548678397256422,0.019203623551835535,True,"[27.088134213153342, 0.9965723864913333, 0.46221986053202935]"
NU00660,weibull,0.014224971800895315,0.01330472379421851,True,"[38.361712434640076, 1.2351532029096668, 0.47591326734373846]"
NU00661,weibull,0.013407669922909291,0.01239792791744261,True,"[22.883363853859404, 0.4010251981237718, 0.43606301301463785]"
NU00662,weibull,0.043519134425051585,0.04431404322779951,True,"[76.7579597550286, 6.942854642890966, 0.517741133569905]"
NU00663,weibull,0.03164592016449602,0.03158237939568394,True,"[77.41543983361471, 3.388746673589507, 0.5051373576731208]"
NU00664,weibull,0.0405486332159466,0.0408549623002474,True,"[104.92731512235211, 0.9113479535262963, 0.2718764022762095]"
NU00665,weibull,0.02310856975228633,0.022301283109448553,True,"[53.19846240505022, 1.939517427748125, 0.451051121471954]"
NU00666,weibull,0.07605935623820113,0.07391739666491458,True,"[38.47347793697661, 0.010000000000000897, 0.3485661219497015]"
NU00667,weibull,0.06281609114779828,0.07060113075547401,True,"[19.52961922762499, 5.38827324535941, 0.8871075775929151]"
NU00668,weibull,0.016178289205316516,0.01498193880188145,True,"[34.26373070087749, 0.6974153643875345, 0.41203129756033996]"
NU00669,weibull,0.031858809361025975,0.028923264030047816,True,"[14.308410460513413, 2.3485072045443083, 0.8247634727413455]"
NU00670,weibull,0.0628217287162266,0.06584165980965305,True,"[58.10672589176272, 6.457503946292486, 0.648538085872649]"
NU00671,weibull,0.04017198579383832,0.04264426848878552,True,"[60.46861300445584, 18.732988192887827, 0.8412058720913757]"
NU00672,weibull,0.031909307266032756,0.0315597576375894,True,"[56.094485497915855, 2.0277088347182755, 0.4765097084610799]"
NU00673,weibull,0.022315351474660367,0.021248417319102705,True,"[27.71510539219567, 0.7795590843440829, 0.5292982455533047]"
NU00674,weibull,0.0221085616406471,0.021744770594971995,True,"[29.76985579180266, 4.4064966207716605, 0.5757513236373955]"
NU00675,weibull,0.030712218722257257,0.03226125376662892,True,"[18.401863492215632, 20.002536392121602, 0.9124704320569738]"
NU00676,weibull,0.061123678519153006,0.06669822969987987,True,"[24.86250992996907, 9.90438357520146, 0.7918435775850633]"
NU00677,weibull,0.09928987242857511,0.10180913597621276,True,"[14.297238807163666, 0.010000000000000002, 0.41533800109183105]"
NU00678,weibull,0.03229431989591245,0.03308868671954857,True,"[54.12856051398282, 6.169809656607001, 0.6641959413992505]"
NU00679,weibull,0.010603254771727456,0.010027258957102991,True,"[99.37637805110569, 0.5864611428883716, 0.3079177912243456]"
NU00680,weibull,0.01978636442810669,0.01920855524260839,True,"[64.88994156019214, 3.012838072588937, 0.4886394641144322]"
NU00681,weibull,0.038533959894514726,0.03349102916334204,True,"[53.716921532060944, 0.9559725249685657, 0.4543034365818296]"
NU00683,weibull,0.04669156570043845,0.0462868664586197,True,"[25.902510059256496, 1.1341732895097916, 0.33967442526535296]"
NU00684,weibull,0.05654715509638985,0.06206242320291265,True,"[32.41813120560088, 6.3736944869605825, 0.5285009914249312]"
NU00686,weibull,0.013217192437475123,0.013447482961822405,True,"[91.30907106760426, 5.316609818386473, 0.47707985254039337]"
NU00687,weibull,0.014932190341975503,0.015081943869954734,True,"[66.63175640223143, 5.0238877544789045, 0.5571694218054762]"
NU00688,weibull,0.007820583124943414,0.0077491895096066165,False,"[57.9490129229072, 3.3149930552899693, 0.4413002491857355]"
NU00689,weibull,0.03208311558773275,0.03293363457724737,True,"[21.003207843612742, 7.701450901177014, 0.6481932130579786]"
NU00690,weibull,0.013893620676312881,0.014178671845471471,True,"[23.321519511847544, 14.270041659049411, 0.8425151342126789]"
NU00691,weibull,0.04860326852860649,0.04935444516712764,True,"[39.15485120243043, 1.6231369289729396, 0.30199539468864056]"
NU00692,weibull,0.017032580085130367,0.01678052080842078,True,"[29.902517033686948, 4.320248796043836, 0.6102163584913968]"
NU00693,weibull,0.06285114388039473,0.06465480768035678,True,"[18.61577581763085, 3.598731132461209, 0.550583850703956]"
NU00694,weibull,0.012735814274549118,0.012867152423186647,True,"[56.863593902437245, 5.937694131099542, 0.5159679073626158]"
NU00695,weibull,0.033872319426833136,0.03399513145995451,True,"[38.45058837972911, 5.158936693485245, 0.6441203736717914]"
NU00696,weibull,0.02500727359296349,0.02556515198791581,True,"[33.32653025943245, 9.457885687256718, 0.6640176002770766]"
NU00697,weibull,0.05309635404812335,0.05353039703522628,True,"[10.861213609985944, 4.795824115004046, 0.6956310207630585]"
NU00698,weibull,0.06237727168933546,0.060649164659848515,True,"[31.831873853705833, 1.9820427482624134, 0.31307737425278837]"
NU00699,weibull,0.020447564118396145,0.020816326412651978,True,"[20.264538487738445, 49.99999999999999, 0.9287867288897622]"
NU00702,weibull,0.012915357224458007,0.01285522803900054,True,"[59.35634144381179, 5.985598206157954, 0.49546819066821923]"
NU00703,weibull,0.0179592767406844,0.017974082147566524,True,"[36.1402064582475, 4.822393715458422, 0.5394245632886804]"
NU00704,weibull,0.015937486115972784,0.0162901721146183,True,"[29.333861106746742, 8.963314690505158, 0.8036903015822725]"
NU00705,weibull,0.03007206783817703,0.029078081079771268,True,"[16.546933894670097, 5.117797795923475, 0.5847124867394452]"
NU00706,weibull,0.024657939784545408,0.023797942545922445,True,"[23.219840517950267, 1.9157216945054463, 0.41841158147674434]"
NU00707,weibull,0.03429691011275347,0.034945683391438075,True,"[17.600070433955192, 3.3499891171936818, 0.4800235656913511]"
NU00709,weibull,0.03321813436268456,0.029549320839145677,True,"[13.43032732939341, 0.9456539407876312, 0.36115776230173663]"
NU00710,weibull,0.0279812325366371,0.028139369323783685,True,"[73.28582294156635, 6.632630814072755, 0.5276659636664537]"
NU00711,weibull,0.017692188450639516,0.017825444999340516,True,"[51.34328531969004, 9.570272033540741, 0.7460647753301793]"
NU00712,weibull,0.026821710841801096,0.025475966263466127,True,"[32.31117113368642, 3.6964441935365175, 0.545642770606671]"
NU00714,weibull,0.04795204752088554,0.049330653904898686,True,"[52.102081437526486, 3.8329802790169807, 0.33767813370472477]"
NU00715,weibull,0.04211487662750813,0.04337121683306368,True,"[18.352521012348035, 5.9127302385344604, 0.7170432248929326]"
NU00716,weibull,0.028594779817990024,0.027094003254432147,True,"[42.046796010566105, 0.010000000000007937, 0.21043355023532764]"
NU00717,weibull,0.029552174907285116,0.02913785995804294,True,"[18.31679744477076, 2.427059243416277, 0.352022699203436]"
NU00718,weibull,0.012600036364901462,0.012610718505053863,True,"[73.79743553380085, 4.5162629092544435, 0.38883400606694607]"
NU00719,weibull,0.017608356684142682,0.018014067487234497,True,"[52.56877288509441, 6.571072251394264, 0.5238008758256321]"
NU00720,weibull,0.03354036618754453,0.03332397624647566,True,"[43.359740886630625, 5.256834877931572, 0.5686808134659418]"
NU00721,weibull,0.03550498189982705,0.03410746158517165,True,"[19.69522873659925, 2.394226774335837, 0.6949569407652814]"
NU00722,weibull,0.03869378398724959,0.039958153384563495,True,"[35.19011743520316, 7.60589268800885, 0.5029588633603568]"
NU00723,weibull,0.06783315159190534,0.07027011811226265,True,"[9.228459359960146, 6.9245008428896, 0.7077271245003603]"
NU00724,weibull,0.09636461386152112,0.10976487916483411,True,"[13.634073709697823, 26.124782775029935, 0.9999899999999997]"
NU00725,weibull,0.04297048333363524,0.043109447617107624,True,"[9.818248301292089, 6.3018231049273545, 0.9999899999999999]"
NU00726,weibull,0.01147253455047976,0.009477087554075168,True,"[57.62241210571233, 0.6017089717864195, 0.21663959718926146]"
NU00727,weibull,0.014465881754757852,0.011885712467238137,True,"[24.828464310447263, 0.01000000000007622, 0.13297465803248582]"
NU00728,weibull,0.0232729478925525,0.02250321649707785,True,"[51.917110798709366, 0.6976906275553203, 0.3236668863013355]"
NU00729,weibull,0.05263939575612559,0.054638415220360954,True,"[19.846321460877533, 1.677018501353311, 0.3022769395292941]"
NU00730,weibull,0.011002366104891104,0.009608224665606395,True,"[85.42436714275931, 2.2547149933877733, 0.3599491201344038]"
NU00731,weibull,0.01791202467470281,0.01526240101569957,True,"[32.860929966115826, 0.010000000000995102, 0.1357866369379381]"
NU00732,weibull,0.020032701855585845,0.019995058882180908,True,"[52.09789591661573, 0.1719906109721596, 0.10001000000000856]"
NU00733,weibull,0.027516173304957862,0.02726594559771305,True,"[25.935856557886304, 0.8207813057929291, 0.2537733463871275]"
NU00734,weibull,0.011336756826176266,0.009267920671840488,True,"[101.77236095726686, 0.010000000000008785, 0.15697233555391985]"
NU00735,weibull,0.02837014023376944,0.02034782631430794,True,"[58.00117494097791, 0.010000000000000002, 0.3227658761202951]"
NU00736,weibull,0.01630630165925061,0.016310442288438996,True,"[67.48286420041384, 0.2011299372196674, 0.16310013352417096]"
NU00737,weibull,0.03242412561286968,0.03426376218601215,True,"[47.31547784630975, 0.010000000000000075, 0.3069036076777735]"
NU00760,weibull,0.06511681412579912,0.07780218749859948,True,"[14.945562572347198, 1.4344415212953967, 0.42966393652924345]"
NU00761,weibull,0.024199339664120124,0.018262778789541814,True,"[24.648961779228927, 1.1965419671427786, 0.3734382361692328]"
NU00763,weibull,0.015512097072300456,0.012235411968910625,True,"[56.779590162217325, 0.010000000000917782, 0.18235478089990573]"
NU00765,weibull,0.025015299891104605,0.02038358428002137,True,"[32.05825641007896, 0.010000000000239677, 0.14373499561780634]"
NU00766,weibull,0.0237152817212595,0.023310956225359884,True,"[58.964901703867866, 0.3709912332581629, 0.10001000000000002]"
NU00767,weibull,0.011144038650613941,0.010491597068792276,True,"[81.52784917375223, 4.094825006039572, 0.5284994644026373]"
NU00768,weibull,0.02108964820972863,0.019367235547074008,True,"[47.94643315026796, 0.010000000000000061, 0.28516615981067545]"
NU00769,weibull,0.01853154548233159,0.014312627939218088,True,"[68.26604268150703, 0.029413640549206005, 0.3169930725669233]"
NU00770,weibull,0.023360683417286743,0.023008613191158482,True,"[72.50076324334795, 0.010000001706314446, 0.13327143929821006]"
NU00771,weibull,0.01672392722108956,0.014119603626500022,True,"[85.06203462186274, 2.070570500739144, 0.46323438383920695]"
NU00772,weibull,0.007006524954577447,0.006511491656186124,True,"[2.428587435485347, 2.3339955085895348, 0.4785867293223063]"
NU00773,weibull,0.004411684008775068,0.003815078953984199,True,"[3.745517373762229, 2.736077582242343, 0.47130733946595266]"
NU00778,weibull,0.028713840673670117,0.026774606227096456,True,"[158.4559737106471, 2.2386936574877407, 0.4764108965899667]"
NU00779,weibull,0.03205206582850798,0.028090108074313242,True,"[31.582973184732477, 0.010000000000001511, 0.19553199846680663]"
NU00780,weibull,0.005946727377684679,0.005769456276821285,True,"[55.57724994929869, 3.40168184208178, 0.3567346144064597]"
NU00808,weibull,0.014337553788726873,0.014247079384454502,True,"[23.08628158586352, 0.6797607899005822, 0.41921280596033833]"
NU00809,weibull,0.025692634463988534,0.02611704972807007,True,"[26.709782521186042, 0.010000000000002084, 0.23680631075545297]"
NU00811,weibull,0.018751560417971467,0.018241829529501322,True,"[32.60253732812744, 1.3577433431693666, 0.4114887135984811]"
NU00812,weibull,0.012521520114432177,0.012427345173697273,True,"[43.976690756124384, 0.8094284337173161, 0.3767241240549274]"
NU00813,weibull,0.011560707824035715,0.011700632061401683,True,"[32.81303961665804, 2.1249951621851397, 0.5621666419859112]"
NU00839,weibull,0.03505032645459544,0.03672991082301654,True,"[48.833725858059864, 4.010611956807545, 0.5265642360437506]"
NU00840,weibull,0.01496767922914418,0.014911969289506216,True,"[36.04235019945862, 0.09944481932674154, 0.2454775002401426]"
NU00841,weibull,0.04316344062042,0.04641079940993248,True,"[16.31347205522665, 0.010000000000236455, 0.11061048538466456]"
NU00843,weibull,0.027728576937813918,0.027715387534072117,True,"[12.250727193636722, 0.5385572655475193, 0.12600482036819724]"
NU00847,weibull,0.01628106294442574,0.0162730606038507,True,"[65.94011036672555, 3.4680183432595175, 0.619564235766905]"
NU00849,weibull,0.026681815273624353,0.02627398991133858,True,"[27.346586232312188, 0.3161935819656616, 0.3023966992502288]"
NU00853,weibull,0.04965399133919889,0.050158809765139326,True,"[15.879358940199307, 0.17988535552774798, 0.10001000000069935]"
NU00892,weibull,0.023588672427318123,0.023644630266780146,True,"[76.34968072801388, 2.253891167376495, 0.35926312482117806]"
NU00893,weibull,0.024134098925665735,0.023724150437534067,True,"[74.73913972589837, 0.010000000000000103, 0.12944963139573382]"
NU00894,weibull,0.013354818453426901,0.012929515638236907,True,"[47.42873417287685, 0.6694706770352902, 0.33972852792021]"
NU00895,weibull,0.049651206989439485,0.04127378797085787,True,"[47.87334929437942, 0.010000000000000907, 0.3232392667932304]"
NU00896,weibull,0.0689836973170955,0.07320914971677567,True,"[23.07630886428783, 8.06153433121247, 0.8858823848951504]"
NU00897,weibull,0.018171832627507472,0.018238012214948474,True,"[86.21660967355814, 0.010000000000009042, 0.1380970056091858]"
NU00898,weibull,0.011958725696557303,0.01181725045145803,True,"[75.48511108352727, 0.16648739476550928, 0.2026779698406702]"
NU00899,weibull,0.018801334900559942,0.018465563652998687,True,"[50.18189365468123, 0.010000000000000031, 0.21847781062003496]"
NU00900,weibull,0.010825382178166807,0.010729326575653893,True,"[63.72867623840726, 1.0254517088816841, 0.2122510442925366]"
NU00901,weibull,0.015057537145609461,0.015198047717161108,False,"[138.20066976961328, 2.8426445651650334, 0.48980587489275357]"
NU00902,weibull,0.012480504005558198,0.01248309711425864,True,"[72.84176546571352, 0.9333606798814315, 0.10001000000000002]"
NU00903,weibull,0.010962014820206355,0.010709180061041192,True,"[52.12043835645863, 1.1258098994914876, 0.3751714863742259]"
NU00904,weibull,0.013538635497341748,0.01348198295117015,True,"[61.993813690036774, 1.76289398554576, 0.2619447497049409]"
NU00905,weibull,0.023787449204747766,0.02398081655571015,True,"[61.43965913816903, 2.5989223621372934, 0.16568306292927235]"
NU00906,weibull,0.01153221500311823,0.011394913169700769,True,"[125.78336895499045, 2.214210740406604, 0.33385348950377497]"
NU00908,weibull,0.058313957616317545,0.06275297653762034,True,"[27.593413437928284, 3.9524250264246685, 0.5697448046476953]"
NU00909,weibull,0.009806929303435017,0.008920596600250894,True,"[81.13965683872408, 0.749278022548135, 0.23935092698700872]"
NU00910,weibull,0.006212710008862756,0.005747477037741055,True,"[58.93337024245449, 2.141988343982584, 0.45172423574776427]"
NU00912,weibull,0.004717299419270751,0.0043592656625937466,True,"[69.70919059095449, 1.9893855050635578, 0.4252166862020577]"
NU00913,weibull,0.0072166390828588495,0.006695876180656576,True,"[64.71007037228391, 2.2331480146552742, 0.48619056913044373]"
NU00914,weibull,0.005374336600200644,0.0049688047906579335,True,"[65.80170531006378, 1.5357024995674728, 0.3388546217008378]"
NU00915,weibull,0.007775755181226468,0.007196991846372923,True,"[46.86591358570951, 2.051236493330965, 0.4379815421118995]"
NU00916,weibull,0.008068136936236531,0.00792298334881303,True,"[125.93957476563621, 1.911054466276458, 0.4328901397926183]"
NU00917,weibull,0.0038486894316481406,0.0035156154322948745,True,"[61.59583856082182, 1.5896777088877063, 0.36944990846128395]"
NU00918,weibull,0.002035286586758287,0.002,True,"[52.0864886684152, 1.0045563560653383, 0.2358135690230023]"
NU00919,weibull,0.003916921128308159,0.003574889973381562,True,"[46.3650636713591, 1.7175108067018934, 0.3924962703284721]"
NU00920,weibull,0.011959945730600295,0.011101903386113667,True,"[37.265541621485134, 0.662704873188131, 0.10001000000000002]"
NU00921,weibull,0.004858295337120654,0.004458063714921792,True,"[104.41916358412931, 1.5471763982758238, 0.3233577772328268]"
NU00922,weibull,0.0035274816974977304,0.0032291151827268014,True,"[59.33517265004169, 1.5782390929581283, 0.3747210057295847]"
NU00924,weibull,0.05486315390759349,0.05740609087361875,True,"[25.91120173376979, 5.6355370742882975, 0.7218855885859928]"
NU01117,weibull,0.006993769439597184,0.006955773520295345,True,"[29.15841252687976, 0.010000000000160278, 0.24808203943904553]"
NU01118,weibull,0.014715080339212608,0.014187842160665593,True,"[100.96764925915583, 0.010000000000052429, 0.10127404037904665]"
NU01120,weibull,0.03189010239230253,0.018176035132389665,True,"[225.1763918445332, 0.010000000000000196, 0.28817603275150944]"
NU01124,weibull,0.00595151932350711,0.005294088529838488,True,"[30.45894833991464, 0.010000000000001308, 0.20229036368753608]"
NU01125,weibull,0.010772094782959896,0.009665065390520412,True,"[33.678010387188614, 0.010000000000010476, 0.20770759240737882]"
NU01167,weibull,0.005793312285191109,0.0053652975870052385,True,"[303.5317883798223, 2.6740002449618676, 0.42486903092375083]"
NU01168,weibull,0.014950364686574241,0.013711495740194313,True,"[214.6338436102067, 2.9205414834468995, 0.5148283113687636]"
NU01169,weibull,0.008552062104640623,0.00808552919980592,True,"[180.86348185377085, 3.956751348117619, 0.6051450895118737]"
NU01170,weibull,0.013361954869275057,0.013184234811820673,True,"[222.78412992807537, 5.520618895712108, 0.6577741504449639]"
NU01171,weibull,0.030892288795319037,0.03077252371646498,True,"[10.475381587901882, 3.2639493222546285, 0.6630198761778405]"
NU01245,weibull,0.024985011215196817,0.024067900823222986,True,"[39.631677106693495, 0.010000000006449886, 0.5252893464792665]"
NU01247,weibull,0.03740588006028887,0.03838884870482317,True,"[35.09379926105732, 1.7017467104914743, 0.10001000000000002]"
NU01251,weibull,0.03648958410896763,0.038127878045509954,True,"[24.53335192646746, 2.942965258324572, 0.9422628098784656]"
NU01253,weibull,0.03231490238473229,0.03150274755804555,True,"[26.01522815843544, 2.0379113044616046, 0.9238226373452805]"
NU01255,weibull,0.040322784137954225,0.03955643146354531,True,"[26.103845338137294, 2.067843872661182, 0.7698736920791039]"
NU01257,weibull,0.03426475490026828,0.034899535172665794,True,"[24.471261534270468, 0.2845307141014859, 0.10001000090960553]"
NU01259,weibull,0.026890854151739984,0.027446533039791936,True,"[25.485041159810283, 3.2140768465185414, 0.8997747369032733]"
NU01317,weibull,0.03870972188710919,0.035679613852951035,True,"[26.864816036038178, 0.010000000000022704, 0.25719611375402746]"
NU01318,weibull,0.015614754371309431,0.014820406597509463,True,"[42.143929772975206, 2.2244663293868068, 0.4483159634509063]"
NU01319,weibull,0.04440629056186974,0.04218483286518252,True,"[28.471929435864816, 0.8297603982927931, 0.37137631080885875]"
NU01322,weibull,0.01996265108890754,0.01923638943684029,True,"[39.53346797532212, 0.010000000000000746, 0.19702767882123934]"
NU01323,weibull,0.024555296745951805,0.02336764676042933,True,"[74.45827469774453, 0.9443644606385474, 0.3594046276626826]"
NU01324,weibull,0.04563537118590005,0.04415906367603657,True,"[14.172790792084156, 1.0946635617004778, 0.25399780264632127]"
NU01325,weibull,0.013643576701907233,0.01276104199694017,True,"[146.66192610999596, 1.87763850579407, 0.5296247273356929]"
NU01326,weibull,0.015727122652821245,0.011552119892312874,True,"[58.633023611746324, 0.6412926556867532, 0.3209421151495568]"
NU01327,weibull,0.035286863525913405,0.034602547784717996,True,"[29.744839649593754, 5.711252806836242, 0.7044896127789997]"
NU01328,weibull,0.01049803656772906,0.00908712177284277,True,"[42.267345381064096, 2.799777695219852, 0.4749024318555196]"
NU01329,weibull,0.016572971981408374,0.016133203427110433,True,"[26.994712419258505, 13.01813606703073, 0.8828163639265388]"
NU01330,weibull,0.009891252084265344,0.007428366176942623,True,"[62.0453729010636, 0.010000000000005272, 0.25431181080977827]"
NU01333,weibull,0.02304057322028506,0.021944786498880552,True,"[71.40715310317856, 4.051521925084149, 0.4909731576368843]"
NU01334,weibull,0.019119665437266047,0.017937934764590123,True,"[108.07627912496208, 5.293261319758794, 0.6975991604258298]"
NU01335,weibull,0.010568955748156741,0.00831718954492788,True,"[89.25741634351445, 1.5480842592284636, 0.3370158504374869]"
NU01338,weibull,0.010006114092515934,0.008327679044759641,True,"[113.11441983577123, 2.8738515355892456, 0.5851658017100494]"
NU01345,weibull,0.019835303493247622,0.014965003736845808,True,"[261.43891051601895, 0.010000000000000002, 0.2138026394378903]"
NU01350,weibull,0.021321656203995232,0.018912793650949684,True,"[34.640938761795496, 3.1277025050857152, 0.4931423089227867]"
NU01376,weibull,0.02830991375655617,0.026953828374727203,True,"[32.99605841717806, 1.4564897388380196, 0.24054685818617022]"
NU01377,weibull,0.031035990219492573,0.03148204569290054,True,"[24.740760825485562, 3.6586665770595994, 0.10001000000000003]"
NU01378,weibull,0.030812361923674626,0.024117605700377978,True,"[17.434092640467483, 0.010000000000000004, 0.4483242899546849]"
NU01379,weibull,0.021871987226387418,0.018789661027731414,True,"[20.750872226765207, 0.010000000000004762, 0.21786858510501358]"
NU01404,weibull,0.018716824026056095,0.0186263177501916,True,"[31.193839600147623, 3.581923527854533, 0.6459168782459722]"
NU01405,weibull,0.01636919376898058,0.015638005657398944,True,"[28.59918401336253, 2.783396757021616, 0.68038957757607]"
NU01406,weibull,0.02312096669493783,0.023450211690070867,True,"[28.69902289842433, 1.6982773610323474, 0.5485216988422997]"
NU01407,weibull,0.03393052546549494,0.03447346733977391,True,"[21.08225076687287, 1.9474813284380936, 0.8147870323230924]"
NU01408,weibull,0.05078679612161525,0.04673816207700193,True,"[16.899172286280564, 0.010000000000139987, 0.47874663934038414]"
NU01409,weibull,0.02011212745371258,0.017301761424280415,True,"[11.678260513257628, 0.010000000000000002, 0.40309515970825327]"
NU01410,weibull,0.006910628655706333,0.0065111007535706535,True,"[100.01311199166305, 2.0856603790964043, 0.7131202549593741]"
NU01413,weibull,0.014779215604641243,0.013544207651713946,True,"[54.218724627312255, 0.010000000001511238, 0.16063769570302236]"
NU01414,weibull,0.016130157196670176,0.015044021770320649,True,"[47.02817509062069, 1.3153868267352498, 0.36844446174623097]"
NU01415,weibull,0.020626894939035818,0.019775171080109497,True,"[27.29579549044072, 2.8222620724012213, 0.5064328151923131]"
NU01416,weibull,0.010407555974330174,0.00984696763013797,True,"[66.08138048870117, 0.6414584483955518, 0.4216726233518962]"
NU01417,weibull,0.009902762507574972,0.009126082920403162,True,"[56.75275231263212, 1.2322038408645242, 0.627481314621116]"
NU01418,weibull,0.02298486755674115,0.02022706929288606,True,"[67.07659545104245, 0.010000000000000002, 0.3898820932334725]"
NU01419,weibull,0.016236204588362405,0.016105673042036847,True,"[51.95852239541288, 0.9059678038818045, 0.6004440508540677]"
NU01420,weibull,0.028640900526338907,0.026917591130891868,True,"[41.26722962660695, 0.010000000000005347, 0.26289820009815795]"
NU01421,weibull,0.019528914115686545,0.016962809574679206,True,"[35.374061094388075, 0.010000000000000423, 0.4832364050755436]"
NU01428,weibull,0.011923961444317384,0.011137395388969719,True,"[94.34444677032279, 0.5922832756848909, 0.4673087264731373]"
NU01429,weibull,0.01310081340430329,0.011774796526527423,True,"[100.48244956824776, 0.010000000000000024, 0.4128719181371982]"
NU01430,weibull,0.020636517232819653,0.018153542478050705,True,"[94.7904800374423, 0.01000000000000051, 0.40775245331600496]"
NU01431,weibull,0.009895166956372405,0.009842560864423571,True,"[71.28195927582529, 1.556645938274101, 0.8064900559046129]"
NU01432,weibull,0.03411443898347864,0.03230044017117699,True,"[66.1148884950523, 0.010000000002101711, 0.21350439536509824]"
NU01433,weibull,0.022688938919540477,0.02060602023577506,True,"[35.98944893624416, 0.010000000000101964, 0.2561243027402054]"
NU01434,weibull,0.015701528885347617,0.01623965755444908,True,"[57.112615099656765, 4.44330659987675, 0.5425073246472826]"
NU01435,weibull,0.00472849435101746,0.004630335610977302,True,"[55.74419282418087, 1.8680542433422758, 0.4164131843242472]"
NU01436,weibull,0.0054376319067433385,0.005099895271640442,True,"[48.78508962263697, 1.3952163206196222, 0.4756502960120181]"
NU01437,weibull,0.01042089899662491,0.010540717862674676,True,"[57.26259811211307, 3.3477704217406825, 0.4786088527339875]"
NU01438,weibull,0.005291755966815521,0.005178159504479924,True,"[45.99843392546404, 1.89573670093689, 0.42597813254537553]"
NU01439,weibull,0.012122236958932563,0.011725824391198623,True,"[36.59262539531485, 2.2465832851590783, 0.3847014967941408]"
NU00017,kelvin_log,0.006561300435979023,0.006311411827973457,True,"[5.971592896888402, 4.433388118842391, 22.368979482003407, 13.827520749589384, 13.694920835025808]"
NU00019,kelvin_log,0.014104340159064073,0.013865834112522433,True,"[4.356425412297472, 3.701869720744598, 19.71053935328629, 5.3738616273685675, 9.579745383400043]"
NU00020,kelvin_log,0.012072734127299312,0.01183741453172969,True,"[4.189672791851738, 4.338931941918746, 14.807499466440934, 5.862816979948913, 11.596251093105444]"
NU00022,kelvin_log,0.0023419413827549347,0.002,True,"[1.822989146116446, 13.529144122494191, 22.814656971687114, 10.749296055140116, 16.83345567003206]"
NU00024,kelvin_log,0.008271500371755879,0.007084283086042807,True,"[2.3967712016770024, 3.9801340126691906, 16.31637501836056, 6.01955490013726, 9.817459175371702]"
NU00025,kelvin_log,0.003032821154384364,0.0025688303480614107,True,"[4.010149969832202, 17.52045727837512, 30.652186571170613, 16.133156747519322, 24.481046679147557]"
NU00026,kelvin_log,0.023628710725010355,0.02138169924637472,True,"[1e-06, 20.402570261736308, 51.16316942272305, 1e-06, 31.318175218050037]"
NU00027,kelvin_log,0.0026711229813061693,0.002252224520279793,True,"[0.7205238308592009, 9.446986134104089, 13.411279510188288, 9.566146469812693, 11.685607273182535]"
NU00029,kelvin_log,0.031872883375912195,0.03141169995035744,True,"[8.689536854382265, 1e-06, 43.730785963445996, 6.1387716793188725, 15.918555934937604]"
NU00030,kelvin_log,0.0232786981363754,0.02248266380773695,True,"[6.0693523089759545, 1e-06, 25.95656339190107, 26.256082029159767, 7.880481998892334]"
NU00031,kelvin_log,0.014730270958910989,0.014637213289728515,True,"[1e-06, 9.348101398931052, 17.227505164476383, 13.73827330524932, 23.388555738821267]"
NU00032,kelvin_log,0.018345231475917417,0.018555055175018285,True,"[1e-06, 12.199622675609312, 26.313310639123713, 0.476970013873509, 18.156483505132776]"
NU00033,kelvin_log,0.02587924979503132,0.025639071119872202,True,"[4.17934979907047, 1e-06, 16.6617072018919, 12.34905123232084, 13.34174092513588]"
NU00034,kelvin_log,0.008115736184988837,0.007909171452556625,True,"[1e-06, 5.235900550405678, 6.69794835436163, 18.34609363374533, 13.740480651871723]"
NU00035,kelvin_log,0.015778132007059104,0.015806820227739788,True,"[3.4003961023384757, 1.1559958955483876, 7.896544789449329, 8.379396268099095, 8.81376362043371]"
NU00036,kelvin_log,0.02282171646876306,0.02219975210239564,True,"[1e-06, 8.040927465129815, 9.392871615809186, 8.53767206147946, 10.934328312001066]"
NU00037,kelvin_log,0.009976792738039128,0.009866607528862805,True,"[0.32123572929502936, 10.70047832725928, 8.19044440771049, 34.53156591011993, 19.667035166095634]"
NU00050,kelvin_log,0.009538719057872461,0.009453691534437286,True,"[14.862229570158883, 13.823415267679005, 15.38111187395989, 23.510866404013672, 13.24280494156147]"
NU00051,kelvin_log,0.015171614473665664,0.01528563596349186,True,"[5.005831699455189, 11.08874757464013, 5.345348754291332, 21.05630171500165, 14.277093261710377]"
NU00052,kelvin_log,0.011857939325491697,0.011128497040437692,True,"[11.624319988553143, 14.31466553295492, 14.325958360399271, 23.962720135187524, 14.516277143118712]"
NU00053,kelvin_log,0.00911781772816388,0.009091743039623932,True,"[18.025447427679467, 11.136070110461754, 18.307867340696685, 15.751672596363262, 12.896620130903287]"
NU00054,kelvin_log,0.014358386635413223,0.013592430462607644,True,"[14.784484549988266, 6.682304784694468, 15.790535811224224, 14.544081241391908, 17.49526324616169]"
NU00055,kelvin_log,0.017622834135530337,0.017300224636872166,True,"[7.253534859927297, 9.131213478720529, 16.44991453776403, 8.910260129118155, 5.927789624167501]"
NU00056,kelvin_log,0.0012903494718052124,0.002,True,"[15.700216657817535, 8.701541970769407, 13.62234110082604, 4.841249789244525, 9.690940333979764]"
NU00057,kelvin_log,0.0021608821595677516,0.0020273495177426846,True,"[13.749585459742304, 15.650019875684995, 20.377292268650976, 1.8935526311798698, 12.70783347736695]"
NU00058,kelvin_log,0.0022419038495519457,0.0020823450693495124,True,"[14.288434705435092, 17.37360858131096, 26.206186857802205, 3.499714191592053, 16.57967399892499]"
NU00059,kelvin_log,0.002291687714493145,0.002106013218480705,True,"[20.941745440932646, 13.55301296222615, 30.940058257866504, 6.4272530617756205, 19.97896973788919]"
NU00060,kelvin_log,0.0005018243421470887,0.002,True,"[12.941891537661268, 11.23617988890286, 15.402169898914225, 11.798083691491806, 13.449386981232774]"
NU00061,kelvin_log,0.002243105862161751,0.0020977159994438666,True,"[10.912511005682472, 15.534510734131647, 20.344926434790388, 1.8943189050967773, 12.692049395083194]"
NU00062,kelvin_log,0.0021514338529415853,0.002,True,"[11.374937110962685, 14.535236799639502, 27.261053042177334, 6.066649153003402, 17.94588276718742]"
NU00063,kelvin_log,0.001572610746184457,0.002,True,"[10.271683132595992, 19.963508424527262, 27.268332840758625, 7.538068050404106, 18.838729754933585]"
NU00142,kelvin_log,0.024201244904181518,0.023376312277666653,True,"[0.24783994854011643, 9.934760795888028, 25.94899222758438, 1e-06, 1e-06]"
NU00143,kelvin_log,0.0676616620570998,0.05966875559417355,True,"[1.972321565566508, 1e-06, 2.5319980452152113, 7.288806608278208, 1e-06]"
NU00227,kelvin_log,0.0107448546263623,0.009794604404875867,True,"[2.389174582374372, 1e-06, 23.067138454358243, 1e-06, 10.964673381915954]"
NU00228,kelvin_log,0.02104699944494103,0.02008840971921504,True,"[1.3967978881013836, 6.072822965150245, 18.82811267942758, 1e-06, 1e-06]"
NU00229,kelvin_log,0.003740670878043026,0.0033399745362468237,True,"[3.1490089572750013, 1.3829748014800638, 9.781540188223557, 2.1512644174575617, 6.158603196320661]"
NU00230,kelvin_log,0.004111882540558704,0.0033522991887838687,True,"[4.036363025739006, 9.997835166178403, 9.207464603252745, 21.411383753470094, 13.855095517224639]"
NU00231,kelvin_log,0.0016230565202582125,0.002,True,"[4.900716209485178, 1e-06, 16.451664480495406, 16.369159029573375, 15.051051477467814]"
NU00232,kelvin_log,0.003906596186085985,0.0033993751109830045,True,"[1.6393243160951194, 0.9471980050172364, 16.133887299278072, 4.395385695417746, 10.441139388206928]"
NU00233,kelvin_log,0.0035392806303664124,0.0028931244743750704,True,"[2.1808552222812314, 7.876739451500587, 8.894186300695088, 16.48768451318663, 11.659200842114835]"
NU00234,kelvin_log,0.052067584745606854,0.049072624344783,True,"[1e-06, 3.8676507540821907, 27.22055995805991, 1e-06, 1e-06]"
NU00235,kelvin_log,0.004678144445727084,0.004026250942273709,True,"[1e-06, 5.296985940563026, 12.06673298502992, 6.107892055167335, 9.526654685554545]"
NU00237,kelvin_log,0.0032353387306693253,0.0029256474311521977,True,"[0.17993784239411245, 9.188752603806165, 19.63505614331341, 2.564537039173937, 12.112946891665594]"
NU00238,kelvin_log,0.009509931427830734,0.008294657007229974,True,"[1e-06, 6.112714524316133, 14.06452745280349, 5.2847994181344315, 10.76776588464354]"
NU00240,kelvin_log,0.029765526187861473,0.02787039860550242,True,"[1e-06, 8.257099239795107, 14.10370810312554, 1e-06, 5.086735769584926]"
NU00242,kelvin_log,0.009181477733334057,0.008763315976135957,True,"[12.608907223920164, 19.79241362780474, 4.044710098946154, 21.58782765306495, 28.193274996275772]"
NU00243,kelvin_log,0.013321862150555959,0.011947398514340868,True,"[12.92890369174376, 23.99417407544452, 1.7243471065408038, 18.70431543797676, 20.478255648724897]"
NU00244,kelvin_log,0.006223454766550917,0.006117786802213626,True,"[15.481579852084053, 8.88773562214344, 19.731707731078437, 6.607677478151964, 18.66926700335258]"
NU00245,kelvin_log,0.03738438624592167,0.03658786264936721,True,"[3.4850658834737045, 2.405216745985018, 3.856306005602095, 4.107851927941744, 1.9829969053981142]"
NU00246,kelvin_log,0.02645629975038431,0.025669756451246067,True,"[2.4265137795763674, 1.1639212495918518, 1e-06, 5.2893311152833045, 0.18987238428972747]"
NU00247,kelvin_log,0.009252660925813765,0.008794081727063007,True,"[3.5057129620417986, 8.235797642757394, 10.441914867201108, 17.02549125343534, 16.239195530536783]"
NU00248,kelvin_log,0.037493715937307874,0.036002913955182625,True,"[1e-06, 3.622223879661236, 1e-06, 5.646302669292259, 1e-06]"
NU00250,kelvin_log,0.005337878561092051,0.005032159703342305,True,"[0.3958950816430401, 8.9081171391662, 9.41035345614097, 18.391012217724953, 15.50797148974836]"
NU00251,kelvin_log,0.006508415773369971,0.006299963687478628,True,"[15.197467769182165, 11.415945764018012, 18.024965795099153, 8.711623430055969, 15.35033749746643]"
NU00252,kelvin_log,0.012374719634788985,0.012262221509624523,True,"[8.857018674613915, 9.102039526217622, 8.118583743581013, 7.060207695936391, 24.08233699074548]"
NU00253,kelvin_log,0.005087679412665912,0.005086641584234079,True,"[7.4057908178860234, 9.756995895770947, 8.012518324661508, 17.71870425659873, 12.31725317138567]"
NU00254,kelvin_log,0.013223276182037504,0.012845236361229886,True,"[1.5899863263208238, 2.5662690517984226, 1e-06, 4.33795867325569, 2.6236327444854264]"
NU00255,kelvin_log,0.017474561623506333,0.017368873865208186,True,"[0.11985271410246996, 2.0563043179577485, 1e-06, 2.6845953343796705, 1.6787984452820006]"
NU00256,kelvin_log,0.024780185391879372,0.024216968387230153,True,"[6.925745066099981, 2.0235929897785336, 4.967005464785754, 15.60762915578907, 27.062146207590192]"
NU00257,kelvin_log,0.011118403954335318,0.010880810092936998,True,"[0.06522744582204884, 8.492107500937902, 7.56742395107793, 33.08679080183669, 25.893399625202658]"
NU00258,kelvin_log,0.005501740542213676,0.005140758224969349,True,"[0.7584058634801276, 4.865818726387088, 21.407496783524604, 13.0887681830316, 20.025855582041462]"
NU00259,kelvin_log,0.019543779938163384,0.019055572288442613,True,"[1e-06, 3.7156062556380864, 1e-06, 6.7457168253514626, 1e-06]"
NU00260,kelvin_log,0.02026957598472537,0.020076235478683348,True,"[1e-06, 10.946024883610416, 24.28346004892802, 1e-06, 8.891357907770763]"
NU00261,kelvin_log,0.00954112010051587,0.00884605167234404,True,"[1.2040194934025858, 6.878369998479393, 9.697299108383282, 10.620750835581957, 10.967506464535388]"
NU00262,kelvin_log,0.03284534376465887,0.03194086914120242,True,"[0.1654609647397375, 2.164743701982475, 1e-06, 4.9465412387586785, 0.024304913057663115]"
NU00264,kelvin_log,0.012437501283583225,0.010773625625630664,True,"[1.201640762118436, 5.121609760326176, 1.8472076994828233, 31.65558357943243, 18.126831830197112]"
NU00265,kelvin_log,0.028501571715662324,0.027848828673346246,True,"[1e-06, 4.479438274173007, 1e-06, 5.336110202706136, 3.2844661248834472]"
NU00266,kelvin_log,0.0033826790222638765,0.003302600171385072,True,"[10.170556306694362, 7.819347883418545, 19.292602485571347, 7.180528375336672, 14.533604436430172]"
NU00267,kelvin_log,0.006875733217894508,0.006800264713191976,False,"[11.372326538911457, 11.841731997105846, 14.758212628542404, 7.50587582835817, 13.064420113888987]"
NU00268,kelvin_log,0.004086853340380737,0.004099814600554883,False,"[8.511555473987553, 7.067478249368759, 16.15305088856627, 3.388325182099656, 13.226261048517566]"
NU00269,kelvin_log,0.0033691978134714885,0.0033730871096556347,False,"[8.166958845408216, 7.993874936054389, 13.643932347082574, 7.904201111810506, 14.830382983153083]"
NU00270,kelvin_log,0.03250021856153897,0.034102927894551605,True,"[0.000491586329033377, 1.359349663683052, 1e-06, 4.548780071263916, 1e-06]"
NU00271,kelvin_log,0.0253163988272412,0.025461085877955463,True,"[0.3451255769729634, 2.8099301586008965, 1e-06, 6.191525128832105, 1e-06]"
NU00272,kelvin_log,0.02280744836636218,0.021573545076194772,True,"[0.3402701376896558, 2.026538070256959, 0.6772335962895681, 4.037602409416337, 1.4816369306868296]"
NU00274,kelvin_log,0.024847033519923272,0.023072350705657642,True,"[0.5085318249827162, 1e-06, 5.425648487267969, 3.973464780129898, 1e-06]"
NU00275,kelvin_log,0.006097961900669501,0.005728838707424832,True,"[1.4012484836428076, 1.2201123233350029, 2.2071485090301364, 3.0279631391414012, 2.14919270557562]"
NU00276,kelvin_log,0.030419481137542833,0.017878398081848084,True,"[1e-06, 8.010659543050851, 1e-06, 32.171221567463206, 3.7159319932582715]"
NU00277,kelvin_log,0.019445070958130552,0.015791650541348592,True,"[1e-06, 7.087624873393863, 7.973401660024271, 2.1093446704239747, 8.318601718128189]"
NU00278,kelvin_log,0.02416570557957043,0.013135677893991338,True,"[0.7447422524402187, 1e-06, 6.6761981960055445, 33.601124342544324, 6.442192162389977]"
NU00287,kelvin_log,0.019356632386692718,0.019352186695104127,True,"[5.878000947873129, 11.70799126776307, 35.40087661331147, 8.833262617355638, 36.30240462942355]"
NU00288,kelvin_log,0.011088445608818973,0.010984706273704339,True,"[10.466190797389462, 10.237736486038406, 45.144357042832326, 14.584136046513176, 44.83957741824128]"
NU00335,kelvin_log,0.018209957464549825,0.017267695026423415,True,"[1.6285884871442415, 11.115092568436209, 11.31753266306287, 5.616110635939366, 16.618207936811814]"
NU00339,kelvin_log,0.0228820393710784,0.021524204533748766,True,"[82.69417961653328, 44.4317112895392, 15.880572264856653, 69.22928508725434, 116.4698521018221]"
NU00341,kelvin_log,0.03864624920474298,0.03700847317979793,True,"[85.79243037567623, 61.953951238142, 90.34354719400851, 1e-06, 1e-06]"
NU00342,kelvin_log,0.043512647133973195,0.043924995930548195,True,"[145.5563952583443, 200.36546370854893, 1e-06, 1e-06, 1e-06]"
NU00343,kelvin_log,0.026651079380326275,0.025918566536797243,True,"[70.80187540970083, 69.17079387353597, 76.47649852690486, 1e-06, 1e-06]"
NU00344,kelvin_log,0.026975106142899292,0.025151756890532635,True,"[50.902554838197595, 90.91617414327014, 6.928398801891335, 111.58034799570922, 55.95097888965215]"
NU00345,kelvin_log,0.027199906011156773,0.025859710973037728,True,"[90.97212659222541, 146.75928988494022, 1e-06, 137.33462022764377, 34.93558119199439]"
NU00346,kelvin_log,0.0264524481016265,0.02583806885457957,True,"[41.92549959513788, 51.576392530087766, 71.32637413008646, 1e-06, 1e-06]"
NU00350,kelvin_log,0.02932284997284792,0.029082918398640144,True,"[1.5442678034575534, 10.194111585270305, 12.58103302990246, 1e-06, 2.4092918001879386]"
NU00351,kelvin_log,0.011215252998829394,0.010513173704590229,True,"[3.7631179467148352, 6.567026616671318, 9.427059979900738, 19.65783034623139, 16.910997094490753]"
NU00352,kelvin_log,0.010565200806348075,0.00944468657519646,True,"[1e-06, 3.795669105400784, 10.019471263056632, 6.502770429150776, 10.780270241361901]"
NU00353,kelvin_log,0.006409299437039699,0.006118436686792839,True,"[1.3635679118409747, 7.250373021148797, 4.920502209207353, 7.392587855684108, 5.994714533535328]"
NU00354,kelvin_log,0.0056592678799056014,0.005491758685767747,True,"[0.9126222694351656, 4.565860585003303, 9.156965574943204, 7.42388603048918, 8.659927829856166]"
NU00355,kelvin_log,0.005782881379425546,0.005563215058461815,True,"[4.325814276937123, 9.186866958543105, 7.588621509830156, 14.653351031024808, 11.44838271967275]"
NU00356,kelvin_log,0.011688953304731213,0.011673422427153376,True,"[1e-06, 2.542368860012162, 8.84922007346768, 8.418897803258123, 12.332219633217994]"
NU00357,kelvin_log,0.015514702948956028,0.014308854292830455,True,"[2.1600588647371444, 0.4963996544346489, 4.446231976944231, 6.570377151115518, 3.4584441829175923]"
NU00358,kelvin_log,0.01030902079691983,0.009686881020442998,True,"[5.19086534901081, 1.9553209032680403, 23.659302048371487, 29.311137210903738, 34.06728555352492]"
NU00359,kelvin_log,0.005261554133532377,0.0047537393993832945,True,"[1e-06, 3.7218806690220503, 21.7643837742613, 35.719861853345925, 26.12230749084783]"
NU00360,kelvin_log,0.015159951568172765,0.013355909782611797,True,"[11.001270523531655, 5.902257547090498, 20.743937313923723, 41.51264832127087, 16.753674898712983]"
NU00361,kelvin_log,0.008853111167169555,0.008709541292837367,True,"[10.683998895411387, 1e-06, 22.53563287384547, 33.647325603554854, 18.111121263143584]"
NU00362,kelvin_log,0.008767850828113996,0.00810407989849061,True,"[6.569077688437179, 8.179390666221416, 12.454079378706329, 21.69845786690989, 19.69182041640362]"
NU00363,kelvin_log,0.01841661346368748,0.016657460248135136,True,"[6.331031309794487, 6.770337759540244, 4.976537316693018, 17.451811004598603, 10.352995061207091]"
NU00364,kelvin_log,0.020399631899022774,0.020324951546650177,True,"[1e-06, 5.974491503186015, 18.7892977923244, 1e-06, 6.550847452270959]"
NU00365,kelvin_log,0.01724734450115064,0.016438373082153325,True,"[0.29933749066010173, 2.689832233475705, 14.87281619712346, 3.1499058748972866, 7.2119211543265695]"
NU00366,kelvin_log,0.021243829393901827,0.01944993728238175,True,"[3.235401706941934, 1e-06, 15.695516558903531, 5.48562376291546, 2.7800152031934355]"
NU00367,kelvin_log,0.023047180977325565,0.02331550080480126,True,"[2.665309945550151, 1e-06, 9.822251995540306, 8.295476358551962, 3.0791523577664814]"
NU00368,kelvin_log,0.02754984621197886,0.025028786645495852,True,"[1e-06, 3.9445710867795003, 1e-06, 11.86350322525282, 3.234490401963972]"
NU00369,kelvin_log,0.060845408213517596,0.051778014993767094,True,"[0.16695217561811254, 3.778843293320641, 1e-06, 10.508185000577638, 1e-06]"
NU00370,kelvin_log,0.0040682735849308345,0.0037344996919454914,True,"[0.9105634641168874, 1e-06, 40.019930258171, 33.561381259130904, 27.909449103248036]"
NU00371,kelvin_log,0.004832272923341161,0.004424116858879455,True,"[0.4403975570126145, 4.056224464242223, 18.195740030539632, 23.255574339910325, 21.66277632138086]"
NU00372,kelvin_log,0.012780895205868148,0.011502881198687939,True,"[1e-06, 5.223805614962747, 11.079088716984417, 21.69212854716773, 17.893498113835626]"
NU00373,kelvin_log,0.015387387189240615,0.014275027677743335,True,"[1.7725875631775367, 0.44518740687586944, 16.44417178155547, 11.679361647206267, 17.1951160736581]"
NU00414,kelvin_log,0.04951509210827679,0.05032889669277566,True,"[1.2529450180643031, 1.7630107043709944, 7.773511664847119, 1e-06, 2.1970911993312323]"
NU00415,kelvin_log,0.020356516900819323,0.019920412831335905,True,"[2.9711220415813404, 3.3544815446116556, 8.655869331173648, 4.389012943121276, 9.753445284188262]"
NU00416,kelvin_log,0.06016080027458004,0.062042311763023245,True,"[1e-06, 0.946864217207583, 3.761647683631848, 1e-06, 1.2064958924232396]"
NU00417,kelvin_log,0.05610719452094406,0.057093474762821374,True,"[1e-06, 0.2559092671701392, 4.892200699415591, 1e-06, 3.205051952920248]"
NU00418,kelvin_log,0.05008287225092699,0.05098890049836479,True,"[1e-06, 0.6877917270080303, 1.2800997666236222, 0.9251376292186867, 4.179032162906122]"
NU00419,kelvin_log,0.032693638272114973,0.03265184756261784,True,"[1e-06, 0.7471873133014871, 5.647796793390067, 1e-06, 2.6165328857560572]"
NU00420,kelvin_log,0.02291145098596131,0.022673283010980906,True,"[1e-06, 0.7840108649422388, 5.280432973534852, 1e-06, 1.0090845728028013]"
NU00421,kelvin_log,0.04598424376828467,0.04647912629907584,True,"[1e-06, 1.6760567383429714, 1e-06, 5.719745221452529, 2.2998513765258783]"
NU00422,kelvin_log,0.030985778126910227,0.026823948442381878,True,"[1e-06, 2.8193246406006396, 8.828871587849179, 2.3244828039512444, 8.090751959918743]"
NU00423,kelvin_log,0.010461352861160568,0.009016675400898644,True,"[1e-06, 7.148616673801236, 12.5095940724165, 8.764263127012805, 13.46157013190048]"
NU00424,kelvin_log,0.021798469573065776,0.020251865224953987,True,"[1e-06, 1.7559379384231597, 6.282016100133066, 1e-06, 2.9410025499742827]"
NU00426,kelvin_log,0.024895310772629076,0.024536435936949937,True,"[1e-06, 1.6104866639650603, 5.114191061917923, 0.8418487015368225, 3.695823399989465]"
NU00427,kelvin_log,0.031081173777343877,0.03017119467889161,True,"[0.5542268908641411, 1.8970792257161087, 4.0896799122388, 4.971725895703317, 2.3944551750854033]"
NU00428,kelvin_log,0.023793323179490383,0.023259528334710126,True,"[0.7550780667725775, 0.4722479577217609, 2.081612680117154, 2.5534724652932255, 1.6051202740188835]"
NU00429,kelvin_log,0.05874763218228883,0.055830750932572566,True,"[0.764148886767385, 0.6581784049025106, 3.121827559196926, 3.7685801680448408, 1e-06]"
NU00430,kelvin_log,0.010392368091746403,0.01002800188184226,True,"[0.7484288007380381, 1.948094941956123, 5.860996465265301, 2.7870014633586226, 4.6150354267598575]"
NU00431,kelvin_log,0.014971079918705237,0.014279400475842335,True,"[1e-06, 1.4979199232072005, 3.9599389535447207, 1.9947546503926985, 2.9269312700285472]"
NU00432,kelvin_log,0.015285338118799648,0.015116194825512408,True,"[1e-06, 3.4273327479012923, 10.018819117276745, 1e-06, 2.530640894666409]"
NU00435,kelvin_log,0.022088732518017795,0.021769118778565015,True,"[1e-06, 1e-06, 6.142868925865583, 0.1835178406420305, 2.9072172401757674]"
NU00439,kelvin_log,0.020474966291282513,0.01985061015893432,True,"[1.4330214409314528, 1e-06, 6.544203288719805, 3.086117031339911, 0.4889279564483386]"
NU00445,kelvin_log,0.02668369115366362,0.026071038346541585,True,"[2.483883190363246, 1.535420826431663, 8.850500894077365, 4.480889251864149, 6.599190943337896]"
NU00446,kelvin_log,0.027594404184385385,0.026884177324671264,True,"[0.5605360890884333, 0.3367911467164587, 2.2995726648504613, 3.446135835951887, 2.184159275528624]"
NU00448,kelvin_log,0.022890727124411,0.02181437779161032,True,"[1e-06, 0.5179068014000234, 8.513499706059783, 11.575265539113902, 5.102188324836053]"
NU00449,kelvin_log,0.008660835212080343,0.008410325275279747,True,"[1e-06, 5.643081244819357, 13.155662935215997, 12.707085456627269, 16.894111297121444]"
NU00522,kelvin_log,0.03489639135769427,0.03360058902066,True,"[10.833168677327583, 21.40347659497074, 38.13744300616843, 1e-06, 1e-06]"
NU00523,kelvin_log,0.025381759887285416,0.02535160323867254,True,"[7.361468577158764, 8.870404197889743, 5.6364761297604655, 3.6001688578474784, 14.493562097113811]"
NU00524,kelvin_log,0.06939855802959867,0.07275729146400861,True,"[1e-06, 4.956312148357377, 1e-06, 16.588084574737874, 1e-06]"
NU00526,kelvin_log,0.019405157824441435,0.01854155438341291,True,"[20.763299059714118, 22.954219739732384, 55.74038891161364, 1e-06, 2.7884434347232774]"
NU00527,kelvin_log,0.022542292068732293,0.021654032331894692,True,"[13.091307805735799, 23.35271083349689, 34.73308082599994, 1e-06, 10.117857828596858]"
NU00528,kelvin_log,0.02434018443796273,0.02397448763319304,True,"[7.934147089667435, 12.270364065539995, 9.14874343388303, 1.8632280773336785, 14.29093930164246]"
NU00529,kelvin_log,0.03855222904397577,0.03297280367160144,True,"[3.269859233284702, 7.950936587550042, 1e-06, 16.72081941084233, 1e-06]"
NU00551,kelvin_log,0.046320893010219494,0.047657145512969255,True,"[51.10886205244072, 0.23129443106641126, 30.984949236129523, 1e-06, 1e-06]"
NU00552,kelvin_log,0.015669434261413498,0.015150748101612915,True,"[11.482645361897724, 13.485415626793614, 12.398421068402346, 1e-06, 4.8716751476487445]"
NU00553,kelvin_log,0.010603151496536067,0.010627656623414647,True,"[8.534608849134736, 17.155112916668845, 13.291116149763134, 1.572802178008857, 6.467688101273802]"
NU00554,kelvin_log,0.03806724097110532,0.03602347586696092,True,"[9.32628315907015, 10.467547932936148, 4.868772841703144, 1e-06, 17.670169364206522]"
NU00555,kelvin_log,0.029152954225547013,0.022957957723187282,True,"[6.230735213222913, 1.3599578868587203, 5.156717760584493, 2.7187441445621663, 6.222727959715794]"
NU00556,kelvin_log,0.05532542191585478,0.05422225031478454,True,"[21.967869212450942, 4.791751442514664, 10.687052326692958, 1e-06, 1e-06]"
NU00557,kelvin_log,0.04555643005052379,0.044914557228109164,True,"[17.8402178209592, 7.316047172995991, 6.225895778008626, 1e-06, 1e-06]"
NU00558,kelvin_log,0.03940260640090289,0.03883752673197666,True,"[14.364903026743772, 6.651847408390235, 8.212428358074453, 1e-06, 1e-06]"
NU00559,kelvin_log,0.026993946104863747,0.027143911701469257,True,"[9.319388350709964, 6.261436970764993, 10.772764586951759, 1e-06, 1e-06]"
NU00560,kelvin_log,0.02641128538374727,0.02167674524651048,True,"[2.672143108735204, 2.5499764762413766, 1.4485985579806393, 2.82125295454565, 4.190836514365349]"
NU00561,kelvin_log,0.02884041831205613,0.026168179754148965,True,"[17.24479866814698, 28.469934870041744, 5.671044206034901, 6.180609591292971, 3.4909421959570137]"
NU00562,kelvin_log,0.02627196929323997,0.02370040483338338,True,"[15.018172910620896, 23.226881218987348, 1.7599926108040738, 7.438879637858965, 1e-06]"
NU00563,kelvin_log,0.07088478604665069,0.06474786050785476,True,"[16.62230448559685, 12.07733526225465, 8.407246729783562, 1e-06, 5.852354459527294]"
NU00564,kelvin_log,0.07509147280703213,0.06898371225248368,True,"[18.867843745355966, 5.36637803768638, 7.136373028801425, 1e-06, 3.136095844159635]"
NU00565,kelvin_log,0.014441688086918095,0.009123665827306917,True,"[3.1853564663785714, 2.4658914897811735, 8.064132506510573, 2.645107605589867, 5.483286065047457]"
NU00566,kelvin_log,0.01055157819593629,0.00703033204811007,True,"[3.334800523909882, 0.9324031701233162, 5.269005882802022, 0.8727878360800222, 3.939270472990395]"
NU00567,kelvin_log,0.014658353803095372,0.014517815432926302,True,"[6.022496929501005, 7.049709376544892, 5.965983251142585, 5.226385722860252, 11.276175065814707]"
NU00568,kelvin_log,0.014292465962477779,0.014357866820178535,True,"[5.809936281688972, 1.8976134429742932, 5.233348195669656, 0.45566538864771, 8.602769999143153]"
NU00569,kelvin_log,0.00936199819580135,0.009087152406758798,True,"[7.836719397152761, 2.206788300669889, 6.764374101263356, 6.910054354291321, 7.807577227299194]"
NU00570,kelvin_log,0.02384536984493568,0.021965209190976883,True,"[3.8803446089767655, 4.65685809126215, 5.562966932405223, 4.167776077367419, 4.421036007671377]"
NU00571,kelvin_log,0.009827849477936003,0.00863503511524916,True,"[4.008235135740888, 2.5592436060628803, 6.437771676850886, 4.876200843123102, 6.133230927324855]"
NU00572,kelvin_log,0.020685879439728917,0.01833974589688961,True,"[1.3835973475812904, 3.5659299396968582, 1.87040339687818, 2.747352711239935, 4.982964261947779]"
NU00580,kelvin_log,0.03466593630457275,0.035493239409293796,True,"[4.656890904662567, 3.865656637012931, 6.51015965671875, 6.247224799217416, 1.2401264598699455]"
NU00581,kelvin_log,0.033206234628527474,0.034320784682832145,True,"[2.243175146165426, 6.645291254275646, 9.29776311902653, 4.081900008866775, 0.7905188889820045]"
NU00582,kelvin_log,0.040419745927927825,0.04185327944340233,True,"[7.381726199527054, 1e-06, 10.731553513999527, 4.004167426594413, 4.079931193000197]"
NU00583,kelvin_log,0.019277339642292602,0.019211942105297863,True,"[3.3045608388856236, 2.3911035011294346, 3.7596117854398345, 4.655235414227344, 5.720363843257458]"
NU00584,kelvin_log,0.021667263157671673,0.021566880651719408,True,"[1.6209830593587253, 2.9803957534004577, 3.3623666490894135, 5.491689813225116, 4.064231786511016]"
NU00585,kelvin_log,0.02607543368054494,0.023249983181524395,True,"[1.613221630455649, 4.15581024075808, 0.2507574339793909, 7.752004791772686, 6.068428942372659]"
NU00586,kelvin_log,0.026870055071693117,0.02716557919283475,True,"[4.544832573725334, 0.40791671707249816, 6.000137884863063, 4.7505008556297526, 4.228495729097282]"
NU00587,kelvin_log,0.01934383224138012,0.019425296138074307,True,"[1.8442529446064455, 4.626159142567076, 10.179475287359788, 1e-06, 7.746270547825693]"
NU00588,kelvin_log,0.013610380947014647,0.013524930926443992,True,"[2.776823981609865, 4.138444287194535, 10.550695619036846, 2.4482898342001524, 6.084172129791281]"
NU00589,kelvin_log,0.012686975219072827,0.012598369439264508,True,"[2.1965171425284584, 4.751358095723129, 9.84798786674572, 1e-06, 7.42670622091797]"
NU00590,kelvin_log,0.013506276694074932,0.013415818947799762,True,"[2.2337482824758625, 7.283459137405864, 7.361753866029306, 1.6208460879530042, 7.285287262945901]"
NU00591,kelvin_log,0.012443244442178371,0.012038209625051557,True,"[0.6069191719567433, 4.9707187899394105, 9.90980873898246, 1.2510573850771023, 4.5560458542307325]"
NU00592,kelvin_log,0.01216615624670312,0.011462761389599726,True,"[2.2403028930434687, 2.4396024781578487, 11.089582832410281, 2.313032936012179, 5.461280252157673]"
NU00593,kelvin_log,0.014616467610315695,0.013838200499806335,True,"[1.298167578298637, 3.9433527334781333, 9.983817322596424, 2.3646768899509003, 5.299139286318995]"
NU00594,kelvin_log,0.014490914990087011,0.01372437793603059,True,"[1.1946908299401269, 3.8512066858486156, 10.195040606900733, 2.098587431182751, 3.683442526790545]"
NU00595,kelvin_log,0.009392487996069745,0.00927466751011821,True,"[0.907527865750707, 2.381930591523702, 4.433943177478196, 1.7479133163827572, 4.05080816871789]"
NU00596,kelvin_log,0.01714957722578151,0.017116174270072577,True,"[1.890632303498257, 0.6452881770158386, 3.1469709699772257, 1.1733069584189404, 3.1471856045287394]"
NU00597,kelvin_log,0.010910183030049762,0.010542511846067948,True,"[5.03715932867219, 2.036650982360951, 11.478967624506042, 16.808583533190895, 14.282632085777522]"
NU00598,kelvin_log,0.013251877108619449,0.013294572898229731,True,"[3.1568928357902815, 1.57112562016257, 4.775097403481463, 6.124743577947604, 7.49464292819452]"
NU00646,kelvin_log,0.016696003433072024,0.012311156320897874,True,"[6.256113195361714, 9.485112453641943, 30.34979441165528, 18.32810410143238, 16.27290657603629]"
NU00647,kelvin_log,0.014503724122773457,0.012072266308150394,True,"[0.7498193635450872, 19.879140731863163, 26.580796297402266, 1e-06, 24.994897270099653]"
NU00648,kelvin_log,0.025151808841655236,0.02384348967447366,True,"[12.019496225906657, 10.634363747239105, 30.486749852913604, 1e-06, 11.417502190309742]"
NU00649,kelvin_log,0.019623312071224364,0.017152462383817586,True,"[15.035908029989958, 8.590503882391477, 12.66971973954687, 11.208723817822822, 21.023870421832793]"
NU00650,kelvin_log,0.008077049936263066,0.006585173193830356,True,"[1.2963984995510538, 9.765152950421905, 10.53806562434518, 0.804378026314111, 6.677526121652368]"
NU00651,kelvin_log,0.014337125769128375,0.011792174192571702,True,"[7.620428761639195, 4.27279501651442, 10.009821689805927, 0.7297399237597485, 7.203363619380131]"
NU00652,kelvin_log,0.0058390672787534065,0.004433333597101074,True,"[7.429789269877503, 6.405552922061337, 9.110272102758167, 5.192740490101663, 7.6994672908446775]"
NU00653,kelvin_log,0.005978533126554654,0.00416290145685359,True,"[4.0211315687928035, 7.40169069579831, 10.04577837632692, 12.317610257634051, 8.594449415702574]"
NU00654,kelvin_log,0.014514515544820758,0.014450710243535421,True,"[4.856484875996273, 15.279040099412207, 19.909693543890274, 4.431518693019261, 34.9423864700206]"
NU00655,kelvin_log,0.03868738162742334,0.03905979552538781,True,"[2.0741418036723847, 12.181745741535469, 20.05476584501104, 1e-06, 35.774687510179994]"
NU00656,kelvin_log,0.009293526924334588,0.009167473865913205,True,"[1e-06, 1e-06, 49.21893208214236, 10.161035260461038, 17.74613308702633]"
NU00657,kelvin_log,0.007668277152892326,0.00754464540684899,True,"[1e-06, 0.24773166182611295, 30.422765306693094, 3.0591339193238896, 24.346703431839813]"
NU00658,kelvin_log,0.018919509913700113,0.018543537308996393,True,"[5.617595714332706, 13.423841664305645, 3.7282723690731023, 16.07036519059858, 7.255955374432563]"
NU00659,kelvin_log,0.016852180132831907,0.016392600195285576,True,"[0.9135090700710045, 7.009267471660709, 6.067973650087852, 9.43725685337478, 3.92802604244388]"
NU00660,kelvin_log,0.012394703432064945,0.01156545832504943,True,"[2.7699735751585437, 7.230790177238521, 13.146175049538439, 10.985161326637584, 4.320501285352228]"
NU00661,kelvin_log,0.010944443323404378,0.010217294494019737,True,"[2.530636585916035, 1.6465739419288787, 6.144307490450777, 7.793324181400992, 4.5510818234177375]"
NU00662,kelvin_log,0.039745813715553774,0.036657948503828766,True,"[18.02679718366285, 40.77052784365301, 9.4713884746922, 12.808496484845692, 3.6665611950829233]"
NU00663,kelvin_log,0.035369175055838434,0.03536074227583645,True,"[12.292580241900675, 20.50731031884105, 39.74505867363794, 1e-06, 4.733474621577001]"
NU00664,kelvin_log,0.02554351058953045,0.02531308899092468,True,"[18.588992351066405, 44.976989618630945, 3.0751760015048917, 33.85376730566042, 6.187429472229235]"
NU00665,kelvin_log,0.016599029495914828,0.015787848975640468,True,"[4.895108641706792, 15.819354337478938, 16.296892117876737, 10.862826223942443, 6.103670610258327]"
NU00666,kelvin_log,0.07423406340544456,0.06923985160724187,True,"[7.149659453001759, 4.015203183547377, 1e-06, 17.386269899609783, 11.535775466391094]"
NU00667,kelvin_log,0.06306915991914692,0.06776219447717323,True,"[1e-06, 3.490803490244106, 9.229645615098041, 1e-06, 7.709348592063174]"
NU00668,kelvin_log,0.012610873488959671,0.01174403683179995,True,"[7.011007423980831, 1.4005042918406578, 9.834588875863227, 9.132471188953897, 6.693444642300558]"
NU00669,kelvin_log,0.028121833515574204,0.024607873796395924,True,"[1e-06, 0.09654341343522227, 4.451697498828035, 3.2877149494352875, 7.008991563744505]"
NU00670,kelvin_log,0.04026311808111384,0.03727781458113177,True,"[1e-06, 36.06759075406051, 3.3531872826975793, 12.12101055690584, 14.235239416532655]"
NU00671,kelvin_log,0.02549954538234535,0.025150852127947522,True,"[1e-06, 48.986525144542746, 0.1304841954385653, 0.44768374119750426, 15.51524077613464]"
NU00672,kelvin_log,0.017067793900755135,0.01650287611515615,True,"[1e-06, 24.011961663299537, 8.412230291113728, 13.268178080130355, 11.686791179747472]"
NU00673,kelvin_log,0.017106225071180033,0.01618607819690381,True,"[1e-06, 5.2963690410818485, 5.238567045336927, 11.695276360224188, 5.660006416176848]"
NU00674,kelvin_log,0.019544544497290293,0.019064593204291498,True,"[1.0317219967729208, 13.353837181324689, 14.027585170489692, 1e-06, 1.6039788957339167]"
NU00675,kelvin_log,0.05910258587322739,0.05972987604646894,True,"[1e-06, 13.972143716982362, 5.154847352797294, 1e-06, 1e-06]"
NU00676,kelvin_log,0.059934388391137024,0.060776249095762944,True,"[1e-06, 15.96058564481491, 1.1082519539928986, 1e-06, 9.68536095229048]"
NU00677,kelvin_log,0.08286605790636929,0.08303435637549242,True,"[1e-06, 4.800705736954656, 1e-06, 9.829577591921216, 1e-06]"
NU00678,kelvin_log,0.046203267116437206,0.04624926828856302,True,"[2.0353618990931053, 24.438921623948474, 28.53397633751527, 1e-06, 0.3965766449755744]"
NU00679,kelvin_log,0.004063487852164472,0.003813178515015082,True,"[18.274973519598692, 21.66150078447239, 17.422872271776768, 24.810554304763166, 17.977118165834604]"
NU00680,kelvin_log,0.020990553629665395,0.020641453079396358,True,"[10.114767451959889, 16.256539845322205, 33.004748998688676, 1e-06, 4.684351669164014]"
NU00681,kelvin_log,0.023387560233787574,0.018993164659831304,True,"[1e-06, 15.798113821198, 1.3386174858111353, 22.164318776610983, 18.18778999108989]"
NU00683,kelvin_log,0.03720110322511488,0.035168992305995496,True,"[2.0005526083079546, 11.131169381812603, 1e-06, 9.033330782361952, 4.996655050538058]"
NU00684,kelvin_log,0.030046952149735698,0.02936159332183294,True,"[3.7589761212385344, 22.793777114534898, 1e-06, 9.857753750217032, 1e-06]"
NU00686,kelvin_log,0.009125255730841662,0.009239057553234996,True,"[21.630210567673277, 42.197532698228024, 27.92796168911829, 1e-06, 1e-06]"
NU00687,kelvin_log,0.006255015708833821,0.006275540278830077,True,"[1e-06, 39.02755816957632, 25.45243835356719, 1e-06, 2.599892370807468]"
NU00688,kelvin_log,0.0044738289032790896,0.004452860984343113,False,"[14.871880609068489, 14.310095151604191, 26.455282057794108, 1e-06, 2.0531241801350255]"
NU00689,kelvin_log,0.04461097173150855,0.0454891429869958,True,"[1.543998272868306, 11.892765247167366, 7.707017092142404, 1e-06, 1e-06]"
NU00690,kelvin_log,0.03742814589082817,0.03736151130540465,True,"[1e-06, 16.545006469833446, 7.297438040389447, 1e-06, 1e-06]"
NU00691,kelvin_log,0.024119703146614678,0.023701690715439833,True,"[1e-06, 26.74710836936158, 1e-06, 12.22874932418195, 1.485363458131694]"
NU00692,kelvin_log,0.012410542069314658,0.012266849054064471,True,"[1.6388087227411634, 10.505062192732783, 17.661219472197356, 1e-06, 1e-06]"
NU00693,kelvin_log,0.04236810620583784,0.04155015095647645,True,"[1e-06, 11.955558604436558, 1e-06, 4.4042159812488775, 3.167209843116682]"
NU00694,kelvin_log,0.01137298174600435,0.011354229736980123,True,"[11.272436626874265, 27.982221404296844, 18.290221166708218, 1e-06, 1e-06]"
NU00695,kelvin_log,0.02166869518159636,0.021573780855848816,True,"[1e-06, 17.681884862011625, 21.02214878173168, 1e-06, 0.05574191425967373]"
NU00696,kelvin_log,0.024649270709014442,0.02478185275395036,True,"[1.4006383623013274, 24.07905312436336, 8.408033205693018, 1e-06, 1e-06]"
NU00697,kelvin_log,0.05530394694161107,0.05351117888479282,True,"[1e-06, 3.6514801662119565, 4.63603050602152, 1e-06, 3.0293417053242333]"
NU00698,kelvin_log,0.05861238090436608,0.057597750454726836,True,"[10.21093500010667, 7.260608547821813, 11.97383455541473, 2.0498299051408475, 1e-06]"
NU00699,kelvin_log,0.02698423788771468,0.027169920835217604,True,"[2.6802936253906027, 17.585793590085263, 1e-06, 0.22292254866515623, 1e-06]"
NU00702,kelvin_log,0.02012349646808918,0.01978206354405216,True,"[14.4859090819563, 28.364894324633926, 17.248898989120924, 1e-06, 1e-06]"
NU00703,kelvin_log,0.02182186828741524,0.021445819526978393,True,"[2.643386263897152, 18.79466668829769, 12.002911228948154, 1e-06, 3.363269553877978]"
NU00704,kelvin_log,0.03972505307498856,0.039158188344196425,True,"[1e-06, 15.167971832871787, 15.249067341754504, 1e-06, 1e-06]"
NU00705,kelvin_log,0.029116216003238604,0.02768363797616932,True,"[1.4626453224710054, 7.070947895145034, 8.294375746779599, 1e-06, 1e-06]"
NU00706,kelvin_log,0.00965138254756572,0.008713710439251997,True,"[1.2524041343363659, 10.666099730112334, 0.6962033091218182, 7.1421185588544995, 5.064687949812317]"
NU00707,kelvin_log,0.030014196889928433,0.029278746845178536,True,"[1.4244842709477115, 8.088483767821215, 3.1518954683073237, 1.8540287117934544, 3.864565094834348]"
NU00709,kelvin_log,0.03191147276960431,0.027074313524016604,True,"[1.8112029697945031, 3.3657635256055842, 1.4946342453004866, 4.045896821624779, 3.36398098893222]"
NU00710,kelvin_log,0.03677471528154996,0.036472223897429455,True,"[16.601547491361387, 36.32908524869027, 21.380614386746267, 1e-06, 1e-06]"
NU00711,kelvin_log,0.02885707488909684,0.028250490129403446,True,"[1e-06, 30.01726930712302, 22.823456373165612, 1e-06, 1e-06]"
NU00712,kelvin_log,0.02582304084560249,0.024748436660891666,True,"[3.3771359173147157, 10.154851819830673, 18.490603625444294, 1e-06, 1e-06]"
NU00714,kelvin_log,0.03485827952428233,0.0344671860199992,True,"[19.329896966777103, 23.72649835879554, 1e-06, 11.151793079568431, 1e-06]"
NU00715,kelvin_log,0.03421837623083295,0.033624061679114615,True,"[1e-06, 8.735847576233267, 4.6409384075975355, 1e-06, 5.857274722057402]"
NU00716,kelvin_log,0.02559357561515187,0.02411054000874097,True,"[9.387741365654481, 11.272650707369209, 6.119334812823692, 10.215382332677754, 5.295443051892284]"
NU00717,kelvin_log,0.01546141726478009,0.015472111571221787,True,"[7.747838291585784, 0.6363233135416405, 9.663353342805122, 1e-06, 1e-06]"
NU00718,kelvin_log,0.007684239791536302,0.007631742358666234,True,"[25.524874165885638, 31.40878712981577, 12.325715683964956, 0.43992818193145106, 4.668764976197139]"
NU00719,kelvin_log,0.007745395452960301,0.0077341677560535185,True,"[10.39815577619549, 28.30463299925803, 10.638838054723104, 1e-06, 4.516444634591703]"
NU00720,kelvin_log,0.03479008434896271,0.03390104568952147,True,"[3.96842224269191, 20.29064104300617, 19.950687047002575, 1e-06, 1e-06]"
NU00721,kelvin_log,0.03546422099191821,0.03367591522317451,True,"[1e-06, 2.5643936815286805, 8.13574854258791, 3.2771924095000227, 5.947380791175521]"
NU00722,kelvin_log,0.044789986948469133,0.04564898205746426,True,"[10.775646236979341, 18.434961350998634, 6.445566132619964, 1e-06, 1e-06]"
NU00723,kelvin_log,0.057532032982045574,0.05824005849531936,True,"[1e-06, 4.834275010386279, 4.609500885415461, 1e-06, 1e-06]"
NU00724,kelvin_log,0.1330519096203549,0.14604376615645157,True,"[1e-06, 9.523282573426998, 4.6251865646481125, 1e-06, 1e-06]"
NU00725,kelvin_log,0.04584385916705135,0.04452376653963669,True,"[0.3728307013226406, 1e-06, 9.769210601992508, 1e-06, 1e-06]"
NU00726,kelvin_log,0.010765350090212688,0.00968405922668976,True,"[5.850322732754259, 12.362259347665166, 20.169173070458736, 0.3094231291464422, 14.223684413280596]"
NU00727,kelvin_log,0.013641840477357276,0.011423586229821916,True,"[2.101531076171967, 5.750748040163935, 6.447869972821285, 3.251839184146208, 6.809323502116778]"
NU00728,kelvin_log,0.01943610885848223,0.018579144463175115,True,"[0.93870674148256, 14.398039068746492, 14.522366480269387, 18.2276757091863, 4.428690666713721]"
NU00729,kelvin_log,0.05310775374821019,0.055747509415282503,True,"[1.3834264602955215, 5.658004091460436, 7.641893877023747, 1.9952733813118257, 2.945951137259609]"
NU00730,kelvin_log,0.012285994885887578,0.011306406308864333,True,"[8.36806199828841, 24.942043570232645, 42.11933393639608, 1e-06, 5.633913619252341]"
NU00731,kelvin_log,0.014105238614649756,0.01108586699303517,True,"[3.9193535361285474, 8.652089111524466, 3.6496562926623253, 10.677985861084787, 8.727058057640413]"
NU00732,kelvin_log,0.015156748307966773,0.01489278158412335,True,"[8.815157131334768, 10.740605344210863, 9.151742477457372, 7.075790086735211, 17.13837762176722]"
NU00733,kelvin_log,0.026098947151972814,0.025577193784721154,True,"[1.6062390777406463, 7.381867113548635, 4.293599209547029, 4.564529744280466, 8.378023366244149]"
NU00734,kelvin_log,0.007548540426043682,0.006533530332373238,True,"[11.871643362100237, 19.32229032492927, 31.51394555833252, 6.767866280741561, 26.64970755933509]"
NU00735,kelvin_log,0.02651467551022051,0.018247009257938027,True,"[0.18797727272440745, 9.076647186004806, 8.840390802284443, 26.778966580190506, 15.564855863272195]"
NU00736,kelvin_log,0.01653645883767423,0.016576470884392732,True,"[5.9144145712380505, 17.86870126384312, 18.64926946873559, 15.080485798050454, 9.82419837013711]"
NU00737,kelvin_log,0.02446457393555487,0.024348500458062042,True,"[2.565168049676461, 8.697061005154035, 1.4991403036621715, 25.254326860407904, 12.222662356184482]"
NU00760,kelvin_log,0.06360831298508746,0.07485000293914933,True,"[1e-06, 2.8588717525550416, 1.6279924031816928, 1.3087685049968547, 9.379516121550628]"
NU00761,kelvin_log,0.02296144608417089,0.01831003703437015,True,"[0.7313161781126134, 5.308448524777311, 9.950066326702729, 3.0086996951886387, 4.329172840240371]"
NU00763,kelvin_log,0.015280657561471924,0.012264988457222733,True,"[4.97501111238165, 12.336012883614034, 18.200463532902187, 13.312539980039034, 6.973536084656083]"
NU00765,kelvin_log,0.022127466571285014,0.01788540041943436,True,"[4.031511585262485, 6.935664771098455, 9.822429786606255, 7.8508353083095965, 3.6778031478381488]"
NU00766,kelvin_log,0.02212691347521924,0.02152443103472582,True,"[10.229565012071983, 17.799615097643272, 16.466012249721498, 15.08673250839622, 1e-06]"
NU00767,kelvin_log,0.013843157351988033,0.013013672209318507,True,"[4.353467908914337, 32.680149510024584, 44.61338786035979, 1e-06, 1e-06]"
NU00768,kelvin_log,0.017005442834509207,0.015031049151057586,True,"[3.2092770884183213, 8.950062224232726, 9.265075519886498, 22.101023554576805, 6.288772433722334]"
NU00769,kelvin_log,0.017414033584789733,0.014830017450199571,True,"[6.8047790646577, 7.170427271385183, 21.638386866895683, 8.412894598843442, 17.884849580284968]"
NU00770,kelvin_log,0.02259859368486089,0.022486639839406564,True,"[7.8869590927619395, 19.249343057637375, 23.358724786757374, 16.184259710074546, 5.084331627116602]"
NU00771,kelvin_log,0.015824608630625014,0.01439550994079146,True,"[2.9226840086677086, 14.638847146642503, 48.85305935889061, 1e-06, 12.530644407935464]"
NU00772,kelvin_log,0.0027653126206661402,0.002546091400832679,True,"[0.08930879983619629, 0.6806085179994329, 0.8644638990227977, 0.21590706930896517, 0.6010418517853564]"
NU00773,kelvin_log,0.0049394272392026956,0.004250917233145818,True,"[0.38038743382214135, 1.039601856367106, 1.4513808913053277, 1e-06, 0.892241222677758]"
NU00778,kelvin_log,0.019715179700534147,0.01939842685959981,True,"[26.793533969922365, 17.665821444101148, 105.70769317353623, 1e-06, 1e-06]"
NU00779,kelvin_log,0.022358340849990777,0.02114777161401642,True,"[9.060178778691439, 0.9847577111673611, 12.495499972979902, 1e-06, 6.723001148193305]"
NU00780,kelvin_log,0.009136450517160213,0.008835191211573354,True,"[15.612742966068428, 19.320653846731275, 14.942482696935409, 1e-06, 5.883182119856656]"
NU00808,kelvin_log,0.014642235110691406,0.014562916781214427,True,"[1.0917816874033908, 3.517169019783394, 4.583810688043232, 5.871217952768729, 8.001568840371517]"
NU00809,kelvin_log,0.02952053075330031,0.0296825602609279,True,"[5.9760214100279585, 2.4230990286987573, 2.648227513800877, 4.4488557298394324, 11.506585950234589]"
NU00811,kelvin_log,0.017815341020754837,0.01746403264719887,True,"[1.3779404887190978, 3.8425150518124234, 11.493165816014965, 4.035167134401906, 11.605509836235798]"
NU00812,kelvin_log,0.011524799742863075,0.01146720038692512,True,"[1e-06, 7.074187323691602, 13.47818896986021, 12.00875018894132, 11.30404458361544]"
NU00813,kelvin_log,0.010639530558166214,0.010800959173144904,True,"[0.9228984561028736, 3.1930013408157465, 14.508197486571401, 2.5435975491378895, 11.5461434185192]"
NU00839,kelvin_log,0.03388039532056611,0.0348139425839612,True,"[1e-06, 22.470315155766777, 16.709071936628984, 1e-06, 10.622168713767314]"
NU00840,kelvin_log,0.013702921534018735,0.013624048912175533,True,"[1.2033594126811216, 8.63715621531172, 5.386271195426458, 8.808532029737766, 12.080761630679072]"
NU00841,kelvin_log,0.03554019732475483,0.03657567479347861,True,"[0.16962314231762518, 7.140526652582259, 1.179594821157528, 6.893399176547174, 1.6610665125792106]"
NU00843,kelvin_log,0.028262230001851248,0.0282974627822699,True,"[1.045665024662889, 3.515550236231272, 2.602370007945562, 1.4063129041439961, 3.6597558710000806]"
NU00847,kelvin_log,0.016795319020269768,0.016740138219953,True,"[1e-06, 17.81020974760713, 35.362844589044975, 1e-06, 12.951896327887024]"
NU00849,kelvin_log,0.02350622301065129,0.02331483420813548,True,"[2.3726399779900444, 3.4578782519966693, 11.286607940979545, 10.032526620856498, 1e-06]"
NU00853,kelvin_log,0.04507739873812253,0.04375269033263371,True,"[1e-06, 5.866640637609781, 1e-06, 4.256380939174913, 6.4034467312401295]"
NU00892,kelvin_log,0.023626097378266434,0.024165766670310843,True,"[15.200541819971216, 17.44971315030786, 34.10635228605391, 1e-06, 8.06510784746547]"
NU00893,kelvin_log,0.027895511275440148,0.02788331795950672,True,"[17.86984516155999, 10.95730075678109, 14.36887608791894, 1e-06, 30.305705094334172]"
NU00894,kelvin_log,0.013375619830347395,0.013020299253862713,True,"[4.060532837740571, 7.998649724378314, 11.658518167751037, 9.214396761285373, 14.239300959892683]"
NU00895,kelvin_log,0.04194901688461276,0.03202915211366104,True,"[6.060517860437222, 6.571246461298936, 8.287499690393012, 31.20196739246922, 1e-06]"
NU00896,kelvin_log,0.07686898691853,0.07528589968264693,True,"[1e-06, 6.412616964587038, 18.592143527285344, 1e-06, 1e-06]"
NU00897,kelvin_log,0.016517861791084384,0.01628136853378079,True,"[17.284110081302916, 21.449399808845378, 4.4357329326643, 13.797001274387563, 30.821246772137734]"
NU00898,kelvin_log,0.014680440874528732,0.0145658091516066,True,"[13.781883259695201, 12.506965212522779, 4.659400599256133, 2.8374065371257036, 41.393478098239406]"
NU00899,kelvin_log,0.014006674949719423,0.013404560977129054,True,"[4.041987910399241, 11.996315744829785, 5.294793922882366, 16.30873157715223, 13.857714973576549]"
NU00900,kelvin_log,0.009022666016161418,0.00891085549476256,True,"[5.400876293399567, 19.808643542639196, 12.305745332748455, 7.818535148301097, 18.621951007458627]"
NU00901,kelvin_log,0.01914059033277916,0.01941914511757156,False,"[15.747764218326544, 35.622744546434376, 62.39355067266406, 1e-06, 23.72534352611828]"
NU00902,kelvin_log,0.010211784071321294,0.010131123455678787,True,"[14.897258800240918, 19.259873306743195, 11.126065432364056, 5.651198367307841, 22.502566357268964]"
NU00903,kelvin_log,0.011175100375234405,0.011006738504082273,True,"[7.4487495984613865, 8.983038812523054, 18.371231582413998, 9.27715068445443, 7.616988587378717]"
NU00904,kelvin_log,0.016475751618070144,0.016448274226671975,True,"[12.335216479518218, 17.487763517822536, 11.872995023083876, 1e-06, 20.141553356442184]"
NU00905,kelvin_log,0.023038994474158952,0.022730957620752945,True,"[20.05274741130772, 23.297917000101435, 9.525332858895489, 9.90246475984684, 1e-06]"
NU00906,kelvin_log,0.01222515733162193,0.01206465201491293,True,"[18.847657810253846, 41.28212890803378, 28.807224319615493, 1.414330368884933, 35.587927890691304]"
NU00908,kelvin_log,0.05369567061124836,0.05389275561480399,True,"[1e-06, 10.666515373194766, 7.277515872678197, 1e-06, 11.641276604665965]"
NU00909,kelvin_log,0.02092200753247728,0.019776529077041863,True,"[19.37520672745041, 13.066502534107364, 21.707833732444623, 0.9566317474010703, 22.975173645338153]"
NU00910,kelvin_log,0.0048460000797709785,0.004464501719441139,True,"[0.8820054078116679, 16.038583793602992, 20.74601675825175, 4.478294281991124, 17.034132526685227]"
NU00912,kelvin_log,0.004257231901833418,0.003938884595043088,True,"[3.462163914189861, 18.531908927275527, 23.78580733780054, 5.127822600282232, 18.71710112818498]"
NU00913,kelvin_log,0.005670574573676005,0.0052115202027307305,True,"[1.7145701531378277, 17.41926779842261, 22.209575995811985, 5.440177766338452, 18.54554823904185]"
NU00914,kelvin_log,0.007093106975224961,0.006618620273062076,True,"[8.40647384581054, 16.177634561569043, 18.90484619946261, 4.422587480564863, 17.28630651172894]"
NU00915,kelvin_log,0.0030506683124910134,0.0027999706142099526,True,"[1.3289092934085067, 13.557266136114297, 15.465936062448767, 4.94887128493794, 11.960466725570004]"
NU00916,kelvin_log,0.004710801046806701,0.0045971010422859275,True,"[1.7008858516639087, 36.406099215185925, 38.19370368487159, 15.303160569237896, 35.12877220368329]"
NU00917,kelvin_log,0.0039976838664684015,0.0036613346181304284,True,"[5.025804429857958, 15.988489401053574, 18.46963883411073, 6.4583243118634845, 15.49175704898145]"
NU00918,kelvin_log,0.004746253963952329,0.004328853774625148,True,"[3.7218764320777225, 13.5883469236935, 15.654635402972703, 5.904405955968838, 12.438826857622638]"
NU00919,kelvin_log,0.005237272201957531,0.004791123560859503,True,"[1.6465152147141093, 12.032316628698071, 15.228352365421625, 4.723726472630042, 12.625985554198603]"
NU00920,kelvin_log,0.007560895458135729,0.006927785916119137,True,"[4.516830469871798, 9.769527513062188, 8.539217405324438, 4.7471358129155945, 10.180547755526895]"
NU00921,kelvin_log,0.0032650400199619443,0.003031725089921086,True,"[7.49909887949624, 27.931170559413687, 35.149419260360176, 9.263348292353879, 23.347829697689473]"
NU00922,kelvin_log,0.004837351628835305,0.004448571502309366,True,"[3.5632718229340683, 14.828751317724132, 18.50082486684574, 5.971780343877929, 16.19871948422582]"
NU00924,kelvin_log,0.05843390428679175,0.059051511882016364,True,"[1e-06, 9.216237843889507, 17.61239824277259, 1e-06, 1e-06]"
NU01117,kelvin_log,0.00911229862279925,0.00903835793007498,True,"[4.5493953320289435, 5.351317162503073, 4.631878606235148, 7.343097231159666, 7.361553886802828]"
NU01118,kelvin_log,0.013440731760409321,0.012953719670397441,True,"[25.680467247025078, 23.17463679252699, 21.856292609892336, 15.38031508607804, 14.918289265657299]"
NU01120,kelvin_log,0.01539912618774151,0.009394179853572817,True,"[32.89842618091453, 6.955416909295892, 85.97866098133058, 21.30487315141683, 63.24206671908289]"
NU01124,kelvin_log,0.008795651476517398,0.007882787855216837,True,"[1e-06, 5.917837489213052, 7.661686502302234, 7.346263425947938, 9.306180283244558]"
NU01125,kelvin_log,0.004728567917918536,0.004178651212449867,True,"[0.02755311452396315, 7.1765440785339445, 6.540243636542779, 11.133395576737882, 9.315843038311067]"
NU01167,kelvin_log,0.006462657448169836,0.0061492066384213765,True,"[29.654024169856335, 89.0231788224816, 146.52933757946386, 1e-06, 30.22924838603637]"
NU01168,kelvin_log,0.01290956904695872,0.01226487761862263,True,"[17.73479875021949, 48.681915555405396, 133.9378966046359, 1e-06, 6.840628582787872]"
NU01169,kelvin_log,0.010781307564672061,0.010274885734522536,True,"[12.038535987674445, 54.069715673635145, 113.3167343404569, 1e-06, 1e-06]"
NU01170,kelvin_log,0.024457884620976034,0.023423216802794532,True,"[9.608984775551042, 88.70351769108515, 131.218592843027, 1e-06, 1e-06]"
NU01171,kelvin_log,0.031048592766673256,0.03074903747717975,True,"[1e-06, 1.676259089131666, 5.741899949412401, 1e-06, 3.1182638685556405]"
NU01245,kelvin_log,0.02515639565829031,0.02448215056234886,True,"[1e-06, 1e-06, 2.942961379259201, 21.98398306837086, 14.301396880173895]"
NU01247,kelvin_log,0.016460922006692046,0.016374043714867087,True,"[7.023107292776145, 4.3369702298511825, 5.433688935513057, 11.659280672686752, 7.75405857415804]"
NU01251,kelvin_log,0.034448458145649445,0.034998823544352214,True,"[1e-06, 1e-06, 14.84631584441563, 10.385406778913886, 1e-06]"
NU01253,kelvin_log,0.0316618670872448,0.029878363051662204,True,"[1e-06, 1e-06, 11.39135086137549, 15.483922891839361, 1e-06]"
NU01255,kelvin_log,0.03909094812452303,0.03770429168862803,True,"[1e-06, 1e-06, 11.964995907615165, 9.930439241276964, 4.654072208916928]"
NU01257,kelvin_log,0.03472383220858232,0.035532688366488,True,"[3.65665034276757, 1e-06, 7.819624467789693, 4.702721488510526, 8.17823586544032]"
NU01259,kelvin_log,0.024889267890802348,0.024959698483737563,True,"[1e-06, 1e-06, 17.57870286656166, 7.131475061078055, 1.2280910550392734]"
NU01317,kelvin_log,0.017401820032972016,0.016509206705645117,True,"[5.561735772184037, 1e-06, 13.284951776878046, 4.040045010427118, 3.2139831592074044]"
NU01318,kelvin_log,0.007674502334564582,0.007464325348424129,True,"[5.535599668349111, 6.89265914813641, 23.9121815023454, 1e-06, 4.785859994842801]"
NU01319,kelvin_log,0.034664866212200426,0.03155463897699623,True,"[1.4343455172686603, 11.171906060550413, 1.197832532431225, 14.27648864823006, 1.6330118603972892]"
NU01322,kelvin_log,0.027465866672275716,0.026268446473174074,True,"[8.871262689393806, 5.696349986244752, 6.25985486115058, 6.526075984139997, 12.478187111569476]"
NU01323,kelvin_log,0.02761435535909612,0.027130390531001136,True,"[14.604890821491693, 4.890882651096248, 30.853085588637118, 1e-06, 21.772120852914064]"
NU01324,kelvin_log,0.043695287654196585,0.039943204676473436,True,"[2.818665486749182, 5.902653248758872, 0.16977605347935049, 6.111463177667234, 1e-06]"
NU01325,kelvin_log,0.011220707086357789,0.01061203182981236,True,"[10.294892248239996, 20.44525159213647, 65.86066901788526, 17.07021290284056, 31.37203868936061]"
NU01326,kelvin_log,0.015115395187305335,0.011612184145318057,True,"[2.3725686172482336, 11.266966566252819, 18.71893037339057, 10.031894092186862, 13.67057012780075]"
NU01327,kelvin_log,0.039889131897146574,0.03393449582495839,True,"[1e-06, 7.888424935756334, 17.539482608432838, 1e-06, 8.858328423732614]"
NU01328,kelvin_log,0.013301588247853572,0.011625570666769067,True,"[1.7604403882413358, 11.917966212138895, 20.432191609849223, 1e-06, 7.750676480849838]"
NU01329,kelvin_log,0.0274715399725614,0.01806034177235742,True,"[1e-06, 9.45004683347731, 15.33027706495381, 1e-06, 15.19168155936168]"
NU01330,kelvin_log,0.009210639566025766,0.0069873095274210996,True,"[4.832544336833014, 12.021141438283513, 14.13113955007961, 16.569864907398184, 13.868340009034346]"
NU01333,kelvin_log,0.021270727255801602,0.01860479047680359,True,"[1.5178552110129726, 34.123701884083104, 16.62836902718582, 2.3419163110892636, 23.14477408272037]"
NU01334,kelvin_log,0.018498520360717693,0.015828321771267306,True,"[1e-06, 35.71349311109864, 56.41176060394059, 1e-06, 26.37646525125733]"
NU01335,kelvin_log,0.01012001654032901,0.008373507694262677,True,"[0.7105915853552154, 21.433491367498682, 35.972835067497435, 3.4566733208355362, 23.31760023093484]"
NU01338,kelvin_log,0.012154220067010998,0.01011132034862527,True,"[1e-06, 20.20030015700232, 58.32229015994853, 1e-06, 34.63813395496621]"
NU01345,kelvin_log,0.010921090280741641,0.007499832456133573,True,"[11.952648930460386, 45.06255776546667, 40.2168662414836, 117.69056340608768, 72.3026298360746]"
NU01350,kelvin_log,0.020270298991723557,0.017450244936322006,True,"[1.810193848040089, 12.163810571799736, 12.23664914090937, 0.6414784286857407, 8.840866044761471]"
NU01376,kelvin_log,0.027144765779017668,0.025559394590659822,True,"[1e-06, 11.80230072827098, 5.132984209566913, 2.69556982843197, 13.733251756149944]"
NU01377,kelvin_log,0.026561954787518816,0.0257523553753,True,"[1e-06, 11.962845000728509, 1.934902104272079, 2.6293272794287676, 9.358240296309003]"
NU01378,kelvin_log,0.031060661420787308,0.024392949859322152,True,"[1e-06, 1.5951669936900605, 1.2913124959820157, 7.732809950357061, 6.7569143346558755]"
NU01379,kelvin_log,0.017690936909664157,0.014538132657292768,True,"[1e-06, 4.658520538154311, 2.244443545238329, 7.807500652535982, 6.982017190990215]"
NU01404,kelvin_log,0.021796254705046182,0.02169238192382095,True,"[1e-06, 6.05408029394261, 20.21156239093634, 1e-06, 4.926003018213257]"
NU01405,kelvin_log,0.015633222086790785,0.014834706515216827,True,"[1e-06, 3.3695671461980896, 14.991761893148587, 2.5316248490238005, 7.899404667279871]"
NU01406,kelvin_log,0.02044688777286433,0.020821266232733598,True,"[2.497905174268564, 0.7752825024048472, 12.55201722519011, 4.510495572183631, 8.248626174182107]"
NU01407,kelvin_log,0.030293902907037016,0.030426884109998036,True,"[1e-06, 1e-06, 9.076015049439963, 8.107125281407155, 4.1428429511736615]"
NU01408,kelvin_log,0.035584700129699914,0.030841296195464333,True,"[1e-06, 2.8907667254277203, 1e-06, 15.053134217833932, 1e-06]"
NU01409,kelvin_log,0.005045196519681668,0.004238461104943855,True,"[1.695627613344818, 0.057588222098602856, 0.9889543389708338, 6.251565171033933, 2.9648649720605253]"
NU01410,kelvin_log,0.005246632050245866,0.004865986516972164,True,"[0.6651534474980016, 1e-06, 41.429263535922225, 27.267504039289364, 32.24037033924156]"
NU01413,kelvin_log,0.013285499649966347,0.012058082956907122,True,"[1e-06, 4.62983006113715, 12.22791860640843, 19.355463940157723, 18.532628576886374]"
NU01414,kelvin_log,0.016959322153393814,0.01587396236859544,True,"[0.16101059316068622, 2.6568818900109883, 17.67143623008879, 10.735863120225169, 15.635276357034654]"
NU01415,kelvin_log,0.018107207845089967,0.017389583807903015,True,"[1e-06, 2.6773508682443956, 15.70126290040163, 1.7631340532833553, 7.10686708344148]"
NU01416,kelvin_log,0.011196107717934558,0.010664506357328352,True,"[1.6203870050667153, 5.702329685441434, 16.578086995142318, 18.505792099409828, 23.231983562748123]"
NU01417,kelvin_log,0.009439584940734205,0.008632454744577502,True,"[1e-06, 3.488933948334186, 15.481242553090961, 20.523707536718092, 17.697888373287192]"
NU01418,kelvin_log,0.018747292924248597,0.01661454272670053,True,"[8.265063379712435, 4.13495224940525, 16.98169989033238, 27.532899934034404, 9.691198561449887]"
NU01419,kelvin_log,0.015418900423946153,0.015319976697744904,True,"[1e-06, 2.261182827883347, 12.072709363480932, 19.259819230431344, 18.279895394298755]"
NU01420,kelvin_log,0.009118321395693357,0.008180950417282945,True,"[1.9230191204480664, 5.323748564926098, 2.4958595679638127, 21.09923361965882, 12.386221762456131]"
NU01421,kelvin_log,0.016813962196190253,0.014473494881153461,True,"[1e-06, 4.031744716486877, 2.2018630625044655, 19.93045470153538, 9.53043361821063]"
NU01428,kelvin_log,0.010566995223321472,0.00995978511199671,True,"[4.854359529094821, 1.9073778085035566, 22.533903053665142, 29.361858764180145, 34.83590211811376]"
NU01429,kelvin_log,0.005409397058157553,0.004961873061297356,True,"[9.777304141675309, 3.3070813695692225, 23.255890805434706, 35.700626921938664, 26.416544764021925]"
NU01430,kelvin_log,0.017568148235272488,0.015433967646723433,True,"[9.439736508059966, 7.82369732200736, 19.197913792860923, 43.14518588956567, 15.309177554167157]"
NU01431,kelvin_log,0.01005846149110549,0.00990629112088734,True,"[1e-06, 1e-06, 22.31390602827635, 33.32861294731009, 16.34961880719548]"
NU01432,kelvin_log,0.010780827220977717,0.009939644836581165,True,"[10.109504732989963, 4.752597974358239, 11.985537322939845, 21.929032742739782, 19.120344529884076]"
NU01433,kelvin_log,0.010075947138067453,0.009192341214259487,True,"[2.9729809871826975, 1e-06, 10.589316596546993, 12.695260068293855, 9.569807032620968]"
NU01434,kelvin_log,0.014364615859998967,0.014537496821237039,True,"[3.289859059914309, 25.51912973917097, 19.591200589682654, 1e-06, 9.967344908683366]"
NU01435,kelvin_log,0.005586869104261732,0.005511095070979708,True,"[5.786941397671473, 12.429314615029439, 20.136070229667325, 2.8295434820682397, 14.155666621152374]"
NU01436,kelvin_log,0.003756531649037456,0.003530570121992272,True,"[2.8341027660109024, 8.383448344272983, 16.669005308112606, 9.767551779002002, 11.029277109425067]"
NU01437,kelvin_log,0.006964981640754415,0.006971075441753523,True,"[4.891724975416085, 21.32642982784635, 18.394924261857952, 1e-06, 13.257287998585351]"
NU01438,kelvin_log,0.005607204451992728,0.005515807703624846,True,"[4.404590192791758, 10.607060246823607, 16.563331491429448, 3.135244158984891, 11.046604668008362]"
NU01439,kelvin_log,0.011526699818000682,0.011131330073935367,True,"[2.9398799234978843, 11.969087028357771, 12.787807566217243, 3.1819061945995073, 5.774537191026715]"
