curve_id,family,normalized_rmse,noise_fraction,extrapolated_to_160,params
NU00017,weibull,0.0232657057614978,0.0221668845762759,True,"[60.87508280758047, 0.010000000009225036, 0.18180341814955517]"
NU00019,weibull,0.0264402373068036,0.025327024799722,True,"[43.846048861528445, 0.12983181025982093, 0.14212004838521494]"
NU00020,weibull,0.022288376834542,0.0216253357609095,True,"[41.22641531389489, 0.01000000000008411, 0.11605295542112769]"
NU00022,weibull,0.0046632274664701,0.0038398512558983,True,"[68.00803487405891, 0.010000000038950019, 0.14010261128165144]"
NU00024,weibull,0.0149823724789931,0.0119969630380035,True,"[41.211954245468206, 0.010000000000000241, 0.2173927340425462]"
NU00025,weibull,0.0058603549892514,0.0048496010203636,True,"[94.98181401335565, 0.010000000011585818, 0.13516369231240175]"
NU00026,weibull,0.0184348469568208,0.0172339412587005,True,"[99.58744931972868, 3.587004079195233, 0.6276243139521598]"
NU00027,weibull,0.0045231341774255,0.0037546003203084,True,"[45.53732949467068, 0.01000000013965945, 0.15779342764125787]"
NU00029,weibull,0.0402023520744326,0.0393210273416661,True,"[75.04515628808382, 2.318637025170152, 0.5657978528825812]"
NU00030,weibull,0.0305250509767362,0.0293975790267018,True,"[66.35072757664024, 0.8355110982053814, 0.48402596434091]"
NU00031,weibull,0.012853727026648,0.0127464639477709,True,"[63.832677370033245, 0.9622011069239033, 0.40513809206141416]"
NU00032,weibull,0.0164643657885029,0.0166398505285677,True,"[57.19043815577959, 2.673959560435747, 0.5183225203391251]"
NU00033,weibull,0.0309439403742311,0.0304274122491231,True,"[46.88258204715282, 0.8794841008096441, 0.45023674332184405]"
NU00034,weibull,0.0086118226609669,0.0084016581817245,True,"[43.9731281807095, 0.010000000000000002, 0.36277667242697986]"
NU00035,weibull,0.0225764846245301,0.0226145102866338,True,"[29.650060286507784, 0.010000000000496296, 0.23237215235529662]"
NU00036,weibull,0.0259934132716694,0.0253287217999452,True,"[36.842109279077455, 0.7539075308915593, 0.2842847818843834]"
NU00037,weibull,0.0151082988070228,0.0151069958773004,True,"[72.60626151609587, 0.010000000000013639, 0.3504575791508426]"
NU00050,weibull,0.0176285265928123,0.0177901691140729,True,"[79.37220669629677, 0.010000000000000004, 0.18835909080341517]"
NU00051,weibull,0.0233739476085617,0.024148045195082,True,"[55.36637820613401, 0.01000000000000001, 0.24618972410576942]"
NU00052,weibull,0.021497901839391,0.0208330238114737,True,"[76.25849038083585, 0.010000000000001744, 0.16500857214931708]"
NU00053,weibull,0.0178238492087652,0.017893595808941,True,"[75.60415298244891, 0.010000000000000096, 0.14876665809646822]"
NU00054,weibull,0.0174876949357328,0.0165436673217966,True,"[69.34331822984754, 0.010000000000000083, 0.23114096533667886]"
NU00055,weibull,0.0208702336646109,0.0203484032305354,True,"[48.00017595671024, 0.01000000000000146, 0.11636297014594038]"
NU00056,weibull,0.0094441361641109,0.008595299547032,True,"[53.179785979745766, 0.010000000000000002, 0.11652481074247989]"
NU00057,weibull,0.0035594103379845,0.0032290459678479,True,"[66.57953666653732, 0.8704194799667434, 0.16683491801998798]"
NU00058,weibull,0.0058892762314087,0.0052550676160791,True,"[81.13760474734306, 0.010000000034631713, 0.10538923054206734]"
NU00059,weibull,0.0161113761758743,0.0143999203209456,True,"[94.43108843219625, 0.010000000001605659, 0.13376728972445182]"
NU00060,weibull,0.0144846595863507,0.0129467457736343,True,"[64.21841247162595, 0.010000000000002486, 0.1449165610919353]"
NU00061,weibull,0.0034474865154262,0.0031173086204997,True,"[63.47967111249424, 0.9965095046537312, 0.18714493165255178]"
NU00062,weibull,0.0116748522952715,0.0102897582815721,True,"[79.87647319753542, 0.010000000020801942, 0.13026286022889366]"
NU00063,weibull,0.0036326490732298,0.0032092407018093,True,"[86.4797673288527, 0.010000000000792354, 0.11225953851626884]"
NU00064,weibull,0.0490894825581346,0.0480428969035272,True,"[54.15457316834123, 0.010000000000014346, 0.21158898914379629]"
NU00068,weibull,0.0126578152619943,0.0124900448834475,True,"[71.95369528196079, 0.7730360666139118, 0.18435126955476233]"
NU00069,weibull,0.0444102345760787,0.0426595011548863,True,"[44.76470739397405, 3.5356422382604267, 0.6418162304263367]"
NU00070,weibull,0.0239716000011103,0.0239321325808408,True,"[54.08905352196889, 1.207052646079895, 0.5222114288902863]"
NU00079,weibull,0.0467002736462038,0.0481862323398551,True,"[20.352405634319176, 2.6650956410396716, 0.5915263929033457]"
NU00082,weibull,0.0561689442467826,0.0547744308678256,True,"[13.330969644763393, 4.233045963016953, 0.9560102436003123]"
NU00085,weibull,0.0394155022359744,0.04030619533826,True,"[23.469643952363782, 5.072469348834504, 0.7350489035836413]"
NU00086,weibull,0.0539599465045391,0.0563698543429728,True,"[14.35872430401246, 3.9962957114439948, 0.8866181989929809]"
NU00090,weibull,0.0312705422301775,0.0306908364722803,True,"[51.96331664597865, 0.010000000216161273, 0.4302511200865796]"
NU00091,weibull,0.0466580080043491,0.0464664120831737,True,"[42.17317947154956, 0.6535823562257363, 0.311631729924136]"
NU00092,weibull,0.0521753469880374,0.0522308887485331,True,"[23.974478660351437, 0.010000000000020577, 0.40900114543271315]"
NU00093,weibull,0.0547956389510756,0.0538551663616992,True,"[15.261944949643272, 2.4898441229403496, 0.6522155210081232]"
NU00109,weibull,0.0074304971992652,0.0068459015514306,True,"[86.28878503491454, 1.9826150155143787, 0.19863969247982624]"
NU00110,weibull,0.0255344911776792,0.0242358320886668,True,"[77.43844299189735, 1.993200967160754, 0.10001000000000036]"
NU00111,weibull,0.0324826768252909,0.0311036277468094,True,"[66.7331497802215, 1.6981991248161517, 0.10001000000006854]"
NU00113,weibull,0.0154341139905974,0.0149824935716983,True,"[76.33361170690807, 2.9209854858376474, 0.10001000000000002]"
NU00114,weibull,0.0421390681417877,0.0437660078572343,True,"[48.719016249548304, 7.058181284602927, 0.10001000000000734]"
NU00115,weibull,0.0359111612794278,0.0363966708715299,True,"[52.09567991112497, 4.5452223914349466, 0.10001000000000024]"
NU00116,weibull,0.0335281556025777,0.033001328693306,True,"[52.728521689090336, 2.914448151557249, 0.10001000000001475]"
NU00117,weibull,0.0370647169256744,0.0381212331359255,True,"[68.25443235020298, 6.495688583865723, 0.10001000000000311]"
NU00118,weibull,0.0274133847899062,0.0279905290356744,True,"[74.49169840494332, 5.984999891155891, 0.10001000000000002]"
NU00119,weibull,0.0295716435161518,0.0292821578113797,True,"[36.35589881862284, 5.343893112671321, 0.10001000000000002]"
NU00120,weibull,0.030115223210687,0.0294144017633219,True,"[41.362562036833815, 4.132539320194571, 0.10001000000000348]"
NU00121,weibull,0.0257953550957346,0.0252795142018682,True,"[38.26520590409752, 4.167660768402378, 0.10001000000000031]"
NU00122,weibull,0.0336929027340434,0.0338704408067837,True,"[47.05206845141107, 4.892262709754772, 0.10001000000000465]"
NU00123,weibull,0.0425470414997752,0.0432701975414846,True,"[22.713939720347454, 4.21559716614827, 0.10001000000000346]"
NU00124,weibull,0.027157986828406,0.026434893001802,True,"[27.01940399525688, 2.7637785574328184, 0.10001000000000002]"
NU00125,weibull,0.0377529661209017,0.0366476603927948,True,"[27.71131302155161, 0.9219368646919681, 0.10001000000000074]"
NU00126,weibull,0.0403282508066555,0.0424799889740866,True,"[17.847723916021252, 8.94419010891753, 0.10001000000000021]"
NU00142,weibull,0.0177086512104987,0.0171982172064179,True,"[35.93581356884892, 4.371592126413646, 0.67998868339522]"
NU00143,weibull,0.0934017983219075,0.0876807551546526,True,"[11.078585042230829, 0.010000000000210198, 0.290315376877651]"
NU00150,weibull,0.0283727933408119,0.0269309301564099,True,"[15.276319869102341, 0.7638770286221361, 0.4093702249056001]"
NU00151,weibull,0.0556810981637043,0.0566232572695259,True,"[7.670215148690088, 3.01901010082868, 0.46415129049799037]"
NU00152,weibull,0.0567114827028718,0.0544690203501385,True,"[16.1381272555286, 0.010000000000027197, 0.34964302888150195]"
NU00153,weibull,0.0421037289955254,0.0400224752120277,True,"[19.356839111361353, 0.010000000000118215, 0.3073639598973156]"
NU00155,weibull,0.0480968045806749,0.047739089525551,True,"[20.754358413802784, 0.010000000000000002, 0.4535282273019158]"
NU00156,weibull,0.0321139580376447,0.030638608018446,True,"[15.407853479151651, 0.654303466890068, 0.3233088596287456]"
NU00157,weibull,0.053611182020821,0.0537516339011531,True,"[10.37282502038653, 0.010000000000000873, 0.17896314517703263]"
NU00158,weibull,0.0148041041387305,0.0142875557248267,True,"[23.520689642192703, 0.010000000000000012, 0.2087779389252345]"
NU00159,weibull,0.0167528178130232,0.0161890381595068,True,"[27.733304039768896, 0.01000000000020456, 0.15122744970065166]"
NU00160,weibull,0.013684950925939,0.0124789009482681,True,"[25.33254873163045, 0.010000000000000285, 0.23777066978487196]"
NU00161,weibull,0.0058030581689899,0.0052240991488287,True,"[31.76958532081505, 0.14239033490933628, 0.31271241587042725]"
NU00162,weibull,0.0046986464308863,0.0039614081630176,True,"[27.51763835250025, 0.23601947651613386, 0.28505666778952804]"
NU00163,weibull,0.0086491986476566,0.0076176283531582,True,"[16.46357298843878, 1.577755069071685, 0.5199803410459524]"
NU00183,weibull,0.0092191785889907,0.008846235669189,True,"[24.07385846020638, 0.355099111960312, 0.30412780059432054]"
NU00184,weibull,0.0117031599042733,0.010656696349158,True,"[18.889001221227957, 0.010000000000000016, 0.3208190170802928]"
NU00185,weibull,0.0121620869859694,0.0120574837534644,True,"[20.879580330119236, 0.010000000000000002, 0.2696172961689803]"
NU00186,weibull,0.0155450304408511,0.0157638080458334,True,"[25.737771820524813, 0.010000000000000136, 0.206132377481668]"
NU00187,weibull,0.0118521317067218,0.0115093125172784,True,"[13.490199794728543, 0.010000000000000411, 0.3086354302248198]"
NU00188,weibull,0.0139390465667061,0.0139542791892584,True,"[29.967251717529003, 0.010000000000000049, 0.1659076396998729]"
NU00189,weibull,0.005565790610111,0.0055392098267047,True,"[29.84252019545512, 0.06790592916013849, 0.2530878488400216]"
NU00190,weibull,0.0312373157775327,0.031861685987123,True,"[25.68657771914906, 0.01000000000054818, 0.2114006334287005]"
NU00191,weibull,0.0321150217102323,0.0341335414839458,True,"[40.45715368238292, 0.010000000000061238, 0.2510998993271033]"
NU00192,weibull,0.0096572603763618,0.0095264778677054,True,"[60.92507185545419, 0.010000000000000064, 0.3711175753440105]"
NU00193,weibull,0.0235626704088661,0.0217124551182123,True,"[64.24469644774673, 0.010000000000000028, 0.3518362898909806]"
NU00194,weibull,0.0310712565755038,0.0315940918508021,True,"[83.29834085350872, 0.010000000000000021, 0.27151035506114995]"
NU00195,weibull,0.0129335019807827,0.0121076212625207,True,"[53.090118571405874, 0.010000000000000033, 0.36172616965593457]"
NU00196,weibull,0.0085186036981429,0.0083717525358952,True,"[23.403449184291595, 0.31127798375924043, 0.29018103513580185]"
NU00197,weibull,0.0127664220076746,0.0124916165316061,True,"[17.37398627162019, 0.010000000000000094, 0.29658104658769646]"
NU00198,weibull,0.0132348079364629,0.0128315575204367,True,"[18.978246845175608, 0.010000000000000004, 0.2662597648052689]"
NU00199,weibull,0.0115373805495674,0.0113723427133959,True,"[24.449744283299587, 0.010000000000000005, 0.18640308870724376]"
NU00200,weibull,0.0151716798944846,0.0150506227694921,True,"[13.406976288427376, 0.010000000000000406, 0.3102675733407251]"
NU00201,weibull,0.0187316415724384,0.0181805690384889,True,"[30.291145511662332, 0.9288277120272359, 0.2482612298625494]"
NU00202,weibull,0.0051751671931778,0.0050007709333608,True,"[29.07995588403496, 0.19521920896938935, 0.23995623403010113]"
NU00203,weibull,0.0067823705286237,0.006372037355974,True,"[28.525810508110332, 0.5361917247085991, 0.2663427503206721]"
NU00204,weibull,0.0187231551858948,0.0179976293961568,True,"[43.589085263446506, 0.010000000000000385, 0.3051630111575165]"
NU00205,weibull,0.0160978124243724,0.0159374034207303,True,"[48.88714307916574, 0.010000000000000047, 0.3362442800216572]"
NU00206,weibull,0.0201272103917518,0.0197663497373225,True,"[61.095378739802314, 0.01000000000000061, 0.291899559955493]"
NU00207,weibull,0.0204667590601841,0.0202606863909227,True,"[74.65164137900301, 0.010000000000005707, 0.2053635392516718]"
NU00208,weibull,0.0291117695487846,0.0289351559713222,True,"[43.46368292446525, 0.010000000000029655, 0.29261908568068645]"
NU00209,weibull,0.010821239700168,0.0084861115081987,True,"[58.65784649739844, 0.010000000000002358, 0.3357094260773266]"
NU00210,weibull,0.0176857656234517,0.0137294637479013,True,"[52.81461853689365, 0.010000000000010676, 0.36985424418123025]"
NU00211,weibull,0.0100237484276872,0.0084702027134846,True,"[53.253587252147184, 1.4191991155296066, 0.481527119214775]"
NU00212,weibull,0.0127596911383453,0.010316073221769,True,"[66.79123990867639, 0.010000000000001447, 0.2753336134808423]"
NU00214,weibull,0.0123894666311251,0.0097400031740172,True,"[52.1527686183105, 0.38480485915645446, 0.40557420812865824]"
NU00215,weibull,0.016377736325587,0.0120285298423702,True,"[57.730747589686985, 0.010000000000000002, 0.4780429248969188]"
NU00216,weibull,0.0087164055700634,0.0066412738652917,True,"[30.055331492595037, 0.35041069843599976, 0.49172629782247534]"
NU00217,weibull,0.0067746057657711,0.0055306830773237,True,"[73.49478179519093, 0.010000000000000002, 0.2627862189190827]"
NU00218,weibull,0.0037041615267178,0.0029315846249417,True,"[38.03242144388776, 0.22331074238573878, 0.36622027932053997]"
NU00219,weibull,0.006356318362927,0.0056884176407468,True,"[55.870707500412955, 2.808944432910377, 0.6786402334990194]"
NU00220,weibull,0.006870009589178,0.0054600510197427,True,"[49.825977586609916, 0.010000000000000049, 0.30050517284844785]"
NU00221,weibull,0.0075074014081778,0.006114877448129,True,"[29.2199075174108, 0.010007926837254613, 0.24130392874437967]"
NU00224,weibull,0.0148334096489837,0.0135105151341035,True,"[48.08871728254759, 3.481491028204932, 0.8495121528672847]"
NU00226,weibull,0.0069036849660684,0.0059054727702615,True,"[27.12153580985747, 1.4720147509427361, 0.4595679033872121]"
NU00227,weibull,0.0206006546125148,0.0185023877197996,True,"[36.96505248366378, 2.843665608617219, 0.6834740069214938]"
NU00228,weibull,0.0182713825687742,0.0171916962454969,True,"[26.676349786971166, 3.497341837175237, 0.502970798973594]"
NU00229,weibull,0.0239670714973363,0.0207668131241213,True,"[23.3129099468737, 0.010000000000023558, 0.10444146613212654]"
NU00230,weibull,0.0284826754418426,0.0247827894175096,True,"[54.82125501239956, 0.010000000000004429, 0.12508260727300236]"
NU00231,weibull,0.0200878326034646,0.0160426949921922,True,"[54.09280478697714, 0.010000000000003456, 0.31975235857985834]"
NU00232,weibull,0.0114099179157912,0.0097347644997359,True,"[34.22472142496529, 1.7702582963848488, 0.5764511999175648]"
NU00233,weibull,0.0204725906018394,0.0174084011503538,True,"[45.27668746620074, 0.010000000000000606, 0.17561633889718523]"
NU00234,weibull,0.0425905633494054,0.0418874832576833,True,"[29.791799580335926, 6.615718932747496, 0.9209191053815177]"
NU00235,weibull,0.0068051222745578,0.0057981197209795,True,"[33.332439117830646, 1.3405909815609152, 0.43997730683203284]"
NU00237,weibull,0.0007696846146668,0.002,True,"[44.46691720373247, 1.966472681896496, 0.43065588004040006]"
NU00238,weibull,0.0114890728510702,0.0099650596465591,True,"[36.432767587013664, 1.6702406949440052, 0.46790834300641754]"
NU00240,weibull,0.0309244743351995,0.0293489360229004,True,"[27.07965255689312, 3.6126941494292524, 0.5229117701391771]"
NU00274,weibull,0.0307333905296428,0.0290610224590407,True,"[9.729430314133774, 2.179283116560029, 0.7704869804956259]"
NU00275,weibull,0.0189006547376259,0.0180787679353742,True,"[9.827337524812725, 0.010000000000000158, 0.23397341691092907]"
NU00276,weibull,0.0469188662678381,0.0364379561166222,True,"[33.22103868383592, 0.01000000000013802, 0.22065479940995478]"
NU00277,weibull,0.0211106760209051,0.0179303377520599,True,"[24.37159855410603, 2.354721533229554, 0.3784580682505842]"
NU00278,weibull,0.0251128231706002,0.0122595346467412,True,"[52.849545800150516, 0.010000000000015372, 0.7024570057780978]"
NU00279,weibull,0.0720148254013248,0.0758515114840421,True,"[107.94887917102696, 0.010000000000448978, 0.18971788770733106]"
NU00280,weibull,0.0321637296997525,0.032675573708728,True,"[125.10905183423297, 0.01000000000000029, 0.26092530074766657]"
NU00282,weibull,0.0367306546243041,0.037915376109487,True,"[75.36902499711282, 0.010000000000041231, 0.15869963885171215]"
NU00283,weibull,0.0687336893905215,0.0690818256186793,True,"[63.677473511990144, 0.010000000000001306, 0.24309794332571422]"
NU00284,weibull,0.0142419892409778,0.0138728448288111,True,"[70.52804763037356, 1.964402029640572, 0.469962772214746]"
NU00285,weibull,0.0283407311917401,0.0275423407145875,True,"[152.0843893968916, 0.01000000000000001, 0.2569543311276072]"
NU00286,weibull,0.0292599889812789,0.0284569559103613,True,"[144.87608795714857, 0.010000000000000094, 0.39552720842800154]"
NU00335,weibull,0.0191218583419506,0.0182552433268905,True,"[45.98402585930481, 1.5705499825660716, 0.41074282776336485]"
NU00339,weibull,0.0254389049589085,0.0246745208730507,True,"[318.778607850715, 0.010000000000000042, 0.18390961348174673]"
NU00341,weibull,0.0316063952556457,0.0305793599330254,True,"[235.65758518393713, 4.135224489561568, 0.41484651735398564]"
NU00342,weibull,0.0267935542536969,0.0273957298936089,True,"[341.52436097618477, 47.6260711990741, 0.7849370931250267]"
NU00343,weibull,0.0175426591712714,0.0172002259838984,True,"[214.69076970322956, 4.374731356643525, 0.3928742833534729]"
NU00344,weibull,0.0355502387311689,0.0351526663216483,True,"[298.2352833749464, 0.6388182790465737, 0.24285375919457414]"
NU00345,weibull,0.0370868114230231,0.0386937369641715,True,"[373.61186142554135, 1.6171624775234938, 0.10001000000000096]"
NU00346,weibull,0.0302235928330091,0.0290427715583537,True,"[167.54593948919594, 3.13528228819144, 0.3568848729614597]"
NU00350,weibull,0.0263534276421736,0.0259694344360992,True,"[26.90198619893242, 3.26615750885822, 0.4235016888357051]"
NU00351,weibull,0.0190807725451153,0.0182027489118607,True,"[55.3468487238012, 0.0100000000000012, 0.24637125469673732]"
NU00352,weibull,0.0111452670245175,0.0100821357891051,True,"[30.731427324793977, 1.743727624873866, 0.5921340272423975]"
NU00353,weibull,0.0108296366855673,0.0104470655437791,True,"[26.64113301986635, 0.010000000000031808, 0.15031641998382028]"
NU00354,weibull,0.0064888783788656,0.0062521573920065,True,"[30.93867481987789, 0.4805903037266472, 0.3034065038795906]"
NU00355,weibull,0.0152981865112961,0.0150404943781822,True,"[46.18801962292402, 0.010000000000000142, 0.20432713439695652]"
NU00356,weibull,0.0116719468118032,0.0116713451912318,True,"[32.10165465248653, 1.269860491070758, 0.5675914612555659]"
NU00357,weibull,0.0243546576742461,0.0222687456353369,True,"[17.279985031687968, 0.010000000000000005, 0.3687307660305426]"
NU00358,weibull,0.0120225855660162,0.0111890488025215,True,"[95.09287530792236, 0.6102388191920445, 0.4668803753524344]"
NU00359,weibull,0.005565493162612,0.0050691237874394,True,"[86.62590004571479, 1.1417596165522677, 0.655031042947429]"
NU00360,weibull,0.0262810281057687,0.0234925173252689,True,"[94.5299664650576, 0.010000000000000009, 0.3478410797226316]"
NU00361,weibull,0.0225214080549751,0.0219329529581591,True,"[85.84296501194636, 0.010000000000002287, 0.4040481224857181]"
NU00362,weibull,0.01430562323688,0.0132988046559304,True,"[68.19985229377298, 0.010000000000000042, 0.292414127594218]"
NU00363,weibull,0.0263804051227929,0.0248116967485733,True,"[44.12381884599882, 0.01000000000000004, 0.2660338904751033]"
NU00364,weibull,0.0172312818695932,0.0171623252656118,True,"[31.325358656879125, 3.3124267883001193, 0.6125843871596989]"
NU00365,weibull,0.0187194640493489,0.0179245006652394,True,"[28.09303267811605, 2.6185315273576104, 0.6609948551450965]"
NU00366,weibull,0.0370908863541442,0.0332406438669322,True,"[27.78415105060441, 1.562074254579854, 0.47914217889808963]"
NU00367,weibull,0.0316904196625513,0.0317318270768248,True,"[24.10849929321299, 0.892897911315944, 0.535985393575003]"
NU00368,weibull,0.0399397147153734,0.0386875817181762,True,"[17.8599187100737, 0.010000000004946445, 0.3203494753891852]"
NU00369,weibull,0.0799553199057748,0.0766696871652903,True,"[12.8271090075121, 0.0100000000000002, 0.21116680470893512]"
NU00370,weibull,0.0059985926070507,0.0056489893025284,True,"[99.81744961180831, 2.1593879719258826, 0.8097788119732457]"
NU00371,weibull,0.0044634152193207,0.0040985099788122,True,"[67.41118199156324, 1.0890742779674434, 0.5815918635730811]"
NU00372,weibull,0.0128603637546483,0.0115597907919689,True,"[55.95916989330128, 0.5122396866730592, 0.4712443988131173]"
NU00373,weibull,0.0163538929300627,0.015235870784238,True,"[47.336098371343326, 1.589953523474727, 0.6382259435900092]"
NU00472,weibull,0.001753641323855,0.002,True,"[54.60047812724806, 0.807941622577226, 0.22547478353660472]"
NU00473,weibull,0.0086471467912673,0.0071275599506863,True,"[45.61627283406336, 0.9191448438240062, 0.4382477502964533]"
NU00474,weibull,0.0109450158808714,0.0094624940725752,True,"[61.65069610359998, 0.010000000000000299, 0.23001060407127275]"
NU00475,weibull,0.0184522037762415,0.0157069664257191,True,"[51.92520215580304, 0.010000000000000002, 0.28177509817780727]"
NU00476,weibull,0.0123941392452217,0.0106173830847019,True,"[46.46029421982304, 0.010000000000000005, 0.25209816403559543]"
NU00477,weibull,0.0057599489873911,0.0048663535404614,True,"[52.43469016787292, 0.010000000000147287, 0.1614277847216115]"
NU00478,weibull,0.0061125010940193,0.0052367767056059,True,"[41.78668510567605, 1.7944342882093625, 0.5624732102428496]"
NU00479,weibull,0.0095866294034059,0.0075232912031812,True,"[50.970401886621836, 0.22321256419566726, 0.43716255181319463]"
NU00480,weibull,0.0085203346393079,0.0067981148073112,True,"[33.827588740866496, 0.5042868379796279, 0.45805043146548235]"
NU00496,weibull,0.0110177925125971,0.0103565143313785,True,"[23.235578937841744, 0.010000000000000002, 0.23645347364174882]"
NU00497,weibull,0.0114525193908088,0.0112796342896191,True,"[16.659996201918702, 0.010000000000000002, 0.27905822409610054]"
NU00498,weibull,0.0126288899926193,0.0123511125075296,True,"[12.933374749056702, 0.08717542915537202, 0.3428421261136538]"
NU00507,weibull,0.0517744635682114,0.0489066145553637,True,"[16.059028665926085, 0.01000000000000098, 0.3788814516466801]"
NU00508,weibull,0.0346627890234292,0.0342546732794093,True,"[14.600707067957783, 1.5772436510746883, 0.5388869638477073]"
NU00522,weibull,0.0289957287017643,0.0275134838951791,True,"[71.41140978266475, 3.46411642250806, 0.49397602164996357]"
NU00523,weibull,0.0249996693395387,0.0250276395802985,True,"[39.86999247845369, 0.9102973486701035, 0.26530699575855665]"
NU00524,weibull,0.0830555152279009,0.0900843879031402,True,"[20.824731917157504, 0.01000000000000155, 0.5005071167321101]"
NU00526,weibull,0.0175451207960016,0.015529405602859,True,"[110.37693039394942, 1.587105467123221, 0.3263134000216645]"
NU00527,weibull,0.0176803866280898,0.01666975204573,True,"[82.82604783913388, 2.6429465749148413, 0.4205977071694628]"
NU00528,weibull,0.0241689408925149,0.0239567869939239,True,"[45.22064482848164, 1.8883126053410673, 0.33998714919527984]"
NU00529,weibull,0.056785100384665,0.0545949002220187,True,"[24.85651528721614, 0.010000000000076784, 0.2129429278204136]"
NU00543,weibull,0.013209542358496,0.0131013110278212,True,"[80.09333837337256, 2.6826105196617456, 0.7132768810778122]"
NU00544,weibull,0.0246152957809705,0.0238952074893315,True,"[74.8465375894506, 2.2251716914032476, 0.6174489209290449]"
NU00545,weibull,0.0246695362067392,0.0239719645117991,True,"[65.23039671100344, 1.8613289970920315, 0.588029078119119]"
NU00546,weibull,0.028744966260819,0.0290157592208536,True,"[62.68061507340432, 2.856750088833636, 0.681529055778148]"
NU00547,weibull,0.0435012805950329,0.0435334182949135,True,"[36.60455743332237, 2.8964013906084554, 0.515535273108108]"
NU00548,weibull,0.0257278877737751,0.0251159069085966,True,"[24.66397389311432, 1.9247994986394361, 0.5704339831274062]"
NU00549,weibull,0.0348265960960165,0.0360402932055202,True,"[19.511625327859974, 5.1840386004063745, 0.6318513775112583]"
NU00550,weibull,0.03355934019008,0.033847975536704,True,"[18.387355037533602, 2.4250185607246686, 0.4836720017343449]"
NU00551,weibull,0.0337971385346143,0.0346922326095505,True,"[82.51465583376068, 2.468662388747317, 0.26156614806074735]"
NU00552,weibull,0.0129098941196706,0.0120767491775057,True,"[43.65745020434732, 2.0806496796783303, 0.12885115832397884]"
NU00553,weibull,0.0182236591181511,0.0187542297746358,True,"[45.79665838370259, 4.04274753932708, 0.48826498308670446]"
NU00554,weibull,0.0252587467033665,0.0249341011152046,True,"[40.58158697045771, 2.607459131362998, 0.40707514569643677]"
NU00555,weibull,0.0201069688452673,0.0168520705895401,True,"[20.37892175044222, 0.01000000000000838, 0.1548281770769689]"
NU00556,weibull,0.007928275485631,0.0078679387217853,True,"[36.98144083367169, 4.036079953964609, 0.31843826832273964]"
NU00557,weibull,0.0065585203807249,0.0065556158055288,True,"[30.953708484333614, 5.820053466830151, 0.3760000292057395]"
NU00558,weibull,0.0062548865757269,0.0062460266120556,True,"[28.85086686932735, 4.474189441752208, 0.3640537233660473]"
NU00559,weibull,0.0142907811268848,0.0142773490870748,True,"[26.524931032560488, 3.3113143060340007, 0.38492625589891766]"
NU00560,weibull,0.0227514678882734,0.0195996455701089,True,"[13.035898198841274, 0.010000000000000705, 0.1593679411167553]"
NU00573,weibull,0.0155530231497493,0.015833016925885,True,"[34.2711328795247, 0.010000000000000002, 0.26072198875478786]"
NU00574,weibull,0.0218382510895851,0.0220262061665001,True,"[28.586861717409803, 0.010000000000000033, 0.2902732072267935]"
NU00575,weibull,0.0211916340059383,0.0212258980443109,True,"[22.47895453647426, 1.5347912318682422, 0.5295718005184856]"
NU00576,weibull,0.0475947316147189,0.043980947710727,True,"[15.672051162949504, 0.01000000000000273, 0.26601057347090284]"
NU00577,weibull,0.0202471639525174,0.0204902865662592,True,"[32.94292997065843, 0.010000000000000002, 0.2467349592214252]"
NU00578,weibull,0.0187909537480665,0.0195908818240772,True,"[20.59468725957873, 0.5076046776328299, 0.27944864894263216]"
NU00595,weibull,0.008399438780784,0.0083125319077884,True,"[13.492099346450171, 1.833450129358059, 0.5276030078641956]"
NU00596,weibull,0.0120474814884493,0.0118504201368666,True,"[10.149922875589462, 1.026056417104434, 0.4163805203121062]"
NU00597,weibull,0.0108423844128571,0.0103913468319938,True,"[50.05318666371299, 0.5600897416214881, 0.49802820154719424]"
NU00598,weibull,0.0109382200983335,0.0109315713037667,True,"[23.21110886717746, 0.5812842075523733, 0.43522034250288744]"
NU00662,weibull,0.0435191344250515,0.0443140432277995,True,"[76.7579597550286, 6.942854642890966, 0.517741133569905]"
NU00663,weibull,0.031645920164496,0.0315823793956839,True,"[77.41543983361471, 3.388746673589507, 0.5051373576731208]"
NU00664,weibull,0.0405486332159466,0.0408549623002474,True,"[104.92731512235211, 0.9113479535262963, 0.2718764022762095]"
NU00665,weibull,0.0231085697522863,0.0223012831094485,True,"[53.19846240505022, 1.939517427748125, 0.451051121471954]"
NU00666,weibull,0.0760593562382011,0.0739173966649145,True,"[38.47347793697661, 0.010000000000000897, 0.3485661219497015]"
NU00667,weibull,0.0628160911477982,0.070601130755474,True,"[19.52961922762499, 5.38827324535941, 0.8871075775929151]"
NU00668,weibull,0.0161782892053165,0.0149819388018814,True,"[34.26373070087749, 0.6974153643875345, 0.41203129756033996]"
NU00669,weibull,0.0318588093610259,0.0289232640300478,True,"[14.308410460513413, 2.3485072045443083, 0.8247634727413455]"
NU00670,weibull,0.0628217287162266,0.065841659809653,True,"[58.10672589176272, 6.457503946292486, 0.648538085872649]"
NU00671,weibull,0.0401719857938383,0.0426442684887855,True,"[60.46861300445584, 18.732988192887827, 0.8412058720913757]"
NU00672,weibull,0.0319093072660327,0.0315597576375894,True,"[56.094485497915855, 2.0277088347182755, 0.4765097084610799]"
NU00673,weibull,0.0223153514746603,0.0212484173191027,True,"[27.71510539219567, 0.7795590843440829, 0.5292982455533047]"
NU00674,weibull,0.0221085616406471,0.0217447705949719,True,"[29.76985579180266, 4.4064966207716605, 0.5757513236373955]"
NU00675,weibull,0.0307122187222572,0.0322612537666289,True,"[18.401863492215632, 20.002536392121602, 0.9124704320569738]"
NU00676,weibull,0.061123678519153,0.0666982296998798,True,"[24.86250992996907, 9.90438357520146, 0.7918435775850633]"
NU00677,weibull,0.0992898724285751,0.1018091359762127,True,"[14.297238807163666, 0.010000000000000002, 0.41533800109183105]"
NU00678,weibull,0.0322943198959124,0.0330886867195485,True,"[54.12856051398282, 6.169809656607001, 0.6641959413992505]"
NU00679,weibull,0.0106032547717274,0.0100272589571029,True,"[99.37637805110569, 0.5864611428883716, 0.3079177912243456]"
NU00680,weibull,0.0197863644281066,0.0192085552426083,True,"[64.88994156019214, 3.012838072588937, 0.4886394641144322]"
NU00681,weibull,0.0385339598945147,0.033491029163342,True,"[53.716921532060944, 0.9559725249685657, 0.4543034365818296]"
NU00683,weibull,0.0466915657004384,0.0462868664586197,True,"[25.902510059256496, 1.1341732895097916, 0.33967442526535296]"
NU00684,weibull,0.0565471550963898,0.0620624232029126,True,"[32.41813120560088, 6.3736944869605825, 0.5285009914249312]"
NU00686,weibull,0.0132171924374751,0.0134474829618224,True,"[91.30907106760426, 5.316609818386473, 0.47707985254039337]"
NU00687,weibull,0.0149321903419755,0.0150819438699547,True,"[66.63175640223143, 5.0238877544789045, 0.5571694218054762]"
NU00688,weibull,0.0078205831249434,0.0077491895096066,False,"[57.9490129229072, 3.3149930552899693, 0.4413002491857355]"
NU00689,weibull,0.0320831155877327,0.0329336345772473,True,"[21.003207843612742, 7.701450901177014, 0.6481932130579786]"
NU00690,weibull,0.0138936206763128,0.0141786718454714,True,"[23.321519511847544, 14.270041659049411, 0.8425151342126789]"
NU00691,weibull,0.0486032685286064,0.0493544451671276,True,"[39.15485120243043, 1.6231369289729396, 0.30199539468864056]"
NU00692,weibull,0.0170325800851303,0.0167805208084207,True,"[29.902517033686948, 4.320248796043836, 0.6102163584913968]"
NU00693,weibull,0.0628511438803947,0.0646548076803567,True,"[18.61577581763085, 3.598731132461209, 0.550583850703956]"
NU00694,weibull,0.0127358142745491,0.0128671524231866,True,"[56.863593902437245, 5.937694131099542, 0.5159679073626158]"
NU00695,weibull,0.0338723194268331,0.0339951314599545,True,"[38.45058837972911, 5.158936693485245, 0.6441203736717914]"
NU00696,weibull,0.0250072735929634,0.0255651519879158,True,"[33.32653025943245, 9.457885687256718, 0.6640176002770766]"
NU00697,weibull,0.0530963540481233,0.0535303970352262,True,"[10.861213609985944, 4.795824115004046, 0.6956310207630585]"
NU00698,weibull,0.0623772716893354,0.0606491646598485,True,"[31.831873853705833, 1.9820427482624134, 0.31307737425278837]"
NU00699,weibull,0.0204475641183961,0.0208163264126519,True,"[20.264538487738445, 49.99999999999999, 0.9287867288897622]"
NU00702,weibull,0.012915357224458,0.0128552280390005,True,"[59.35634144381179, 5.985598206157954, 0.49546819066821923]"
NU00703,weibull,0.0179592767406844,0.0179740821475665,True,"[36.1402064582475, 4.822393715458422, 0.5394245632886804]"
NU00704,weibull,0.0159374861159727,0.0162901721146183,True,"[29.333861106746742, 8.963314690505158, 0.8036903015822725]"
NU00705,weibull,0.030072067838177,0.0290780810797712,True,"[16.546933894670097, 5.117797795923475, 0.5847124867394452]"
NU00706,weibull,0.0246579397845454,0.0237979425459224,True,"[23.219840517950267, 1.9157216945054463, 0.41841158147674434]"
NU00707,weibull,0.0342969101127534,0.034945683391438,True,"[17.600070433955192, 3.3499891171936818, 0.4800235656913511]"
NU00709,weibull,0.0332181343626845,0.0295493208391456,True,"[13.43032732939341, 0.9456539407876312, 0.36115776230173663]"
NU00710,weibull,0.0279812325366371,0.0281393693237836,True,"[73.28582294156635, 6.632630814072755, 0.5276659636664537]"
NU00711,weibull,0.0176921884506395,0.0178254449993405,True,"[51.34328531969004, 9.570272033540741, 0.7460647753301793]"
NU00712,weibull,0.026821710841801,0.0254759662634661,True,"[32.31117113368642, 3.6964441935365175, 0.545642770606671]"
NU00714,weibull,0.0479520475208855,0.0493306539048986,True,"[52.102081437526486, 3.8329802790169807, 0.33767813370472477]"
NU00715,weibull,0.0421148766275081,0.0433712168330636,True,"[18.352521012348035, 5.9127302385344604, 0.7170432248929326]"
NU00716,weibull,0.02859477981799,0.0270940032544321,True,"[42.046796010566105, 0.010000000000007937, 0.21043355023532764]"
NU00717,weibull,0.0295521749072851,0.0291378599580429,True,"[18.31679744477076, 2.427059243416277, 0.352022699203436]"
NU00718,weibull,0.0126000363649014,0.0126107185050538,True,"[73.79743553380085, 4.5162629092544435, 0.38883400606694607]"
NU00719,weibull,0.0176083566841426,0.0180140674872344,True,"[52.56877288509441, 6.571072251394264, 0.5238008758256321]"
NU00720,weibull,0.0335403661875445,0.0333239762464756,True,"[43.359740886630625, 5.256834877931572, 0.5686808134659418]"
NU00721,weibull,0.035504981899827,0.0341074615851716,True,"[19.69522873659925, 2.394226774335837, 0.6949569407652814]"
NU00722,weibull,0.0386937839872495,0.0399581533845634,True,"[35.19011743520316, 7.60589268800885, 0.5029588633603568]"
NU00723,weibull,0.0678331515919053,0.0702701181122626,True,"[9.228459359960146, 6.9245008428896, 0.7077271245003603]"
NU00724,weibull,0.0963646138615211,0.1097648791648341,True,"[13.634073709697823, 26.124782775029935, 0.9999899999999997]"
NU00725,weibull,0.0429704833336352,0.0431094476171076,True,"[9.818248301292089, 6.3018231049273545, 0.9999899999999999]"
NU00738,weibull,0.0336638527712453,0.029140174101491,True,"[20.447722514484067, 3.2354322877214896, 0.653363158032002]"
NU00739,weibull,0.0122122887030001,0.0095879602900964,True,"[57.571728780079525, 0.010000000002094394, 0.2066774334383439]"
NU00741,weibull,0.0182500921445341,0.0171753310238374,True,"[49.83480786429775, 0.8711827892311543, 0.4171377453615223]"
NU00743,weibull,0.0163496682933906,0.0150035559347941,True,"[71.37663083813341, 3.3486962515795757, 0.42100174187967176]"
NU00744,weibull,0.0213789772811675,0.0204415232099478,True,"[25.362111900546395, 0.010000000000000132, 0.2485481558478949]"
NU00745,weibull,0.0262954783200947,0.0254255357244381,True,"[60.39817412450887, 0.836356193713257, 0.21248458534214226]"
NU00746,weibull,0.0230906942948543,0.0169261651716711,True,"[65.75449629161893, 0.010000000000011413, 0.3022008854861458]"
NU00747,weibull,0.0118122038086197,0.0093512997224034,True,"[104.40031586662721, 0.524418788667319, 0.2762424574350365]"
NU00748,weibull,0.02599063054606,0.0269211816242166,True,"[50.009493679684816, 0.010000000000000031, 0.2890111006744228]"
NU00749,weibull,0.0204571110501746,0.0202713760451887,True,"[78.31100434202298, 0.415597017467348, 0.22775487577057518]"
NU00760,weibull,0.0651168141257991,0.0778021874985994,True,"[14.945562572347198, 1.4344415212953967, 0.42966393652924345]"
NU00761,weibull,0.0241993396641201,0.0182627787895418,True,"[24.648961779228927, 1.1965419671427786, 0.3734382361692328]"
NU00763,weibull,0.0155120970723004,0.0122354119689106,True,"[56.779590162217325, 0.010000000000917782, 0.18235478089990573]"
NU00765,weibull,0.0250152998911046,0.0203835842800213,True,"[32.05825641007896, 0.010000000000239677, 0.14373499561780634]"
NU00766,weibull,0.0237152817212595,0.0233109562253598,True,"[58.964901703867866, 0.3709912332581629, 0.10001000000000002]"
NU00767,weibull,0.0111440386506139,0.0104915970687922,True,"[81.52784917375223, 4.094825006039572, 0.5284994644026373]"
NU00768,weibull,0.0210896482097286,0.019367235547074,True,"[47.94643315026796, 0.010000000000000061, 0.28516615981067545]"
NU00769,weibull,0.0185315454823315,0.014312627939218,True,"[68.26604268150703, 0.029413640549206005, 0.3169930725669233]"
NU00770,weibull,0.0233606834172867,0.0230086131911584,True,"[72.50076324334795, 0.010000001706314446, 0.13327143929821006]"
NU00771,weibull,0.0167239272210895,0.0141196036265,True,"[85.06203462186274, 2.070570500739144, 0.46323438383920695]"
NU00772,weibull,0.0070065249545774,0.0065114916561861,True,"[2.428587435485347, 2.3339955085895348, 0.4785867293223063]"
NU00773,weibull,0.004411684008775,0.0038150789539841,True,"[3.745517373762229, 2.736077582242343, 0.47130733946595266]"
NU00778,weibull,0.0287138406736701,0.0267746062270964,True,"[158.4559737106471, 2.2386936574877407, 0.4764108965899667]"
NU00779,weibull,0.0320520658285079,0.0280901080743132,True,"[31.582973184732477, 0.010000000000001511, 0.19553199846680663]"
NU00780,weibull,0.0059467273776846,0.0057694562768212,True,"[55.57724994929869, 3.40168184208178, 0.3567346144064597]"
NU00808,weibull,0.0143375537887268,0.0142470793844545,True,"[23.08628158586352, 0.6797607899005822, 0.41921280596033833]"
NU00809,weibull,0.0256926344639885,0.02611704972807,True,"[26.709782521186042, 0.010000000000002084, 0.23680631075545297]"
NU00811,weibull,0.0187515604179714,0.0182418295295013,True,"[32.60253732812744, 1.3577433431693666, 0.4114887135984811]"
NU00812,weibull,0.0125215201144321,0.0124273451736972,True,"[43.976690756124384, 0.8094284337173161, 0.3767241240549274]"
NU00813,weibull,0.0115607078240357,0.0117006320614016,True,"[32.81303961665804, 2.1249951621851397, 0.5621666419859112]"
NU00814,weibull,0.0144215809218174,0.0138447689236105,True,"[23.432204945149877, 0.08672453711413977, 0.32059106850741054]"
NU00816,weibull,0.022797099843323,0.0225817768380229,True,"[23.44786965166539, 0.1597128609253147, 0.29629189431912856]"
NU00818,weibull,0.013085117420982,0.0124413495159659,True,"[53.71409173908722, 1.9576042630952133, 0.5270763265159043]"
NU00820,weibull,0.0145125852018956,0.0138701166613558,True,"[35.660271351212806, 1.7575959785234603, 0.46843210934216206]"
NU00821,weibull,0.0145125852018956,0.0138701166613558,True,"[35.660271351212806, 1.7575959785234603, 0.46843210934216206]"
NU00822,weibull,0.0118232052051926,0.0111487246697153,True,"[45.23351452129112, 0.3256371597016894, 0.30247280248169645]"
NU00823,weibull,0.0155378896672315,0.014701563659966,True,"[17.158213334370554, 0.9463104349680781, 0.4376147649038749]"
NU00824,weibull,0.008064525468099,0.0076668191711898,True,"[38.973046182978116, 1.4423487233150118, 0.4758750313270015]"
NU00825,weibull,0.008064525468099,0.0076668191711898,True,"[38.973046182978116, 1.4423487233150118, 0.4758750313270015]"
NU00924,weibull,0.0548631539075934,0.0574060908736187,True,"[25.91120173376979, 5.6355370742882975, 0.7218855885859928]"
NU01117,weibull,0.0069937694395971,0.0069557735202953,True,"[29.15841252687976, 0.010000000000160278, 0.24808203943904553]"
NU01118,weibull,0.0147150803392126,0.0141878421606655,True,"[100.96764925915583, 0.010000000000052429, 0.10127404037904665]"
NU01120,weibull,0.0318901023923025,0.0181760351323896,True,"[225.1763918445332, 0.010000000000000196, 0.28817603275150944]"
NU01167,weibull,0.0057933122851911,0.0053652975870052,True,"[303.5317883798223, 2.6740002449618676, 0.42486903092375083]"
NU01168,weibull,0.0149503646865742,0.0137114957401943,True,"[214.6338436102067, 2.9205414834468995, 0.5148283113687636]"
NU01169,weibull,0.0085520621046406,0.0080855291998059,True,"[180.86348185377085, 3.956751348117619, 0.6051450895118737]"
NU01170,weibull,0.013361954869275,0.0131842348118206,True,"[222.78412992807537, 5.520618895712108, 0.6577741504449639]"
NU01171,weibull,0.030892288795319,0.0307725237164649,True,"[10.475381587901882, 3.2639493222546285, 0.6630198761778405]"
NU01185,weibull,0.0278007154761589,0.028535637983137,True,"[50.687457740354546, 2.53790894142436, 0.30623388793566836]"
NU01203,weibull,0.0118708513256732,0.0103561783540873,True,"[49.43684264937009, 3.979099224596467, 0.33281590649614573]"
NU01245,weibull,0.0249850112151968,0.0240679008232229,True,"[39.631677106693495, 0.010000000006449886, 0.5252893464792665]"
NU01247,weibull,0.0374058800602888,0.0383888487048231,True,"[35.09379926105732, 1.7017467104914743, 0.10001000000000002]"
NU01251,weibull,0.0364895841089676,0.0381278780455099,True,"[24.53335192646746, 2.942965258324572, 0.9422628098784656]"
NU01253,weibull,0.0323149023847322,0.0315027475580455,True,"[26.01522815843544, 2.0379113044616046, 0.9238226373452805]"
NU01255,weibull,0.0403227841379542,0.0395564314635453,True,"[26.103845338137294, 2.067843872661182, 0.7698736920791039]"
NU01257,weibull,0.0342647549002682,0.0348995351726657,True,"[24.471261534270468, 0.2845307141014859, 0.10001000090960553]"
NU01259,weibull,0.0268908541517399,0.0274465330397919,True,"[25.485041159810283, 3.2140768465185414, 0.8997747369032733]"
NU01317,weibull,0.0387097218871091,0.035679613852951,True,"[26.864816036038178, 0.010000000000022704, 0.25719611375402746]"
NU01318,weibull,0.0156147543713094,0.0148204065975094,True,"[42.143929772975206, 2.2244663293868068, 0.4483159634509063]"
NU01319,weibull,0.0444062905618697,0.0421848328651825,True,"[28.471929435864816, 0.8297603982927931, 0.37137631080885875]"
NU01322,weibull,0.0199626510889075,0.0192363894368402,True,"[39.53346797532212, 0.010000000000000746, 0.19702767882123934]"
NU01323,weibull,0.0245552967459518,0.0233676467604293,True,"[74.45827469774453, 0.9443644606385474, 0.3594046276626826]"
NU01324,weibull,0.0456353711859,0.0441590636760365,True,"[14.172790792084156, 1.0946635617004778, 0.25399780264632127]"
NU01326,weibull,0.0157271226528212,0.0115521198923128,True,"[58.633023611746324, 0.6412926556867532, 0.3209421151495568]"
NU01327,weibull,0.0352868635259134,0.0346025477847179,True,"[29.744839649593754, 5.711252806836242, 0.7044896127789997]"
NU01328,weibull,0.010498036567729,0.0090871217728427,True,"[42.267345381064096, 2.799777695219852, 0.4749024318555196]"
NU01329,weibull,0.0165729719814083,0.0161332034271104,True,"[26.994712419258505, 13.01813606703073, 0.8828163639265388]"
NU01330,weibull,0.0098912520842653,0.0074283661769426,True,"[62.0453729010636, 0.010000000000005272, 0.25431181080977827]"
NU01333,weibull,0.023040573220285,0.0219447864988805,True,"[71.40715310317856, 4.051521925084149, 0.4909731576368843]"
NU01334,weibull,0.019119665437266,0.0179379347645901,True,"[108.07627912496208, 5.293261319758794, 0.6975991604258298]"
NU01335,weibull,0.0105689557481567,0.0083171895449278,True,"[89.25741634351445, 1.5480842592284636, 0.3370158504374869]"
NU01338,weibull,0.0100061140925159,0.0083276790447596,True,"[113.11441983577123, 2.8738515355892456, 0.5851658017100494]"
NU01345,weibull,0.0198353034932476,0.0149650037368458,True,"[261.43891051601895, 0.010000000000000002, 0.2138026394378903]"
NU01350,weibull,0.0213216562039952,0.0189127936509496,True,"[34.640938761795496, 3.1277025050857152, 0.4931423089227867]"
NU01372,weibull,0.0152283620395841,0.014142262155447,True,"[22.77675797756518, 1.3327069023761837, 0.1711013863241055]"
NU01373,weibull,0.0135209231921257,0.0132161619157049,True,"[22.089566894872696, 3.644193186294655, 0.4971420035666703]"
NU01374,weibull,0.0120360751400138,0.0112921660374432,True,"[86.68895090335582, 1.4194895723973904, 0.5400623096335692]"
NU01375,weibull,0.0079916387302758,0.0077636815475344,True,"[201.62002234962995, 1.309953619472804, 0.45443711824267946]"
NU01376,weibull,0.0283099137565561,0.0269538283747272,True,"[32.99605841717806, 1.4564897388380196, 0.24054685818617022]"
NU01377,weibull,0.0310359902194925,0.0314820456929005,True,"[24.740760825485562, 3.6586665770595994, 0.10001000000000003]"
NU01378,weibull,0.0308123619236746,0.0241176057003779,True,"[17.434092640467483, 0.010000000000000004, 0.4483242899546849]"
NU01379,weibull,0.0218719872263874,0.0187896610277314,True,"[20.750872226765207, 0.010000000000004762, 0.21786858510501358]"
NU01404,weibull,0.018716824026056,0.0186263177501916,True,"[31.193839600147623, 3.581923527854533, 0.6459168782459722]"
NU01405,weibull,0.0163691937689805,0.0156380056573989,True,"[28.59918401336253, 2.783396757021616, 0.68038957757607]"
NU01406,weibull,0.0231209666949378,0.0234502116900708,True,"[28.69902289842433, 1.6982773610323474, 0.5485216988422997]"
NU01407,weibull,0.0339305254654949,0.0344734673397739,True,"[21.08225076687287, 1.9474813284380936, 0.8147870323230924]"
NU01408,weibull,0.0507867961216152,0.0467381620770019,True,"[16.899172286280564, 0.010000000000139987, 0.47874663934038414]"
NU01409,weibull,0.0201121274537125,0.0173017614242804,True,"[11.678260513257628, 0.010000000000000002, 0.40309515970825327]"
NU01410,weibull,0.0069106286557063,0.0065111007535706,True,"[100.01311199166305, 2.0856603790964043, 0.7131202549593741]"
NU01413,weibull,0.0147792156046412,0.0135442076517139,True,"[54.218724627312255, 0.010000000001511238, 0.16063769570302236]"
NU01414,weibull,0.0161301571966701,0.0150440217703206,True,"[47.02817509062069, 1.3153868267352498, 0.36844446174623097]"
NU01415,weibull,0.0206268949390358,0.0197751710801094,True,"[27.29579549044072, 2.8222620724012213, 0.5064328151923131]"
NU01416,weibull,0.0104075559743301,0.0098469676301379,True,"[66.08138048870117, 0.6414584483955518, 0.4216726233518962]"
NU01417,weibull,0.0099027625075749,0.0091260829204031,True,"[56.75275231263212, 1.2322038408645242, 0.627481314621116]"
NU01418,weibull,0.0229848675567411,0.020227069292886,True,"[67.07659545104245, 0.010000000000000002, 0.3898820932334725]"
NU01419,weibull,0.0162362045883624,0.0161056730420368,True,"[51.95852239541288, 0.9059678038818045, 0.6004440508540677]"
NU01420,weibull,0.0286409005263389,0.0269175911308918,True,"[41.26722962660695, 0.010000000000005347, 0.26289820009815795]"
NU01421,weibull,0.0195289141156865,0.0169628095746792,True,"[35.374061094388075, 0.010000000000000423, 0.4832364050755436]"
NU01428,weibull,0.0119239614443173,0.0111373953889697,True,"[94.34444677032279, 0.5922832756848909, 0.4673087264731373]"
NU01429,weibull,0.0131008134043032,0.0117747965265274,True,"[100.48244956824776, 0.010000000000000024, 0.4128719181371982]"
NU01430,weibull,0.0206365172328196,0.0181535424780507,True,"[94.7904800374423, 0.01000000000000051, 0.40775245331600496]"
NU01431,weibull,0.0098951669563724,0.0098425608644235,True,"[71.28195927582529, 1.556645938274101, 0.8064900559046129]"
NU01432,weibull,0.0341144389834786,0.0323004401711769,True,"[66.1148884950523, 0.010000000002101711, 0.21350439536509824]"
NU01433,weibull,0.0226889389195404,0.020606020235775,True,"[35.98944893624416, 0.010000000000101964, 0.2561243027402054]"
NU00017,kelvin_log,0.006561300435979,0.0063114118279734,True,"[5.971592896888402, 4.433388118842391, 22.368979482003407, 13.827520749589384, 13.694920835025808]"
NU00019,kelvin_log,0.014104340159064,0.0138658341125224,True,"[4.356425412297472, 3.701869720744598, 19.71053935328629, 5.3738616273685675, 9.579745383400043]"
NU00020,kelvin_log,0.0120727341272993,0.0118374145317296,True,"[4.189672791851738, 4.338931941918746, 14.807499466440934, 5.862816979948913, 11.596251093105444]"
NU00022,kelvin_log,0.0023419413827549,0.002,True,"[1.822989146116446, 13.529144122494191, 22.814656971687114, 10.749296055140116, 16.83345567003206]"
NU00024,kelvin_log,0.0082715003717558,0.0070842830860428,True,"[2.3967712016770024, 3.9801340126691906, 16.31637501836056, 6.01955490013726, 9.817459175371702]"
NU00025,kelvin_log,0.0030328211543843,0.0025688303480614,True,"[4.010149969832202, 17.52045727837512, 30.652186571170613, 16.133156747519322, 24.481046679147557]"
NU00026,kelvin_log,0.0236287107250103,0.0213816992463747,True,"[1e-06, 20.402570261736308, 51.16316942272305, 1e-06, 31.318175218050037]"
NU00027,kelvin_log,0.0026711229813061,0.0022522245202797,True,"[0.7205238308592009, 9.446986134104089, 13.411279510188288, 9.566146469812693, 11.685607273182535]"
NU00029,kelvin_log,0.0318728833759121,0.0314116999503574,True,"[8.689536854382265, 1e-06, 43.730785963445996, 6.1387716793188725, 15.918555934937604]"
NU00030,kelvin_log,0.0232786981363754,0.0224826638077369,True,"[6.0693523089759545, 1e-06, 25.95656339190107, 26.256082029159767, 7.880481998892334]"
NU00031,kelvin_log,0.0147302709589109,0.0146372132897285,True,"[1e-06, 9.348101398931052, 17.227505164476383, 13.73827330524932, 23.388555738821267]"
NU00032,kelvin_log,0.0183452314759174,0.0185550551750182,True,"[1e-06, 12.199622675609312, 26.313310639123713, 0.476970013873509, 18.156483505132776]"
NU00033,kelvin_log,0.0258792497950313,0.0256390711198722,True,"[4.17934979907047, 1e-06, 16.6617072018919, 12.34905123232084, 13.34174092513588]"
NU00034,kelvin_log,0.0081157361849888,0.0079091714525566,True,"[1e-06, 5.235900550405678, 6.69794835436163, 18.34609363374533, 13.740480651871723]"
NU00035,kelvin_log,0.0157781320070591,0.0158068202277397,True,"[3.4003961023384757, 1.1559958955483876, 7.896544789449329, 8.379396268099095, 8.81376362043371]"
NU00036,kelvin_log,0.022821716468763,0.0221997521023956,True,"[1e-06, 8.040927465129815, 9.392871615809186, 8.53767206147946, 10.934328312001066]"
NU00037,kelvin_log,0.0099767927380391,0.0098666075288628,True,"[0.32123572929502936, 10.70047832725928, 8.19044440771049, 34.53156591011993, 19.667035166095634]"
NU00050,kelvin_log,0.0095387190578724,0.0094536915344372,True,"[14.862229570158883, 13.823415267679005, 15.38111187395989, 23.510866404013672, 13.24280494156147]"
NU00051,kelvin_log,0.0151716144736656,0.0152856359634918,True,"[5.005831699455189, 11.08874757464013, 5.345348754291332, 21.05630171500165, 14.277093261710377]"
NU00052,kelvin_log,0.0118579393254916,0.0111284970404376,True,"[11.624319988553143, 14.31466553295492, 14.325958360399271, 23.962720135187524, 14.516277143118712]"
NU00053,kelvin_log,0.0091178177281638,0.0090917430396239,True,"[18.025447427679467, 11.136070110461754, 18.307867340696685, 15.751672596363262, 12.896620130903287]"
NU00054,kelvin_log,0.0143583866354132,0.0135924304626076,True,"[14.784484549988266, 6.682304784694468, 15.790535811224224, 14.544081241391908, 17.49526324616169]"
NU00055,kelvin_log,0.0176228341355303,0.0173002246368721,True,"[7.253534859927297, 9.131213478720529, 16.44991453776403, 8.910260129118155, 5.927789624167501]"
NU00056,kelvin_log,0.0012903494718052,0.002,True,"[15.700216657817535, 8.701541970769407, 13.62234110082604, 4.841249789244525, 9.690940333979764]"
NU00057,kelvin_log,0.0021608821595677,0.0020273495177426,True,"[13.749585459742304, 15.650019875684995, 20.377292268650976, 1.8935526311798698, 12.70783347736695]"
NU00058,kelvin_log,0.0022419038495519,0.0020823450693495,True,"[14.288434705435092, 17.37360858131096, 26.206186857802205, 3.499714191592053, 16.57967399892499]"
NU00059,kelvin_log,0.0022916877144931,0.0021060132184807,True,"[20.941745440932646, 13.55301296222615, 30.940058257866504, 6.4272530617756205, 19.97896973788919]"
NU00060,kelvin_log,0.000501824342147,0.002,True,"[12.941891537661268, 11.23617988890286, 15.402169898914225, 11.798083691491806, 13.449386981232774]"
NU00061,kelvin_log,0.0022431058621617,0.0020977159994438,True,"[10.912511005682472, 15.534510734131647, 20.344926434790388, 1.8943189050967773, 12.692049395083194]"
NU00062,kelvin_log,0.0021514338529415,0.002,True,"[11.374937110962685, 14.535236799639502, 27.261053042177334, 6.066649153003402, 17.94588276718742]"
NU00063,kelvin_log,0.0015726107461844,0.002,True,"[10.271683132595992, 19.963508424527262, 27.268332840758625, 7.538068050404106, 18.838729754933585]"
NU00064,kelvin_log,0.0396043626413081,0.0375160770886862,True,"[13.057052779275852, 0.7992379899836634, 7.160726810165535, 24.51429595566336, 10.418865238329644]"
NU00068,kelvin_log,0.0134260270557255,0.0132977926617923,True,"[1e-06, 19.10541898088277, 20.28418278991641, 11.098988260982207, 21.196082146754115]"
NU00069,kelvin_log,0.044651646638641,0.0430055417062748,True,"[1e-06, 8.386267457655595, 29.427597096899174, 1e-06, 6.832026260263968]"
NU00070,kelvin_log,0.0248206905877721,0.0248024681672813,True,"[1e-06, 5.1789300194361365, 14.405264762463702, 12.29033646397869, 22.16514165672951]"
NU00079,kelvin_log,0.0475697939344317,0.0490001352369187,True,"[1e-06, 3.139988550547983, 8.896732078273311, 1e-06, 8.350275647673373]"
NU00082,kelvin_log,0.0575285834449618,0.0558374079829683,True,"[0.1815281810865138, 1e-06, 11.142269578116924, 1.672005172837525, 0.39793356044117034]"
NU00085,kelvin_log,0.0419780489474147,0.0425104491099986,True,"[1e-06, 6.021358832366991, 17.678062563998466, 1e-06, 1e-06]"
NU00086,kelvin_log,0.0523156079424307,0.0538085081758863,True,"[0.22845825742584053, 1e-06, 9.825696446101174, 0.2772362608019893, 4.252437726160942]"
NU00090,kelvin_log,0.0308182701507584,0.0303188348355853,True,"[1e-06, 3.7926796696946456, 0.3773548368896173, 18.53130289877889, 29.138773070290597]"
NU00091,kelvin_log,0.0472240180496719,0.0471092280222818,True,"[1e-06, 7.582002097617239, 9.089778335029814, 8.375980998685948, 17.054578051684516]"
NU00092,kelvin_log,0.0496196243094806,0.0490351800044545,True,"[1.879018447738909, 0.6767324877264794, 1.1531712740299442, 11.238961990235024, 9.338168860936532]"
NU00093,kelvin_log,0.0548899616320016,0.0539855496513206,True,"[0.8969404780720721, 0.16153449915041596, 6.691493764557999, 1e-06, 7.501323054122035]"
NU00109,kelvin_log,0.0058223964099941,0.0055578756010666,True,"[5.510529584869914, 26.43257780863859, 34.98132942478659, 1e-06, 16.359274848050607]"
NU00110,kelvin_log,0.0062179491503643,0.0055668621994069,True,"[9.46908502377433, 18.05357135750585, 22.604616728063814, 16.493604652312406, 15.475507271992912]"
NU00111,kelvin_log,0.0071195480664228,0.0063553176714727,True,"[11.155251946303128, 11.859103157426144, 19.127989318944056, 15.937543597260332, 13.504121617620457]"
NU00113,kelvin_log,0.008430887178072,0.0077458212640708,True,"[10.40518600483239, 28.170664708657814, 16.01834771698923, 13.269340252742044, 12.790109083342935]"
NU00114,kelvin_log,0.0046486009547138,0.0043817988064137,True,"[14.548350006622945, 13.097474989967443, 12.242785806976489, 4.150675353622298, 9.641683394454056]"
NU00115,kelvin_log,0.0068379125270418,0.0062039544023923,True,"[11.017215342415506, 14.939756144504077, 11.711330851535209, 11.389063904542086, 9.138061706729282]"
NU00116,kelvin_log,0.0061352220954012,0.0055120571456882,True,"[9.130927719583637, 12.446449255086794, 13.44050632332183, 12.253524143833681, 10.496140741233452]"
NU00117,kelvin_log,0.0118387913701994,0.0111870108465513,True,"[17.73062989075794, 20.02765319311691, 16.64494779873162, 4.69712390856352, 15.189655792327278]"
NU00118,kelvin_log,0.0265729145279114,0.0244218516488426,True,"[17.29537739037208, 35.03155679052331, 10.660530529843749, 19.77185606610568, 1e-06]"
NU00119,kelvin_log,0.0076269611771078,0.0072603360466507,True,"[8.117568693933881, 10.946374019696858, 12.292741616494979, 1.367643039615896, 5.093564338252457]"
NU00120,kelvin_log,0.0107220402751098,0.0099533608878106,True,"[7.844021804617639, 11.554660102662591, 14.368454553406263, 4.850839297083814, 4.9020404454920365]"
NU00121,kelvin_log,0.0076558067480282,0.0073361662467179,True,"[7.391438091136052, 10.047752778871462, 12.889542700105396, 1e-06, 8.805159536975525]"
NU00122,kelvin_log,0.0087964177624974,0.0082049416347349,True,"[9.830708870057206, 12.942718644710798, 13.71650699112681, 5.339889058786565, 8.879929007442332]"
NU00123,kelvin_log,0.00802258997201,0.0072127035962858,True,"[4.87648360680494, 5.427832636073671, 4.955568342613643, 5.467367104254836, 4.966557279314446]"
NU00124,kelvin_log,0.0056210808259939,0.0050990443852092,True,"[4.0254047886514375, 6.920722572538871, 7.125176440697604, 5.085055755338586, 5.836215238251082]"
NU00125,kelvin_log,0.0118973050143891,0.010261181798085,True,"[3.952031256876431, 4.668802451191811, 3.92522704656545, 10.36991796828712, 8.273168023002139]"
NU00126,kelvin_log,0.0080107628379896,0.007599385599202,True,"[6.35256916550125, 5.688794813017075, 3.0081500773453755, 1.5058136790354697, 3.262371918348952]"
NU00142,kelvin_log,0.0242012449041815,0.0233763122776666,True,"[0.24783994854011643, 9.934760795888028, 25.94899222758438, 1e-06, 1e-06]"
NU00143,kelvin_log,0.0676616620570998,0.0596687555941735,True,"[1.972321565566508, 1e-06, 2.5319980452152113, 7.288806608278208, 1e-06]"
NU00150,kelvin_log,0.0276231110296629,0.0266054510146742,True,"[1.1829103859794756, 1.093050744686534, 3.724727174956782, 1.8978552877355916, 7.156082231597437]"
NU00151,kelvin_log,0.0508369543338058,0.052061304175963,True,"[1.3982415486750843, 1.2015302214163364, 5.016790011396878, 1e-06, 1e-06]"
NU00152,kelvin_log,0.0483502114663172,0.0438303039661196,True,"[0.7635757903829206, 3.1092303262665784, 1.6480944639701907, 11.577503173935938, 1e-06]"
NU00153,kelvin_log,0.0369739770663344,0.0340695870721533,True,"[0.6304976541246358, 4.948561674878669, 3.4476970140842673, 10.941819809895025, 1e-06]"
NU00155,kelvin_log,0.0478072482046539,0.0466945158197973,True,"[0.6099230444153961, 1.8771309048378684, 1e-06, 10.343727049850905, 8.260116915374523]"
NU00156,kelvin_log,0.0312517838676777,0.0297839319230323,True,"[0.8662010873381936, 3.435576890388469, 3.917577209542958, 3.9962043154734816, 3.2089057438888102]"
NU00157,kelvin_log,0.0464202898266267,0.0434800710806565,True,"[0.35527370577904205, 3.3972434423751903, 1e-06, 5.374926422903154, 1.975826472390695]"
NU00158,kelvin_log,0.0135713459205296,0.0129553121687694,True,"[1.4913099321980492, 5.505403002890133, 4.808077151160409, 7.283671875100091, 4.690938209236742]"
NU00159,kelvin_log,0.0151869117172149,0.014499520265891,True,"[2.0279663173312024, 7.824634132454887, 5.584741224141625, 7.5400271685958655, 5.0931622204120215]"
NU00160,kelvin_log,0.0092197520403071,0.00812266896549,True,"[1.712438722115669, 5.163176565020796, 4.068977228491103, 9.576092582910393, 5.699301587604999]"
NU00161,kelvin_log,0.0048797665657819,0.0044897581754804,True,"[2.5263979629741464, 4.349027369439321, 8.181614009187589, 7.6149943370243705, 8.412340652165692]"
NU00162,kelvin_log,0.0047678507559629,0.0040734691707812,True,"[2.17703172564918, 5.225623075694309, 6.665301431763159, 6.765152205387858, 6.321666251288438]"
NU00163,kelvin_log,0.0102726776943283,0.0089624051931009,True,"[0.9174176455732697, 2.651876228476442, 4.464476923547888, 2.763230370944317, 5.822848454238093]"
NU00183,kelvin_log,0.012197903590019,0.0116773953105985,True,"[2.800667765991646, 4.491313068890402, 3.745191517628117, 5.466413541094744, 7.62607362675922]"
NU00184,kelvin_log,0.0107887838949138,0.0101027701838518,True,"[2.6312943583791117, 1.5643409544392974, 5.441819017803904, 4.605636434876484, 4.124849870142537]"
NU00185,kelvin_log,0.0179055907786366,0.0176567180906622,True,"[4.274392077475576, 1.813214216563136, 3.7052994797128678, 4.908395000465158, 6.290467187112064]"
NU00186,kelvin_log,0.023086864944955,0.0229587527258198,True,"[7.115433031949189, 2.1076900706059853, 4.04402371752105, 5.080806299062236, 7.897687585274403]"
NU00187,kelvin_log,0.0141568076282678,0.013805239620482,True,"[2.0406062580805666, 1.4309812058235754, 2.4352934958178243, 3.562989343731224, 3.9637378792806124]"
NU00188,kelvin_log,0.0119552064098572,0.0117000640978763,True,"[7.081646211648077, 4.901874326327703, 5.551371430033356, 7.426224359650504, 5.69309114465801]"
NU00189,kelvin_log,0.0112348012785166,0.0111504917926993,True,"[5.358030989058018, 5.144584050971755, 4.580215732864456, 7.115463961303048, 7.726268610211741]"
NU00190,kelvin_log,0.0304701299678895,0.0318334962416119,True,"[6.42102405974602, 1.0944295231636976, 9.311852136252245, 2.6699418603721927, 5.580657753250688]"
NU00191,kelvin_log,0.0302693028554858,0.031350766934034,True,"[4.137960648934301, 8.455867470402714, 0.4115186034717781, 13.369896068295002, 15.14144563711159]"
NU00192,kelvin_log,0.009794518708028,0.0096639500685675,True,"[7.413337854924592, 4.3385779162550175, 11.972105865316085, 21.961872945459593, 15.226110361768315]"
NU00193,kelvin_log,0.0168368524446493,0.0145581767006851,True,"[10.948817776362933, 2.0346623209953343, 3.2157256797443567, 26.888041134658597, 25.378858783764013]"
NU00194,kelvin_log,0.0245263456366908,0.0231604288358944,True,"[19.268167496907118, 4.392076051119112, 4.839507883950466, 34.55467203707451, 26.640870609793748]"
NU00195,kelvin_log,0.0119041693034327,0.0109185048435205,True,"[7.118352841681633, 4.416961926563026, 4.286430439113108, 20.206589564485753, 18.158316501357437]"
NU00196,kelvin_log,0.0139665027770969,0.013856362533715,True,"[4.334095313676823, 3.022583366917119, 6.106209492419626, 4.638013915238767, 5.081918301414859]"
NU00197,kelvin_log,0.0193360431366423,0.0189378214941578,True,"[3.0399205890037218, 1.3816848577366352, 3.319599327963326, 4.186636679703544, 5.429631971156817]"
NU00198,kelvin_log,0.0228584816122098,0.022164324187142,True,"[3.828117672410732, 1.618155648352577, 4.1082431185098525, 4.181525027183498, 5.240222285751796]"
NU00199,kelvin_log,0.0284331147885046,0.027715093777693,True,"[7.1662558941660155, 2.10550147737928, 4.318493994205544, 3.879239999480434, 7.254872618501228]"
NU00200,kelvin_log,0.0158771672100315,0.0155260509868517,True,"[2.475883503438662, 1.0363116641273171, 2.1839980958505656, 4.712154648296988, 3.1924269454761793]"
NU00201,kelvin_log,0.0250882086650471,0.0229604805994826,True,"[8.277005785226665, 6.573892546064767, 1.1648810422405762, 7.808078972593904, 8.300614465170733]"
NU00202,kelvin_log,0.0150584374020753,0.0145369116315678,True,"[6.257102952939642, 4.662139113794698, 5.129827036805539, 5.765210988224565, 7.293834597427012]"
NU00203,kelvin_log,0.0193934109927368,0.0182150820823991,True,"[5.903373425556853, 5.04521761588195, 4.400588875737478, 4.0357287747753405, 9.148776319963092]"
NU00204,kelvin_log,0.0157293263599876,0.0153743507232156,True,"[8.235509587461815, 1.5897512647599206, 15.824183270698832, 10.503005432734222, 6.714972057687719]"
NU00205,kelvin_log,0.012417453809433,0.0121751650918355,True,"[7.767820418977906, 3.307796791439288, 9.35497862431895, 17.543006594874136, 11.389569227058665]"
NU00206,kelvin_log,0.0182996814098481,0.0173918659580582,True,"[12.798829168764009, 4.70296421193844, 7.03478979534869, 23.26908505137559, 15.326193945312554]"
NU00207,kelvin_log,0.0287799821623989,0.0276107258438025,True,"[23.050179662497232, 2.845557533756142, 16.765100952524545, 17.903960601573967, 16.464711224615613]"
NU00208,kelvin_log,0.0173724185865864,0.0164661136516416,True,"[4.886626623932276, 7.001749942348903, 2.154967936530379, 20.725158232884297, 10.809251603787374]"
NU00209,kelvin_log,0.0090508634671312,0.0072593986539561,True,"[1.2186345037383917, 5.535398594476749, 14.4578240860992, 20.232770943592932, 15.9071911252129]"
NU00210,kelvin_log,0.0046942774166545,0.0037329922613626,True,"[2.824915256764212, 1.6683320218005544, 13.434693059180812, 19.45027461671131, 14.179720505227262]"
NU00211,kelvin_log,0.0088073742260026,0.0076128800486338,True,"[0.9604104139008907, 5.858744567989733, 21.290896072283, 8.477179158489678, 15.473466611430737]"
NU00212,kelvin_log,0.0069821747387319,0.0056435855642836,True,"[1.9157288850699767, 8.344705146557574, 16.604298140210222, 23.563934386041318, 16.379470148273054]"
NU00214,kelvin_log,0.0086828268356166,0.0071351517763725,True,"[1.5590422858276267, 3.1543062678831566, 16.85243469740305, 14.501960071758525, 13.825505120578194]"
NU00215,kelvin_log,0.0052448241303571,0.0040110604700973,True,"[2.525145835063802, 1e-06, 12.635411877079937, 25.94566532180588, 14.335608564935198]"
NU00216,kelvin_log,0.0056217844616534,0.004460161447167,True,"[0.8095323390758927, 0.7390660135939288, 7.477640961467736, 10.577026599722318, 9.260905416448391]"
NU00217,kelvin_log,0.0026307614169959,0.0021322663793241,True,"[0.6296949364294259, 11.92293778392662, 15.55195680640278, 25.725163532342886, 20.197435358973305]"
NU00218,kelvin_log,0.0038475964143462,0.0031053112966137,True,"[0.018802397129806626, 4.634208782296173, 9.054489829484444, 12.749704889310628, 10.837815762929274]"
NU00219,kelvin_log,0.0070642509017795,0.0062726715205121,True,"[1e-06, 5.814603422669599, 28.704429917000247, 3.7367997103362494, 18.05391275148784]"
NU00220,kelvin_log,0.0013093725058524,0.002,True,"[1.348602351866552, 4.754926891508872, 14.904370908480228, 13.522258463114232, 13.390659197113687]"
NU00221,kelvin_log,0.0041604912705326,0.0034568040962844,True,"[0.12268741616462013, 4.997376351404837, 8.15553280027717, 8.11561350393311, 7.2536565392928845]"
NU00224,kelvin_log,0.0144047875971413,0.012562056878544,True,"[1e-06, 1.0878777801764103, 24.917763465299505, 3.761640338717242, 20.457748464059623]"
NU00226,kelvin_log,0.0074262215160534,0.0063920128862349,True,"[1e-06, 4.339446076297851, 9.624002370675061, 4.760734005760374, 8.229507385947487]"
NU00227,kelvin_log,0.0107448546263623,0.0097946044048758,True,"[2.389174582374372, 1e-06, 23.067138454358243, 1e-06, 10.964673381915954]"
NU00228,kelvin_log,0.021046999444941,0.020088409719215,True,"[1.3967978881013836, 6.072822965150245, 18.82811267942758, 1e-06, 1e-06]"
NU00229,kelvin_log,0.003740670878043,0.0033399745362468,True,"[3.1490089572750013, 1.3829748014800638, 9.781540188223557, 2.1512644174575617, 6.158603196320661]"
NU00230,kelvin_log,0.0041118825405587,0.0033522991887838,True,"[4.036363025739006, 9.997835166178403, 9.207464603252745, 21.411383753470094, 13.855095517224639]"
NU00231,kelvin_log,0.0016230565202582,0.002,True,"[4.900716209485178, 1e-06, 16.451664480495406, 16.369159029573375, 15.051051477467814]"
NU00232,kelvin_log,0.0039065961860859,0.003399375110983,True,"[1.6393243160951194, 0.9471980050172364, 16.133887299278072, 4.395385695417746, 10.441139388206928]"
NU00233,kelvin_log,0.0035392806303664,0.002893124474375,True,"[2.1808552222812314, 7.876739451500587, 8.894186300695088, 16.48768451318663, 11.659200842114835]"
NU00234,kelvin_log,0.0520675847456068,0.049072624344783,True,"[1e-06, 3.8676507540821907, 27.22055995805991, 1e-06, 1e-06]"
NU00235,kelvin_log,0.004678144445727,0.0040262509422737,True,"[1e-06, 5.296985940563026, 12.06673298502992, 6.107892055167335, 9.526654685554545]"
NU00237,kelvin_log,0.0032353387306693,0.0029256474311521,True,"[0.17993784239411245, 9.188752603806165, 19.63505614331341, 2.564537039173937, 12.112946891665594]"
NU00238,kelvin_log,0.0095099314278307,0.0082946570072299,True,"[1e-06, 6.112714524316133, 14.06452745280349, 5.2847994181344315, 10.76776588464354]"
NU00240,kelvin_log,0.0297655261878614,0.0278703986055024,True,"[1e-06, 8.257099239795107, 14.10370810312554, 1e-06, 5.086735769584926]"
NU00274,kelvin_log,0.0248470335199232,0.0230723507056576,True,"[0.5085318249827162, 1e-06, 5.425648487267969, 3.973464780129898, 1e-06]"
NU00275,kelvin_log,0.0060979619006695,0.0057288387074248,True,"[1.4012484836428076, 1.2201123233350029, 2.2071485090301364, 3.0279631391414012, 2.14919270557562]"
NU00276,kelvin_log,0.0304194811375428,0.017878398081848,True,"[1e-06, 8.010659543050851, 1e-06, 32.171221567463206, 3.7159319932582715]"
NU00277,kelvin_log,0.0194450709581305,0.0157916505413485,True,"[1e-06, 7.087624873393863, 7.973401660024271, 2.1093446704239747, 8.318601718128189]"
NU00278,kelvin_log,0.0241657055795704,0.0131356778939913,True,"[0.7447422524402187, 1e-06, 6.6761981960055445, 33.601124342544324, 6.442192162389977]"
NU00279,kelvin_log,0.0436599475551165,0.0436649542880066,True,"[7.171808095632581, 39.56893898460363, 1e-06, 66.94621379333397, 1e-06]"
NU00280,kelvin_log,0.0075759120954411,0.0073999760886736,True,"[15.49181737855106, 24.095888261995928, 1e-06, 60.491621500957486, 30.042501414726235]"
NU00282,kelvin_log,0.0075452213859988,0.0073898106347487,True,"[13.067201126460075, 18.76691733466033, 1e-06, 35.1433387192347, 12.458707757429897]"
NU00283,kelvin_log,0.0560706144674781,0.0542244894851526,True,"[2.072908694340003, 24.186847485453036, 1e-06, 39.91918347536414, 1e-06]"
NU00284,kelvin_log,0.0019929117241687,0.002,True,"[5.452669995582809, 10.563976198141189, 32.48390854612322, 3.4412630828364557, 17.87246555879661]"
NU00285,kelvin_log,0.0043394362740749,0.0042270878573935,True,"[21.497786006844585, 5.466579512679053, 55.3567133232014, 30.558265698296903, 38.84891447457344]"
NU00286,kelvin_log,0.0170052142583085,0.0162784376164809,True,"[14.322863796396398, 7.14332836938835, 9.433317204843453, 64.47470852255941, 51.81648587372824]"
NU00335,kelvin_log,0.0182099574645498,0.0172676950264234,True,"[1.6285884871442415, 11.115092568436209, 11.31753266306287, 5.616110635939366, 16.618207936811814]"
NU00339,kelvin_log,0.0228820393710784,0.0215242045337487,True,"[82.69417961653328, 44.4317112895392, 15.880572264856653, 69.22928508725434, 116.4698521018221]"
NU00341,kelvin_log,0.0386462492047429,0.0370084731797979,True,"[85.79243037567623, 61.953951238142, 90.34354719400851, 1e-06, 1e-06]"
NU00342,kelvin_log,0.0435126471339731,0.0439249959305481,True,"[145.5563952583443, 200.36546370854893, 1e-06, 1e-06, 1e-06]"
NU00343,kelvin_log,0.0266510793803262,0.0259185665367972,True,"[70.80187540970083, 69.17079387353597, 76.47649852690486, 1e-06, 1e-06]"
NU00344,kelvin_log,0.0269751061428992,0.0251517568905326,True,"[50.902554838197595, 90.91617414327014, 6.928398801891335, 111.58034799570922, 55.95097888965215]"
NU00345,kelvin_log,0.0271999060111567,0.0258597109730377,True,"[90.97212659222541, 146.75928988494022, 1e-06, 137.33462022764377, 34.93558119199439]"
NU00346,kelvin_log,0.0264524481016265,0.0258380688545795,True,"[41.92549959513788, 51.576392530087766, 71.32637413008646, 1e-06, 1e-06]"
NU00350,kelvin_log,0.0293228499728479,0.0290829183986401,True,"[1.5442678034575534, 10.194111585270305, 12.58103302990246, 1e-06, 2.4092918001879386]"
NU00351,kelvin_log,0.0112152529988293,0.0105131737045902,True,"[3.7631179467148352, 6.567026616671318, 9.427059979900738, 19.65783034623139, 16.910997094490753]"
NU00352,kelvin_log,0.010565200806348,0.0094446865751964,True,"[1e-06, 3.795669105400784, 10.019471263056632, 6.502770429150776, 10.780270241361901]"
NU00353,kelvin_log,0.0064092994370396,0.0061184366867928,True,"[1.3635679118409747, 7.250373021148797, 4.920502209207353, 7.392587855684108, 5.994714533535328]"
NU00354,kelvin_log,0.0056592678799056,0.0054917586857677,True,"[0.9126222694351656, 4.565860585003303, 9.156965574943204, 7.42388603048918, 8.659927829856166]"
NU00355,kelvin_log,0.0057828813794255,0.0055632150584618,True,"[4.325814276937123, 9.186866958543105, 7.588621509830156, 14.653351031024808, 11.44838271967275]"
NU00356,kelvin_log,0.0116889533047312,0.0116734224271533,True,"[1e-06, 2.542368860012162, 8.84922007346768, 8.418897803258123, 12.332219633217994]"
NU00357,kelvin_log,0.015514702948956,0.0143088542928304,True,"[2.1600588647371444, 0.4963996544346489, 4.446231976944231, 6.570377151115518, 3.4584441829175923]"
NU00358,kelvin_log,0.0103090207969198,0.0096868810204429,True,"[5.19086534901081, 1.9553209032680403, 23.659302048371487, 29.311137210903738, 34.06728555352492]"
NU00359,kelvin_log,0.0052615541335323,0.0047537393993832,True,"[1e-06, 3.7218806690220503, 21.7643837742613, 35.719861853345925, 26.12230749084783]"
NU00360,kelvin_log,0.0151599515681727,0.0133559097826117,True,"[11.001270523531655, 5.902257547090498, 20.743937313923723, 41.51264832127087, 16.753674898712983]"
NU00361,kelvin_log,0.0088531111671695,0.0087095412928373,True,"[10.683998895411387, 1e-06, 22.53563287384547, 33.647325603554854, 18.111121263143584]"
NU00362,kelvin_log,0.0087678508281139,0.0081040798984906,True,"[6.569077688437179, 8.179390666221416, 12.454079378706329, 21.69845786690989, 19.69182041640362]"
NU00363,kelvin_log,0.0184166134636874,0.0166574602481351,True,"[6.331031309794487, 6.770337759540244, 4.976537316693018, 17.451811004598603, 10.352995061207091]"
NU00364,kelvin_log,0.0203996318990227,0.0203249515466501,True,"[1e-06, 5.974491503186015, 18.7892977923244, 1e-06, 6.550847452270959]"
NU00365,kelvin_log,0.0172473445011506,0.0164383730821533,True,"[0.29933749066010173, 2.689832233475705, 14.87281619712346, 3.1499058748972866, 7.2119211543265695]"
NU00366,kelvin_log,0.0212438293939018,0.0194499372823817,True,"[3.235401706941934, 1e-06, 15.695516558903531, 5.48562376291546, 2.7800152031934355]"
NU00367,kelvin_log,0.0230471809773255,0.0233155008048012,True,"[2.665309945550151, 1e-06, 9.822251995540306, 8.295476358551962, 3.0791523577664814]"
NU00368,kelvin_log,0.0275498462119788,0.0250287866454958,True,"[1e-06, 3.9445710867795003, 1e-06, 11.86350322525282, 3.234490401963972]"
NU00369,kelvin_log,0.0608454082135175,0.051778014993767,True,"[0.16695217561811254, 3.778843293320641, 1e-06, 10.508185000577638, 1e-06]"
NU00370,kelvin_log,0.0040682735849308,0.0037344996919454,True,"[0.9105634641168874, 1e-06, 40.019930258171, 33.561381259130904, 27.909449103248036]"
NU00371,kelvin_log,0.0048322729233411,0.0044241168588794,True,"[0.4403975570126145, 4.056224464242223, 18.195740030539632, 23.255574339910325, 21.66277632138086]"
NU00372,kelvin_log,0.0127808952058681,0.0115028811986879,True,"[1e-06, 5.223805614962747, 11.079088716984417, 21.69212854716773, 17.893498113835626]"
NU00373,kelvin_log,0.0153873871892406,0.0142750276777433,True,"[1.7725875631775367, 0.44518740687586944, 16.44417178155547, 11.679361647206267, 17.1951160736581]"
NU00472,kelvin_log,0.0041755064645683,0.0036898764564638,True,"[1.1690037792061843, 11.558134116575285, 19.000322615471244, 6.801570686628538, 14.543546027625819]"
NU00473,kelvin_log,0.0075473067917859,0.0062622686898764,True,"[1e-06, 6.095374809805989, 12.873705098993062, 12.200577823951736, 14.145984754394183]"
NU00474,kelvin_log,0.0042835922224223,0.0036976923756586,True,"[9.923271848353831, 8.574852308266484, 14.246616427837282, 14.012832825372362, 14.98781865092567]"
NU00475,kelvin_log,0.0044727628979325,0.0037097066796999,True,"[7.951441547032134, 5.1262582158204095, 10.596747688365566, 17.404319201194504, 12.212810595578615]"
NU00476,kelvin_log,0.004122081808148,0.0035330742872717,True,"[7.306978589955295, 5.578097640801269, 11.013676998047716, 11.203330137076449, 11.333072712022267]"
NU00477,kelvin_log,0.0019068661988423,0.002,True,"[1.2202812452007967, 10.350776725279353, 14.745201493170612, 12.206422849917542, 13.627489211987683]"
NU00478,kelvin_log,0.0064705606890682,0.0055190029010507,True,"[1e-06, 4.97895120690716, 15.525108534428067, 7.580121221736984, 13.888267919956958]"
NU00479,kelvin_log,0.0057479301597343,0.0047294792100034,True,"[3.263261992441227, 3.104775694532199, 13.31015479678916, 14.531164344770016, 14.404284585319271]"
NU00480,kelvin_log,0.0042008472445141,0.0034916868517413,True,"[1.8263718257872585, 2.348068055068326, 9.798229078289856, 8.812342188394291, 9.686648524028772]"
NU00496,kelvin_log,0.0050517579948225,0.0048248079008302,True,"[2.448354202114881, 3.340239044440899, 7.148300639072512, 5.213532849012374, 4.717933754060176]"
NU00497,kelvin_log,0.0097801592503671,0.0097242744990358,True,"[2.405582792131144, 1.6458910452879554, 3.826320856128974, 3.42896200635569, 5.196041845690497]"
NU00498,kelvin_log,0.0139851095285984,0.0137410054702721,True,"[1.9972729410723706, 1.2194247746446596, 2.74111983569272, 4.023275022777798, 2.892510620207045]"
NU00507,kelvin_log,0.0451908801281811,0.0407946741380774,True,"[0.5955393507246505, 2.7756484965954673, 2.178929605823407, 11.254110789726711, 1e-06]"
NU00508,kelvin_log,0.0357094713496785,0.0351439430868517,True,"[0.27689189537424147, 1.8095344588247098, 3.1046030299161522, 1.3228888321679342, 8.147066720350537]"
NU00522,kelvin_log,0.0348963913576942,0.03360058902066,True,"[10.833168677327583, 21.40347659497074, 38.13744300616843, 1e-06, 1e-06]"
NU00523,kelvin_log,0.0253817598872854,0.0253516032386725,True,"[7.361468577158764, 8.870404197889743, 5.6364761297604655, 3.6001688578474784, 14.493562097113811]"
NU00524,kelvin_log,0.0693985580295986,0.0727572914640086,True,"[1e-06, 4.956312148357377, 1e-06, 16.588084574737874, 1e-06]"
NU00526,kelvin_log,0.0194051578244414,0.0185415543834129,True,"[20.763299059714118, 22.954219739732384, 55.74038891161364, 1e-06, 2.7884434347232774]"
NU00527,kelvin_log,0.0225422920687322,0.0216540323318946,True,"[13.091307805735799, 23.35271083349689, 34.73308082599994, 1e-06, 10.117857828596858]"
NU00528,kelvin_log,0.0243401844379627,0.023974487633193,True,"[7.934147089667435, 12.270364065539995, 9.14874343388303, 1.8632280773336785, 14.29093930164246]"
NU00529,kelvin_log,0.0385522290439757,0.0329728036716014,True,"[3.269859233284702, 7.950936587550042, 1e-06, 16.72081941084233, 1e-06]"
NU00543,kelvin_log,0.0126472195491788,0.0124483999992548,True,"[1e-06, 9.92564999244575, 38.18254038799956, 8.910532587815263, 23.687105223459845]"
NU00544,kelvin_log,0.0220915747887511,0.0213602647017217,True,"[0.6537679805837934, 15.3665682975701, 39.84401674747271, 19.2801992765107, 1e-06]"
NU00545,kelvin_log,0.0226813416043482,0.0219282692661563,True,"[1.3625204835624913, 12.745959666858298, 31.232199578083847, 20.222051712853055, 1e-06]"
NU00546,kelvin_log,0.026377780052041,0.0263673498524593,True,"[1e-06, 10.556991418780006, 23.78563674398459, 0.8846792922157432, 28.06881985482122]"
NU00547,kelvin_log,0.0264539489700658,0.025587217367569,True,"[1e-06, 18.130161939105697, 8.461918229949722, 8.835549651731235, 2.4448139695603537]"
NU00548,kelvin_log,0.0251250118442032,0.0246196560339301,True,"[2.036289737250162, 2.38657478501194, 9.707649437340566, 2.389570007582265, 8.051439162249489]"
NU00549,kelvin_log,0.0230061878355018,0.0233366310522029,True,"[1e-06, 9.85257348927129, 7.536679612353929, 1e-06, 2.5164348525152613]"
NU00550,kelvin_log,0.0251641878386617,0.0249317100840956,True,"[0.8380571290512718, 7.37340342934977, 6.1881898033810065, 4.318777658440126, 1e-06]"
NU00551,kelvin_log,0.0463208930102194,0.0476571455129692,True,"[51.10886205244072, 0.23129443106641126, 30.984949236129523, 1e-06, 1e-06]"
NU00552,kelvin_log,0.0156694342614134,0.0151507481016129,True,"[11.482645361897724, 13.485415626793614, 12.398421068402346, 1e-06, 4.8716751476487445]"
NU00553,kelvin_log,0.010603151496536,0.0106276566234146,True,"[8.534608849134736, 17.155112916668845, 13.291116149763134, 1.572802178008857, 6.467688101273802]"
NU00554,kelvin_log,0.0380672409711053,0.0360234758669609,True,"[9.32628315907015, 10.467547932936148, 4.868772841703144, 1e-06, 17.670169364206522]"
NU00555,kelvin_log,0.029152954225547,0.0229579577231872,True,"[6.230735213222913, 1.3599578868587203, 5.156717760584493, 2.7187441445621663, 6.222727959715794]"
NU00556,kelvin_log,0.0553254219158547,0.0542222503147845,True,"[21.967869212450942, 4.791751442514664, 10.687052326692958, 1e-06, 1e-06]"
NU00557,kelvin_log,0.0455564300505237,0.0449145572281091,True,"[17.8402178209592, 7.316047172995991, 6.225895778008626, 1e-06, 1e-06]"
NU00558,kelvin_log,0.0394026064009028,0.0388375267319766,True,"[14.364903026743772, 6.651847408390235, 8.212428358074453, 1e-06, 1e-06]"
NU00559,kelvin_log,0.0269939461048637,0.0271439117014692,True,"[9.319388350709964, 6.261436970764993, 10.772764586951759, 1e-06, 1e-06]"
NU00560,kelvin_log,0.0264112853837472,0.0216767452465104,True,"[2.672143108735204, 2.5499764762413766, 1.4485985579806393, 2.82125295454565, 4.190836514365349]"
NU00573,kelvin_log,0.0469330154434721,0.0478681058875407,True,"[9.667328118510369, 0.8398184801817168, 3.080673757309441, 2.6780079624387927, 17.940742126194504]"
NU00574,kelvin_log,0.0289632047231213,0.0289732238280739,True,"[7.118129891095944, 1.3728070258580565, 2.2624835206944285, 5.8450639615733495, 12.224445020600454]"
NU00575,kelvin_log,0.0211742599405896,0.020966922234961,True,"[1.304036194822333, 3.4895595838977673, 3.578719173071757, 2.9194015769993453, 11.446232775251843]"
NU00576,kelvin_log,0.0696537125386581,0.0676084316087055,True,"[4.008702224649004, 1e-06, 8.973277416365166, 1.9382288468477236, 1e-06]"
NU00577,kelvin_log,0.0500143441966252,0.0496502801350043,True,"[11.605568575980142, 1e-06, 10.759032111670159, 11.218354134855929, 1e-06]"
NU00578,kelvin_log,0.0279145168759628,0.0289656183122991,True,"[6.975971866730189, 1.21257871072051, 0.7406896749706581, 1.7368230244604492, 10.026184725159041]"
NU00595,kelvin_log,0.0093924879960697,0.0092746675101182,True,"[0.907527865750707, 2.381930591523702, 4.433943177478196, 1.7479133163827572, 4.05080816871789]"
NU00596,kelvin_log,0.0171495772257815,0.0171161742700725,True,"[1.890632303498257, 0.6452881770158386, 3.1469709699772257, 1.1733069584189404, 3.1471856045287394]"
NU00597,kelvin_log,0.0109101830300497,0.0105425118460679,True,"[5.03715932867219, 2.036650982360951, 11.478967624506042, 16.808583533190895, 14.282632085777522]"
NU00598,kelvin_log,0.0132518771086194,0.0132945728982297,True,"[3.1568928357902815, 1.57112562016257, 4.775097403481463, 6.124743577947604, 7.49464292819452]"
NU00662,kelvin_log,0.0397458137155537,0.0366579485038287,True,"[18.02679718366285, 40.77052784365301, 9.4713884746922, 12.808496484845692, 3.6665611950829233]"
NU00663,kelvin_log,0.0353691750558384,0.0353607422758364,True,"[12.292580241900675, 20.50731031884105, 39.74505867363794, 1e-06, 4.733474621577001]"
NU00664,kelvin_log,0.0255435105895304,0.0253130889909246,True,"[18.588992351066405, 44.976989618630945, 3.0751760015048917, 33.85376730566042, 6.187429472229235]"
NU00665,kelvin_log,0.0165990294959148,0.0157878489756404,True,"[4.895108641706792, 15.819354337478938, 16.296892117876737, 10.862826223942443, 6.103670610258327]"
NU00666,kelvin_log,0.0742340634054445,0.0692398516072418,True,"[7.149659453001759, 4.015203183547377, 1e-06, 17.386269899609783, 11.535775466391094]"
NU00667,kelvin_log,0.0630691599191469,0.0677621944771732,True,"[1e-06, 3.490803490244106, 9.229645615098041, 1e-06, 7.709348592063174]"
NU00668,kelvin_log,0.0126108734889596,0.0117440368317999,True,"[7.011007423980831, 1.4005042918406578, 9.834588875863227, 9.132471188953897, 6.693444642300558]"
NU00669,kelvin_log,0.0281218335155742,0.0246078737963959,True,"[1e-06, 0.09654341343522227, 4.451697498828035, 3.2877149494352875, 7.008991563744505]"
NU00670,kelvin_log,0.0402631180811138,0.0372778145811317,True,"[1e-06, 36.06759075406051, 3.3531872826975793, 12.12101055690584, 14.235239416532655]"
NU00671,kelvin_log,0.0254995453823453,0.0251508521279475,True,"[1e-06, 48.986525144542746, 0.1304841954385653, 0.44768374119750426, 15.51524077613464]"
NU00672,kelvin_log,0.0170677939007551,0.0165028761151561,True,"[1e-06, 24.011961663299537, 8.412230291113728, 13.268178080130355, 11.686791179747472]"
NU00673,kelvin_log,0.01710622507118,0.0161860781969038,True,"[1e-06, 5.2963690410818485, 5.238567045336927, 11.695276360224188, 5.660006416176848]"
NU00674,kelvin_log,0.0195445444972902,0.0190645932042914,True,"[1.0317219967729208, 13.353837181324689, 14.027585170489692, 1e-06, 1.6039788957339167]"
NU00675,kelvin_log,0.0591025858732273,0.0597298760464689,True,"[1e-06, 13.972143716982362, 5.154847352797294, 1e-06, 1e-06]"
NU00676,kelvin_log,0.059934388391137,0.0607762490957629,True,"[1e-06, 15.96058564481491, 1.1082519539928986, 1e-06, 9.68536095229048]"
NU00677,kelvin_log,0.0828660579063692,0.0830343563754924,True,"[1e-06, 4.800705736954656, 1e-06, 9.829577591921216, 1e-06]"
NU00678,kelvin_log,0.0462032671164372,0.046249268288563,True,"[2.0353618990931053, 24.438921623948474, 28.53397633751527, 1e-06, 0.3965766449755744]"
NU00679,kelvin_log,0.0040634878521644,0.003813178515015,True,"[18.274973519598692, 21.66150078447239, 17.422872271776768, 24.810554304763166, 17.977118165834604]"
NU00680,kelvin_log,0.0209905536296653,0.0206414530793963,True,"[10.114767451959889, 16.256539845322205, 33.004748998688676, 1e-06, 4.684351669164014]"
NU00681,kelvin_log,0.0233875602337875,0.0189931646598313,True,"[1e-06, 15.798113821198, 1.3386174858111353, 22.164318776610983, 18.18778999108989]"
NU00683,kelvin_log,0.0372011032251148,0.0351689923059954,True,"[2.0005526083079546, 11.131169381812603, 1e-06, 9.033330782361952, 4.996655050538058]"
NU00684,kelvin_log,0.0300469521497356,0.0293615933218329,True,"[3.7589761212385344, 22.793777114534898, 1e-06, 9.857753750217032, 1e-06]"
NU00686,kelvin_log,0.0091252557308416,0.0092390575532349,True,"[21.630210567673277, 42.197532698228024, 27.92796168911829, 1e-06, 1e-06]"
NU00687,kelvin_log,0.0062550157088338,0.00627554027883,True,"[1e-06, 39.02755816957632, 25.45243835356719, 1e-06, 2.599892370807468]"
NU00688,kelvin_log,0.004473828903279,0.0044528609843431,False,"[14.871880609068489, 14.310095151604191, 26.455282057794108, 1e-06, 2.0531241801350255]"
NU00689,kelvin_log,0.0446109717315085,0.0454891429869958,True,"[1.543998272868306, 11.892765247167366, 7.707017092142404, 1e-06, 1e-06]"
NU00690,kelvin_log,0.0374281458908281,0.0373615113054046,True,"[1e-06, 16.545006469833446, 7.297438040389447, 1e-06, 1e-06]"
NU00691,kelvin_log,0.0241197031466146,0.0237016907154398,True,"[1e-06, 26.74710836936158, 1e-06, 12.22874932418195, 1.485363458131694]"
NU00692,kelvin_log,0.0124105420693146,0.0122668490540644,True,"[1.6388087227411634, 10.505062192732783, 17.661219472197356, 1e-06, 1e-06]"
NU00693,kelvin_log,0.0423681062058378,0.0415501509564764,True,"[1e-06, 11.955558604436558, 1e-06, 4.4042159812488775, 3.167209843116682]"
NU00694,kelvin_log,0.0113729817460043,0.0113542297369801,True,"[11.272436626874265, 27.982221404296844, 18.290221166708218, 1e-06, 1e-06]"
NU00695,kelvin_log,0.0216686951815963,0.0215737808558488,True,"[1e-06, 17.681884862011625, 21.02214878173168, 1e-06, 0.05574191425967373]"
NU00696,kelvin_log,0.0246492707090144,0.0247818527539503,True,"[1.4006383623013274, 24.07905312436336, 8.408033205693018, 1e-06, 1e-06]"
NU00697,kelvin_log,0.055303946941611,0.0535111788847928,True,"[1e-06, 3.6514801662119565, 4.63603050602152, 1e-06, 3.0293417053242333]"
NU00698,kelvin_log,0.058612380904366,0.0575977504547268,True,"[10.21093500010667, 7.260608547821813, 11.97383455541473, 2.0498299051408475, 1e-06]"
NU00699,kelvin_log,0.0269842378877146,0.0271699208352176,True,"[2.6802936253906027, 17.585793590085263, 1e-06, 0.22292254866515623, 1e-06]"
NU00702,kelvin_log,0.0201234964680891,0.0197820635440521,True,"[14.4859090819563, 28.364894324633926, 17.248898989120924, 1e-06, 1e-06]"
NU00703,kelvin_log,0.0218218682874152,0.0214458195269783,True,"[2.643386263897152, 18.79466668829769, 12.002911228948154, 1e-06, 3.363269553877978]"
NU00704,kelvin_log,0.0397250530749885,0.0391581883441964,True,"[1e-06, 15.167971832871787, 15.249067341754504, 1e-06, 1e-06]"
NU00705,kelvin_log,0.0291162160032386,0.0276836379761693,True,"[1.4626453224710054, 7.070947895145034, 8.294375746779599, 1e-06, 1e-06]"
NU00706,kelvin_log,0.0096513825475657,0.0087137104392519,True,"[1.2524041343363659, 10.666099730112334, 0.6962033091218182, 7.1421185588544995, 5.064687949812317]"
NU00707,kelvin_log,0.0300141968899284,0.0292787468451785,True,"[1.4244842709477115, 8.088483767821215, 3.1518954683073237, 1.8540287117934544, 3.864565094834348]"
NU00709,kelvin_log,0.0319114727696043,0.0270743135240166,True,"[1.8112029697945031, 3.3657635256055842, 1.4946342453004866, 4.045896821624779, 3.36398098893222]"
NU00710,kelvin_log,0.0367747152815499,0.0364722238974294,True,"[16.601547491361387, 36.32908524869027, 21.380614386746267, 1e-06, 1e-06]"
NU00711,kelvin_log,0.0288570748890968,0.0282504901294034,True,"[1e-06, 30.01726930712302, 22.823456373165612, 1e-06, 1e-06]"
NU00712,kelvin_log,0.0258230408456024,0.0247484366608916,True,"[3.3771359173147157, 10.154851819830673, 18.490603625444294, 1e-06, 1e-06]"
NU00714,kelvin_log,0.0348582795242823,0.0344671860199992,True,"[19.329896966777103, 23.72649835879554, 1e-06, 11.151793079568431, 1e-06]"
NU00715,kelvin_log,0.0342183762308329,0.0336240616791146,True,"[1e-06, 8.735847576233267, 4.6409384075975355, 1e-06, 5.857274722057402]"
NU00716,kelvin_log,0.0255935756151518,0.0241105400087409,True,"[9.387741365654481, 11.272650707369209, 6.119334812823692, 10.215382332677754, 5.295443051892284]"
NU00717,kelvin_log,0.01546141726478,0.0154721115712217,True,"[7.747838291585784, 0.6363233135416405, 9.663353342805122, 1e-06, 1e-06]"
NU00718,kelvin_log,0.0076842397915363,0.0076317423586662,True,"[25.524874165885638, 31.40878712981577, 12.325715683964956, 0.43992818193145106, 4.668764976197139]"
NU00719,kelvin_log,0.0077453954529603,0.0077341677560535,True,"[10.39815577619549, 28.30463299925803, 10.638838054723104, 1e-06, 4.516444634591703]"
NU00720,kelvin_log,0.0347900843489627,0.0339010456895214,True,"[3.96842224269191, 20.29064104300617, 19.950687047002575, 1e-06, 1e-06]"
NU00721,kelvin_log,0.0354642209919182,0.0336759152231745,True,"[1e-06, 2.5643936815286805, 8.13574854258791, 3.2771924095000227, 5.947380791175521]"
NU00722,kelvin_log,0.0447899869484691,0.0456489820574642,True,"[10.775646236979341, 18.434961350998634, 6.445566132619964, 1e-06, 1e-06]"
NU00723,kelvin_log,0.0575320329820455,0.0582400584953193,True,"[1e-06, 4.834275010386279, 4.609500885415461, 1e-06, 1e-06]"
NU00724,kelvin_log,0.1330519096203549,0.1460437661564515,True,"[1e-06, 9.523282573426998, 4.6251865646481125, 1e-06, 1e-06]"
NU00725,kelvin_log,0.0458438591670513,0.0445237665396366,True,"[0.3728307013226406, 1e-06, 9.769210601992508, 1e-06, 1e-06]"
NU00738,kelvin_log,0.0307302480333348,0.0266116268417314,True,"[1e-06, 4.222203749449141, 11.240797169865699, 0.19050617694243174, 4.785880800368203]"
NU00739,kelvin_log,0.0117901651243905,0.0098867090453689,True,"[4.783812834345204, 11.243382708451833, 20.363835896542682, 8.717597779627916, 8.793580421972223]"
NU00741,kelvin_log,0.0171697582589481,0.0161527793821694,True,"[1.8174595159418594, 9.9069551986109, 15.515208683757258, 15.581075084500577, 7.03212518873467]"
NU00743,kelvin_log,0.0201561705344525,0.0189114926550292,True,"[2.636781667529822, 24.849843031762394, 42.32431811026751, 1e-06, 1e-06]"
NU00744,kelvin_log,0.0171137749689952,0.0160307766647453,True,"[2.0076502190949896, 4.4719175644829, 5.0194683006521545, 9.911879460761572, 4.477352483270415]"
NU00745,kelvin_log,0.0251135870145494,0.0247681319000791,True,"[10.358756079259068, 13.068162881430698, 22.99222499124417, 8.37596199691254, 4.419431811468184]"
NU00746,kelvin_log,0.0204362386827966,0.0174669525456155,True,"[6.442917588441744, 6.056637913871849, 24.5167599919906, 1.247092362449809, 18.130327795665462]"
NU00747,kelvin_log,0.0094813442632989,0.0084751030348479,True,"[11.91899967452895, 17.249712237196473, 42.26417529329559, 1e-06, 21.030070668695505]"
NU00748,kelvin_log,0.0181581409007419,0.0176961466191106,True,"[3.7997258439988952, 8.762287773522987, 1.9791953466429608, 24.064207018920147, 14.546929490966425]"
NU00749,kelvin_log,0.0186685061642396,0.0184800983139723,True,"[17.96392549825172, 13.543654870700335, 15.89081727841821, 13.810585152601668, 17.18216283856044]"
NU00760,kelvin_log,0.0636083129850874,0.0748500029391493,True,"[1e-06, 2.8588717525550416, 1.6279924031816928, 1.3087685049968547, 9.379516121550628]"
NU00761,kelvin_log,0.0229614460841708,0.0183100370343701,True,"[0.7313161781126134, 5.308448524777311, 9.950066326702729, 3.0086996951886387, 4.329172840240371]"
NU00763,kelvin_log,0.0152806575614719,0.0122649884572227,True,"[4.97501111238165, 12.336012883614034, 18.200463532902187, 13.312539980039034, 6.973536084656083]"
NU00765,kelvin_log,0.022127466571285,0.0178854004194343,True,"[4.031511585262485, 6.935664771098455, 9.822429786606255, 7.8508353083095965, 3.6778031478381488]"
NU00766,kelvin_log,0.0221269134752192,0.0215244310347258,True,"[10.229565012071983, 17.799615097643272, 16.466012249721498, 15.08673250839622, 1e-06]"
NU00767,kelvin_log,0.013843157351988,0.0130136722093185,True,"[4.353467908914337, 32.680149510024584, 44.61338786035979, 1e-06, 1e-06]"
NU00768,kelvin_log,0.0170054428345092,0.0150310491510575,True,"[3.2092770884183213, 8.950062224232726, 9.265075519886498, 22.101023554576805, 6.288772433722334]"
NU00769,kelvin_log,0.0174140335847897,0.0148300174501995,True,"[6.8047790646577, 7.170427271385183, 21.638386866895683, 8.412894598843442, 17.884849580284968]"
NU00770,kelvin_log,0.0225985936848608,0.0224866398394065,True,"[7.8869590927619395, 19.249343057637375, 23.358724786757374, 16.184259710074546, 5.084331627116602]"
NU00771,kelvin_log,0.015824608630625,0.0143955099407914,True,"[2.9226840086677086, 14.638847146642503, 48.85305935889061, 1e-06, 12.530644407935464]"
NU00772,kelvin_log,0.0027653126206661,0.0025460914008326,True,"[0.08930879983619629, 0.6806085179994329, 0.8644638990227977, 0.21590706930896517, 0.6010418517853564]"
NU00773,kelvin_log,0.0049394272392026,0.0042509172331458,True,"[0.38038743382214135, 1.039601856367106, 1.4513808913053277, 1e-06, 0.892241222677758]"
NU00778,kelvin_log,0.0197151797005341,0.0193984268595998,True,"[26.793533969922365, 17.665821444101148, 105.70769317353623, 1e-06, 1e-06]"
NU00779,kelvin_log,0.0223583408499907,0.0211477716140164,True,"[9.060178778691439, 0.9847577111673611, 12.495499972979902, 1e-06, 6.723001148193305]"
NU00780,kelvin_log,0.0091364505171602,0.0088351912115733,True,"[15.612742966068428, 19.320653846731275, 14.942482696935409, 1e-06, 5.883182119856656]"
NU00808,kelvin_log,0.0146422351106914,0.0145629167812144,True,"[1.0917816874033908, 3.517169019783394, 4.583810688043232, 5.871217952768729, 8.001568840371517]"
NU00809,kelvin_log,0.0295205307533003,0.0296825602609279,True,"[5.9760214100279585, 2.4230990286987573, 2.648227513800877, 4.4488557298394324, 11.506585950234589]"
NU00811,kelvin_log,0.0178153410207548,0.0174640326471988,True,"[1.3779404887190978, 3.8425150518124234, 11.493165816014965, 4.035167134401906, 11.605509836235798]"
NU00812,kelvin_log,0.011524799742863,0.0114672003869251,True,"[1e-06, 7.074187323691602, 13.47818896986021, 12.00875018894132, 11.30404458361544]"
NU00813,kelvin_log,0.0106395305581662,0.0108009591731449,True,"[0.9228984561028736, 3.1930013408157465, 14.508197486571401, 2.5435975491378895, 11.5461434185192]"
NU00814,kelvin_log,0.0147979462872357,0.0142987739557516,True,"[1.1579221347106734, 3.4628562853880513, 3.9559396581199633, 6.372468775035011, 8.331116951917574]"
NU00816,kelvin_log,0.0224908998450354,0.0222535209448027,True,"[0.5818075866192152, 4.97873322557524, 4.147906211788331, 6.917993636440463, 6.8477159665860485]"
NU00818,kelvin_log,0.014107030922161,0.013459131216866,True,"[0.26844119685755624, 7.59973029859279, 19.527972005260757, 3.4168308898437045, 22.716957943893092]"
NU00820,kelvin_log,0.0138537509048758,0.0133582183309994,True,"[0.6890111372586496, 5.4971739920888645, 14.793283248714355, 3.980726717026497, 10.385686005231172]"
NU00821,kelvin_log,0.0138537509048758,0.0133582183309994,True,"[0.6890111372586496, 5.4971739920888645, 14.793283248714355, 3.980726717026497, 10.385686005231172]"
NU00822,kelvin_log,0.0106507872624948,0.0101017343844563,True,"[1e-06, 7.888398775424822, 12.46607558104645, 13.712691475531178, 10.904197230125325]"
NU00823,kelvin_log,0.0157637476339189,0.0149885814206665,True,"[0.11736808172176787, 1.9956385665327974, 5.011290986094359, 4.253260121559534, 5.696726246726124]"
NU00824,kelvin_log,0.0069751252758439,0.0066793636412274,True,"[0.9458234158051134, 4.601427726190635, 14.619648592448938, 6.657375216274342, 11.867413170422228]"
NU00825,kelvin_log,0.0069751252758439,0.0066793636412274,True,"[0.9458234158051134, 4.601427726190635, 14.619648592448938, 6.657375216274342, 11.867413170422228]"
NU00924,kelvin_log,0.0584339042867917,0.0590515118820163,True,"[1e-06, 9.216237843889507, 17.61239824277259, 1e-06, 1e-06]"
NU01117,kelvin_log,0.0091122986227992,0.0090383579300749,True,"[4.5493953320289435, 5.351317162503073, 4.631878606235148, 7.343097231159666, 7.361553886802828]"
NU01118,kelvin_log,0.0134407317604093,0.0129537196703974,True,"[25.680467247025078, 23.17463679252699, 21.856292609892336, 15.38031508607804, 14.918289265657299]"
NU01120,kelvin_log,0.0153991261877415,0.0093941798535728,True,"[32.89842618091453, 6.955416909295892, 85.97866098133058, 21.30487315141683, 63.24206671908289]"
NU01167,kelvin_log,0.0064626574481698,0.0061492066384213,True,"[29.654024169856335, 89.0231788224816, 146.52933757946386, 1e-06, 30.22924838603637]"
NU01168,kelvin_log,0.0129095690469587,0.0122648776186226,True,"[17.73479875021949, 48.681915555405396, 133.9378966046359, 1e-06, 6.840628582787872]"
NU01169,kelvin_log,0.010781307564672,0.0102748857345225,True,"[12.038535987674445, 54.069715673635145, 113.3167343404569, 1e-06, 1e-06]"
NU01170,kelvin_log,0.024457884620976,0.0234232168027945,True,"[9.608984775551042, 88.70351769108515, 131.218592843027, 1e-06, 1e-06]"
NU01171,kelvin_log,0.0310485927666732,0.0307490374771797,True,"[1e-06, 1.676259089131666, 5.741899949412401, 1e-06, 3.1182638685556405]"
NU01185,kelvin_log,0.029159532058458,0.030076171564412,True,"[11.954631234223639, 15.565726582235046, 14.361621611845264, 1e-06, 8.559766619493054]"
NU01203,kelvin_log,0.013821412461441,0.0110919848879971,True,"[10.805523780808613, 19.93002387960565, 12.31502951384299, 0.6408844461314455, 10.050255658121232]"
NU01245,kelvin_log,0.0251563956582903,0.0244821505623488,True,"[1e-06, 1e-06, 2.942961379259201, 21.98398306837086, 14.301396880173895]"
NU01247,kelvin_log,0.016460922006692,0.016374043714867,True,"[7.023107292776145, 4.3369702298511825, 5.433688935513057, 11.659280672686752, 7.75405857415804]"
NU01251,kelvin_log,0.0344484581456494,0.0349988235443522,True,"[1e-06, 1e-06, 14.84631584441563, 10.385406778913886, 1e-06]"
NU01253,kelvin_log,0.0316618670872448,0.0298783630516622,True,"[1e-06, 1e-06, 11.39135086137549, 15.483922891839361, 1e-06]"
NU01255,kelvin_log,0.039090948124523,0.037704291688628,True,"[1e-06, 1e-06, 11.964995907615165, 9.930439241276964, 4.654072208916928]"
NU01257,kelvin_log,0.0347238322085823,0.035532688366488,True,"[3.65665034276757, 1e-06, 7.819624467789693, 4.702721488510526, 8.17823586544032]"
NU01259,kelvin_log,0.0248892678908023,0.0249596984837375,True,"[1e-06, 1e-06, 17.57870286656166, 7.131475061078055, 1.2280910550392734]"
NU01317,kelvin_log,0.017401820032972,0.0165092067056451,True,"[5.561735772184037, 1e-06, 13.284951776878046, 4.040045010427118, 3.2139831592074044]"
NU01318,kelvin_log,0.0076745023345645,0.0074643253484241,True,"[5.535599668349111, 6.89265914813641, 23.9121815023454, 1e-06, 4.785859994842801]"
NU01319,kelvin_log,0.0346648662122004,0.0315546389769962,True,"[1.4343455172686603, 11.171906060550413, 1.197832532431225, 14.27648864823006, 1.6330118603972892]"
NU01322,kelvin_log,0.0274658666722757,0.026268446473174,True,"[8.871262689393806, 5.696349986244752, 6.25985486115058, 6.526075984139997, 12.478187111569476]"
NU01323,kelvin_log,0.0276143553590961,0.0271303905310011,True,"[14.604890821491693, 4.890882651096248, 30.853085588637118, 1e-06, 21.772120852914064]"
NU01324,kelvin_log,0.0436952876541965,0.0399432046764734,True,"[2.818665486749182, 5.902653248758872, 0.16977605347935049, 6.111463177667234, 1e-06]"
NU01326,kelvin_log,0.0151153951873053,0.011612184145318,True,"[2.3725686172482336, 11.266966566252819, 18.71893037339057, 10.031894092186862, 13.67057012780075]"
NU01327,kelvin_log,0.0398891318971465,0.0339344958249583,True,"[1e-06, 7.888424935756334, 17.539482608432838, 1e-06, 8.858328423732614]"
NU01328,kelvin_log,0.0133015882478535,0.011625570666769,True,"[1.7604403882413358, 11.917966212138895, 20.432191609849223, 1e-06, 7.750676480849838]"
NU01329,kelvin_log,0.0274715399725614,0.0180603417723574,True,"[1e-06, 9.45004683347731, 15.33027706495381, 1e-06, 15.19168155936168]"
NU01330,kelvin_log,0.0092106395660257,0.006987309527421,True,"[4.832544336833014, 12.021141438283513, 14.13113955007961, 16.569864907398184, 13.868340009034346]"
NU01333,kelvin_log,0.0212707272558016,0.0186047904768035,True,"[1.5178552110129726, 34.123701884083104, 16.62836902718582, 2.3419163110892636, 23.14477408272037]"
NU01334,kelvin_log,0.0184985203607176,0.0158283217712673,True,"[1e-06, 35.71349311109864, 56.41176060394059, 1e-06, 26.37646525125733]"
NU01335,kelvin_log,0.010120016540329,0.0083735076942626,True,"[0.7105915853552154, 21.433491367498682, 35.972835067497435, 3.4566733208355362, 23.31760023093484]"
NU01338,kelvin_log,0.0121542200670109,0.0101113203486252,True,"[1e-06, 20.20030015700232, 58.32229015994853, 1e-06, 34.63813395496621]"
NU01345,kelvin_log,0.0109210902807416,0.0074998324561335,True,"[11.952648930460386, 45.06255776546667, 40.2168662414836, 117.69056340608768, 72.3026298360746]"
NU01350,kelvin_log,0.0202702989917235,0.017450244936322,True,"[1.810193848040089, 12.163810571799736, 12.23664914090937, 0.6414784286857407, 8.840866044761471]"
NU01372,kelvin_log,0.0131573952814431,0.0119765306868329,True,"[3.1657219090523068, 8.171832579097666, 4.025895060292553, 3.5265610547510895, 4.347868502952095]"
NU01373,kelvin_log,0.0110768309199033,0.0108069738855408,True,"[2.610687591205979, 8.507642308277726, 8.64848583748548, 1e-06, 2.3640096066363716]"
NU01374,kelvin_log,0.010979780808749,0.010249318012759,True,"[2.959481804725509, 1e-06, 30.40236662091204, 27.38290587644093, 26.38265667252392]"
NU01375,kelvin_log,0.0077492760387635,0.0075419252045943,True,"[24.188500191109107, 30.69878322279134, 60.56875444896653, 36.012913329044856, 49.78501080308104]"
NU01376,kelvin_log,0.0271447657790176,0.0255593945906598,True,"[1e-06, 11.80230072827098, 5.132984209566913, 2.69556982843197, 13.733251756149944]"
NU01377,kelvin_log,0.0265619547875188,0.0257523553753,True,"[1e-06, 11.962845000728509, 1.934902104272079, 2.6293272794287676, 9.358240296309003]"
NU01378,kelvin_log,0.0310606614207873,0.0243929498593221,True,"[1e-06, 1.5951669936900605, 1.2913124959820157, 7.732809950357061, 6.7569143346558755]"
NU01379,kelvin_log,0.0176909369096641,0.0145381326572927,True,"[1e-06, 4.658520538154311, 2.244443545238329, 7.807500652535982, 6.982017190990215]"
NU01404,kelvin_log,0.0217962547050461,0.0216923819238209,True,"[1e-06, 6.05408029394261, 20.21156239093634, 1e-06, 4.926003018213257]"
NU01405,kelvin_log,0.0156332220867907,0.0148347065152168,True,"[1e-06, 3.3695671461980896, 14.991761893148587, 2.5316248490238005, 7.899404667279871]"
NU01406,kelvin_log,0.0204468877728643,0.0208212662327335,True,"[2.497905174268564, 0.7752825024048472, 12.55201722519011, 4.510495572183631, 8.248626174182107]"
NU01407,kelvin_log,0.030293902907037,0.030426884109998,True,"[1e-06, 1e-06, 9.076015049439963, 8.107125281407155, 4.1428429511736615]"
NU01408,kelvin_log,0.0355847001296999,0.0308412961954643,True,"[1e-06, 2.8907667254277203, 1e-06, 15.053134217833932, 1e-06]"
NU01409,kelvin_log,0.0050451965196816,0.0042384611049438,True,"[1.695627613344818, 0.057588222098602856, 0.9889543389708338, 6.251565171033933, 2.9648649720605253]"
NU01410,kelvin_log,0.0052466320502458,0.0048659865169721,True,"[0.6651534474980016, 1e-06, 41.429263535922225, 27.267504039289364, 32.24037033924156]"
NU01413,kelvin_log,0.0132854996499663,0.0120580829569071,True,"[1e-06, 4.62983006113715, 12.22791860640843, 19.355463940157723, 18.532628576886374]"
NU01414,kelvin_log,0.0169593221533938,0.0158739623685954,True,"[0.16101059316068622, 2.6568818900109883, 17.67143623008879, 10.735863120225169, 15.635276357034654]"
NU01415,kelvin_log,0.0181072078450899,0.017389583807903,True,"[1e-06, 2.6773508682443956, 15.70126290040163, 1.7631340532833553, 7.10686708344148]"
NU01416,kelvin_log,0.0111961077179345,0.0106645063573283,True,"[1.6203870050667153, 5.702329685441434, 16.578086995142318, 18.505792099409828, 23.231983562748123]"
NU01417,kelvin_log,0.0094395849407342,0.0086324547445775,True,"[1e-06, 3.488933948334186, 15.481242553090961, 20.523707536718092, 17.697888373287192]"
NU01418,kelvin_log,0.0187472929242485,0.0166145427267005,True,"[8.265063379712435, 4.13495224940525, 16.98169989033238, 27.532899934034404, 9.691198561449887]"
NU01419,kelvin_log,0.0154189004239461,0.0153199766977449,True,"[1e-06, 2.261182827883347, 12.072709363480932, 19.259819230431344, 18.279895394298755]"
NU01420,kelvin_log,0.0091183213956933,0.0081809504172829,True,"[1.9230191204480664, 5.323748564926098, 2.4958595679638127, 21.09923361965882, 12.386221762456131]"
NU01421,kelvin_log,0.0168139621961902,0.0144734948811534,True,"[1e-06, 4.031744716486877, 2.2018630625044655, 19.93045470153538, 9.53043361821063]"
NU01428,kelvin_log,0.0105669952233214,0.0099597851119967,True,"[4.854359529094821, 1.9073778085035566, 22.533903053665142, 29.361858764180145, 34.83590211811376]"
NU01429,kelvin_log,0.0054093970581575,0.0049618730612973,True,"[9.777304141675309, 3.3070813695692225, 23.255890805434706, 35.700626921938664, 26.416544764021925]"
NU01430,kelvin_log,0.0175681482352724,0.0154339676467234,True,"[9.439736508059966, 7.82369732200736, 19.197913792860923, 43.14518588956567, 15.309177554167157]"
NU01431,kelvin_log,0.0100584614911054,0.0099062911208873,True,"[1e-06, 1e-06, 22.31390602827635, 33.32861294731009, 16.34961880719548]"
NU01432,kelvin_log,0.0107808272209777,0.0099396448365811,True,"[10.109504732989963, 4.752597974358239, 11.985537322939845, 21.929032742739782, 19.120344529884076]"
NU01433,kelvin_log,0.0100759471380674,0.0091923412142594,True,"[2.9729809871826975, 1e-06, 10.589316596546993, 12.695260068293855, 9.569807032620968]"
