curve_id,group,split,t_day,increment_ue_per_MPa,anchor_day,context_at_day10,rho,fc,E28
NU00017,NU_L103,train,1.0,0.0,1.0,True,2333.86,25.4,
NU00017,NU_L103,train,2.0,8.0,1.0,True,2333.86,25.4,
NU00017,NU_L103,train,4.0,13.0,1.0,True,2333.86,25.4,
NU00017,NU_L103,train,8.0,18.0,1.0,True,2333.86,25.4,
NU00017,NU_L103,train,15.0,24.0,1.0,False,2333.86,25.4,
NU00017,NU_L103,train,29.0,33.0,1.0,False,2333.86,25.4,
NU00017,NU_L103,train,56.0,44.0,1.0,False,2333.86,25.4,
NU00017,NU_L103,train,90.0,52.0,1.0,False,2333.86,25.4,
NU00017,NU_L103,train,141.0,58.0,1.0,False,2333.86,25.4,
NU00019,NU_L103,train,1.0,0.0,1.0,True,2333.86,25.4,
NU00019,NU_L103,train,2.0,6.0,1.0,True,2333.86,25.4,
NU00019,NU_L103,train,4.0,10.0,1.0,True,2333.86,25.4,
NU00019,NU_L103,train,8.0,14.0,1.0,True,2333.86,25.4,
NU00019,NU_L103,train,15.0,18.0,1.0,False,2333.86,25.4,
NU00019,NU_L103,train,29.0,26.0,1.0,False,2333.86,25.4,
NU00019,NU_L103,train,56.0,34.0,1.0,False,2333.86,25.4,
NU00019,NU_L103,train,90.0,37.0,1.0,False,2333.86,25.4,
NU00019,NU_L103,train,141.0,42.0,1.0,False,2333.86,25.4,
NU00020,NU_L103,train,1.0,0.0,1.0,True,2333.86,25.4,
NU00020,NU_L103,train,2.0,6.0,1.0,True,2333.86,25.4,
NU00020,NU_L103,train,4.0,10.0,1.0,True,2333.86,25.4,
NU00020,NU_L103,train,8.0,13.0,1.0,True,2333.86,25.4,
NU00020,NU_L103,train,15.0,18.0,1.0,False,2333.86,25.4,
NU00020,NU_L103,train,29.0,25.0,1.0,False,2333.86,25.4,
NU00020,NU_L103,train,56.0,31.0,1.0,False,2333.86,25.4,
NU00020,NU_L103,train,90.0,35.0,1.0,False,2333.86,25.4,
NU00020,NU_L103,train,141.0,40.0,1.0,False,2333.86,25.4,
NU00022,NU_L103,train,1.0,0.0,1.0,True,2338.78,28.0,
NU00022,NU_L103,train,3.0,11.0,1.0,True,2338.78,28.0,
NU00022,NU_L103,train,7.0,21.0,1.0,True,2338.78,28.0,
NU00022,NU_L103,train,13.0,28.0,1.0,False,2338.78,28.0,
NU00022,NU_L103,train,28.0,39.0,1.0,False,2338.78,28.0,
NU00022,NU_L103,train,56.0,50.0,1.0,False,2338.78,28.0,
NU00022,NU_L103,train,82.0,56.0,1.0,False,2338.78,28.0,
NU00024,NU_L103,train,1.0,0.0,1.0,True,2345.26,46.9,
NU00024,NU_L103,train,3.0,6.0,1.0,True,2345.26,46.9,
NU00024,NU_L103,train,7.0,11.0,1.0,True,2345.26,46.9,
NU00024,NU_L103,train,14.0,15.0,1.0,False,2345.26,46.9,
NU00024,NU_L103,train,28.0,22.0,1.0,False,2345.26,46.9,
NU00024,NU_L103,train,55.0,29.0,1.0,False,2345.26,46.9,
NU00024,NU_L103,train,85.0,33.0,1.0,False,2345.26,46.9,
NU00025,NU_L103,train,1.0,0.0,1.0,True,2338.78,28.0,
NU00025,NU_L103,train,3.0,16.299999999999997,1.0,True,2338.78,28.0,
NU00025,NU_L103,train,7.0,29.0,1.0,True,2338.78,28.0,
NU00025,NU_L103,train,13.0,39.89999999999999,1.0,False,2338.78,28.0,
NU00025,NU_L103,train,28.0,54.2,1.0,False,2338.78,28.0,
NU00025,NU_L103,train,56.0,69.99999999999999,1.0,False,2338.78,28.0,
NU00025,NU_L103,train,82.0,78.60000000000001,1.0,False,2338.78,28.0,
NU00026,NU_L103,train,1.0,0.0,1.0,True,2338.78,28.0,
NU00026,NU_L103,train,3.0,11.599999999999994,1.0,True,2338.78,28.0,
NU00026,NU_L103,train,7.0,30.89999999999999,1.0,True,2338.78,28.0,
NU00026,NU_L103,train,13.0,47.999999999999986,1.0,False,2338.78,28.0,
NU00026,NU_L103,train,28.0,66.99999999999999,1.0,False,2338.78,28.0,
NU00026,NU_L103,train,56.0,81.89999999999999,1.0,False,2338.78,28.0,
NU00026,NU_L103,train,82.0,93.10000000000001,1.0,False,2338.78,28.0,
NU00027,NU_L103,train,1.0,0.0,1.0,True,2345.26,46.9,
NU00027,NU_L103,train,3.0,7.0,1.0,True,2345.26,46.9,
NU00027,NU_L103,train,7.0,13.700000000000003,1.0,True,2345.26,46.9,
NU00027,NU_L103,train,14.0,19.0,1.0,False,2345.26,46.9,
NU00027,NU_L103,train,28.0,25.599999999999994,1.0,False,2345.26,46.9,
NU00027,NU_L103,train,55.0,32.7,1.0,False,2345.26,46.9,
NU00027,NU_L103,train,85.0,37.8,1.0,False,2345.26,46.9,
NU00029,NU_L109,train,1.0,0.0,1.0,True,2320.0,26.9,
NU00029,NU_L109,train,3.0,14.300000000000011,1.0,True,2320.0,26.9,
NU00029,NU_L109,train,7.0,16.30000000000001,1.0,True,2320.0,26.9,
NU00029,NU_L109,train,14.0,30.60000000000001,1.0,False,2320.0,26.9,
NU00029,NU_L109,train,28.0,42.80000000000001,1.0,False,2320.0,26.9,
NU00029,NU_L109,train,56.0,61.20000000000002,1.0,False,2320.0,26.9,
NU00029,NU_L109,train,91.0,63.20000000000002,1.0,False,2320.0,26.9,
NU00029,NU_L109,train,120.0,73.4,1.0,False,2320.0,26.9,
NU00029,NU_L109,train,150.0,73.4,1.0,False,2320.0,26.9,
NU00030,NU_L109,train,1.0,0.0,1.0,True,2320.0,26.9,
NU00030,NU_L109,train,3.0,8.299999999999997,1.0,True,2320.0,26.9,
NU00030,NU_L109,train,7.0,15.699999999999989,1.0,True,2320.0,26.9,
NU00030,NU_L109,train,14.0,18.5,1.0,False,2320.0,26.9,
NU00030,NU_L109,train,28.0,28.69999999999999,1.0,False,2320.0,26.9,
NU00030,NU_L109,train,56.0,44.5,1.0,False,2320.0,26.9,
NU00030,NU_L109,train,90.0,55.599999999999994,1.0,False,2320.0,26.9,
NU00030,NU_L109,train,120.0,59.3,1.0,False,2320.0,26.9,
NU00030,NU_L109,train,150.0,63.900000000000006,1.0,False,2320.0,26.9,
NU00031,NU_L109,train,1.0,0.0,1.0,True,2320.0,26.9,
NU00031,NU_L109,train,4.0,9.400000000000006,1.0,True,2320.0,26.9,
NU00031,NU_L109,train,7.0,15.200000000000003,1.0,True,2320.0,26.9,
NU00031,NU_L109,train,14.0,23.299999999999997,1.0,False,2320.0,26.9,
NU00031,NU_L109,train,28.0,34.900000000000006,1.0,False,2320.0,26.9,
NU00031,NU_L109,train,56.0,44.400000000000006,1.0,False,2320.0,26.9,
NU00031,NU_L109,train,89.0,51.7,1.0,False,2320.0,26.9,
NU00031,NU_L109,train,151.0,63.3,1.0,False,2320.0,26.9,
NU00032,NU_L109,train,1.0,0.0,1.0,True,2320.0,41.9,
NU00032,NU_L109,train,3.0,8.5,1.0,True,2320.0,41.9,
NU00032,NU_L109,train,7.0,17.799999999999997,1.0,True,2320.0,41.9,
NU00032,NU_L109,train,14.0,26.299999999999997,1.0,False,2320.0,41.9,
NU00032,NU_L109,train,28.0,37.39999999999999,1.0,False,2320.0,41.9,
NU00032,NU_L109,train,56.0,47.599999999999994,1.0,False,2320.0,41.9,
NU00032,NU_L109,train,90.0,50.099999999999994,1.0,False,2320.0,41.9,
NU00032,NU_L109,train,120.0,54.39999999999999,1.0,False,2320.0,41.9,
NU00032,NU_L109,train,150.0,57.8,1.0,False,2320.0,41.9,
NU00033,NU_L109,train,1.0,0.0,1.0,True,2320.0,41.9,
NU00033,NU_L109,train,3.0,7.199999999999996,1.0,True,2320.0,41.9,
NU00033,NU_L109,train,7.0,8.399999999999999,1.0,True,2320.0,41.9,
NU00033,NU_L109,train,14.0,14.399999999999999,1.0,False,2320.0,41.9,
NU00033,NU_L109,train,28.0,25.200000000000003,1.0,False,2320.0,41.9,
NU00033,NU_L109,train,56.0,31.200000000000003,1.0,False,2320.0,41.9,
NU00033,NU_L109,train,90.0,37.7,1.0,False,2320.0,41.9,
NU00033,NU_L109,train,120.0,42.5,1.0,False,2320.0,41.9,
NU00033,NU_L109,train,150.0,46.099999999999994,1.0,False,2320.0,41.9,
NU00034,NU_L109,train,1.0,0.0,1.0,True,2320.0,41.9,
NU00034,NU_L109,train,3.0,3.700000000000003,1.0,True,2320.0,41.9,
NU00034,NU_L109,train,5.0,7.299999999999997,1.0,True,2320.0,41.9,
NU00034,NU_L109,train,7.0,8.399999999999999,1.0,True,2320.0,41.9,
NU00034,NU_L109,train,14.0,13.600000000000001,1.0,False,2320.0,41.9,
NU00034,NU_L109,train,28.0,19.400000000000006,1.0,False,2320.0,41.9,
NU00034,NU_L109,train,56.0,27.200000000000003,1.0,False,2320.0,41.9,
NU00034,NU_L109,train,91.0,34.0,1.0,False,2320.0,41.9,
NU00034,NU_L109,train,101.0,35.599999999999994,1.0,False,2320.0,41.9,
NU00034,NU_L109,train,102.0,36.099999999999994,1.0,False,2320.0,41.9,
NU00034,NU_L109,train,104.0,37.099999999999994,1.0,False,2320.0,41.9,
NU00034,NU_L109,train,150.0,42.900000000000006,1.0,False,2320.0,41.9,
NU00035,NU_L109,train,1.0,0.0,1.0,True,2369.8,43.1,
NU00035,NU_L109,train,3.0,5.200000000000003,1.0,True,2369.8,43.1,
NU00035,NU_L109,train,7.0,7.5,1.0,True,2369.8,43.1,
NU00035,NU_L109,train,14.0,10.399999999999999,1.0,False,2369.8,43.1,
NU00035,NU_L109,train,28.0,15.700000000000003,1.0,False,2369.8,43.1,
NU00035,NU_L109,train,56.0,20.300000000000004,1.0,False,2369.8,43.1,
NU00035,NU_L109,train,90.0,24.4,1.0,False,2369.8,43.1,
NU00035,NU_L109,train,121.0,26.199999999999996,1.0,False,2369.8,43.1,
NU00035,NU_L109,train,150.0,29.699999999999996,1.0,False,2369.8,43.1,
NU00036,NU_L109,train,1.0,0.0,1.0,True,2360.45,35.3,
NU00036,NU_L109,train,3.0,3.6000000000000014,1.0,True,2360.45,35.3,
NU00036,NU_L109,train,7.0,12.0,1.0,True,2360.45,35.3,
NU00036,NU_L109,train,14.0,15.5,1.0,False,2360.45,35.3,
NU00036,NU_L109,train,28.0,19.700000000000003,1.0,False,2360.45,35.3,
NU00036,NU_L109,train,56.0,26.799999999999997,1.0,False,2360.45,35.3,
NU00036,NU_L109,train,90.0,31.0,1.0,False,2360.45,35.3,
NU00036,NU_L109,train,120.0,34.5,1.0,False,2360.45,35.3,
NU00036,NU_L109,train,150.0,35.900000000000006,1.0,False,2360.45,35.3,
NU00037,NU_L109,train,1.0,0.0,1.0,True,2310.1000000000004,19.0,
NU00037,NU_L109,train,3.0,7.599999999999994,1.0,True,2310.1000000000004,19.0,
NU00037,NU_L109,train,7.0,16.599999999999994,1.0,True,2310.1000000000004,19.0,
NU00037,NU_L109,train,14.0,21.700000000000003,1.0,False,2310.1000000000004,19.0,
NU00037,NU_L109,train,28.0,33.099999999999994,1.0,False,2310.1000000000004,19.0,
NU00037,NU_L109,train,56.0,44.599999999999994,1.0,False,2310.1000000000004,19.0,
NU00037,NU_L109,train,90.0,56.099999999999994,1.0,False,2310.1000000000004,19.0,
NU00037,NU_L109,train,120.0,63.69999999999999,1.0,False,2310.1000000000004,19.0,
NU00037,NU_L109,train,153.0,72.6,1.0,False,2310.1000000000004,19.0,
NU00050,NU_L110,validation,0.0599194,0.0,0.0599194,True,2340.15,24.4,20620.0
NU00050,NU_L110,validation,1.0,18.700000000000003,0.0599194,True,2340.15,24.4,20620.0
NU00050,NU_L110,validation,2.0,23.900000000000006,0.0599194,True,2340.15,24.4,20620.0
NU00050,NU_L110,validation,3.0,26.0,0.0599194,True,2340.15,24.4,20620.0
NU00050,NU_L110,validation,4.0,30.099999999999994,0.0599194,True,2340.15,24.4,20620.0
NU00050,NU_L110,validation,6.0,33.400000000000006,0.0599194,True,2340.15,24.4,20620.0
NU00050,NU_L110,validation,8.0,35.3,0.0599194,True,2340.15,24.4,20620.0
NU00050,NU_L110,validation,12.0,39.5,0.0599194,False,2340.15,24.4,20620.0
NU00050,NU_L110,validation,15.0,40.5,0.0599194,False,2340.15,24.4,20620.0
NU00050,NU_L110,validation,22.0,46.8,0.0599194,False,2340.15,24.4,20620.0
NU00050,NU_L110,validation,28.0,47.8,0.0599194,False,2340.15,24.4,20620.0
NU00050,NU_L110,validation,33.0,53.0,0.0599194,False,2340.15,24.4,20620.0
NU00050,NU_L110,validation,36.0,53.0,0.0599194,False,2340.15,24.4,20620.0
NU00050,NU_L110,validation,44.0,56.099999999999994,0.0599194,False,2340.15,24.4,20620.0
NU00050,NU_L110,validation,62.0,61.3,0.0599194,False,2340.15,24.4,20620.0
NU00050,NU_L110,validation,68.0,64.5,0.0599194,False,2340.15,24.4,20620.0
NU00050,NU_L110,validation,81.0,67.6,0.0599194,False,2340.15,24.4,20620.0
NU00050,NU_L110,validation,98.0,69.7,0.0599194,False,2340.15,24.4,20620.0
NU00050,NU_L110,validation,109.0,72.8,0.0599194,False,2340.15,24.4,20620.0
NU00050,NU_L110,validation,134.0,75.9,0.0599194,False,2340.15,24.4,20620.0
NU00050,NU_L110,validation,141.0,79.0,0.0599194,False,2340.15,24.4,20620.0
NU00050,NU_L110,validation,155.0,80.1,0.0599194,False,2340.15,24.4,20620.0
NU00051,NU_L110,validation,0.214587,0.0,0.214587,True,2365.45,25.8,32790.0
NU00051,NU_L110,validation,1.0,7.300000000000001,0.214587,True,2365.45,25.8,32790.0
NU00051,NU_L110,validation,2.0,12.500000000000004,0.214587,True,2365.45,25.8,32790.0
NU00051,NU_L110,validation,3.0,13.500000000000004,0.214587,True,2365.45,25.8,32790.0
NU00051,NU_L110,validation,4.0,15.599999999999998,0.214587,True,2365.45,25.8,32790.0
NU00051,NU_L110,validation,7.0,19.8,0.214587,True,2365.45,25.8,32790.0
NU00051,NU_L110,validation,9.0,20.8,0.214587,True,2365.45,25.8,32790.0
NU00051,NU_L110,validation,15.0,26.000000000000004,0.214587,False,2365.45,25.8,32790.0
NU00051,NU_L110,validation,22.0,29.099999999999998,0.214587,False,2365.45,25.8,32790.0
NU00051,NU_L110,validation,25.0,29.099999999999998,0.214587,False,2365.45,25.8,32790.0
NU00051,NU_L110,validation,29.0,31.2,0.214587,False,2365.45,25.8,32790.0
NU00051,NU_L110,validation,35.0,32.3,0.214587,False,2365.45,25.8,32790.0
NU00051,NU_L110,validation,39.0,34.3,0.214587,False,2365.45,25.8,32790.0
NU00051,NU_L110,validation,45.0,33.3,0.214587,False,2365.45,25.8,32790.0
NU00051,NU_L110,validation,51.0,37.5,0.214587,False,2365.45,25.8,32790.0
NU00051,NU_L110,validation,56.0,39.5,0.214587,False,2365.45,25.8,32790.0
NU00051,NU_L110,validation,73.0,43.7,0.214587,False,2365.45,25.8,32790.0
NU00051,NU_L110,validation,79.0,44.7,0.214587,False,2365.45,25.8,32790.0
NU00051,NU_L110,validation,95.0,45.8,0.214587,False,2365.45,25.8,32790.0
NU00051,NU_L110,validation,109.0,49.89999999999999,0.214587,False,2365.45,25.8,32790.0
NU00051,NU_L110,validation,123.0,52.0,0.214587,False,2365.45,25.8,32790.0
NU00051,NU_L110,validation,141.0,53.099999999999994,0.214587,False,2365.45,25.8,32790.0
NU00051,NU_L110,validation,144.0,54.099999999999994,0.214587,False,2365.45,25.8,32790.0
NU00051,NU_L110,validation,157.0,57.2,0.214587,False,2365.45,25.8,32790.0
NU00052,NU_L110,validation,0.190425,0.0,0.190425,True,2341.15,26.4,26670.0
NU00052,NU_L110,validation,1.0,13.600000000000001,0.190425,True,2341.15,26.4,26670.0
NU00052,NU_L110,validation,2.0,21.9,0.190425,True,2341.15,26.4,26670.0
NU00052,NU_L110,validation,3.0,23.999999999999993,0.190425,True,2341.15,26.4,26670.0
NU00052,NU_L110,validation,7.0,30.199999999999996,0.190425,True,2341.15,26.4,26670.0
NU00052,NU_L110,validation,10.0,34.4,0.190425,True,2341.15,26.4,26670.0
NU00052,NU_L110,validation,14.0,38.49999999999999,0.190425,False,2341.15,26.4,26670.0
NU00052,NU_L110,validation,17.0,40.6,0.190425,False,2341.15,26.4,26670.0
NU00052,NU_L110,validation,20.0,43.699999999999996,0.190425,False,2341.15,26.4,26670.0
NU00052,NU_L110,validation,27.0,44.800000000000004,0.190425,False,2341.15,26.4,26670.0
NU00052,NU_L110,validation,31.0,46.9,0.190425,False,2341.15,26.4,26670.0
NU00052,NU_L110,validation,36.0,49.99999999999999,0.190425,False,2341.15,26.4,26670.0
NU00052,NU_L110,validation,43.0,53.1,0.190425,False,2341.15,26.4,26670.0
NU00052,NU_L110,validation,58.0,58.300000000000004,0.190425,False,2341.15,26.4,26670.0
NU00052,NU_L110,validation,66.0,60.4,0.190425,False,2341.15,26.4,26670.0
NU00052,NU_L110,validation,73.0,63.49999999999999,0.190425,False,2341.15,26.4,26670.0
NU00052,NU_L110,validation,80.0,64.5,0.190425,False,2341.15,26.4,26670.0
NU00052,NU_L110,validation,101.0,68.69999999999999,0.190425,False,2341.15,26.4,26670.0
NU00052,NU_L110,validation,120.0,71.80000000000001,0.190425,False,2341.15,26.4,26670.0
NU00052,NU_L110,validation,129.0,73.9,0.190425,False,2341.15,26.4,26670.0
NU00053,NU_L110,validation,0.0567541,0.0,0.0567541,True,2405.55,23.4,17860.0
NU00053,NU_L110,validation,1.0,21.800000000000004,0.0567541,True,2405.55,23.4,17860.0
NU00053,NU_L110,validation,2.0,24.9,0.0567541,True,2405.55,23.4,17860.0
NU00053,NU_L110,validation,7.0,35.300000000000004,0.0567541,True,2405.55,23.4,17860.0
NU00053,NU_L110,validation,9.0,37.4,0.0567541,True,2405.55,23.4,17860.0
NU00053,NU_L110,validation,14.0,42.6,0.0567541,False,2405.55,23.4,17860.0
NU00053,NU_L110,validation,17.0,43.699999999999996,0.0567541,False,2405.55,23.4,17860.0
NU00053,NU_L110,validation,21.0,45.699999999999996,0.0567541,False,2405.55,23.4,17860.0
NU00053,NU_L110,validation,27.0,48.9,0.0567541,False,2405.55,23.4,17860.0
NU00053,NU_L110,validation,31.0,49.9,0.0567541,False,2405.55,23.4,17860.0
NU00053,NU_L110,validation,43.0,55.1,0.0567541,False,2405.55,23.4,17860.0
NU00053,NU_L110,validation,48.0,58.199999999999996,0.0567541,False,2405.55,23.4,17860.0
NU00053,NU_L110,validation,65.0,63.4,0.0567541,False,2405.55,23.4,17860.0
NU00053,NU_L110,validation,77.0,64.5,0.0567541,False,2405.55,23.4,17860.0
NU00053,NU_L110,validation,83.0,66.5,0.0567541,False,2405.55,23.4,17860.0
NU00053,NU_L110,validation,94.0,66.5,0.0567541,False,2405.55,23.4,17860.0
NU00053,NU_L110,validation,104.0,69.69999999999999,0.0567541,False,2405.55,23.4,17860.0
NU00053,NU_L110,validation,122.0,71.69999999999999,0.0567541,False,2405.55,23.4,17860.0
NU00053,NU_L110,validation,136.0,72.79999999999998,0.0567541,False,2405.55,23.4,17860.0
NU00053,NU_L110,validation,155.0,75.9,0.0567541,False,2405.55,23.4,17860.0
NU00054,NU_L110,validation,0.0178853,0.0,0.0178853,True,2377.15,27.8,22370.0
NU00054,NU_L110,validation,0.2,9.399999999999999,0.0178853,True,2377.15,27.8,22370.0
NU00054,NU_L110,validation,1.0,16.700000000000003,0.0178853,True,2377.15,27.8,22370.0
NU00054,NU_L110,validation,2.0,19.799999999999997,0.0178853,True,2377.15,27.8,22370.0
NU00054,NU_L110,validation,3.0,22.0,0.0178853,True,2377.15,27.8,22370.0
NU00054,NU_L110,validation,6.0,27.099999999999994,0.0178853,True,2377.15,27.8,22370.0
NU00054,NU_L110,validation,9.0,31.299999999999997,0.0178853,True,2377.15,27.8,22370.0
NU00054,NU_L110,validation,12.0,33.3,0.0178853,False,2377.15,27.8,22370.0
NU00054,NU_L110,validation,16.0,34.400000000000006,0.0178853,False,2377.15,27.8,22370.0
NU00054,NU_L110,validation,23.0,40.599999999999994,0.0178853,False,2377.15,27.8,22370.0
NU00054,NU_L110,validation,33.0,44.8,0.0178853,False,2377.15,27.8,22370.0
NU00054,NU_L110,validation,44.0,48.900000000000006,0.0178853,False,2377.15,27.8,22370.0
NU00054,NU_L110,validation,51.0,50.0,0.0178853,False,2377.15,27.8,22370.0
NU00054,NU_L110,validation,62.0,53.099999999999994,0.0178853,False,2377.15,27.8,22370.0
NU00054,NU_L110,validation,65.0,54.099999999999994,0.0178853,False,2377.15,27.8,22370.0
NU00054,NU_L110,validation,75.0,58.3,0.0178853,False,2377.15,27.8,22370.0
NU00054,NU_L110,validation,86.0,60.400000000000006,0.0178853,False,2377.15,27.8,22370.0
NU00054,NU_L110,validation,99.0,61.400000000000006,0.0178853,False,2377.15,27.8,22370.0
NU00054,NU_L110,validation,113.0,64.5,0.0178853,False,2377.15,27.8,22370.0
NU00054,NU_L110,validation,138.0,65.6,0.0178853,False,2377.15,27.8,22370.0
NU00055,NU_L110,validation,0.234152,0.0,0.234152,True,2632.35,28.4,30310.0
NU00055,NU_L110,validation,1.0,8.3,0.234152,True,2632.35,28.4,30310.0
NU00055,NU_L110,validation,2.0,13.500000000000004,0.234152,True,2632.35,28.4,30310.0
NU00055,NU_L110,validation,4.0,17.7,0.234152,True,2632.35,28.4,30310.0
NU00055,NU_L110,validation,7.0,20.8,0.234152,True,2632.35,28.4,30310.0
NU00055,NU_L110,validation,11.0,21.8,0.234152,False,2632.35,28.4,30310.0
NU00055,NU_L110,validation,14.0,25.000000000000004,0.234152,False,2632.35,28.4,30310.0
NU00055,NU_L110,validation,18.0,27.000000000000004,0.234152,False,2632.35,28.4,30310.0
NU00055,NU_L110,validation,25.0,31.2,0.234152,False,2632.35,28.4,30310.0
NU00055,NU_L110,validation,32.0,31.2,0.234152,False,2632.35,28.4,30310.0
NU00055,NU_L110,validation,43.0,35.39999999999999,0.234152,False,2632.35,28.4,30310.0
NU00055,NU_L110,validation,46.0,35.39999999999999,0.234152,False,2632.35,28.4,30310.0
NU00055,NU_L110,validation,56.0,38.5,0.234152,False,2632.35,28.4,30310.0
NU00055,NU_L110,validation,64.0,38.5,0.234152,False,2632.35,28.4,30310.0
NU00055,NU_L110,validation,71.0,40.599999999999994,0.234152,False,2632.35,28.4,30310.0
NU00055,NU_L110,validation,80.0,42.7,0.234152,False,2632.35,28.4,30310.0
NU00055,NU_L110,validation,88.0,41.599999999999994,0.234152,False,2632.35,28.4,30310.0
NU00055,NU_L110,validation,119.0,45.599999999999994,0.234152,False,2632.35,28.4,30310.0
NU00055,NU_L110,validation,142.0,46.8,0.234152,False,2632.35,28.4,30310.0
NU00055,NU_L110,validation,158.0,46.8,0.234152,False,2632.35,28.4,30310.0
NU00056,NU_L59,train,0.012,0.0,0.012,True,2349.02,45.2,25860.0
NU00056,NU_L59,train,1.0,18.4,0.012,True,2349.02,45.2,25860.0
NU00056,NU_L59,train,7.0,28.4,0.012,True,2349.02,45.2,25860.0
NU00056,NU_L59,train,28.0,38.4,0.012,False,2349.02,45.2,25860.0
NU00056,NU_L59,train,91.0,48.4,0.012,False,2349.02,45.2,25860.0
NU00057,NU_L59,train,0.063,0.0,0.063,True,2349.02,45.2,25860.0
NU00057,NU_L59,train,1.0,18.4,0.063,True,2349.02,45.2,25860.0
NU00057,NU_L59,train,7.0,34.4,0.063,True,2349.02,45.2,25860.0
NU00057,NU_L59,train,28.0,48.4,0.063,False,2349.02,45.2,25860.0
NU00057,NU_L59,train,91.0,60.4,0.063,False,2349.02,45.2,25860.0
NU00058,NU_L59,train,0.1,0.0,0.1,True,2349.02,45.2,25860.0
NU00058,NU_L59,train,1.0,19.4,0.1,True,2349.02,45.2,25860.0
NU00058,NU_L59,train,7.0,38.4,0.1,True,2349.02,45.2,25860.0
NU00058,NU_L59,train,28.0,56.4,0.1,False,2349.02,45.2,25860.0
NU00058,NU_L59,train,91.0,72.4,0.1,False,2349.02,45.2,25860.0
NU00059,NU_L59,train,0.057,0.0,0.057,True,2349.02,45.2,25860.0
NU00059,NU_L59,train,1.0,25.4,0.057,True,2349.02,45.2,25860.0
NU00059,NU_L59,train,7.0,43.4,0.057,True,2349.02,45.2,25860.0
NU00059,NU_L59,train,28.0,64.4,0.057,False,2349.02,45.2,25860.0
NU00059,NU_L59,train,91.0,84.4,0.057,False,2349.02,45.2,25860.0
NU00060,NU_L59,train,0.06,0.0,0.06,True,2349.02,45.2,25860.0
NU00060,NU_L59,train,1.0,16.4,0.06,True,2349.02,45.2,25860.0
NU00060,NU_L59,train,7.0,29.4,0.06,True,2349.02,45.2,25860.0
NU00060,NU_L59,train,28.0,42.4,0.06,False,2349.02,45.2,25860.0
NU00060,NU_L59,train,91.0,57.4,0.06,False,2349.02,45.2,25860.0
NU00061,NU_L59,train,0.1,0.0,0.1,True,2349.02,45.2,25860.0
NU00061,NU_L59,train,1.0,15.399999999999999,0.1,True,2349.02,45.2,25860.0
NU00061,NU_L59,train,7.0,31.4,0.1,True,2349.02,45.2,25860.0
NU00061,NU_L59,train,28.0,45.4,0.1,False,2349.02,45.2,25860.0
NU00061,NU_L59,train,91.0,57.4,0.1,False,2349.02,45.2,25860.0
NU00062,NU_L59,train,0.18,0.0,0.18,True,2349.02,45.2,25860.0
NU00062,NU_L59,train,1.0,15.399999999999999,0.18,True,2349.02,45.2,25860.0
NU00062,NU_L59,train,7.0,33.4,0.18,True,2349.02,45.2,25860.0
NU00062,NU_L59,train,28.0,52.4,0.18,False,2349.02,45.2,25860.0
NU00062,NU_L59,train,91.0,70.4,0.18,False,2349.02,45.2,25860.0
NU00063,NU_L59,train,0.21,0.0,0.21,True,2349.02,45.2,25860.0
NU00063,NU_L59,train,1.0,15.399999999999999,0.21,True,2349.02,45.2,25860.0
NU00063,NU_L59,train,7.0,37.4,0.21,True,2349.02,45.2,25860.0
NU00063,NU_L59,train,28.0,57.4,0.21,False,2349.02,45.2,25860.0
NU00063,NU_L59,train,91.0,76.4,0.21,False,2349.02,45.2,25860.0
NU00064,NU_L62,train,1.0,0.0,1.0,True,2206.4,33.9,
NU00064,NU_L62,train,7.0,18.0,1.0,True,2206.4,33.9,
NU00064,NU_L62,train,14.0,23.0,1.0,False,2206.4,33.9,
NU00064,NU_L62,train,21.0,26.0,1.0,False,2206.4,33.9,
NU00064,NU_L62,train,28.0,26.0,1.0,False,2206.4,33.9,
NU00064,NU_L62,train,43.0,29.0,1.0,False,2206.4,33.9,
NU00064,NU_L62,train,56.0,40.0,1.0,False,2206.4,33.9,
NU00064,NU_L62,train,70.0,39.0,1.0,False,2206.4,33.9,
NU00064,NU_L62,train,90.0,47.0,1.0,False,2206.4,33.9,
NU00064,NU_L62,train,117.0,50.0,1.0,False,2206.4,33.9,
NU00064,NU_L62,train,150.0,53.0,1.0,False,2206.4,33.9,
NU00068,NU_L62,train,1.0,0.0,1.0,True,2206.4,33.9,
NU00068,NU_L62,train,7.0,23.0,1.0,True,2206.4,33.9,
NU00068,NU_L62,train,14.0,34.0,1.0,False,2206.4,33.9,
NU00068,NU_L62,train,21.0,40.0,1.0,False,2206.4,33.9,
NU00068,NU_L62,train,28.0,42.0,1.0,False,2206.4,33.9,
NU00068,NU_L62,train,43.0,50.0,1.0,False,2206.4,33.9,
NU00068,NU_L62,train,56.0,56.0,1.0,False,2206.4,33.9,
NU00068,NU_L62,train,70.0,58.0,1.0,False,2206.4,33.9,
NU00068,NU_L62,train,90.0,61.0,1.0,False,2206.4,33.9,
NU00068,NU_L62,train,117.0,67.0,1.0,False,2206.4,33.9,
NU00068,NU_L62,train,150.0,71.0,1.0,False,2206.4,33.9,
NU00069,NU_L62,train,1.0,0.0,1.0,True,2206.4,33.9,
NU00069,NU_L62,train,3.0,2.0,1.0,True,2206.4,33.9,
NU00069,NU_L62,train,4.0,10.0,1.0,True,2206.4,33.9,
NU00069,NU_L62,train,7.0,15.0,1.0,True,2206.4,33.9,
NU00069,NU_L62,train,23.0,27.0,1.0,False,2206.4,33.9,
NU00069,NU_L62,train,28.0,29.0,1.0,False,2206.4,33.9,
NU00069,NU_L62,train,90.0,43.0,1.0,False,2206.4,33.9,
NU00069,NU_L62,train,95.0,41.0,1.0,False,2206.4,33.9,
NU00070,NU_L62,train,1.0,0.0,1.0,True,2206.4,33.9,
NU00070,NU_L62,train,7.0,11.0,1.0,True,2206.4,33.9,
NU00070,NU_L62,train,11.0,14.0,1.0,False,2206.4,33.9,
NU00070,NU_L62,train,15.0,19.0,1.0,False,2206.4,33.9,
NU00070,NU_L62,train,28.0,29.0,1.0,False,2206.4,33.9,
NU00070,NU_L62,train,41.0,32.0,1.0,False,2206.4,33.9,
NU00070,NU_L62,train,57.0,35.0,1.0,False,2206.4,33.9,
NU00070,NU_L62,train,77.0,41.0,1.0,False,2206.4,33.9,
NU00070,NU_L62,train,91.0,46.0,1.0,False,2206.4,33.9,
NU00070,NU_L62,train,159.0,54.0,1.0,False,2206.4,33.9,
NU00079,NU_L62,train,1.0,0.0,1.0,True,2206.4,33.9,
NU00079,NU_L62,train,7.0,5.0,1.0,True,2206.4,33.9,
NU00079,NU_L62,train,14.0,9.0,1.0,False,2206.4,33.9,
NU00079,NU_L62,train,21.0,11.0,1.0,False,2206.4,33.9,
NU00079,NU_L62,train,28.0,12.0,1.0,False,2206.4,33.9,
NU00079,NU_L62,train,43.0,15.0,1.0,False,2206.4,33.9,
NU00079,NU_L62,train,56.0,17.0,1.0,False,2206.4,33.9,
NU00079,NU_L62,train,70.0,17.0,1.0,False,2206.4,33.9,
NU00079,NU_L62,train,90.0,16.0,1.0,False,2206.4,33.9,
NU00079,NU_L62,train,117.0,21.0,1.0,False,2206.4,33.9,
NU00079,NU_L62,train,150.0,20.0,1.0,False,2206.4,33.9,
NU00082,NU_L62,train,1.0,0.0,1.0,True,2206.4,33.9,
NU00082,NU_L62,train,7.0,3.0,1.0,True,2206.4,33.9,
NU00082,NU_L62,train,11.0,4.0,1.0,False,2206.4,33.9,
NU00082,NU_L62,train,15.0,3.0,1.0,False,2206.4,33.9,
NU00082,NU_L62,train,28.0,8.0,1.0,False,2206.4,33.9,
NU00082,NU_L62,train,41.0,9.0,1.0,False,2206.4,33.9,
NU00082,NU_L62,train,57.0,10.0,1.0,False,2206.4,33.9,
NU00082,NU_L62,train,77.0,12.0,1.0,False,2206.4,33.9,
NU00082,NU_L62,train,91.0,13.0,1.0,False,2206.4,33.9,
NU00082,NU_L62,train,159.0,13.0,1.0,False,2206.4,33.9,
NU00085,NU_L62,train,1.0,0.0,1.0,True,2206.4,33.9,
NU00085,NU_L62,train,7.0,7.0,1.0,True,2206.4,33.9,
NU00085,NU_L62,train,14.0,14.0,1.0,False,2206.4,33.9,
NU00085,NU_L62,train,21.0,14.0,1.0,False,2206.4,33.9,
NU00085,NU_L62,train,28.0,16.0,1.0,False,2206.4,33.9,
NU00085,NU_L62,train,43.0,21.0,1.0,False,2206.4,33.9,
NU00085,NU_L62,train,56.0,21.0,1.0,False,2206.4,33.9,
NU00085,NU_L62,train,70.0,22.0,1.0,False,2206.4,33.9,
NU00085,NU_L62,train,90.0,22.0,1.0,False,2206.4,33.9,
NU00085,NU_L62,train,117.0,24.0,1.0,False,2206.4,33.9,
NU00085,NU_L62,train,150.0,23.0,1.0,False,2206.4,33.9,
NU00086,NU_L62,train,1.0,0.0,1.0,True,2206.4,33.9,
NU00086,NU_L62,train,7.0,3.0,1.0,True,2206.4,33.9,
NU00086,NU_L62,train,11.0,4.0,1.0,False,2206.4,33.9,
NU00086,NU_L62,train,15.0,4.0,1.0,False,2206.4,33.9,
NU00086,NU_L62,train,28.0,9.0,1.0,False,2206.4,33.9,
NU00086,NU_L62,train,41.0,11.0,1.0,False,2206.4,33.9,
NU00086,NU_L62,train,57.0,11.0,1.0,False,2206.4,33.9,
NU00086,NU_L62,train,77.0,13.0,1.0,False,2206.4,33.9,
NU00086,NU_L62,train,91.0,12.0,1.0,False,2206.4,33.9,
NU00086,NU_L62,train,159.0,15.0,1.0,False,2206.4,33.9,
NU00090,NU_L62,train,1.0,0.0,1.0,True,2206.4,33.9,
NU00090,NU_L62,train,3.0,1.0,1.0,True,2206.4,33.9,
NU00090,NU_L62,train,14.0,15.0,1.0,False,2206.4,33.9,
NU00090,NU_L62,train,21.0,19.0,1.0,False,2206.4,33.9,
NU00090,NU_L62,train,28.0,23.0,1.0,False,2206.4,33.9,
NU00090,NU_L62,train,43.0,25.0,1.0,False,2206.4,33.9,
NU00090,NU_L62,train,57.0,29.0,1.0,False,2206.4,33.9,
NU00090,NU_L62,train,71.0,35.0,1.0,False,2206.4,33.9,
NU00090,NU_L62,train,94.0,41.0,1.0,False,2206.4,33.9,
NU00090,NU_L62,train,154.0,51.0,1.0,False,2206.4,33.9,
NU00091,NU_L62,train,1.0,0.0,1.0,True,2206.4,33.9,
NU00091,NU_L62,train,3.0,5.0,1.0,True,2206.4,33.9,
NU00091,NU_L62,train,7.0,11.0,1.0,True,2206.4,33.9,
NU00091,NU_L62,train,14.0,16.0,1.0,False,2206.4,33.9,
NU00091,NU_L62,train,21.0,20.0,1.0,False,2206.4,33.9,
NU00091,NU_L62,train,28.0,24.0,1.0,False,2206.4,33.9,
NU00091,NU_L62,train,43.0,29.0,1.0,False,2206.4,33.9,
NU00091,NU_L62,train,57.0,25.0,1.0,False,2206.4,33.9,
NU00091,NU_L62,train,71.0,35.0,1.0,False,2206.4,33.9,
NU00091,NU_L62,train,94.0,35.0,1.0,False,2206.4,33.9,
NU00091,NU_L62,train,154.0,42.0,1.0,False,2206.4,33.9,
NU00092,NU_L62,train,1.0,0.0,1.0,True,2206.4,33.9,
NU00092,NU_L62,train,3.0,3.0,1.0,True,2206.4,33.9,
NU00092,NU_L62,train,7.0,5.0,1.0,True,2206.4,33.9,
NU00092,NU_L62,train,14.0,5.0,1.0,False,2206.4,33.9,
NU00092,NU_L62,train,21.0,10.0,1.0,False,2206.4,33.9,
NU00092,NU_L62,train,28.0,10.0,1.0,False,2206.4,33.9,
NU00092,NU_L62,train,43.0,14.0,1.0,False,2206.4,33.9,
NU00092,NU_L62,train,57.0,12.0,1.0,False,2206.4,33.9,
NU00092,NU_L62,train,71.0,16.0,1.0,False,2206.4,33.9,
NU00092,NU_L62,train,94.0,19.0,1.0,False,2206.4,33.9,
NU00092,NU_L62,train,154.0,24.0,1.0,False,2206.4,33.9,
NU00093,NU_L62,train,1.0,0.0,1.0,True,2206.4,33.9,
NU00093,NU_L62,train,3.0,2.0,1.0,True,2206.4,33.9,
NU00093,NU_L62,train,7.0,3.0,1.0,True,2206.4,33.9,
NU00093,NU_L62,train,14.0,5.0,1.0,False,2206.4,33.9,
NU00093,NU_L62,train,21.0,8.0,1.0,False,2206.4,33.9,
NU00093,NU_L62,train,28.0,9.0,1.0,False,2206.4,33.9,
NU00093,NU_L62,train,43.0,11.0,1.0,False,2206.4,33.9,
NU00093,NU_L62,train,57.0,11.0,1.0,False,2206.4,33.9,
NU00093,NU_L62,train,71.0,11.0,1.0,False,2206.4,33.9,
NU00093,NU_L62,train,94.0,15.0,1.0,False,2206.4,33.9,
NU00093,NU_L62,train,154.0,15.0,1.0,False,2206.4,33.9,
NU00109,NU_L29,validation,0.74,0.0,0.74,True,2434.49,42.6,41604.0
NU00109,NU_L29,validation,2.0,16.200000000000003,0.74,True,2434.49,42.6,41604.0
NU00109,NU_L29,validation,3.0,23.299999999999997,0.74,True,2434.49,42.6,41604.0
NU00109,NU_L29,validation,4.0,28.5,0.74,True,2434.49,42.6,41604.0
NU00109,NU_L29,validation,5.0,32.60000000000001,0.74,True,2434.49,42.6,41604.0
NU00109,NU_L29,validation,7.0,37.8,0.74,True,2434.49,42.6,41604.0
NU00109,NU_L29,validation,10.0,43.2,0.74,True,2434.49,42.6,41604.0
NU00109,NU_L29,validation,20.0,54.5,0.74,False,2434.49,42.6,41604.0
NU00109,NU_L29,validation,30.0,61.7,0.74,False,2434.49,42.6,41604.0
NU00109,NU_L29,validation,40.0,67.9,0.74,False,2434.49,42.6,41604.0
NU00109,NU_L29,validation,50.0,69.9,0.74,False,2434.49,42.6,41604.0
NU00109,NU_L29,validation,70.0,75.39999999999999,0.74,False,2434.49,42.6,41604.0
NU00109,NU_L29,validation,100.0,79.50000000000001,0.74,False,2434.49,42.6,41604.0
NU00110,NU_L29,validation,0.96,0.0,0.96,True,2434.49,42.6,41604.0
NU00110,NU_L29,validation,2.0,15.0,0.96,True,2434.49,42.6,41604.0
NU00110,NU_L29,validation,3.0,22.0,0.96,True,2434.49,42.6,41604.0
NU00110,NU_L29,validation,4.0,25.200000000000003,0.96,True,2434.49,42.6,41604.0
NU00110,NU_L29,validation,5.0,28.200000000000003,0.96,True,2434.49,42.6,41604.0
NU00110,NU_L29,validation,7.0,32.5,0.96,True,2434.49,42.6,41604.0
NU00110,NU_L29,validation,10.0,36.7,0.96,True,2434.49,42.6,41604.0
NU00110,NU_L29,validation,20.0,46.2,0.96,False,2434.49,42.6,41604.0
NU00110,NU_L29,validation,30.0,52.10000000000001,0.96,False,2434.49,42.6,41604.0
NU00110,NU_L29,validation,40.0,57.900000000000006,0.96,False,2434.49,42.6,41604.0
NU00110,NU_L29,validation,50.0,61.5,0.96,False,2434.49,42.6,41604.0
NU00110,NU_L29,validation,70.0,67.8,0.96,False,2434.49,42.6,41604.0
NU00110,NU_L29,validation,100.0,73.5,0.96,False,2434.49,42.6,41604.0
NU00111,NU_L29,validation,0.8,0.0,0.8,True,2434.49,42.6,41604.0
NU00111,NU_L29,validation,1.88,15.0,0.8,True,2434.49,42.6,41604.0
NU00111,NU_L29,validation,2.88,20.099999999999994,0.8,True,2434.49,42.6,41604.0
NU00111,NU_L29,validation,3.88,22.700000000000003,0.8,True,2434.49,42.6,41604.0
NU00111,NU_L29,validation,4.88,24.799999999999997,0.8,True,2434.49,42.6,41604.0
NU00111,NU_L29,validation,6.88,27.599999999999994,0.8,True,2434.49,42.6,41604.0
NU00111,NU_L29,validation,9.88,31.5,0.8,True,2434.49,42.6,41604.0
NU00111,NU_L29,validation,19.88,38.8,0.8,False,2434.49,42.6,41604.0
NU00111,NU_L29,validation,29.88,44.7,0.8,False,2434.49,42.6,41604.0
NU00111,NU_L29,validation,39.88,50.0,0.8,False,2434.49,42.6,41604.0
NU00111,NU_L29,validation,49.88,52.89999999999999,0.8,False,2434.49,42.6,41604.0
NU00111,NU_L29,validation,69.88,57.7,0.8,False,2434.49,42.6,41604.0
NU00111,NU_L29,validation,99.88,63.89999999999999,0.8,False,2434.49,42.6,41604.0
NU00113,NU_L29,validation,0.54,0.0,0.54,True,2434.49,42.6,41604.0
NU00113,NU_L29,validation,2.0,21.60000000000001,0.54,True,2434.49,42.6,41604.0
NU00113,NU_L29,validation,3.0,29.5,0.54,True,2434.49,42.6,41604.0
NU00113,NU_L29,validation,4.0,34.3,0.54,True,2434.49,42.6,41604.0
NU00113,NU_L29,validation,5.0,36.400000000000006,0.54,True,2434.49,42.6,41604.0
NU00113,NU_L29,validation,7.0,40.5,0.54,True,2434.49,42.6,41604.0
NU00113,NU_L29,validation,10.0,45.7,0.54,True,2434.49,42.6,41604.0
NU00113,NU_L29,validation,20.0,52.8,0.54,False,2434.49,42.6,41604.0
NU00113,NU_L29,validation,30.0,57.8,0.54,False,2434.49,42.6,41604.0
NU00113,NU_L29,validation,40.0,61.400000000000006,0.54,False,2434.49,42.6,41604.0
NU00113,NU_L29,validation,50.0,65.10000000000001,0.54,False,2434.49,42.6,41604.0
NU00113,NU_L29,validation,70.0,68.60000000000001,0.54,False,2434.49,42.6,41604.0
NU00113,NU_L29,validation,100.0,74.10000000000001,0.54,False,2434.49,42.6,41604.0
NU00114,NU_L29,validation,1.0,0.0,1.0,True,2434.49,42.6,41604.0
NU00114,NU_L29,validation,2.0,18.199999999999996,1.0,True,2434.49,42.6,41604.0
NU00114,NU_L29,validation,3.0,22.699999999999996,1.0,True,2434.49,42.6,41604.0
NU00114,NU_L29,validation,4.0,25.199999999999996,1.0,True,2434.49,42.6,41604.0
NU00114,NU_L29,validation,5.0,26.800000000000004,1.0,True,2434.49,42.6,41604.0
NU00114,NU_L29,validation,7.0,29.699999999999996,1.0,True,2434.49,42.6,41604.0
NU00114,NU_L29,validation,10.0,32.300000000000004,1.0,True,2434.49,42.6,41604.0
NU00114,NU_L29,validation,20.0,37.699999999999996,1.0,False,2434.49,42.6,41604.0
NU00114,NU_L29,validation,30.0,41.1,1.0,False,2434.49,42.6,41604.0
NU00114,NU_L29,validation,40.0,43.199999999999996,1.0,False,2434.49,42.6,41604.0
NU00114,NU_L29,validation,50.0,44.9,1.0,False,2434.49,42.6,41604.0
NU00114,NU_L29,validation,70.0,47.49999999999999,1.0,False,2434.49,42.6,41604.0
NU00114,NU_L29,validation,100.0,50.6,1.0,False,2434.49,42.6,41604.0
NU00115,NU_L29,validation,0.88,0.0,0.88,True,2434.49,42.6,41604.0
NU00115,NU_L29,validation,1.88,15.100000000000001,0.88,True,2434.49,42.6,41604.0
NU00115,NU_L29,validation,2.88,20.1,0.88,True,2434.49,42.6,41604.0
NU00115,NU_L29,validation,3.88,23.1,0.88,True,2434.49,42.6,41604.0
NU00115,NU_L29,validation,4.88,25.300000000000004,0.88,True,2434.49,42.6,41604.0
NU00115,NU_L29,validation,6.88,27.4,0.88,True,2434.49,42.6,41604.0
NU00115,NU_L29,validation,9.88,31.300000000000004,0.88,True,2434.49,42.6,41604.0
NU00115,NU_L29,validation,19.88,36.1,0.88,False,2434.49,42.6,41604.0
NU00115,NU_L29,validation,29.88,39.99999999999999,0.88,False,2434.49,42.6,41604.0
NU00115,NU_L29,validation,39.88,43.199999999999996,0.88,False,2434.49,42.6,41604.0
NU00115,NU_L29,validation,49.88,45.49999999999999,0.88,False,2434.49,42.6,41604.0
NU00115,NU_L29,validation,69.88,48.699999999999996,0.88,False,2434.49,42.6,41604.0
NU00115,NU_L29,validation,99.88,52.800000000000004,0.88,False,2434.49,42.6,41604.0
NU00116,NU_L29,validation,0.88,0.0,0.88,True,2434.49,42.6,41604.0
NU00116,NU_L29,validation,1.88,12.800000000000004,0.88,True,2434.49,42.6,41604.0
NU00116,NU_L29,validation,2.88,17.200000000000003,0.88,True,2434.49,42.6,41604.0
NU00116,NU_L29,validation,3.88,19.900000000000006,0.88,True,2434.49,42.6,41604.0
NU00116,NU_L29,validation,4.88,21.5,0.88,True,2434.49,42.6,41604.0
NU00116,NU_L29,validation,6.88,24.5,0.88,True,2434.49,42.6,41604.0
NU00116,NU_L29,validation,9.88,27.700000000000003,0.88,True,2434.49,42.6,41604.0
NU00116,NU_L29,validation,19.88,33.2,0.88,False,2434.49,42.6,41604.0
NU00116,NU_L29,validation,29.88,37.3,0.88,False,2434.49,42.6,41604.0
NU00116,NU_L29,validation,39.88,41.400000000000006,0.88,False,2434.49,42.6,41604.0
NU00116,NU_L29,validation,49.88,43.7,0.88,False,2434.49,42.6,41604.0
NU00116,NU_L29,validation,69.88,47.10000000000001,0.88,False,2434.49,42.6,41604.0
NU00116,NU_L29,validation,99.88,51.900000000000006,0.88,False,2434.49,42.6,41604.0
NU00117,NU_L29,validation,1.0,0.0,1.0,True,2434.49,42.6,41604.0
NU00117,NU_L29,validation,2.0,22.900000000000006,1.0,True,2434.49,42.6,41604.0
NU00117,NU_L29,validation,3.0,30.400000000000006,1.0,True,2434.49,42.6,41604.0
NU00117,NU_L29,validation,4.0,34.900000000000006,1.0,True,2434.49,42.6,41604.0
NU00117,NU_L29,validation,5.0,35.900000000000006,1.0,True,2434.49,42.6,41604.0
NU00117,NU_L29,validation,7.0,39.3,1.0,True,2434.49,42.6,41604.0
NU00117,NU_L29,validation,10.0,44.5,1.0,True,2434.49,42.6,41604.0
NU00117,NU_L29,validation,20.0,52.7,1.0,False,2434.49,42.6,41604.0
NU00117,NU_L29,validation,30.0,57.2,1.0,False,2434.49,42.6,41604.0
NU00117,NU_L29,validation,40.0,59.3,1.0,False,2434.49,42.6,41604.0
NU00117,NU_L29,validation,50.0,62.0,1.0,False,2434.49,42.6,41604.0
NU00117,NU_L29,validation,70.0,65.7,1.0,False,2434.49,42.6,41604.0
NU00117,NU_L29,validation,100.0,70.2,1.0,False,2434.49,42.6,41604.0
NU00118,NU_L29,validation,0.51,0.0,0.51,True,2434.49,42.6,41604.0
NU00118,NU_L29,validation,1.0,14.36,0.51,True,2434.49,42.6,41604.0
NU00118,NU_L29,validation,2.0,34.86,0.51,True,2434.49,42.6,41604.0
NU00118,NU_L29,validation,3.0,41.059999999999995,0.51,True,2434.49,42.6,41604.0
NU00118,NU_L29,validation,4.0,44.46,0.51,True,2434.49,42.6,41604.0
NU00118,NU_L29,validation,5.0,46.559999999999995,0.51,True,2434.49,42.6,41604.0
NU00118,NU_L29,validation,7.0,49.96,0.51,True,2434.49,42.6,41604.0
NU00118,NU_L29,validation,10.0,53.36000000000001,0.51,True,2434.49,42.6,41604.0
NU00118,NU_L29,validation,20.0,59.559999999999995,0.51,False,2434.49,42.6,41604.0
NU00118,NU_L29,validation,30.0,63.660000000000004,0.51,False,2434.49,42.6,41604.0
NU00118,NU_L29,validation,40.0,67.06,0.51,False,2434.49,42.6,41604.0
NU00118,NU_L29,validation,50.0,68.46000000000001,0.51,False,2434.49,42.6,41604.0
NU00118,NU_L29,validation,70.0,71.86000000000001,0.51,False,2434.49,42.6,41604.0
NU00118,NU_L29,validation,100.0,76.06,0.51,False,2434.49,42.6,41604.0
NU00119,NU_L29,validation,0.88,0.0,0.88,True,2434.49,42.6,41604.0
NU00119,NU_L29,validation,1.88,11.399999999999999,0.88,True,2434.49,42.6,41604.0
NU00119,NU_L29,validation,2.88,14.399999999999999,0.88,True,2434.49,42.6,41604.0
NU00119,NU_L29,validation,3.88,17.099999999999994,0.88,True,2434.49,42.6,41604.0
NU00119,NU_L29,validation,4.88,18.5,0.88,True,2434.49,42.6,41604.0
NU00119,NU_L29,validation,6.88,20.299999999999997,0.88,True,2434.49,42.6,41604.0
NU00119,NU_L29,validation,9.88,23.299999999999997,0.88,True,2434.49,42.6,41604.0
NU00119,NU_L29,validation,19.88,26.5,0.88,False,2434.49,42.6,41604.0
NU00119,NU_L29,validation,29.88,29.200000000000003,0.88,False,2434.49,42.6,41604.0
NU00119,NU_L29,validation,39.88,31.5,0.88,False,2434.49,42.6,41604.0
NU00119,NU_L29,validation,49.88,32.89999999999999,0.88,False,2434.49,42.6,41604.0
NU00119,NU_L29,validation,69.88,34.7,0.88,False,2434.49,42.6,41604.0
NU00119,NU_L29,validation,99.88,36.0,0.88,False,2434.49,42.6,41604.0
NU00120,NU_L29,validation,0.88,0.0,0.88,True,2434.49,42.6,41604.0
NU00120,NU_L29,validation,1.88,10.799999999999997,0.88,True,2434.49,42.6,41604.0
NU00120,NU_L29,validation,2.88,15.100000000000001,0.88,True,2434.49,42.6,41604.0
NU00120,NU_L29,validation,3.88,17.6,0.88,True,2434.49,42.6,41604.0
NU00120,NU_L29,validation,4.88,19.4,0.88,True,2434.49,42.6,41604.0
NU00120,NU_L29,validation,6.88,21.5,0.88,True,2434.49,42.6,41604.0
NU00120,NU_L29,validation,9.88,23.299999999999997,0.88,True,2434.49,42.6,41604.0
NU00120,NU_L29,validation,19.88,28.4,0.88,False,2434.49,42.6,41604.0
NU00120,NU_L29,validation,29.88,31.5,0.88,False,2434.49,42.6,41604.0
NU00120,NU_L29,validation,39.88,34.300000000000004,0.88,False,2434.49,42.6,41604.0
NU00120,NU_L29,validation,49.88,35.9,0.88,False,2434.49,42.6,41604.0
NU00120,NU_L29,validation,69.88,38.9,0.88,False,2434.49,42.6,41604.0
NU00120,NU_L29,validation,99.88,40.4,0.88,False,2434.49,42.6,41604.0
NU00121,NU_L29,validation,0.88,0.0,0.88,True,2434.49,42.6,41604.0
NU00121,NU_L29,validation,1.88,10.5,0.88,True,2434.49,42.6,41604.0
NU00121,NU_L29,validation,2.88,14.0,0.88,True,2434.49,42.6,41604.0
NU00121,NU_L29,validation,3.88,15.799999999999997,0.88,True,2434.49,42.6,41604.0
NU00121,NU_L29,validation,4.88,17.4,0.88,True,2434.49,42.6,41604.0
NU00121,NU_L29,validation,6.88,19.200000000000003,0.88,True,2434.49,42.6,41604.0
NU00121,NU_L29,validation,9.88,22.4,0.88,True,2434.49,42.6,41604.0
NU00121,NU_L29,validation,19.88,26.9,0.88,False,2434.49,42.6,41604.0
NU00121,NU_L29,validation,29.88,29.9,0.88,False,2434.49,42.6,41604.0
NU00121,NU_L29,validation,39.88,32.0,0.88,False,2434.49,42.6,41604.0
NU00121,NU_L29,validation,49.88,33.099999999999994,0.88,False,2434.49,42.6,41604.0
NU00121,NU_L29,validation,69.88,35.099999999999994,0.88,False,2434.49,42.6,41604.0
NU00121,NU_L29,validation,99.88,37.5,0.88,False,2434.49,42.6,41604.0
NU00122,NU_L29,validation,1.0,0.0,1.0,True,2434.49,42.6,41604.0
NU00122,NU_L29,validation,2.0,13.199999999999996,1.0,True,2434.49,42.6,41604.0
NU00122,NU_L29,validation,3.0,18.300000000000004,1.0,True,2434.49,42.6,41604.0
NU00122,NU_L29,validation,4.0,20.800000000000004,1.0,True,2434.49,42.6,41604.0
NU00122,NU_L29,validation,5.0,22.4,1.0,True,2434.49,42.6,41604.0
NU00122,NU_L29,validation,7.0,24.499999999999993,1.0,True,2434.49,42.6,41604.0
NU00122,NU_L29,validation,10.0,27.9,1.0,True,2434.49,42.6,41604.0
NU00122,NU_L29,validation,20.0,33.199999999999996,1.0,False,2434.49,42.6,41604.0
NU00122,NU_L29,validation,30.0,36.800000000000004,1.0,False,2434.49,42.6,41604.0
NU00122,NU_L29,validation,40.0,39.6,1.0,False,2434.49,42.6,41604.0
NU00122,NU_L29,validation,50.0,41.4,1.0,False,2434.49,42.6,41604.0
NU00122,NU_L29,validation,70.0,43.9,1.0,False,2434.49,42.6,41604.0
NU00122,NU_L29,validation,100.0,47.300000000000004,1.0,False,2434.49,42.6,41604.0
NU00123,NU_L29,validation,1.0,0.0,1.0,True,2434.49,42.6,41604.0
NU00123,NU_L29,validation,2.0,6.799999999999997,1.0,True,2434.49,42.6,41604.0
NU00123,NU_L29,validation,3.0,8.0,1.0,True,2434.49,42.6,41604.0
NU00123,NU_L29,validation,4.0,9.200000000000003,1.0,True,2434.49,42.6,41604.0
NU00123,NU_L29,validation,5.0,10.299999999999997,1.0,True,2434.49,42.6,41604.0
NU00123,NU_L29,validation,7.0,11.600000000000001,1.0,True,2434.49,42.6,41604.0
NU00123,NU_L29,validation,10.0,13.0,1.0,True,2434.49,42.6,41604.0
NU00123,NU_L29,validation,20.0,15.100000000000001,1.0,False,2434.49,42.6,41604.0
NU00123,NU_L29,validation,30.0,16.700000000000003,1.0,False,2434.49,42.6,41604.0
NU00123,NU_L29,validation,40.0,18.6,1.0,False,2434.49,42.6,41604.0
NU00123,NU_L29,validation,50.0,19.5,1.0,False,2434.49,42.6,41604.0
NU00123,NU_L29,validation,70.0,20.9,1.0,False,2434.49,42.6,41604.0
NU00123,NU_L29,validation,100.0,23.1,1.0,False,2434.49,42.6,41604.0
NU00124,NU_L29,validation,0.88,0.0,0.88,True,2434.49,42.6,41604.0
NU00124,NU_L29,validation,1.88,6.199999999999996,0.88,True,2434.49,42.6,41604.0
NU00124,NU_L29,validation,2.88,8.199999999999996,0.88,True,2434.49,42.6,41604.0
NU00124,NU_L29,validation,3.88,10.099999999999994,0.88,True,2434.49,42.6,41604.0
NU00124,NU_L29,validation,4.88,10.799999999999997,0.88,True,2434.49,42.6,41604.0
NU00124,NU_L29,validation,6.88,12.399999999999999,0.88,True,2434.49,42.6,41604.0
NU00124,NU_L29,validation,9.88,14.0,0.88,True,2434.49,42.6,41604.0
NU00124,NU_L29,validation,19.88,17.199999999999996,0.88,False,2434.49,42.6,41604.0
NU00124,NU_L29,validation,29.88,19.199999999999996,0.88,False,2434.49,42.6,41604.0
NU00124,NU_L29,validation,39.88,21.099999999999994,0.88,False,2434.49,42.6,41604.0
NU00124,NU_L29,validation,49.88,22.199999999999996,0.88,False,2434.49,42.6,41604.0
NU00124,NU_L29,validation,69.88,24.0,0.88,False,2434.49,42.6,41604.0
NU00124,NU_L29,validation,99.88,26.299999999999997,0.88,False,2434.49,42.6,41604.0
NU00125,NU_L29,validation,0.88,0.0,0.88,True,2434.49,42.6,41604.0
NU00125,NU_L29,validation,1.88,5.399999999999999,0.88,True,2434.49,42.6,41604.0
NU00125,NU_L29,validation,2.88,7.5,0.88,True,2434.49,42.6,41604.0
NU00125,NU_L29,validation,3.88,8.199999999999996,0.88,True,2434.49,42.6,41604.0
NU00125,NU_L29,validation,4.88,9.199999999999996,0.88,True,2434.49,42.6,41604.0
NU00125,NU_L29,validation,6.88,10.399999999999999,0.88,True,2434.49,42.6,41604.0
NU00125,NU_L29,validation,9.88,11.799999999999997,0.88,True,2434.49,42.6,41604.0
NU00125,NU_L29,validation,19.88,15.0,0.88,False,2434.49,42.6,41604.0
NU00125,NU_L29,validation,29.88,17.799999999999997,0.88,False,2434.49,42.6,41604.0
NU00125,NU_L29,validation,39.88,19.199999999999996,0.88,False,2434.49,42.6,41604.0
NU00125,NU_L29,validation,49.88,20.699999999999996,0.88,False,2434.49,42.6,41604.0
NU00125,NU_L29,validation,69.88,22.6,0.88,False,2434.49,42.6,41604.0
NU00125,NU_L29,validation,99.88,26.9,0.88,False,2434.49,42.6,41604.0
NU00126,NU_L29,validation,0.88,0.0,0.88,True,2434.49,42.6,41604.0
NU00126,NU_L29,validation,1.88,8.099999999999998,0.88,True,2434.49,42.6,41604.0
NU00126,NU_L29,validation,2.88,9.2,0.88,True,2434.49,42.6,41604.0
NU00126,NU_L29,validation,3.88,10.8,0.88,True,2434.49,42.6,41604.0
NU00126,NU_L29,validation,4.88,11.3,0.88,True,2434.49,42.6,41604.0
NU00126,NU_L29,validation,6.88,12.400000000000002,0.88,True,2434.49,42.6,41604.0
NU00126,NU_L29,validation,9.88,13.3,0.88,True,2434.49,42.6,41604.0
NU00126,NU_L29,validation,19.88,14.900000000000002,0.88,False,2434.49,42.6,41604.0
NU00126,NU_L29,validation,29.88,15.999999999999996,0.88,False,2434.49,42.6,41604.0
NU00126,NU_L29,validation,39.88,16.499999999999996,0.88,False,2434.49,42.6,41604.0
NU00126,NU_L29,validation,49.88,16.900000000000002,0.88,False,2434.49,42.6,41604.0
NU00126,NU_L29,validation,69.88,17.8,0.88,False,2434.49,42.6,41604.0
NU00126,NU_L29,validation,99.88,18.8,0.88,False,2434.49,42.6,41604.0
NU00142,NU_L110,validation,0.1,0.0,0.1,True,2350.56,48.6,
NU00142,NU_L110,validation,2.7,8.600000000000001,0.1,True,2350.56,48.6,
NU00142,NU_L110,validation,4.8,11.0,0.1,True,2350.56,48.6,
NU00142,NU_L110,validation,11.1,17.1,0.1,False,2350.56,48.6,
NU00142,NU_L110,validation,19.1,23.9,0.1,False,2350.56,48.6,
NU00142,NU_L110,validation,33.5,28.0,0.1,False,2350.56,48.6,
NU00142,NU_L110,validation,103.0,34.900000000000006,0.1,False,2350.56,48.6,
NU00143,NU_L110,validation,1.0,0.0,1.0,True,2399.6,48.4,
NU00143,NU_L110,validation,1.3,1.5999999999999979,1.0,True,2399.6,48.4,
NU00143,NU_L110,validation,2.0,2.0,1.0,True,2399.6,48.4,
NU00143,NU_L110,validation,3.1,2.0,1.0,True,2399.6,48.4,
NU00143,NU_L110,validation,4.1,3.0,1.0,True,2399.6,48.4,
NU00143,NU_L110,validation,9.9,2.8999999999999986,1.0,True,2399.6,48.4,
NU00143,NU_L110,validation,11.2,2.8999999999999986,1.0,False,2399.6,48.4,
NU00143,NU_L110,validation,21.2,5.099999999999998,1.0,False,2399.6,48.4,
NU00143,NU_L110,validation,31.3,3.8999999999999986,1.0,False,2399.6,48.4,
NU00143,NU_L110,validation,42.5,6.9999999999999964,1.0,False,2399.6,48.4,
NU00143,NU_L110,validation,51.6,6.599999999999998,1.0,False,2399.6,48.4,
NU00143,NU_L110,validation,62.1,6.900000000000002,1.0,False,2399.6,48.4,
NU00143,NU_L110,validation,92.4,10.400000000000002,1.0,False,2399.6,48.4,
NU00143,NU_L110,validation,136.0,10.3,1.0,False,2399.6,48.4,
NU00150,NU_L106,train,0.22,0.0,0.22,True,2444.2,45.0,
NU00150,NU_L106,train,0.62,0.8999999999999986,0.22,True,2444.2,45.0,
NU00150,NU_L106,train,1.12,1.8000000000000007,0.22,True,2444.2,45.0,
NU00150,NU_L106,train,2.12,2.5,0.22,True,2444.2,45.0,
NU00150,NU_L106,train,3.12,3.3999999999999986,0.22,True,2444.2,45.0,
NU00150,NU_L106,train,4.12,3.3999999999999986,0.22,True,2444.2,45.0,
NU00150,NU_L106,train,5.12,3.5,0.22,True,2444.2,45.0,
NU00150,NU_L106,train,6.12,3.5,0.22,True,2444.2,45.0,
NU00150,NU_L106,train,8.12,4.0,0.22,True,2444.2,45.0,
NU00150,NU_L106,train,15.12,6.799999999999997,0.22,False,2444.2,45.0,
NU00150,NU_L106,train,21.12,8.0,0.22,False,2444.2,45.0,
NU00150,NU_L106,train,28.12,8.299999999999997,0.22,False,2444.2,45.0,
NU00150,NU_L106,train,56.12,10.299999999999997,0.22,False,2444.2,45.0,
NU00150,NU_L106,train,84.12,12.600000000000001,0.22,False,2444.2,45.0,
NU00150,NU_L106,train,112.12,13.899999999999999,0.22,False,2444.2,45.0,
NU00150,NU_L106,train,140.12,14.5,0.22,False,2444.2,45.0,
NU00151,NU_L106,train,0.1,0.0,0.1,True,2444.2,45.0,
NU00151,NU_L106,train,0.3,0.8000000000000007,0.1,True,2444.2,45.0,
NU00151,NU_L106,train,0.5,1.3000000000000007,0.1,True,2444.2,45.0,
NU00151,NU_L106,train,1.0,1.8000000000000007,0.1,True,2444.2,45.0,
NU00151,NU_L106,train,2.0,2.3999999999999986,0.1,True,2444.2,45.0,
NU00151,NU_L106,train,3.0,2.8999999999999986,0.1,True,2444.2,45.0,
NU00151,NU_L106,train,4.0,2.6999999999999993,0.1,True,2444.2,45.0,
NU00151,NU_L106,train,5.0,2.6999999999999993,0.1,True,2444.2,45.0,
NU00151,NU_L106,train,6.0,2.8999999999999986,0.1,True,2444.2,45.0,
NU00151,NU_L106,train,8.0,3.1999999999999993,0.1,True,2444.2,45.0,
NU00151,NU_L106,train,15.0,5.099999999999998,0.1,False,2444.2,45.0,
NU00151,NU_L106,train,21.0,5.9999999999999964,0.1,False,2444.2,45.0,
NU00151,NU_L106,train,28.0,5.900000000000002,0.1,False,2444.2,45.0,
NU00151,NU_L106,train,56.0,6.400000000000002,0.1,False,2444.2,45.0,
NU00151,NU_L106,train,84.0,7.4999999999999964,0.1,False,2444.2,45.0,
NU00151,NU_L106,train,112.0,7.800000000000001,0.1,False,2444.2,45.0,
NU00151,NU_L106,train,140.0,6.9999999999999964,0.1,False,2444.2,45.0,
NU00152,NU_L106,train,0.22,0.0,0.22,True,2444.2,45.9,
NU00152,NU_L106,train,0.42,0.3000000000000007,0.22,True,2444.2,45.9,
NU00152,NU_L106,train,0.62,0.8000000000000007,0.22,True,2444.2,45.9,
NU00152,NU_L106,train,1.12,1.1999999999999993,0.22,True,2444.2,45.9,
NU00152,NU_L106,train,2.12,1.8999999999999986,0.22,True,2444.2,45.9,
NU00152,NU_L106,train,3.12,4.300000000000001,0.22,True,2444.2,45.9,
NU00152,NU_L106,train,4.12,4.9999999999999964,0.22,True,2444.2,45.9,
NU00152,NU_L106,train,5.12,4.300000000000001,0.22,True,2444.2,45.9,
NU00152,NU_L106,train,6.12,4.400000000000002,0.22,True,2444.2,45.9,
NU00152,NU_L106,train,7.12,4.400000000000002,0.22,True,2444.2,45.9,
NU00152,NU_L106,train,14.12,4.199999999999999,0.22,False,2444.2,45.9,
NU00152,NU_L106,train,21.12,5.800000000000001,0.22,False,2444.2,45.9,
NU00152,NU_L106,train,28.12,6.9999999999999964,0.22,False,2444.2,45.9,
NU00152,NU_L106,train,56.12,11.2,0.22,False,2444.2,45.9,
NU00152,NU_L106,train,84.12,12.499999999999996,0.22,False,2444.2,45.9,
NU00152,NU_L106,train,112.12,14.400000000000002,0.22,False,2444.2,45.9,
NU00152,NU_L106,train,140.12,15.499999999999996,0.22,False,2444.2,45.9,
NU00153,NU_L106,train,0.1,0.0,0.1,True,2444.2,45.9,
NU00153,NU_L106,train,0.3,0.3999999999999986,0.1,True,2444.2,45.9,
NU00153,NU_L106,train,0.5,1.0,0.1,True,2444.2,45.9,
NU00153,NU_L106,train,1.0,1.6999999999999993,0.1,True,2444.2,45.9,
NU00153,NU_L106,train,2.0,2.6999999999999993,0.1,True,2444.2,45.9,
NU00153,NU_L106,train,3.0,5.5,0.1,True,2444.2,45.9,
NU00153,NU_L106,train,4.0,5.899999999999999,0.1,True,2444.2,45.9,
NU00153,NU_L106,train,5.0,6.399999999999999,0.1,True,2444.2,45.9,
NU00153,NU_L106,train,6.0,5.899999999999999,0.1,True,2444.2,45.9,
NU00153,NU_L106,train,7.0,5.700000000000003,0.1,True,2444.2,45.9,
NU00153,NU_L106,train,14.0,7.700000000000003,0.1,False,2444.2,45.9,
NU00153,NU_L106,train,21.0,8.0,0.1,False,2444.2,45.9,
NU00153,NU_L106,train,28.0,9.399999999999999,0.1,False,2444.2,45.9,
NU00153,NU_L106,train,56.0,14.100000000000001,0.1,False,2444.2,45.9,
NU00153,NU_L106,train,84.0,15.600000000000001,0.1,False,2444.2,45.9,
NU00153,NU_L106,train,112.0,17.4,0.1,False,2444.2,45.9,
NU00153,NU_L106,train,140.0,18.4,0.1,False,2444.2,45.9,
NU00155,NU_L106,train,0.22,0.0,0.22,True,2444.2,45.9,
NU00155,NU_L106,train,0.42,0.3000000000000007,0.22,True,2444.2,45.9,
NU00155,NU_L106,train,0.62,0.6000000000000014,0.22,True,2444.2,45.9,
NU00155,NU_L106,train,1.12,1.3000000000000007,0.22,True,2444.2,45.9,
NU00155,NU_L106,train,2.12,3.0,0.22,True,2444.2,45.9,
NU00155,NU_L106,train,3.12,2.900000000000002,0.22,True,2444.2,45.9,
NU00155,NU_L106,train,4.12,3.0,0.22,True,2444.2,45.9,
NU00155,NU_L106,train,5.12,3.3000000000000007,0.22,True,2444.2,45.9,
NU00155,NU_L106,train,6.12,3.6999999999999993,0.22,True,2444.2,45.9,
NU00155,NU_L106,train,7.12,4.0,0.22,True,2444.2,45.9,
NU00155,NU_L106,train,14.12,6.199999999999999,0.22,False,2444.2,45.9,
NU00155,NU_L106,train,21.12,7.0000000000000036,0.22,False,2444.2,45.9,
NU00155,NU_L106,train,28.12,10.599999999999998,0.22,False,2444.2,45.9,
NU00155,NU_L106,train,56.12,12.8,0.22,False,2444.2,45.9,
NU00155,NU_L106,train,84.12,12.2,0.22,False,2444.2,45.9,
NU00155,NU_L106,train,112.12,18.099999999999998,0.22,False,2444.2,45.9,
NU00155,NU_L106,train,140.12,20.599999999999998,0.22,False,2444.2,45.9,
NU00156,NU_L106,train,0.14,0.0,0.14,True,2444.2,42.8,
NU00156,NU_L106,train,0.24,0.0,0.14,True,2444.2,42.8,
NU00156,NU_L106,train,0.44,1.0,0.14,True,2444.2,42.8,
NU00156,NU_L106,train,0.94,2.200000000000003,0.14,True,2444.2,42.8,
NU00156,NU_L106,train,1.94,2.3000000000000007,0.14,True,2444.2,42.8,
NU00156,NU_L106,train,2.94,4.0,0.14,True,2444.2,42.8,
NU00156,NU_L106,train,3.94,4.200000000000003,0.14,True,2444.2,42.8,
NU00156,NU_L106,train,4.94,4.899999999999999,0.14,True,2444.2,42.8,
NU00156,NU_L106,train,5.94,5.200000000000003,0.14,True,2444.2,42.8,
NU00156,NU_L106,train,6.94,5.5,0.14,True,2444.2,42.8,
NU00156,NU_L106,train,13.94,7.399999999999999,0.14,False,2444.2,42.8,
NU00156,NU_L106,train,20.94,7.800000000000004,0.14,False,2444.2,42.8,
NU00156,NU_L106,train,27.94,8.899999999999999,0.14,False,2444.2,42.8,
NU00156,NU_L106,train,55.94,12.200000000000003,0.14,False,2444.2,42.8,
NU00156,NU_L106,train,83.94,11.800000000000004,0.14,False,2444.2,42.8,
NU00156,NU_L106,train,111.94,14.700000000000003,0.14,False,2444.2,42.8,
NU00156,NU_L106,train,139.94,14.700000000000003,0.14,False,2444.2,42.8,
NU00157,NU_L106,train,0.32,0.0,0.32,True,2444.2,42.8,
NU00157,NU_L106,train,0.42,0.10000000000000142,0.32,True,2444.2,42.8,
NU00157,NU_L106,train,0.62,0.7000000000000028,0.32,True,2444.2,42.8,
NU00157,NU_L106,train,1.12,1.5,0.32,True,2444.2,42.8,
NU00157,NU_L106,train,2.12,1.7000000000000028,0.32,True,2444.2,42.8,
NU00157,NU_L106,train,3.12,2.6000000000000014,0.32,True,2444.2,42.8,
NU00157,NU_L106,train,4.12,3.1000000000000014,0.32,True,2444.2,42.8,
NU00157,NU_L106,train,5.12,3.700000000000003,0.32,True,2444.2,42.8,
NU00157,NU_L106,train,6.12,3.8999999999999986,0.32,True,2444.2,42.8,
NU00157,NU_L106,train,7.12,3.8999999999999986,0.32,True,2444.2,42.8,
NU00157,NU_L106,train,14.12,5.299999999999997,0.32,False,2444.2,42.8,
NU00157,NU_L106,train,21.12,5.299999999999997,0.32,False,2444.2,42.8,
NU00157,NU_L106,train,28.12,5.600000000000001,0.32,False,2444.2,42.8,
NU00157,NU_L106,train,56.12,8.0,0.32,False,2444.2,42.8,
NU00157,NU_L106,train,84.12,7.100000000000001,0.32,False,2444.2,42.8,
NU00157,NU_L106,train,112.12,10.399999999999999,0.32,False,2444.2,42.8,
NU00157,NU_L106,train,140.12,10.399999999999999,0.32,False,2444.2,42.8,
NU00158,NU_L106,train,0.22,0.0,0.22,True,2444.2,44.9,
NU00158,NU_L106,train,0.42,0.8000000000000007,0.22,True,2444.2,44.9,
NU00158,NU_L106,train,0.62,1.7000000000000028,0.22,True,2444.2,44.9,
NU00158,NU_L106,train,1.12,3.299999999999997,0.22,True,2444.2,44.9,
NU00158,NU_L106,train,2.12,5.299999999999997,0.22,True,2444.2,44.9,
NU00158,NU_L106,train,3.12,6.0,0.22,True,2444.2,44.9,
NU00158,NU_L106,train,4.12,6.600000000000001,0.22,True,2444.2,44.9,
NU00158,NU_L106,train,5.12,7.299999999999997,0.22,True,2444.2,44.9,
NU00158,NU_L106,train,6.12,8.299999999999997,0.22,True,2444.2,44.9,
NU00158,NU_L106,train,7.12,8.700000000000003,0.22,True,2444.2,44.9,
NU00158,NU_L106,train,14.12,11.5,0.22,False,2444.2,44.9,
NU00158,NU_L106,train,21.12,11.799999999999997,0.22,False,2444.2,44.9,
NU00158,NU_L106,train,28.12,13.700000000000003,0.22,False,2444.2,44.9,
NU00158,NU_L106,train,56.12,17.4,0.22,False,2444.2,44.9,
NU00158,NU_L106,train,84.12,19.4,0.22,False,2444.2,44.9,
NU00158,NU_L106,train,112.12,21.6,0.22,False,2444.2,44.9,
NU00158,NU_L106,train,140.12,22.700000000000003,0.22,False,2444.2,44.9,
NU00159,NU_L106,train,0.22,0.0,0.22,True,2444.2,44.9,
NU00159,NU_L106,train,0.42,1.1000000000000014,0.22,True,2444.2,44.9,
NU00159,NU_L106,train,0.62,2.3000000000000043,0.22,True,2444.2,44.9,
NU00159,NU_L106,train,1.12,4.5,0.22,True,2444.2,44.9,
NU00159,NU_L106,train,2.12,7.200000000000003,0.22,True,2444.2,44.9,
NU00159,NU_L106,train,3.12,8.100000000000001,0.22,True,2444.2,44.9,
NU00159,NU_L106,train,4.12,8.900000000000006,0.22,True,2444.2,44.9,
NU00159,NU_L106,train,5.12,9.800000000000004,0.22,True,2444.2,44.9,
NU00159,NU_L106,train,6.12,11.0,0.22,True,2444.2,44.9,
NU00159,NU_L106,train,7.12,11.600000000000001,0.22,True,2444.2,44.9,
NU00159,NU_L106,train,14.12,15.0,0.22,False,2444.2,44.9,
NU00159,NU_L106,train,21.12,15.100000000000001,0.22,False,2444.2,44.9,
NU00159,NU_L106,train,28.12,17.200000000000003,0.22,False,2444.2,44.9,
NU00159,NU_L106,train,56.12,21.200000000000003,0.22,False,2444.2,44.9,
NU00159,NU_L106,train,84.12,23.6,0.22,False,2444.2,44.9,
NU00159,NU_L106,train,112.12,25.900000000000006,0.22,False,2444.2,44.9,
NU00159,NU_L106,train,140.12,26.800000000000004,0.22,False,2444.2,44.9,
NU00160,NU_L106,train,0.22,0.0,0.22,True,2444.2,45.9,
NU00160,NU_L106,train,0.42,0.6999999999999993,0.22,True,2444.2,45.9,
NU00160,NU_L106,train,0.62,2.1999999999999993,0.22,True,2444.2,45.9,
NU00160,NU_L106,train,1.12,3.3999999999999986,0.22,True,2444.2,45.9,
NU00160,NU_L106,train,2.12,4.899999999999999,0.22,True,2444.2,45.9,
NU00160,NU_L106,train,3.12,6.200000000000003,0.22,True,2444.2,45.9,
NU00160,NU_L106,train,4.12,7.100000000000001,0.22,True,2444.2,45.9,
NU00160,NU_L106,train,5.12,7.600000000000001,0.22,True,2444.2,45.9,
NU00160,NU_L106,train,6.12,8.299999999999997,0.22,True,2444.2,45.9,
NU00160,NU_L106,train,7.12,8.399999999999999,0.22,True,2444.2,45.9,
NU00160,NU_L106,train,14.12,11.399999999999999,0.22,False,2444.2,45.9,
NU00160,NU_L106,train,21.12,12.5,0.22,False,2444.2,45.9,
NU00160,NU_L106,train,28.12,14.100000000000001,0.22,False,2444.2,45.9,
NU00160,NU_L106,train,56.12,18.0,0.22,False,2444.2,45.9,
NU00160,NU_L106,train,84.12,21.0,0.22,False,2444.2,45.9,
NU00160,NU_L106,train,112.12,23.1,0.22,False,2444.2,45.9,
NU00161,NU_L90,train,0.1,0.0,0.1,True,2381.0,41.4,
NU00161,NU_L90,train,0.2,1.2000000000000028,0.1,True,2381.0,41.4,
NU00161,NU_L90,train,0.3,1.8000000000000043,0.1,True,2381.0,41.4,
NU00161,NU_L90,train,0.5,2.5,0.1,True,2381.0,41.4,
NU00161,NU_L90,train,0.7,3.1000000000000014,0.1,True,2381.0,41.4,
NU00161,NU_L90,train,1.0,4.100000000000001,0.1,True,2381.0,41.4,
NU00161,NU_L90,train,2.0,5.899999999999999,0.1,True,2381.0,41.4,
NU00161,NU_L90,train,3.0,7.0,0.1,True,2381.0,41.4,
NU00161,NU_L90,train,5.0,8.600000000000001,0.1,True,2381.0,41.4,
NU00161,NU_L90,train,7.0,10.0,0.1,True,2381.0,41.4,
NU00161,NU_L90,train,10.0,11.600000000000001,0.1,True,2381.0,41.4,
NU00161,NU_L90,train,14.0,13.300000000000004,0.1,False,2381.0,41.4,
NU00161,NU_L90,train,21.0,15.800000000000004,0.1,False,2381.0,41.4,
NU00161,NU_L90,train,28.0,17.5,0.1,False,2381.0,41.4,
NU00161,NU_L90,train,42.0,20.200000000000003,0.1,False,2381.0,41.4,
NU00161,NU_L90,train,56.0,22.5,0.1,False,2381.0,41.4,
NU00161,NU_L90,train,70.0,24.300000000000004,0.1,False,2381.0,41.4,
NU00161,NU_L90,train,91.0,26.4,0.1,False,2381.0,41.4,
NU00161,NU_L90,train,119.0,28.6,0.1,False,2381.0,41.4,
NU00162,NU_L90,train,0.1,0.0,0.1,True,2323.02,40.9,
NU00162,NU_L90,train,0.2,1.0999999999999943,0.1,True,2323.02,40.9,
NU00162,NU_L90,train,0.5,2.299999999999997,0.1,True,2323.02,40.9,
NU00162,NU_L90,train,1.0,3.799999999999997,0.1,True,2323.02,40.9,
NU00162,NU_L90,train,1.5,4.799999999999997,0.1,True,2323.02,40.9,
NU00162,NU_L90,train,2.0,5.599999999999994,0.1,True,2323.02,40.9,
NU00162,NU_L90,train,4.0,7.799999999999997,0.1,True,2323.02,40.9,
NU00162,NU_L90,train,7.0,9.699999999999996,0.1,True,2323.02,40.9,
NU00162,NU_L90,train,10.0,11.199999999999996,0.1,True,2323.02,40.9,
NU00162,NU_L90,train,14.0,12.5,0.1,False,2323.02,40.9,
NU00162,NU_L90,train,21.0,14.299999999999997,0.1,False,2323.02,40.9,
NU00162,NU_L90,train,28.0,16.0,0.1,False,2323.02,40.9,
NU00162,NU_L90,train,42.0,18.099999999999994,0.1,False,2323.02,40.9,
NU00162,NU_L90,train,70.0,21.599999999999994,0.1,False,2323.02,40.9,
NU00162,NU_L90,train,91.0,23.199999999999996,0.1,False,2323.02,40.9,
NU00163,NU_L90,train,0.01,0.0,0.01,True,2323.02,40.9,
NU00163,NU_L90,train,0.11,0.7000000000000028,0.01,True,2323.02,40.9,
NU00163,NU_L90,train,0.41,1.2000000000000028,0.01,True,2323.02,40.9,
NU00163,NU_L90,train,0.91,1.8999999999999986,0.01,True,2323.02,40.9,
NU00163,NU_L90,train,1.41,2.3999999999999986,0.01,True,2323.02,40.9,
NU00163,NU_L90,train,1.91,2.700000000000003,0.01,True,2323.02,40.9,
NU00163,NU_L90,train,3.91,4.0,0.01,True,2323.02,40.9,
NU00163,NU_L90,train,6.91,5.399999999999999,0.01,True,2323.02,40.9,
NU00163,NU_L90,train,9.91,6.399999999999999,0.01,True,2323.02,40.9,
NU00163,NU_L90,train,13.91,7.399999999999999,0.01,False,2323.02,40.9,
NU00163,NU_L90,train,20.91,8.800000000000004,0.01,False,2323.02,40.9,
NU00163,NU_L90,train,27.91,9.700000000000003,0.01,False,2323.02,40.9,
NU00163,NU_L90,train,41.91,11.0,0.01,False,2323.02,40.9,
NU00163,NU_L90,train,69.91,13.100000000000001,0.01,False,2323.02,40.9,
NU00163,NU_L90,train,90.91,14.5,0.01,False,2323.02,40.9,
NU00166,NU_L69,validation,1.0,0.0,1.0,True,2404.31,46.1,
NU00166,NU_L69,validation,4.9,0.9000000000000021,1.0,True,2404.31,46.1,
NU00166,NU_L69,validation,5.8,1.1999999999999993,1.0,True,2404.31,46.1,
NU00166,NU_L69,validation,7.0,1.1000000000000014,1.0,True,2404.31,46.1,
NU00166,NU_L69,validation,8.0,1.1999999999999993,1.0,True,2404.31,46.1,
NU00166,NU_L69,validation,9.0,1.1999999999999993,1.0,True,2404.31,46.1,
NU00166,NU_L69,validation,12.0,1.6000000000000014,1.0,False,2404.31,46.1,
NU00166,NU_L69,validation,14.2,1.6999999999999993,1.0,False,2404.31,46.1,
NU00166,NU_L69,validation,15.9,2.0,1.0,False,2404.31,46.1,
NU00166,NU_L69,validation,19.1,2.1000000000000014,1.0,False,2404.31,46.1,
NU00166,NU_L69,validation,21.1,2.6000000000000014,1.0,False,2404.31,46.1,
NU00166,NU_L69,validation,26.0,2.6000000000000014,1.0,False,2404.31,46.1,
NU00166,NU_L69,validation,30.9,2.5,1.0,False,2404.31,46.1,
NU00166,NU_L69,validation,37.0,3.0,1.0,False,2404.31,46.1,
NU00166,NU_L69,validation,44.0,3.5,1.0,False,2404.31,46.1,
NU00166,NU_L69,validation,57.9,4.0,1.0,False,2404.31,46.1,
NU00166,NU_L69,validation,85.1,4.800000000000001,1.0,False,2404.31,46.1,
NU00166,NU_L69,validation,93.0,4.699999999999999,1.0,False,2404.31,46.1,
NU00166,NU_L69,validation,107.0,5.0,1.0,False,2404.31,46.1,
NU00166,NU_L69,validation,121.1,5.199999999999999,1.0,False,2404.31,46.1,
NU00167,NU_L69,validation,1.0,0.0,1.0,True,2404.31,46.1,
NU00167,NU_L69,validation,4.9,0.8999999999999986,1.0,True,2404.31,46.1,
NU00167,NU_L69,validation,5.8,1.3000000000000007,1.0,True,2404.31,46.1,
NU00167,NU_L69,validation,7.0,1.3000000000000007,1.0,True,2404.31,46.1,
NU00167,NU_L69,validation,8.0,1.3999999999999986,1.0,True,2404.31,46.1,
NU00167,NU_L69,validation,9.0,1.3999999999999986,1.0,True,2404.31,46.1,
NU00167,NU_L69,validation,12.0,1.8000000000000007,1.0,False,2404.31,46.1,
NU00167,NU_L69,validation,14.2,2.0,1.0,False,2404.31,46.1,
NU00167,NU_L69,validation,15.9,2.1999999999999993,1.0,False,2404.31,46.1,
NU00167,NU_L69,validation,19.1,2.3999999999999986,1.0,False,2404.31,46.1,
NU00167,NU_L69,validation,21.1,2.8000000000000007,1.0,False,2404.31,46.1,
NU00167,NU_L69,validation,26.0,2.6000000000000014,1.0,False,2404.31,46.1,
NU00167,NU_L69,validation,30.9,2.8999999999999986,1.0,False,2404.31,46.1,
NU00167,NU_L69,validation,37.0,3.1999999999999993,1.0,False,2404.31,46.1,
NU00167,NU_L69,validation,44.0,3.8999999999999986,1.0,False,2404.31,46.1,
NU00167,NU_L69,validation,57.9,4.199999999999999,1.0,False,2404.31,46.1,
NU00167,NU_L69,validation,81.1,5.0,1.0,False,2404.31,46.1,
NU00167,NU_L69,validation,93.0,5.0,1.0,False,2404.31,46.1,
NU00167,NU_L69,validation,107.0,5.0,1.0,False,2404.31,46.1,
NU00167,NU_L69,validation,121.1,5.199999999999999,1.0,False,2404.31,46.1,
NU00170,NU_L69,validation,1.0,0.0,1.0,True,2404.31,46.1,
NU00170,NU_L69,validation,5.0,3.0,1.0,True,2404.31,46.1,
NU00170,NU_L69,validation,6.0,3.6000000000000014,1.0,True,2404.31,46.1,
NU00170,NU_L69,validation,7.1,3.700000000000003,1.0,True,2404.31,46.1,
NU00170,NU_L69,validation,8.0,4.200000000000003,1.0,True,2404.31,46.1,
NU00170,NU_L69,validation,9.0,4.400000000000002,1.0,True,2404.31,46.1,
NU00170,NU_L69,validation,12.0,5.399999999999999,1.0,False,2404.31,46.1,
NU00170,NU_L69,validation,14.3,5.899999999999999,1.0,False,2404.31,46.1,
NU00170,NU_L69,validation,16.0,6.5,1.0,False,2404.31,46.1,
NU00170,NU_L69,validation,19.2,7.100000000000001,1.0,False,2404.31,46.1,
NU00170,NU_L69,validation,21.2,6.899999999999999,1.0,False,2404.31,46.1,
NU00170,NU_L69,validation,26.1,7.800000000000004,1.0,False,2404.31,46.1,
NU00170,NU_L69,validation,31.0,8.0,1.0,False,2404.31,46.1,
NU00170,NU_L69,validation,36.8,8.300000000000004,1.0,False,2404.31,46.1,
NU00170,NU_L69,validation,44.0,9.800000000000004,1.0,False,2404.31,46.1,
NU00170,NU_L69,validation,57.9,10.5,1.0,False,2404.31,46.1,
NU00170,NU_L69,validation,84.1,12.700000000000003,1.0,False,2404.31,46.1,
NU00170,NU_L69,validation,92.0,12.0,1.0,False,2404.31,46.1,
NU00170,NU_L69,validation,106.0,13.0,1.0,False,2404.31,46.1,
NU00170,NU_L69,validation,120.1,13.5,1.0,False,2404.31,46.1,
NU00171,NU_L69,validation,1.0,0.0,1.0,True,2404.31,46.1,
NU00171,NU_L69,validation,5.0,2.6999999999999993,1.0,True,2404.31,46.1,
NU00171,NU_L69,validation,6.0,3.1999999999999993,1.0,True,2404.31,46.1,
NU00171,NU_L69,validation,7.1,4.0,1.0,True,2404.31,46.1,
NU00171,NU_L69,validation,8.0,4.199999999999999,1.0,True,2404.31,46.1,
NU00171,NU_L69,validation,9.0,4.600000000000001,1.0,True,2404.31,46.1,
NU00171,NU_L69,validation,12.0,5.599999999999998,1.0,False,2404.31,46.1,
NU00171,NU_L69,validation,14.3,6.099999999999998,1.0,False,2404.31,46.1,
NU00171,NU_L69,validation,16.0,6.599999999999998,1.0,False,2404.31,46.1,
NU00171,NU_L69,validation,19.2,7.300000000000001,1.0,False,2404.31,46.1,
NU00171,NU_L69,validation,21.2,8.400000000000002,1.0,False,2404.31,46.1,
NU00171,NU_L69,validation,31.0,8.400000000000002,1.0,False,2404.31,46.1,
NU00171,NU_L69,validation,36.3,8.900000000000002,1.0,False,2404.31,46.1,
NU00171,NU_L69,validation,44.0,9.000000000000004,1.0,False,2404.31,46.1,
NU00171,NU_L69,validation,57.9,11.000000000000004,1.0,False,2404.31,46.1,
NU00171,NU_L69,validation,84.1,12.8,1.0,False,2404.31,46.1,
NU00171,NU_L69,validation,92.0,13.2,1.0,False,2404.31,46.1,
NU00171,NU_L69,validation,106.0,13.8,1.0,False,2404.31,46.1,
NU00171,NU_L69,validation,120.1,14.599999999999998,1.0,False,2404.31,46.1,
NU00173,NU_L69,validation,1.0,0.0,1.0,True,2452.3,51.2,
NU00173,NU_L69,validation,1.9,0.5,1.0,True,2452.3,51.2,
NU00173,NU_L69,validation,2.8,1.5,1.0,True,2452.3,51.2,
NU00173,NU_L69,validation,5.9,2.1999999999999993,1.0,True,2452.3,51.2,
NU00173,NU_L69,validation,7.8,2.6999999999999993,1.0,True,2452.3,51.2,
NU00173,NU_L69,validation,7.9,2.1999999999999993,1.0,True,2452.3,51.2,
NU00173,NU_L69,validation,8.7,3.1999999999999993,1.0,True,2452.3,51.2,
NU00173,NU_L69,validation,12.8,3.900000000000002,1.0,False,2452.3,51.2,
NU00173,NU_L69,validation,15.8,3.900000000000002,1.0,False,2452.3,51.2,
NU00173,NU_L69,validation,20.5,4.900000000000002,1.0,False,2452.3,51.2,
NU00173,NU_L69,validation,30.8,4.900000000000002,1.0,False,2452.3,51.2,
NU00173,NU_L69,validation,41.6,6.300000000000001,1.0,False,2452.3,51.2,
NU00173,NU_L69,validation,70.9,8.3,1.0,False,2452.3,51.2,
NU00173,NU_L69,validation,78.8,8.000000000000004,1.0,False,2452.3,51.2,
NU00173,NU_L69,validation,92.8,9.000000000000004,1.0,False,2452.3,51.2,
NU00173,NU_L69,validation,110.5,10.000000000000004,1.0,False,2452.3,51.2,
NU00173,NU_L69,validation,155.8,11.599999999999998,1.0,False,2452.3,51.2,
NU00176,NU_L69,validation,0.78,0.0,0.78,True,2452.3,51.2,
NU00176,NU_L69,validation,1.98,1.1999999999999993,0.78,True,2452.3,51.2,
NU00176,NU_L69,validation,2.78,1.3999999999999986,0.78,True,2452.3,51.2,
NU00176,NU_L69,validation,5.98,1.5999999999999979,0.78,True,2452.3,51.2,
NU00176,NU_L69,validation,7.98,2.599999999999998,0.78,True,2452.3,51.2,
NU00176,NU_L69,validation,8.78,3.299999999999997,0.78,True,2452.3,51.2,
NU00176,NU_L69,validation,12.78,4.299999999999997,0.78,False,2452.3,51.2,
NU00176,NU_L69,validation,15.88,4.5,0.78,False,2452.3,51.2,
NU00176,NU_L69,validation,20.58,5.5,0.78,False,2452.3,51.2,
NU00176,NU_L69,validation,30.78,6.0,0.78,False,2452.3,51.2,
NU00176,NU_L69,validation,41.78,6.199999999999996,0.78,False,2452.3,51.2,
NU00176,NU_L69,validation,78.88,7.399999999999999,0.78,False,2452.3,51.2,
NU00176,NU_L69,validation,92.78,7.699999999999996,0.78,False,2452.3,51.2,
NU00177,NU_L69,validation,0.88,0.0,0.88,True,2452.3,51.2,
NU00177,NU_L69,validation,1.78,1.3999999999999986,0.88,True,2452.3,51.2,
NU00177,NU_L69,validation,3.68,2.6000000000000014,0.88,True,2452.3,51.2,
NU00177,NU_L69,validation,5.78,4.700000000000003,0.88,True,2452.3,51.2,
NU00177,NU_L69,validation,8.68,5.0,0.88,True,2452.3,51.2,
NU00177,NU_L69,validation,12.68,6.700000000000003,0.88,False,2452.3,51.2,
NU00177,NU_L69,validation,15.78,6.100000000000001,0.88,False,2452.3,51.2,
NU00177,NU_L69,validation,20.48,8.800000000000004,0.88,False,2452.3,51.2,
NU00177,NU_L69,validation,30.68,11.5,0.88,False,2452.3,51.2,
NU00177,NU_L69,validation,41.58,13.0,0.88,False,2452.3,51.2,
NU00177,NU_L69,validation,70.78,15.600000000000001,0.88,False,2452.3,51.2,
NU00177,NU_L69,validation,78.78,15.800000000000004,0.88,False,2452.3,51.2,
NU00177,NU_L69,validation,92.68,17.0,0.88,False,2452.3,51.2,
NU00177,NU_L69,validation,121.68,18.6,0.88,False,2452.3,51.2,
NU00178,NU_L69,validation,1.0,0.0,1.0,True,2348.78,46.1,
NU00178,NU_L69,validation,1.9,1.5999999999999943,1.0,True,2348.78,46.1,
NU00178,NU_L69,validation,5.8,4.5,1.0,True,2348.78,46.1,
NU00178,NU_L69,validation,9.0,5.5,1.0,True,2348.78,46.1,
NU00178,NU_L69,validation,13.6,6.099999999999994,1.0,False,2348.78,46.1,
NU00178,NU_L69,validation,26.8,10.5,1.0,False,2348.78,46.1,
NU00178,NU_L69,validation,40.8,12.799999999999997,1.0,False,2348.78,46.1,
NU00178,NU_L69,validation,63.8,15.0,1.0,False,2348.78,46.1,
NU00178,NU_L69,validation,86.0,16.099999999999994,1.0,False,2348.78,46.1,
NU00178,NU_L69,validation,103.7,17.0,1.0,False,2348.78,46.1,
NU00178,NU_L69,validation,148.9,19.700000000000003,1.0,False,2348.78,46.1,
NU00183,NU_L60,train,0.02,0.0,0.02,True,2395.56,45.4,
NU00183,NU_L60,train,0.1,1.6000000000000014,0.02,True,2395.56,45.4,
NU00183,NU_L60,train,0.3,2.400000000000002,0.02,True,2395.56,45.4,
NU00183,NU_L60,train,0.8,3.8000000000000007,0.02,True,2395.56,45.4,
NU00183,NU_L60,train,1.0,4.200000000000003,0.02,True,2395.56,45.4,
NU00183,NU_L60,train,2.0,5.800000000000004,0.02,True,2395.56,45.4,
NU00183,NU_L60,train,4.0,7.5,0.02,True,2395.56,45.4,
NU00183,NU_L60,train,7.0,9.200000000000003,0.02,True,2395.56,45.4,
NU00183,NU_L60,train,11.0,10.600000000000001,0.02,False,2395.56,45.4,
NU00183,NU_L60,train,15.0,12.5,0.02,False,2395.56,45.4,
NU00183,NU_L60,train,27.0,14.200000000000003,0.02,False,2395.56,45.4,
NU00183,NU_L60,train,44.0,16.5,0.02,False,2395.56,45.4,
NU00183,NU_L60,train,59.0,18.0,0.02,False,2395.56,45.4,
NU00183,NU_L60,train,68.0,18.700000000000003,0.02,False,2395.56,45.4,
NU00183,NU_L60,train,89.0,20.4,0.02,False,2395.56,45.4,
NU00183,NU_L60,train,104.0,21.4,0.02,False,2395.56,45.4,
NU00183,NU_L60,train,135.0,23.1,0.02,False,2395.56,45.4,
NU00184,NU_L60,train,0.01,0.0,0.01,True,2395.56,45.4,
NU00184,NU_L60,train,0.04,0.5,0.01,True,2395.56,45.4,
NU00184,NU_L60,train,0.1,1.3000000000000007,0.01,True,2395.56,45.4,
NU00184,NU_L60,train,0.4,2.3000000000000007,0.01,True,2395.56,45.4,
NU00184,NU_L60,train,1.0,3.0,0.01,True,2395.56,45.4,
NU00184,NU_L60,train,2.0,4.099999999999998,0.01,True,2395.56,45.4,
NU00184,NU_L60,train,5.0,5.699999999999999,0.01,True,2395.56,45.4,
NU00184,NU_L60,train,8.0,6.599999999999998,0.01,True,2395.56,45.4,
NU00184,NU_L60,train,10.0,6.899999999999999,0.01,True,2395.56,45.4,
NU00184,NU_L60,train,15.0,8.2,0.01,False,2395.56,45.4,
NU00184,NU_L60,train,20.0,9.099999999999998,0.01,False,2395.56,45.4,
NU00184,NU_L60,train,27.0,10.3,0.01,False,2395.56,45.4,
NU00184,NU_L60,train,42.0,12.2,0.01,False,2395.56,45.4,
NU00184,NU_L60,train,55.0,13.3,0.01,False,2395.56,45.4,
NU00184,NU_L60,train,73.0,14.8,0.01,False,2395.56,45.4,
NU00184,NU_L60,train,87.0,15.499999999999996,0.01,False,2395.56,45.4,
NU00184,NU_L60,train,127.0,17.2,0.01,False,2395.56,45.4,
NU00185,NU_L60,train,0.004,0.0,0.004,True,2395.56,45.4,
NU00185,NU_L60,train,0.01,0.6000000000000014,0.004,True,2395.56,45.4,
NU00185,NU_L60,train,0.04,1.4000000000000021,0.004,True,2395.56,45.4,
NU00185,NU_L60,train,0.1,2.400000000000002,0.004,True,2395.56,45.4,
NU00185,NU_L60,train,0.4,3.400000000000002,0.004,True,2395.56,45.4,
NU00185,NU_L60,train,1.0,4.700000000000003,0.004,True,2395.56,45.4,
NU00185,NU_L60,train,2.0,5.700000000000003,0.004,True,2395.56,45.4,
NU00185,NU_L60,train,4.0,6.900000000000002,0.004,True,2395.56,45.4,
NU00185,NU_L60,train,6.0,7.899999999999999,0.004,True,2395.56,45.4,
NU00185,NU_L60,train,9.0,8.700000000000003,0.004,True,2395.56,45.4,
NU00185,NU_L60,train,13.0,9.800000000000004,0.004,False,2395.56,45.4,
NU00185,NU_L60,train,15.0,10.200000000000003,0.004,False,2395.56,45.4,
NU00185,NU_L60,train,26.0,12.300000000000004,0.004,False,2395.56,45.4,
NU00185,NU_L60,train,33.0,13.200000000000003,0.004,False,2395.56,45.4,
NU00185,NU_L60,train,41.0,13.600000000000001,0.004,False,2395.56,45.4,
NU00185,NU_L60,train,55.0,15.300000000000004,0.004,False,2395.56,45.4,
NU00185,NU_L60,train,71.0,16.6,0.004,False,2395.56,45.4,
NU00185,NU_L60,train,77.0,17.0,0.004,False,2395.56,45.4,
NU00185,NU_L60,train,98.0,18.300000000000004,0.004,False,2395.56,45.4,
NU00185,NU_L60,train,120.0,19.5,0.004,False,2395.56,45.4,
NU00185,NU_L60,train,154.0,20.700000000000003,0.004,False,2395.56,45.4,
NU00186,NU_L60,train,0.004,0.0,0.004,True,2395.56,45.4,
NU00186,NU_L60,train,0.01,0.8999999999999986,0.004,True,2395.56,45.4,
NU00186,NU_L60,train,0.04,2.5,0.004,True,2395.56,45.4,
NU00186,NU_L60,train,0.1,3.6999999999999993,0.004,True,2395.56,45.4,
NU00186,NU_L60,train,0.3,5.199999999999999,0.004,True,2395.56,45.4,
NU00186,NU_L60,train,0.7,6.600000000000001,0.004,True,2395.56,45.4,
NU00186,NU_L60,train,1.0,7.699999999999996,0.004,True,2395.56,45.4,
NU00186,NU_L60,train,2.0,8.5,0.004,True,2395.56,45.4,
NU00186,NU_L60,train,4.0,10.100000000000001,0.004,True,2395.56,45.4,
NU00186,NU_L60,train,6.0,11.399999999999999,0.004,True,2395.56,45.4,
NU00186,NU_L60,train,9.0,12.399999999999999,0.004,True,2395.56,45.4,
NU00186,NU_L60,train,13.0,13.699999999999996,0.004,False,2395.56,45.4,
NU00186,NU_L60,train,26.0,16.4,0.004,False,2395.56,45.4,
NU00186,NU_L60,train,33.0,17.4,0.004,False,2395.56,45.4,
NU00186,NU_L60,train,41.0,17.9,0.004,False,2395.56,45.4,
NU00186,NU_L60,train,55.0,20.0,0.004,False,2395.56,45.4,
NU00186,NU_L60,train,61.0,20.5,0.004,False,2395.56,45.4,
NU00186,NU_L60,train,71.0,21.4,0.004,False,2395.56,45.4,
NU00186,NU_L60,train,98.0,22.9,0.004,False,2395.56,45.4,
NU00186,NU_L60,train,120.0,24.5,0.004,False,2395.56,45.4,
NU00186,NU_L60,train,154.0,26.1,0.004,False,2395.56,45.4,
NU00187,NU_L60,train,0.004,0.0,0.004,True,2395.56,45.4,
NU00187,NU_L60,train,0.01,0.3999999999999986,0.004,True,2395.56,45.4,
NU00187,NU_L60,train,0.04,0.5999999999999979,0.004,True,2395.56,45.4,
NU00187,NU_L60,train,0.3,1.5,0.004,True,2395.56,45.4,
NU00187,NU_L60,train,0.9,2.5,0.004,True,2395.56,45.4,
NU00187,NU_L60,train,2.0,3.1999999999999993,0.004,True,2395.56,45.4,
NU00187,NU_L60,train,4.0,3.8999999999999986,0.004,True,2395.56,45.4,
NU00187,NU_L60,train,7.0,4.699999999999999,0.004,True,2395.56,45.4,
NU00187,NU_L60,train,9.0,5.199999999999999,0.004,True,2395.56,45.4,
NU00187,NU_L60,train,11.0,5.599999999999998,0.004,False,2395.56,45.4,
NU00187,NU_L60,train,23.0,7.0,0.004,False,2395.56,45.4,
NU00187,NU_L60,train,36.0,8.5,0.004,False,2395.56,45.4,
NU00187,NU_L60,train,42.0,8.899999999999999,0.004,False,2395.56,45.4,
NU00187,NU_L60,train,52.0,9.600000000000001,0.004,False,2395.56,45.4,
NU00187,NU_L60,train,63.0,10.0,0.004,False,2395.56,45.4,
NU00187,NU_L60,train,79.0,10.5,0.004,False,2395.56,45.4,
NU00187,NU_L60,train,85.0,10.799999999999997,0.004,False,2395.56,45.4,
NU00187,NU_L60,train,105.0,11.699999999999996,0.004,False,2395.56,45.4,
NU00187,NU_L60,train,137.0,13.100000000000001,0.004,False,2395.56,45.4,
NU00188,NU_L60,train,0.027,0.0,0.027,True,2395.56,45.4,
NU00188,NU_L60,train,0.03,0.20000000000000284,0.027,True,2395.56,45.4,
NU00188,NU_L60,train,0.04,0.6000000000000014,0.027,True,2395.56,45.4,
NU00188,NU_L60,train,0.12,2.900000000000002,0.027,True,2395.56,45.4,
NU00188,NU_L60,train,0.22,4.200000000000003,0.027,True,2395.56,45.4,
NU00188,NU_L60,train,1.02,8.0,0.027,True,2395.56,45.4,
NU00188,NU_L60,train,2.02,10.200000000000003,0.027,True,2395.56,45.4,
NU00188,NU_L60,train,3.02,11.600000000000001,0.027,True,2395.56,45.4,
NU00188,NU_L60,train,7.02,14.399999999999999,0.027,True,2395.56,45.4,
NU00188,NU_L60,train,11.02,15.800000000000004,0.027,False,2395.56,45.4,
NU00188,NU_L60,train,19.02,17.1,0.027,False,2395.56,45.4,
NU00188,NU_L60,train,25.02,19.200000000000003,0.027,False,2395.56,45.4,
NU00188,NU_L60,train,35.02,21.300000000000004,0.027,False,2395.56,45.4,
NU00188,NU_L60,train,42.02,22.0,0.027,False,2395.56,45.4,
NU00188,NU_L60,train,52.02,23.1,0.027,False,2395.56,45.4,
NU00188,NU_L60,train,62.02,23.800000000000004,0.027,False,2395.56,45.4,
NU00188,NU_L60,train,76.02,25.5,0.027,False,2395.56,45.4,
NU00188,NU_L60,train,90.02,26.5,0.027,False,2395.56,45.4,
NU00188,NU_L60,train,102.02,27.5,0.027,False,2395.56,45.4,
NU00188,NU_L60,train,146.02,30.0,0.027,False,2395.56,45.4,
NU00189,NU_L60,train,0.004,0.0,0.004,True,2395.56,45.4,
NU00189,NU_L60,train,0.01,0.6999999999999993,0.004,True,2395.56,45.4,
NU00189,NU_L60,train,0.04,1.8000000000000007,0.004,True,2395.56,45.4,
NU00189,NU_L60,train,0.2,3.400000000000002,0.004,True,2395.56,45.4,
NU00189,NU_L60,train,0.5,5.199999999999999,0.004,True,2395.56,45.4,
NU00189,NU_L60,train,1.0,6.800000000000001,0.004,True,2395.56,45.4,
NU00189,NU_L60,train,2.0,8.8,0.004,True,2395.56,45.4,
NU00189,NU_L60,train,4.0,10.8,0.004,True,2395.56,45.4,
NU00189,NU_L60,train,8.0,13.2,0.004,True,2395.56,45.4,
NU00189,NU_L60,train,11.0,14.400000000000002,0.004,False,2395.56,45.4,
NU00189,NU_L60,train,14.0,15.400000000000002,0.004,False,2395.56,45.4,
NU00189,NU_L60,train,21.0,17.2,0.004,False,2395.56,45.4,
NU00189,NU_L60,train,28.0,18.599999999999998,0.004,False,2395.56,45.4,
NU00189,NU_L60,train,40.0,20.500000000000004,0.004,False,2395.56,45.4,
NU00189,NU_L60,train,53.0,22.099999999999998,0.004,False,2395.56,45.4,
NU00189,NU_L60,train,75.0,24.099999999999998,0.004,False,2395.56,45.4,
NU00189,NU_L60,train,97.0,26.099999999999998,0.004,False,2395.56,45.4,
NU00189,NU_L60,train,125.0,28.000000000000004,0.004,False,2395.56,45.4,
NU00189,NU_L60,train,153.0,29.7,0.004,False,2395.56,45.4,
NU00190,NU_L60,train,0.014,0.0,0.014,True,2395.56,45.4,
NU00190,NU_L60,train,0.05,1.8000000000000007,0.014,True,2395.56,45.4,
NU00190,NU_L60,train,0.11,3.0,0.014,True,2395.56,45.4,
NU00190,NU_L60,train,0.31,4.0,0.014,True,2395.56,45.4,
NU00190,NU_L60,train,1.01,6.400000000000002,0.014,True,2395.56,45.4,
NU00190,NU_L60,train,2.01,8.3,0.014,True,2395.56,45.4,
NU00190,NU_L60,train,6.01,10.500000000000004,0.014,True,2395.56,45.4,
NU00190,NU_L60,train,9.01,10.7,0.014,True,2395.56,45.4,
NU00190,NU_L60,train,15.01,12.7,0.014,False,2395.56,45.4,
NU00190,NU_L60,train,28.01,17.2,0.014,False,2395.56,45.4,
NU00190,NU_L60,train,41.01,19.099999999999998,0.014,False,2395.56,45.4,
NU00190,NU_L60,train,52.01,20.3,0.014,False,2395.56,45.4,
NU00190,NU_L60,train,65.01,21.400000000000002,0.014,False,2395.56,45.4,
NU00190,NU_L60,train,98.01,21.400000000000002,0.014,False,2395.56,45.4,
NU00190,NU_L60,train,108.01,22.599999999999998,0.014,False,2395.56,45.4,
NU00190,NU_L60,train,115.01,23.500000000000004,0.014,False,2395.56,45.4,
NU00190,NU_L60,train,154.01,26.2,0.014,False,2395.56,45.4,
NU00191,NU_L60,train,0.07,0.0,0.07,True,2395.56,45.4,
NU00191,NU_L60,train,0.1,0.8999999999999986,0.07,True,2395.56,45.4,
NU00191,NU_L60,train,0.26,2.599999999999998,0.07,True,2395.56,45.4,
NU00191,NU_L60,train,0.46,4.400000000000002,0.07,True,2395.56,45.4,
NU00191,NU_L60,train,1.06,7.4999999999999964,0.07,True,2395.56,45.4,
NU00191,NU_L60,train,2.06,8.599999999999998,0.07,True,2395.56,45.4,
NU00191,NU_L60,train,4.06,12.7,0.07,True,2395.56,45.4,
NU00191,NU_L60,train,7.06,14.900000000000002,0.07,True,2395.56,45.4,
NU00191,NU_L60,train,11.06,17.400000000000002,0.07,False,2395.56,45.4,
NU00191,NU_L60,train,18.06,19.8,0.07,False,2395.56,45.4,
NU00191,NU_L60,train,30.06,26.2,0.07,False,2395.56,45.4,
NU00191,NU_L60,train,60.06,28.3,0.07,False,2395.56,45.4,
NU00191,NU_L60,train,103.06,34.099999999999994,0.07,False,2395.56,45.4,
NU00191,NU_L60,train,124.06,35.7,0.07,False,2395.56,45.4,
NU00191,NU_L60,train,148.06,43.0,0.07,False,2395.56,45.4,
NU00192,NU_L60,train,0.003,0.0,0.003,True,2395.56,45.4,
NU00192,NU_L60,train,0.01,0.8000000000000007,0.003,True,2395.56,45.4,
NU00192,NU_L60,train,0.04,2.1000000000000014,0.003,True,2395.56,45.4,
NU00192,NU_L60,train,0.1,4.0000000000000036,0.003,True,2395.56,45.4,
NU00192,NU_L60,train,0.3,5.199999999999999,0.003,True,2395.56,45.4,
NU00192,NU_L60,train,0.8,8.400000000000002,0.003,True,2395.56,45.4,
NU00192,NU_L60,train,1.0,9.099999999999998,0.003,True,2395.56,45.4,
NU00192,NU_L60,train,2.0,11.7,0.003,True,2395.56,45.4,
NU00192,NU_L60,train,5.0,15.900000000000002,0.003,True,2395.56,45.4,
NU00192,NU_L60,train,8.0,18.900000000000002,0.003,True,2395.56,45.4,
NU00192,NU_L60,train,13.0,23.000000000000004,0.003,False,2395.56,45.4,
NU00192,NU_L60,train,23.0,28.3,0.003,False,2395.56,45.4,
NU00192,NU_L60,train,34.0,32.900000000000006,0.003,False,2395.56,45.4,
NU00192,NU_L60,train,48.0,38.89999999999999,0.003,False,2395.56,45.4,
NU00192,NU_L60,train,65.0,43.599999999999994,0.003,False,2395.56,45.4,
NU00192,NU_L60,train,84.0,48.099999999999994,0.003,False,2395.56,45.4,
NU00192,NU_L60,train,111.0,53.8,0.003,False,2395.56,45.4,
NU00192,NU_L60,train,156.0,60.099999999999994,0.003,False,2395.56,45.4,
NU00193,NU_L60,train,0.004,0.0,0.004,True,2395.56,45.4,
NU00193,NU_L60,train,0.007,0.6999999999999993,0.004,True,2395.56,45.4,
NU00193,NU_L60,train,0.01,1.1999999999999993,0.004,True,2395.56,45.4,
NU00193,NU_L60,train,0.02,2.1000000000000014,0.004,True,2395.56,45.4,
NU00193,NU_L60,train,0.04,3.200000000000003,0.004,True,2395.56,45.4,
NU00193,NU_L60,train,0.1,5.299999999999997,0.004,True,2395.56,45.4,
NU00193,NU_L60,train,0.2,7.100000000000001,0.004,True,2395.56,45.4,
NU00193,NU_L60,train,0.4,8.600000000000001,0.004,True,2395.56,45.4,
NU00193,NU_L60,train,1.0,11.200000000000003,0.004,True,2395.56,45.4,
NU00193,NU_L60,train,2.0,13.399999999999999,0.004,True,2395.56,45.4,
NU00193,NU_L60,train,4.0,16.1,0.004,True,2395.56,45.4,
NU00193,NU_L60,train,7.0,19.700000000000003,0.004,True,2395.56,45.4,
NU00193,NU_L60,train,11.0,23.6,0.004,False,2395.56,45.4,
NU00193,NU_L60,train,19.0,28.9,0.004,False,2395.56,45.4,
NU00193,NU_L60,train,25.0,31.700000000000003,0.004,False,2395.56,45.4,
NU00193,NU_L60,train,32.0,34.5,0.004,False,2395.56,45.4,
NU00193,NU_L60,train,40.0,37.2,0.004,False,2395.56,45.4,
NU00193,NU_L60,train,57.0,43.400000000000006,0.004,False,2395.56,45.4,
NU00193,NU_L60,train,76.0,49.5,0.004,False,2395.56,45.4,
NU00193,NU_L60,train,111.0,59.2,0.004,False,2395.56,45.4,
NU00194,NU_L60,train,0.004,0.0,0.004,True,2395.56,45.4,
NU00194,NU_L60,train,0.005,0.8000000000000043,0.004,True,2395.56,45.4,
NU00194,NU_L60,train,0.01,3.0,0.004,True,2395.56,45.4,
NU00194,NU_L60,train,0.04,7.200000000000003,0.004,True,2395.56,45.4,
NU00194,NU_L60,train,0.1,10.400000000000006,0.004,True,2395.56,45.4,
NU00194,NU_L60,train,0.2,12.800000000000004,0.004,True,2395.56,45.4,
NU00194,NU_L60,train,0.4,15.0,0.004,True,2395.56,45.4,
NU00194,NU_L60,train,0.6,16.700000000000003,0.004,True,2395.56,45.4,
NU00194,NU_L60,train,1.0,19.1,0.004,True,2395.56,45.4,
NU00194,NU_L60,train,2.0,23.1,0.004,True,2395.56,45.4,
NU00194,NU_L60,train,4.0,27.400000000000006,0.004,True,2395.56,45.4,
NU00194,NU_L60,train,9.0,34.10000000000001,0.004,True,2395.56,45.4,
NU00194,NU_L60,train,19.0,42.3,0.004,False,2395.56,45.4,
NU00194,NU_L60,train,29.0,46.8,0.004,False,2395.56,45.4,
NU00194,NU_L60,train,40.0,51.5,0.004,False,2395.56,45.4,
NU00194,NU_L60,train,54.0,58.400000000000006,0.004,False,2395.56,45.4,
NU00194,NU_L60,train,71.0,65.5,0.004,False,2395.56,45.4,
NU00194,NU_L60,train,97.0,75.0,0.004,False,2395.56,45.4,
NU00194,NU_L60,train,140.0,84.7,0.004,False,2395.56,45.4,
NU00195,NU_L60,train,0.004,0.0,0.004,True,2395.56,45.4,
NU00195,NU_L60,train,0.01,0.8999999999999986,0.004,True,2395.56,45.4,
NU00195,NU_L60,train,0.04,2.3000000000000007,0.004,True,2395.56,45.4,
NU00195,NU_L60,train,0.1,3.4999999999999964,0.004,True,2395.56,45.4,
NU00195,NU_L60,train,0.3,5.400000000000002,0.004,True,2395.56,45.4,
NU00195,NU_L60,train,1.0,8.099999999999998,0.004,True,2395.56,45.4,
NU00195,NU_L60,train,2.0,11.2,0.004,True,2395.56,45.4,
NU00195,NU_L60,train,6.0,15.400000000000002,0.004,True,2395.56,45.4,
NU00195,NU_L60,train,8.0,16.8,0.004,True,2395.56,45.4,
NU00195,NU_L60,train,10.0,18.900000000000002,0.004,True,2395.56,45.4,
NU00195,NU_L60,train,17.0,22.8,0.004,False,2395.56,45.4,
NU00195,NU_L60,train,21.0,24.7,0.004,False,2395.56,45.4,
NU00195,NU_L60,train,25.0,26.3,0.004,False,2395.56,45.4,
NU00195,NU_L60,train,38.0,30.3,0.004,False,2395.56,45.4,
NU00195,NU_L60,train,51.0,34.2,0.004,False,2395.56,45.4,
NU00195,NU_L60,train,67.0,37.400000000000006,0.004,False,2395.56,45.4,
NU00195,NU_L60,train,81.0,41.2,0.004,False,2395.56,45.4,
NU00195,NU_L60,train,88.0,42.7,0.004,False,2395.56,45.4,
NU00195,NU_L60,train,98.0,44.8,0.004,False,2395.56,45.4,
NU00195,NU_L60,train,109.0,46.5,0.004,False,2395.56,45.4,
NU00195,NU_L60,train,127.0,49.7,0.004,False,2395.56,45.4,
NU00196,NU_L60,train,0.003,0.0,0.003,True,2427.7200000000003,45.4,
NU00196,NU_L60,train,0.01,0.8000000000000007,0.003,True,2427.7200000000003,45.4,
NU00196,NU_L60,train,0.03,1.5,0.003,True,2427.7200000000003,45.4,
NU00196,NU_L60,train,0.2,2.599999999999998,0.003,True,2427.7200000000003,45.4,
NU00196,NU_L60,train,0.3,3.099999999999998,0.003,True,2427.7200000000003,45.4,
NU00196,NU_L60,train,0.8,4.899999999999999,0.003,True,2427.7200000000003,45.4,
NU00196,NU_L60,train,1.0,5.300000000000001,0.003,True,2427.7200000000003,45.4,
NU00196,NU_L60,train,3.0,7.4999999999999964,0.003,True,2427.7200000000003,45.4,
NU00196,NU_L60,train,7.0,9.499999999999996,0.003,True,2427.7200000000003,45.4,
NU00196,NU_L60,train,10.0,10.7,0.003,True,2427.7200000000003,45.4,
NU00196,NU_L60,train,15.0,11.900000000000002,0.003,False,2427.7200000000003,45.4,
NU00196,NU_L60,train,25.0,13.999999999999996,0.003,False,2427.7200000000003,45.4,
NU00196,NU_L60,train,35.0,15.400000000000002,0.003,False,2427.7200000000003,45.4,
NU00196,NU_L60,train,47.0,16.900000000000002,0.003,False,2427.7200000000003,45.4,
NU00196,NU_L60,train,63.0,18.499999999999996,0.003,False,2427.7200000000003,45.4,
NU00196,NU_L60,train,88.0,20.3,0.003,False,2427.7200000000003,45.4,
NU00196,NU_L60,train,104.0,20.900000000000002,0.003,False,2427.7200000000003,45.4,
NU00196,NU_L60,train,125.0,21.8,0.003,False,2427.7200000000003,45.4,
NU00196,NU_L60,train,154.0,22.999999999999996,0.003,False,2427.7200000000003,45.4,
NU00197,NU_L60,train,0.004,0.0,0.004,True,2427.7200000000003,45.4,
NU00197,NU_L60,train,0.01,0.5,0.004,True,2427.7200000000003,45.4,
NU00197,NU_L60,train,0.04,1.1000000000000014,0.004,True,2427.7200000000003,45.4,
NU00197,NU_L60,train,0.1,1.8000000000000007,0.004,True,2427.7200000000003,45.4,
NU00197,NU_L60,train,0.3,2.200000000000003,0.004,True,2427.7200000000003,45.4,
NU00197,NU_L60,train,0.8,3.200000000000003,0.004,True,2427.7200000000003,45.4,
NU00197,NU_L60,train,1.0,3.400000000000002,0.004,True,2427.7200000000003,45.4,
NU00197,NU_L60,train,6.0,5.800000000000001,0.004,True,2427.7200000000003,45.4,
NU00197,NU_L60,train,9.0,6.700000000000003,0.004,True,2427.7200000000003,45.4,
NU00197,NU_L60,train,11.0,7.400000000000002,0.004,False,2427.7200000000003,45.4,
NU00197,NU_L60,train,20.0,8.899999999999999,0.004,False,2427.7200000000003,45.4,
NU00197,NU_L60,train,36.0,10.899999999999999,0.004,False,2427.7200000000003,45.4,
NU00197,NU_L60,train,56.0,12.5,0.004,False,2427.7200000000003,45.4,
NU00197,NU_L60,train,70.0,13.399999999999999,0.004,False,2427.7200000000003,45.4,
NU00197,NU_L60,train,91.0,14.700000000000003,0.004,False,2427.7200000000003,45.4,
NU00197,NU_L60,train,107.0,15.399999999999999,0.004,False,2427.7200000000003,45.4,
NU00197,NU_L60,train,147.0,17.0,0.004,False,2427.7200000000003,45.4,
NU00198,NU_L60,train,0.004,0.0,0.004,True,2427.7200000000003,45.4,
NU00198,NU_L60,train,0.01,0.5,0.004,True,2427.7200000000003,45.4,
NU00198,NU_L60,train,0.02,1.0,0.004,True,2427.7200000000003,45.4,
NU00198,NU_L60,train,0.05,1.4000000000000021,0.004,True,2427.7200000000003,45.4,
NU00198,NU_L60,train,0.1,2.1999999999999993,0.004,True,2427.7200000000003,45.4,
NU00198,NU_L60,train,0.3,2.6999999999999993,0.004,True,2427.7200000000003,45.4,
NU00198,NU_L60,train,0.8,3.8000000000000007,0.004,True,2427.7200000000003,45.4,
NU00198,NU_L60,train,1.0,4.300000000000001,0.004,True,2427.7200000000003,45.4,
NU00198,NU_L60,train,3.0,5.800000000000001,0.004,True,2427.7200000000003,45.4,
NU00198,NU_L60,train,6.0,7.100000000000001,0.004,True,2427.7200000000003,45.4,
NU00198,NU_L60,train,9.0,7.800000000000001,0.004,True,2427.7200000000003,45.4,
NU00198,NU_L60,train,15.0,9.599999999999998,0.004,False,2427.7200000000003,45.4,
NU00198,NU_L60,train,25.0,10.7,0.004,False,2427.7200000000003,45.4,
NU00198,NU_L60,train,40.0,12.8,0.004,False,2427.7200000000003,45.4,
NU00198,NU_L60,train,64.0,14.7,0.004,False,2427.7200000000003,45.4,
NU00198,NU_L60,train,98.0,16.599999999999998,0.004,False,2427.7200000000003,45.4,
NU00198,NU_L60,train,112.0,17.2,0.004,False,2427.7200000000003,45.4,
NU00198,NU_L60,train,140.0,18.400000000000002,0.004,False,2427.7200000000003,45.4,
NU00199,NU_L60,train,0.004,0.0,0.004,True,2427.7200000000003,45.4,
NU00199,NU_L60,train,0.007,0.6000000000000014,0.004,True,2427.7200000000003,45.4,
NU00199,NU_L60,train,0.01,0.8999999999999986,0.004,True,2427.7200000000003,45.4,
NU00199,NU_L60,train,0.04,2.5,0.004,True,2427.7200000000003,45.4,
NU00199,NU_L60,train,0.08,3.3000000000000007,0.004,True,2427.7200000000003,45.4,
NU00199,NU_L60,train,0.2,4.800000000000001,0.004,True,2427.7200000000003,45.4,
NU00199,NU_L60,train,0.7,6.700000000000003,0.004,True,2427.7200000000003,45.4,
NU00199,NU_L60,train,1.0,7.200000000000003,0.004,True,2427.7200000000003,45.4,
NU00199,NU_L60,train,2.0,8.700000000000003,0.004,True,2427.7200000000003,45.4,
NU00199,NU_L60,train,4.0,10.200000000000003,0.004,True,2427.7200000000003,45.4,
NU00199,NU_L60,train,7.0,11.700000000000003,0.004,True,2427.7200000000003,45.4,
NU00199,NU_L60,train,12.0,13.299999999999997,0.004,False,2427.7200000000003,45.4,
NU00199,NU_L60,train,25.0,15.799999999999997,0.004,False,2427.7200000000003,45.4,
NU00199,NU_L60,train,35.0,17.1,0.004,False,2427.7200000000003,45.4,
NU00199,NU_L60,train,56.0,19.299999999999997,0.004,False,2427.7200000000003,45.4,
NU00199,NU_L60,train,71.0,20.5,0.004,False,2427.7200000000003,45.4,
NU00199,NU_L60,train,98.0,22.0,0.004,False,2427.7200000000003,45.4,
NU00199,NU_L60,train,126.0,23.5,0.004,False,2427.7200000000003,45.4,
NU00199,NU_L60,train,140.0,24.1,0.004,False,2427.7200000000003,45.4,
NU00200,NU_L60,train,0.004,0.0,0.004,True,2427.7200000000003,45.4,
NU00200,NU_L60,train,0.01,0.3000000000000007,0.004,True,2427.7200000000003,45.4,
NU00200,NU_L60,train,0.05,0.8000000000000007,0.004,True,2427.7200000000003,45.4,
NU00200,NU_L60,train,0.1,1.3000000000000007,0.004,True,2427.7200000000003,45.4,
NU00200,NU_L60,train,0.3,1.6999999999999993,0.004,True,2427.7200000000003,45.4,
NU00200,NU_L60,train,1.0,2.6000000000000014,0.004,True,2427.7200000000003,45.4,
NU00200,NU_L60,train,4.0,4.100000000000001,0.004,True,2427.7200000000003,45.4,
NU00200,NU_L60,train,7.0,4.699999999999999,0.004,True,2427.7200000000003,45.4,
NU00200,NU_L60,train,10.0,5.400000000000002,0.004,True,2427.7200000000003,45.4,
NU00200,NU_L60,train,23.0,6.699999999999999,0.004,False,2427.7200000000003,45.4,
NU00200,NU_L60,train,32.0,7.800000000000001,0.004,False,2427.7200000000003,45.4,
NU00200,NU_L60,train,49.0,8.900000000000002,0.004,False,2427.7200000000003,45.4,
NU00200,NU_L60,train,65.0,9.900000000000002,0.004,False,2427.7200000000003,45.4,
NU00200,NU_L60,train,81.0,10.900000000000002,0.004,False,2427.7200000000003,45.4,
NU00200,NU_L60,train,99.0,11.500000000000004,0.004,False,2427.7200000000003,45.4,
NU00200,NU_L60,train,109.0,11.900000000000002,0.004,False,2427.7200000000003,45.4,
NU00200,NU_L60,train,123.0,12.500000000000004,0.004,False,2427.7200000000003,45.4,
NU00200,NU_L60,train,152.0,13.3,0.004,False,2427.7200000000003,45.4,
NU00201,NU_L60,train,0.004,0.0,0.004,True,2427.7200000000003,45.4,
NU00201,NU_L60,train,0.01,0.8000000000000007,0.004,True,2427.7200000000003,45.4,
NU00201,NU_L60,train,0.04,2.3000000000000007,0.004,True,2427.7200000000003,45.4,
NU00201,NU_L60,train,0.09,3.5,0.004,True,2427.7200000000003,45.4,
NU00201,NU_L60,train,0.1,4.300000000000004,0.004,True,2427.7200000000003,45.4,
NU00201,NU_L60,train,0.3,5.600000000000001,0.004,True,2427.7200000000003,45.4,
NU00201,NU_L60,train,1.0,9.399999999999999,0.004,True,2427.7200000000003,45.4,
NU00201,NU_L60,train,3.0,13.200000000000003,0.004,True,2427.7200000000003,45.4,
NU00201,NU_L60,train,5.0,15.200000000000003,0.004,True,2427.7200000000003,45.4,
NU00201,NU_L60,train,9.0,17.5,0.004,True,2427.7200000000003,45.4,
NU00201,NU_L60,train,16.0,19.700000000000003,0.004,False,2427.7200000000003,45.4,
NU00201,NU_L60,train,31.0,21.200000000000003,0.004,False,2427.7200000000003,45.4,
NU00201,NU_L60,train,42.0,23.0,0.004,False,2427.7200000000003,45.4,
NU00201,NU_L60,train,56.0,24.5,0.004,False,2427.7200000000003,45.4,
NU00201,NU_L60,train,78.0,26.6,0.004,False,2427.7200000000003,45.4,
NU00201,NU_L60,train,113.0,29.4,0.004,False,2427.7200000000003,45.4,
NU00202,NU_L60,train,0.004,0.0,0.004,True,2427.7200000000003,45.4,
NU00202,NU_L60,train,0.01,0.5999999999999979,0.004,True,2427.7200000000003,45.4,
NU00202,NU_L60,train,0.04,1.8999999999999986,0.004,True,2427.7200000000003,45.4,
NU00202,NU_L60,train,0.09,2.8999999999999986,0.004,True,2427.7200000000003,45.4,
NU00202,NU_L60,train,0.3,4.599999999999998,0.004,True,2427.7200000000003,45.4,
NU00202,NU_L60,train,1.0,7.300000000000001,0.004,True,2427.7200000000003,45.4,
NU00202,NU_L60,train,2.0,9.3,0.004,True,2427.7200000000003,45.4,
NU00202,NU_L60,train,4.0,11.2,0.004,True,2427.7200000000003,45.4,
NU00202,NU_L60,train,7.0,13.400000000000002,0.004,True,2427.7200000000003,45.4,
NU00202,NU_L60,train,11.0,14.900000000000002,0.004,False,2427.7200000000003,45.4,
NU00202,NU_L60,train,16.0,16.3,0.004,False,2427.7200000000003,45.4,
NU00202,NU_L60,train,20.0,17.2,0.004,False,2427.7200000000003,45.4,
NU00202,NU_L60,train,30.0,18.999999999999996,0.004,False,2427.7200000000003,45.4,
NU00202,NU_L60,train,42.0,20.8,0.004,False,2427.7200000000003,45.4,
NU00202,NU_L60,train,51.0,21.999999999999996,0.004,False,2427.7200000000003,45.4,
NU00202,NU_L60,train,72.0,23.999999999999996,0.004,False,2427.7200000000003,45.4,
NU00202,NU_L60,train,93.0,25.499999999999996,0.004,False,2427.7200000000003,45.4,
NU00202,NU_L60,train,107.0,26.400000000000002,0.004,False,2427.7200000000003,45.4,
NU00202,NU_L60,train,136.0,28.099999999999998,0.004,False,2427.7200000000003,45.4,
NU00203,NU_L60,train,0.004,0.0,0.004,True,2427.7200000000003,45.4,
NU00203,NU_L60,train,0.01,0.6999999999999993,0.004,True,2427.7200000000003,45.4,
NU00203,NU_L60,train,0.02,1.1999999999999993,0.004,True,2427.7200000000003,45.4,
NU00203,NU_L60,train,0.04,1.8999999999999986,0.004,True,2427.7200000000003,45.4,
NU00203,NU_L60,train,0.1,3.1999999999999993,0.004,True,2427.7200000000003,45.4,
NU00203,NU_L60,train,0.5,5.5,0.004,True,2427.7200000000003,45.4,
NU00203,NU_L60,train,1.0,7.299999999999997,0.004,True,2427.7200000000003,45.4,
NU00203,NU_L60,train,4.0,11.100000000000001,0.004,True,2427.7200000000003,45.4,
NU00203,NU_L60,train,6.0,12.5,0.004,True,2427.7200000000003,45.4,
NU00203,NU_L60,train,11.0,14.899999999999999,0.004,False,2427.7200000000003,45.4,
NU00203,NU_L60,train,14.0,16.4,0.004,False,2427.7200000000003,45.4,
NU00203,NU_L60,train,18.0,17.1,0.004,False,2427.7200000000003,45.4,
NU00203,NU_L60,train,28.0,18.799999999999997,0.004,False,2427.7200000000003,45.4,
NU00203,NU_L60,train,31.0,19.299999999999997,0.004,False,2427.7200000000003,45.4,
NU00203,NU_L60,train,40.0,20.5,0.004,False,2427.7200000000003,45.4,
NU00203,NU_L60,train,56.0,22.299999999999997,0.004,False,2427.7200000000003,45.4,
NU00203,NU_L60,train,74.0,23.9,0.004,False,2427.7200000000003,45.4,
NU00203,NU_L60,train,84.0,24.6,0.004,False,2427.7200000000003,45.4,
NU00203,NU_L60,train,98.0,25.6,0.004,False,2427.7200000000003,45.4,
NU00203,NU_L60,train,116.0,26.799999999999997,0.004,False,2427.7200000000003,45.4,
NU00204,NU_L60,train,0.004,0.0,0.004,True,2427.7200000000003,45.4,
NU00204,NU_L60,train,0.01,0.9000000000000021,0.004,True,2427.7200000000003,45.4,
NU00204,NU_L60,train,0.04,2.3000000000000007,0.004,True,2427.7200000000003,45.4,
NU00204,NU_L60,train,0.1,3.8000000000000043,0.004,True,2427.7200000000003,45.4,
NU00204,NU_L60,train,0.4,6.300000000000004,0.004,True,2427.7200000000003,45.4,
NU00204,NU_L60,train,1.0,8.300000000000004,0.004,True,2427.7200000000003,45.4,
NU00204,NU_L60,train,2.0,10.700000000000003,0.004,True,2427.7200000000003,45.4,
NU00204,NU_L60,train,3.0,12.100000000000001,0.004,True,2427.7200000000003,45.4,
NU00204,NU_L60,train,5.0,13.899999999999999,0.004,True,2427.7200000000003,45.4,
NU00204,NU_L60,train,8.0,15.399999999999999,0.004,True,2427.7200000000003,45.4,
NU00204,NU_L60,train,13.0,18.4,0.004,False,2427.7200000000003,45.4,
NU00204,NU_L60,train,18.0,20.800000000000004,0.004,False,2427.7200000000003,45.4,
NU00204,NU_L60,train,25.0,23.1,0.004,False,2427.7200000000003,45.4,
NU00204,NU_L60,train,30.0,25.300000000000004,0.004,False,2427.7200000000003,45.4,
NU00204,NU_L60,train,40.0,28.6,0.004,False,2427.7200000000003,45.4,
NU00204,NU_L60,train,61.0,33.2,0.004,False,2427.7200000000003,45.4,
NU00204,NU_L60,train,97.0,38.6,0.004,False,2427.7200000000003,45.4,
NU00204,NU_L60,train,153.0,41.9,0.004,False,2427.7200000000003,45.4,
NU00205,NU_L60,train,0.004,0.0,0.004,True,2427.7200000000003,45.4,
NU00205,NU_L60,train,0.02,1.5999999999999979,0.004,True,2427.7200000000003,45.4,
NU00205,NU_L60,train,0.1,3.9999999999999964,0.004,True,2427.7200000000003,45.4,
NU00205,NU_L60,train,0.3,5.400000000000002,0.004,True,2427.7200000000003,45.4,
NU00205,NU_L60,train,0.8,8.099999999999998,0.004,True,2427.7200000000003,45.4,
NU00205,NU_L60,train,1.0,8.999999999999996,0.004,True,2427.7200000000003,45.4,
NU00205,NU_L60,train,3.0,12.499999999999996,0.004,True,2427.7200000000003,45.4,
NU00205,NU_L60,train,5.0,14.3,0.004,True,2427.7200000000003,45.4,
NU00205,NU_L60,train,9.0,17.400000000000002,0.004,True,2427.7200000000003,45.4,
NU00205,NU_L60,train,16.0,20.7,0.004,False,2427.7200000000003,45.4,
NU00205,NU_L60,train,20.0,22.900000000000002,0.004,False,2427.7200000000003,45.4,
NU00205,NU_L60,train,30.0,26.7,0.004,False,2427.7200000000003,45.4,
NU00205,NU_L60,train,39.0,28.999999999999996,0.004,False,2427.7200000000003,45.4,
NU00205,NU_L60,train,56.0,33.3,0.004,False,2427.7200000000003,45.4,
NU00205,NU_L60,train,79.0,39.0,0.004,False,2427.7200000000003,45.4,
NU00205,NU_L60,train,99.0,42.2,0.004,False,2427.7200000000003,45.4,
NU00205,NU_L60,train,126.0,45.5,0.004,False,2427.7200000000003,45.4,
NU00205,NU_L60,train,155.0,48.400000000000006,0.004,False,2427.7200000000003,45.4,
NU00206,NU_L60,train,0.004,0.0,0.004,True,2427.7200000000003,45.4,
NU00206,NU_L60,train,0.007,0.5999999999999943,0.004,True,2427.7200000000003,45.4,
NU00206,NU_L60,train,0.01,1.7999999999999972,0.004,True,2427.7200000000003,45.4,
NU00206,NU_L60,train,0.03,3.1999999999999957,0.004,True,2427.7200000000003,45.4,
NU00206,NU_L60,train,0.06,4.699999999999996,0.004,True,2427.7200000000003,45.4,
NU00206,NU_L60,train,0.1,6.5,0.004,True,2427.7200000000003,45.4,
NU00206,NU_L60,train,0.4,9.599999999999994,0.004,True,2427.7200000000003,45.4,
NU00206,NU_L60,train,1.0,13.5,0.004,True,2427.7200000000003,45.4,
NU00206,NU_L60,train,3.0,18.299999999999997,0.004,True,2427.7200000000003,45.4,
NU00206,NU_L60,train,5.0,20.9,0.004,True,2427.7200000000003,45.4,
NU00206,NU_L60,train,7.0,22.9,0.004,True,2427.7200000000003,45.4,
NU00206,NU_L60,train,9.0,24.299999999999997,0.004,True,2427.7200000000003,45.4,
NU00206,NU_L60,train,12.0,26.5,0.004,False,2427.7200000000003,45.4,
NU00206,NU_L60,train,21.0,31.099999999999994,0.004,False,2427.7200000000003,45.4,
NU00206,NU_L60,train,34.0,36.0,0.004,False,2427.7200000000003,45.4,
NU00206,NU_L60,train,40.0,37.8,0.004,False,2427.7200000000003,45.4,
NU00206,NU_L60,train,62.0,45.2,0.004,False,2427.7200000000003,45.4,
NU00206,NU_L60,train,98.0,53.2,0.004,False,2427.7200000000003,45.4,
NU00206,NU_L60,train,126.0,58.099999999999994,0.004,False,2427.7200000000003,45.4,
NU00206,NU_L60,train,141.0,60.0,0.004,False,2427.7200000000003,45.4,
NU00207,NU_L60,train,0.004,0.0,0.004,True,2427.7200000000003,45.4,
NU00207,NU_L60,train,0.006,0.6999999999999957,0.004,True,2427.7200000000003,45.4,
NU00207,NU_L60,train,0.01,2.5,0.004,True,2427.7200000000003,45.4,
NU00207,NU_L60,train,0.02,4.299999999999997,0.004,True,2427.7200000000003,45.4,
NU00207,NU_L60,train,0.04,6.599999999999994,0.004,True,2427.7200000000003,45.4,
NU00207,NU_L60,train,0.08,9.5,0.004,True,2427.7200000000003,45.4,
NU00207,NU_L60,train,0.1,11.299999999999997,0.004,True,2427.7200000000003,45.4,
NU00207,NU_L60,train,0.3,14.399999999999999,0.004,True,2427.7200000000003,45.4,
NU00207,NU_L60,train,0.4,17.299999999999997,0.004,True,2427.7200000000003,45.4,
NU00207,NU_L60,train,1.0,21.299999999999997,0.004,True,2427.7200000000003,45.4,
NU00207,NU_L60,train,4.0,30.200000000000003,0.004,True,2427.7200000000003,45.4,
NU00207,NU_L60,train,9.0,35.89999999999999,0.004,True,2427.7200000000003,45.4,
NU00207,NU_L60,train,16.0,41.099999999999994,0.004,False,2427.7200000000003,45.4,
NU00207,NU_L60,train,25.0,46.0,0.004,False,2427.7200000000003,45.4,
NU00207,NU_L60,train,34.0,49.7,0.004,False,2427.7200000000003,45.4,
NU00207,NU_L60,train,40.0,51.8,0.004,False,2427.7200000000003,45.4,
NU00207,NU_L60,train,56.0,58.3,0.004,False,2427.7200000000003,45.4,
NU00207,NU_L60,train,62.0,60.8,0.004,False,2427.7200000000003,45.4,
NU00207,NU_L60,train,85.0,67.2,0.004,False,2427.7200000000003,45.4,
NU00207,NU_L60,train,141.0,73.89999999999999,0.004,False,2427.7200000000003,45.4,
NU00208,NU_L60,train,0.123,0.0,0.123,True,2427.7200000000003,45.4,
NU00208,NU_L60,train,0.13,0.3999999999999986,0.123,True,2427.7200000000003,45.4,
NU00208,NU_L60,train,0.16,1.5,0.123,True,2427.7200000000003,45.4,
NU00208,NU_L60,train,0.32,3.299999999999997,0.123,True,2427.7200000000003,45.4,
NU00208,NU_L60,train,0.42,3.8999999999999986,0.123,True,2427.7200000000003,45.4,
NU00208,NU_L60,train,1.12,7.0,0.123,True,2427.7200000000003,45.4,
NU00208,NU_L60,train,4.12,12.0,0.123,True,2427.7200000000003,45.4,
NU00208,NU_L60,train,7.12,14.899999999999999,0.123,True,2427.7200000000003,45.4,
NU00208,NU_L60,train,16.12,19.799999999999997,0.123,False,2427.7200000000003,45.4,
NU00208,NU_L60,train,18.12,20.5,0.123,False,2427.7200000000003,45.4,
NU00208,NU_L60,train,32.12,21.6,0.123,False,2427.7200000000003,45.4,
NU00208,NU_L60,train,36.12,24.5,0.123,False,2427.7200000000003,45.4,
NU00208,NU_L60,train,53.12,29.1,0.123,False,2427.7200000000003,45.4,
NU00208,NU_L60,train,74.12,33.4,0.123,False,2427.7200000000003,45.4,
NU00208,NU_L60,train,92.12,36.99999999999999,0.123,False,2427.7200000000003,45.4,
NU00208,NU_L60,train,102.12,37.699999999999996,0.123,False,2427.7200000000003,45.4,
NU00208,NU_L60,train,145.12,43.199999999999996,0.123,False,2427.7200000000003,45.4,
NU00209,NU_L114,train,1.0,0.0,1.0,True,2340.0,29.2,
NU00209,NU_L114,train,2.0,4.0,1.0,True,2340.0,29.2,
NU00209,NU_L114,train,3.0,6.0,1.0,True,2340.0,29.2,
NU00209,NU_L114,train,7.0,12.0,1.0,True,2340.0,29.2,
NU00209,NU_L114,train,14.0,19.0,1.0,False,2340.0,29.2,
NU00209,NU_L114,train,28.0,26.0,1.0,False,2340.0,29.2,
NU00209,NU_L114,train,56.0,38.0,1.0,False,2340.0,29.2,
NU00209,NU_L114,train,90.0,46.0,1.0,False,2340.0,29.2,
NU00210,NU_L114,train,1.0,0.0,1.0,True,2414.2,41.9,
NU00210,NU_L114,train,2.0,4.0,1.0,True,2414.2,41.9,
NU00210,NU_L114,train,3.0,6.0,1.0,True,2414.2,41.9,
NU00210,NU_L114,train,7.0,10.0,1.0,True,2414.2,41.9,
NU00210,NU_L114,train,14.0,15.0,1.0,False,2414.2,41.9,
NU00210,NU_L114,train,28.0,23.0,1.0,False,2414.2,41.9,
NU00210,NU_L114,train,56.0,33.0,1.0,False,2414.2,41.9,
NU00210,NU_L114,train,90.0,41.0,1.0,False,2414.2,41.9,
NU00211,NU_L114,train,1.0,0.0,1.0,True,2414.2,37.8,
NU00211,NU_L114,train,2.0,4.0,1.0,True,2414.2,37.8,
NU00211,NU_L114,train,3.0,6.0,1.0,True,2414.2,37.8,
NU00211,NU_L114,train,7.0,13.0,1.0,True,2414.2,37.8,
NU00211,NU_L114,train,14.0,19.0,1.0,False,2414.2,37.8,
NU00211,NU_L114,train,28.0,29.0,1.0,False,2414.2,37.8,
NU00211,NU_L114,train,56.0,38.0,1.0,False,2414.2,37.8,
NU00211,NU_L114,train,90.0,45.0,1.0,False,2414.2,37.8,
NU00212,NU_L114,train,1.0,0.0,1.0,True,2513.25,39.0,
NU00212,NU_L114,train,2.0,5.0,1.0,True,2513.25,39.0,
NU00212,NU_L114,train,3.0,9.0,1.0,True,2513.25,39.0,
NU00212,NU_L114,train,7.0,16.0,1.0,True,2513.25,39.0,
NU00212,NU_L114,train,14.0,23.0,1.0,False,2513.25,39.0,
NU00212,NU_L114,train,28.0,32.0,1.0,False,2513.25,39.0,
NU00212,NU_L114,train,56.0,45.0,1.0,False,2513.25,39.0,
NU00212,NU_L114,train,90.0,54.0,1.0,False,2513.25,39.0,
NU00214,NU_L114,train,1.0,0.0,1.0,True,2481.9,30.8,
NU00214,NU_L114,train,2.0,3.0,1.0,True,2481.9,30.8,
NU00214,NU_L114,train,3.0,6.0,1.0,True,2481.9,30.8,
NU00214,NU_L114,train,7.0,10.0,1.0,True,2481.9,30.8,
NU00214,NU_L114,train,14.0,16.0,1.0,False,2481.9,30.8,
NU00214,NU_L114,train,28.0,24.0,1.0,False,2481.9,30.8,
NU00214,NU_L114,train,56.0,34.0,1.0,False,2481.9,30.8,
NU00214,NU_L114,train,90.0,41.0,1.0,False,2481.9,30.8,
NU00215,NU_L114,train,1.0,0.0,1.0,True,2340.0,29.2,
NU00215,NU_L114,train,2.0,3.5,1.0,True,2340.0,29.2,
NU00215,NU_L114,train,3.0,4.700000000000003,1.0,True,2340.0,29.2,
NU00215,NU_L114,train,7.0,8.600000000000001,1.0,True,2340.0,29.2,
NU00215,NU_L114,train,14.0,13.5,1.0,False,2340.0,29.2,
NU00215,NU_L114,train,28.0,21.60000000000001,1.0,False,2340.0,29.2,
NU00215,NU_L114,train,56.0,33.400000000000006,1.0,False,2340.0,29.2,
NU00215,NU_L114,train,90.0,42.400000000000006,1.0,False,2340.0,29.2,
NU00216,NU_L114,train,1.0,0.0,1.0,True,2384.9,33.6,
NU00216,NU_L114,train,2.0,1.7000000000000028,1.0,True,2384.9,33.6,
NU00216,NU_L114,train,3.0,2.3000000000000043,1.0,True,2384.9,33.6,
NU00216,NU_L114,train,7.0,4.700000000000003,1.0,True,2384.9,33.6,
NU00216,NU_L114,train,14.0,8.0,1.0,False,2384.9,33.6,
NU00216,NU_L114,train,28.0,12.5,1.0,False,2384.9,33.6,
NU00216,NU_L114,train,56.0,18.0,1.0,False,2384.9,33.6,
NU00216,NU_L114,train,90.0,22.900000000000006,1.0,False,2384.9,33.6,
NU00217,NU_L114,train,1.0,0.0,1.0,True,2513.25,39.4,
NU00217,NU_L114,train,2.0,5.299999999999997,1.0,True,2513.25,39.4,
NU00217,NU_L114,train,3.0,9.099999999999994,1.0,True,2513.25,39.4,
NU00217,NU_L114,train,7.0,18.19999999999999,1.0,True,2513.25,39.4,
NU00217,NU_L114,train,14.0,26.39999999999999,1.0,False,2513.25,39.4,
NU00217,NU_L114,train,28.0,36.3,1.0,False,2513.25,39.4,
NU00217,NU_L114,train,56.0,49.099999999999994,1.0,False,2513.25,39.4,
NU00217,NU_L114,train,90.0,60.0,1.0,False,2513.25,39.4,
NU00218,NU_L114,train,1.0,0.0,1.0,True,2402.8,45.3,
NU00218,NU_L114,train,2.0,2.0999999999999943,1.0,True,2402.8,45.3,
NU00218,NU_L114,train,3.0,3.6999999999999957,1.0,True,2402.8,45.3,
NU00218,NU_L114,train,7.0,7.899999999999999,1.0,True,2402.8,45.3,
NU00218,NU_L114,train,14.0,12.399999999999999,1.0,False,2402.8,45.3,
NU00218,NU_L114,train,28.0,17.5,1.0,False,2402.8,45.3,
NU00218,NU_L114,train,56.0,24.5,1.0,False,2402.8,45.3,
NU00218,NU_L114,train,90.0,30.099999999999994,1.0,False,2402.8,45.3,
NU00219,NU_L114,train,1.0,0.0,1.0,True,2564.0,46.2,
NU00219,NU_L114,train,2.0,3.6999999999999957,1.0,True,2564.0,46.2,
NU00219,NU_L114,train,3.0,5.099999999999994,1.0,True,2564.0,46.2,
NU00219,NU_L114,train,7.0,13.299999999999997,1.0,True,2564.0,46.2,
NU00219,NU_L114,train,14.0,21.5,1.0,False,2564.0,46.2,
NU00219,NU_L114,train,28.0,32.099999999999994,1.0,False,2564.0,46.2,
NU00219,NU_L114,train,56.0,43.39999999999999,1.0,False,2564.0,46.2,
NU00219,NU_L114,train,90.0,50.0,1.0,False,2564.0,46.2,
NU00220,NU_L114,train,1.0,0.0,1.0,True,2370.0,38.9,
NU00220,NU_L114,train,2.0,3.700000000000003,1.0,True,2370.0,38.9,
NU00220,NU_L114,train,3.0,5.600000000000001,1.0,True,2370.0,38.9,
NU00220,NU_L114,train,7.0,11.0,1.0,True,2370.0,38.9,
NU00220,NU_L114,train,14.0,16.5,1.0,False,2370.0,38.9,
NU00220,NU_L114,train,28.0,23.800000000000004,1.0,False,2370.0,38.9,
NU00220,NU_L114,train,56.0,33.00000000000001,1.0,False,2370.0,38.9,
NU00220,NU_L114,train,90.0,39.6,1.0,False,2370.0,38.9,
NU00221,NU_L114,train,1.0,0.0,1.0,True,2403.5,43.2,
NU00221,NU_L114,train,2.0,2.1000000000000014,1.0,True,2403.5,43.2,
NU00221,NU_L114,train,3.0,3.6000000000000014,1.0,True,2403.5,43.2,
NU00221,NU_L114,train,7.0,7.600000000000001,1.0,True,2403.5,43.2,
NU00221,NU_L114,train,14.0,10.800000000000004,1.0,False,2403.5,43.2,
NU00221,NU_L114,train,28.0,14.800000000000004,1.0,False,2403.5,43.2,
NU00221,NU_L114,train,56.0,20.200000000000003,1.0,False,2403.5,43.2,
NU00221,NU_L114,train,90.0,23.800000000000004,1.0,False,2403.5,43.2,
NU00224,NU_L114,train,1.0,0.0,1.0,True,2481.9,34.1,
NU00224,NU_L114,train,2.0,0.8000000000000007,1.0,True,2481.9,34.1,
NU00224,NU_L114,train,3.0,2.3999999999999986,1.0,True,2481.9,34.1,
NU00224,NU_L114,train,7.0,9.3,1.0,True,2481.9,34.1,
NU00224,NU_L114,train,14.0,16.7,1.0,False,2481.9,34.1,
NU00224,NU_L114,train,28.0,26.099999999999998,1.0,False,2481.9,34.1,
NU00224,NU_L114,train,56.0,36.7,1.0,False,2481.9,34.1,
NU00224,NU_L114,train,90.0,43.8,1.0,False,2481.9,34.1,
NU00226,NU_L114,train,1.0,0.0,1.0,True,2450.15,36.6,
NU00226,NU_L114,train,2.0,2.0,1.0,True,2450.15,36.6,
NU00226,NU_L114,train,3.0,3.0,1.0,True,2450.15,36.6,
NU00226,NU_L114,train,7.0,7.100000000000001,1.0,True,2450.15,36.6,
NU00226,NU_L114,train,14.0,10.5,1.0,False,2450.15,36.6,
NU00226,NU_L114,train,28.0,15.0,1.0,False,2450.15,36.6,
NU00226,NU_L114,train,56.0,19.6,1.0,False,2450.15,36.6,
NU00226,NU_L114,train,90.0,23.200000000000003,1.0,False,2450.15,36.6,
NU00227,NU_L115,train,1.0,0.0,1.0,True,2386.1,54.0,
NU00227,NU_L115,train,3.0,4.799999999999997,1.0,True,2386.1,54.0,
NU00227,NU_L115,train,7.0,7.799999999999997,1.0,True,2386.1,54.0,
NU00227,NU_L115,train,28.0,21.499999999999993,1.0,False,2386.1,54.0,
NU00227,NU_L115,train,91.0,33.199999999999996,1.0,False,2386.1,54.0,
NU00228,NU_L115,train,1.0,0.0,1.0,True,2386.1,54.0,
NU00228,NU_L115,train,3.0,5.699999999999996,1.0,True,2386.1,54.0,
NU00228,NU_L115,train,7.0,9.5,1.0,True,2386.1,54.0,
NU00228,NU_L115,train,28.0,19.5,1.0,False,2386.1,54.0,
NU00228,NU_L115,train,91.0,25.099999999999994,1.0,False,2386.1,54.0,
NU00229,NU_L115,train,1.0,0.0,1.0,True,2386.1,54.0,
NU00229,NU_L115,train,3.0,4.899999999999999,1.0,True,2386.1,54.0,
NU00229,NU_L115,train,7.0,7.100000000000001,1.0,True,2386.1,54.0,
NU00229,NU_L115,train,28.0,13.700000000000003,1.0,False,2386.1,54.0,
NU00229,NU_L115,train,91.0,20.200000000000003,1.0,False,2386.1,54.0,
NU00230,NU_L115,train,1.0,0.0,1.0,True,2344.8,46.4,
NU00230,NU_L115,train,3.0,10.600000000000001,1.0,True,2344.8,46.4,
NU00230,NU_L115,train,7.0,17.799999999999997,1.0,True,2344.8,46.4,
NU00230,NU_L115,train,28.0,30.0,1.0,False,2344.8,46.4,
NU00230,NU_L115,train,91.0,47.7,1.0,False,2344.8,46.4,
NU00231,NU_L115,train,1.0,0.0,1.0,True,2344.8,46.4,
NU00231,NU_L115,train,3.0,7.200000000000003,1.0,True,2344.8,46.4,
NU00231,NU_L115,train,7.0,11.0,1.0,True,2344.8,46.4,
NU00231,NU_L115,train,28.0,24.900000000000006,1.0,False,2344.8,46.4,
NU00231,NU_L115,train,91.0,43.2,1.0,False,2344.8,46.4,
NU00232,NU_L115,train,1.0,0.0,1.0,True,2344.8,46.4,
NU00232,NU_L115,train,3.0,3.8999999999999986,1.0,True,2344.8,46.4,
NU00232,NU_L115,train,7.0,7.100000000000001,1.0,True,2344.8,46.4,
NU00232,NU_L115,train,28.0,18.0,1.0,False,2344.8,46.4,
NU00232,NU_L115,train,91.0,29.199999999999996,1.0,False,2344.8,46.4,
NU00233,NU_L115,train,1.0,0.0,1.0,True,2386.1,60.4,
NU00233,NU_L115,train,3.0,7.5,1.0,True,2386.1,60.4,
NU00233,NU_L115,train,7.0,13.400000000000006,1.0,True,2386.1,60.4,
NU00233,NU_L115,train,28.0,23.900000000000006,1.0,False,2386.1,60.4,
NU00233,NU_L115,train,91.0,38.5,1.0,False,2386.1,60.4,
NU00234,NU_L115,train,1.0,0.0,1.0,True,2386.1,60.4,
NU00234,NU_L115,train,3.0,1.0,1.0,True,2386.1,60.4,
NU00234,NU_L115,train,7.0,9.300000000000004,1.0,True,2386.1,60.4,
NU00234,NU_L115,train,28.0,21.1,1.0,False,2386.1,60.4,
NU00234,NU_L115,train,91.0,29.300000000000004,1.0,False,2386.1,60.4,
NU00235,NU_L115,train,1.0,0.0,1.0,True,2386.1,60.4,
NU00235,NU_L115,train,3.0,3.8000000000000007,1.0,True,2386.1,60.4,
NU00235,NU_L115,train,7.0,8.7,1.0,True,2386.1,60.4,
NU00235,NU_L115,train,28.0,18.099999999999998,1.0,False,2386.1,60.4,
NU00235,NU_L115,train,91.0,28.400000000000002,1.0,False,2386.1,60.4,
NU00237,NU_L115,train,1.0,0.0,1.0,True,2344.8,54.5,
NU00237,NU_L115,train,3.0,6.700000000000003,1.0,True,2344.8,54.5,
NU00237,NU_L115,train,7.0,13.600000000000001,1.0,True,2344.8,54.5,
NU00237,NU_L115,train,28.0,27.300000000000004,1.0,False,2344.8,54.5,
NU00237,NU_L115,train,91.0,39.50000000000001,1.0,False,2344.8,54.5,
NU00238,NU_L115,train,1.0,0.0,1.0,True,2344.8,54.5,
NU00238,NU_L115,train,3.0,4.100000000000001,1.0,True,2344.8,54.5,
NU00238,NU_L115,train,7.0,10.100000000000001,1.0,True,2344.8,54.5,
NU00238,NU_L115,train,28.0,20.5,1.0,False,2344.8,54.5,
NU00238,NU_L115,train,91.0,31.599999999999994,1.0,False,2344.8,54.5,
NU00240,NU_L115,train,1.0,0.0,1.0,True,2373.2,64.6,
NU00240,NU_L115,train,3.0,3.9000000000000057,1.0,True,2373.2,64.6,
NU00240,NU_L115,train,7.0,11.200000000000003,1.0,True,2373.2,64.6,
NU00240,NU_L115,train,28.0,19.200000000000003,1.0,False,2373.2,64.6,
NU00240,NU_L115,train,91.0,25.700000000000003,1.0,False,2373.2,64.6,
NU00242,NU_L116,validation,0.065,0.0,0.065,True,2330.8,33.2,32200.0
NU00242,NU_L116,validation,1.0,19.500000000000007,0.065,True,2330.8,33.2,32200.0
NU00242,NU_L116,validation,2.0,23.4,0.065,True,2330.8,33.2,32200.0
NU00242,NU_L116,validation,4.0,31.199999999999996,0.065,True,2330.8,33.2,32200.0
NU00242,NU_L116,validation,5.0,33.6,0.065,True,2330.8,33.2,32200.0
NU00242,NU_L116,validation,6.0,36.199999999999996,0.065,True,2330.8,33.2,32200.0
NU00242,NU_L116,validation,7.0,37.4,0.065,True,2330.8,33.2,32200.0
NU00242,NU_L116,validation,8.0,38.9,0.065,True,2330.8,33.2,32200.0
NU00242,NU_L116,validation,11.0,42.199999999999996,0.065,False,2330.8,33.2,32200.0
NU00242,NU_L116,validation,14.0,44.800000000000004,0.065,False,2330.8,33.2,32200.0
NU00242,NU_L116,validation,18.0,47.6,0.065,False,2330.8,33.2,32200.0
NU00242,NU_L116,validation,21.0,50.9,0.065,False,2330.8,33.2,32200.0
NU00242,NU_L116,validation,28.0,53.699999999999996,0.065,False,2330.8,33.2,32200.0
NU00242,NU_L116,validation,39.0,57.50000000000001,0.065,False,2330.8,33.2,32200.0
NU00242,NU_L116,validation,53.0,61.199999999999996,0.065,False,2330.8,33.2,32200.0
NU00242,NU_L116,validation,67.0,65.30000000000001,0.065,False,2330.8,33.2,32200.0
NU00242,NU_L116,validation,81.0,70.6,0.065,False,2330.8,33.2,32200.0
NU00242,NU_L116,validation,102.0,76.19999999999999,0.065,False,2330.8,33.2,32200.0
NU00242,NU_L116,validation,123.0,80.0,0.065,False,2330.8,33.2,32200.0
NU00242,NU_L116,validation,137.0,82.29999999999998,0.065,False,2330.8,33.2,32200.0
NU00243,NU_L116,validation,0.11,0.0,0.11,True,2330.8,33.2,32200.0
NU00243,NU_L116,validation,1.0,19.299999999999997,0.11,True,2330.8,33.2,32200.0
NU00243,NU_L116,validation,2.0,25.900000000000006,0.11,True,2330.8,33.2,32200.0
NU00243,NU_L116,validation,3.0,30.5,0.11,True,2330.8,33.2,32200.0
NU00243,NU_L116,validation,4.0,32.900000000000006,0.11,True,2330.8,33.2,32200.0
NU00243,NU_L116,validation,7.0,38.5,0.11,True,2330.8,33.2,32200.0
NU00243,NU_L116,validation,10.0,42.8,0.11,True,2330.8,33.2,32200.0
NU00243,NU_L116,validation,14.0,46.0,0.11,False,2330.8,33.2,32200.0
NU00243,NU_L116,validation,17.0,48.5,0.11,False,2330.8,33.2,32200.0
NU00243,NU_L116,validation,21.0,50.7,0.11,False,2330.8,33.2,32200.0
NU00243,NU_L116,validation,28.0,50.900000000000006,0.11,False,2330.8,33.2,32200.0
NU00243,NU_L116,validation,35.0,51.900000000000006,0.11,False,2330.8,33.2,32200.0
NU00243,NU_L116,validation,42.0,57.10000000000001,0.11,False,2330.8,33.2,32200.0
NU00243,NU_L116,validation,56.0,59.3,0.11,False,2330.8,33.2,32200.0
NU00243,NU_L116,validation,71.0,62.0,0.11,False,2330.8,33.2,32200.0
NU00243,NU_L116,validation,84.0,66.60000000000001,0.11,False,2330.8,33.2,32200.0
NU00243,NU_L116,validation,98.0,68.5,0.11,False,2330.8,33.2,32200.0
NU00243,NU_L116,validation,105.0,69.8,0.11,False,2330.8,33.2,32200.0
NU00244,NU_L116,validation,0.0173063,0.0,0.0173063,True,2330.8,33.2,32200.0
NU00244,NU_L116,validation,1.0,18.700000000000003,0.0173063,True,2330.8,33.2,32200.0
NU00244,NU_L116,validation,3.0,25.099999999999994,0.0173063,True,2330.8,33.2,32200.0
NU00244,NU_L116,validation,6.0,29.700000000000003,0.0173063,True,2330.8,33.2,32200.0
NU00244,NU_L116,validation,9.0,33.2,0.0173063,True,2330.8,33.2,32200.0
NU00244,NU_L116,validation,12.0,36.400000000000006,0.0173063,False,2330.8,33.2,32200.0
NU00244,NU_L116,validation,15.0,38.5,0.0173063,False,2330.8,33.2,32200.0
NU00244,NU_L116,validation,18.0,42.099999999999994,0.0173063,False,2330.8,33.2,32200.0
NU00244,NU_L116,validation,23.0,44.3,0.0173063,False,2330.8,33.2,32200.0
NU00244,NU_L116,validation,30.0,48.099999999999994,0.0173063,False,2330.8,33.2,32200.0
NU00244,NU_L116,validation,40.0,51.599999999999994,0.0173063,False,2330.8,33.2,32200.0
NU00244,NU_L116,validation,50.0,54.5,0.0173063,False,2330.8,33.2,32200.0
NU00244,NU_L116,validation,70.0,58.900000000000006,0.0173063,False,2330.8,33.2,32200.0
NU00244,NU_L116,validation,90.0,62.3,0.0173063,False,2330.8,33.2,32200.0
NU00244,NU_L116,validation,100.0,63.5,0.0173063,False,2330.8,33.2,32200.0
NU00244,NU_L116,validation,120.0,66.1,0.0173063,False,2330.8,33.2,32200.0
NU00244,NU_L116,validation,140.0,68.2,0.0173063,False,2330.8,33.2,32200.0
NU00245,NU_L116,validation,0.86,0.0,0.86,True,2330.8,33.2,32200.0
NU00245,NU_L116,validation,1.0,0.6000000000000014,0.86,True,2330.8,33.2,32200.0
NU00245,NU_L116,validation,1.2,1.9000000000000057,0.86,True,2330.8,33.2,32200.0
NU00245,NU_L116,validation,1.9,4.0,0.86,True,2330.8,33.2,32200.0
NU00245,NU_L116,validation,2.2,5.700000000000003,0.86,True,2330.8,33.2,32200.0
NU00245,NU_L116,validation,3.2,6.0,0.86,True,2330.8,33.2,32200.0
NU00245,NU_L116,validation,5.1,6.200000000000003,0.86,True,2330.8,33.2,32200.0
NU00245,NU_L116,validation,6.2,6.400000000000006,0.86,True,2330.8,33.2,32200.0
NU00245,NU_L116,validation,7.2,6.700000000000003,0.86,True,2330.8,33.2,32200.0
NU00245,NU_L116,validation,14.0,7.200000000000003,0.86,False,2330.8,33.2,32200.0
NU00245,NU_L116,validation,21.0,9.700000000000003,0.86,False,2330.8,33.2,32200.0
NU00245,NU_L116,validation,28.0,10.400000000000006,0.86,False,2330.8,33.2,32200.0
NU00245,NU_L116,validation,56.0,12.0,0.86,False,2330.8,33.2,32200.0
NU00245,NU_L116,validation,90.0,13.400000000000006,0.86,False,2330.8,33.2,32200.0
NU00245,NU_L116,validation,121.0,15.200000000000003,0.86,False,2330.8,33.2,32200.0
NU00245,NU_L116,validation,152.0,15.5,0.86,False,2330.8,33.2,32200.0
NU00246,NU_L116,validation,0.0032,0.0,0.0032,True,2330.8,33.2,32200.0
NU00246,NU_L116,validation,0.2,1.7000000000000028,0.0032,True,2330.8,33.2,32200.0
NU00246,NU_L116,validation,1.2,2.700000000000003,0.0032,True,2330.8,33.2,32200.0
NU00246,NU_L116,validation,2.0,3.0,0.0032,True,2330.8,33.2,32200.0
NU00246,NU_L116,validation,3.0,3.1000000000000014,0.0032,True,2330.8,33.2,32200.0
NU00246,NU_L116,validation,4.0,3.5,0.0032,True,2330.8,33.2,32200.0
NU00246,NU_L116,validation,4.9,3.5,0.0032,True,2330.8,33.2,32200.0
NU00246,NU_L116,validation,6.0,3.700000000000003,0.0032,True,2330.8,33.2,32200.0
NU00246,NU_L116,validation,7.0,4.100000000000001,0.0032,True,2330.8,33.2,32200.0
NU00246,NU_L116,validation,14.0,4.5,0.0032,False,2330.8,33.2,32200.0
NU00246,NU_L116,validation,21.0,4.399999999999999,0.0032,False,2330.8,33.2,32200.0
NU00246,NU_L116,validation,28.0,4.700000000000003,0.0032,False,2330.8,33.2,32200.0
NU00246,NU_L116,validation,56.0,5.600000000000001,0.0032,False,2330.8,33.2,32200.0
NU00246,NU_L116,validation,90.0,7.5,0.0032,False,2330.8,33.2,32200.0
NU00246,NU_L116,validation,122.0,7.800000000000004,0.0032,False,2330.8,33.2,32200.0
NU00246,NU_L116,validation,147.0,8.800000000000004,0.0032,False,2330.8,33.2,32200.0
NU00247,NU_L116,validation,1.0,0.0,1.0,True,2330.25,33.2,
NU00247,NU_L116,validation,12.0,19.700000000000003,1.0,False,2330.25,33.2,
NU00247,NU_L116,validation,13.0,21.299999999999997,1.0,False,2330.25,33.2,
NU00247,NU_L116,validation,19.0,24.700000000000003,1.0,False,2330.25,33.2,
NU00247,NU_L116,validation,26.0,28.200000000000003,1.0,False,2330.25,33.2,
NU00247,NU_L116,validation,34.0,31.89999999999999,1.0,False,2330.25,33.2,
NU00247,NU_L116,validation,40.0,33.7,1.0,False,2330.25,33.2,
NU00247,NU_L116,validation,61.0,38.3,1.0,False,2330.25,33.2,
NU00247,NU_L116,validation,77.0,42.7,1.0,False,2330.25,33.2,
NU00247,NU_L116,validation,89.0,45.3,1.0,False,2330.25,33.2,
NU00247,NU_L116,validation,117.0,50.39999999999999,1.0,False,2330.25,33.2,
NU00247,NU_L116,validation,139.0,52.7,1.0,False,2330.25,33.2,
NU00248,NU_L116,validation,0.2,0.0,0.2,True,2330.25,33.2,
NU00248,NU_L116,validation,1.3,1.1000000000000014,0.2,True,2330.25,33.2,
NU00248,NU_L116,validation,2.1,1.5,0.2,True,2330.25,33.2,
NU00248,NU_L116,validation,3.0,2.1000000000000014,0.2,True,2330.25,33.2,
NU00248,NU_L116,validation,4.1,2.700000000000003,0.2,True,2330.25,33.2,
NU00248,NU_L116,validation,5.0,3.3000000000000043,0.2,True,2330.25,33.2,
NU00248,NU_L116,validation,6.1,3.700000000000003,0.2,True,2330.25,33.2,
NU00248,NU_L116,validation,7.0,3.8000000000000043,0.2,True,2330.25,33.2,
NU00248,NU_L116,validation,14.0,4.400000000000006,0.2,False,2330.25,33.2,
NU00248,NU_L116,validation,21.0,4.300000000000004,0.2,False,2330.25,33.2,
NU00248,NU_L116,validation,28.0,4.800000000000004,0.2,False,2330.25,33.2,
NU00248,NU_L116,validation,56.0,5.300000000000004,0.2,False,2330.25,33.2,
NU00248,NU_L116,validation,90.0,7.300000000000004,0.2,False,2330.25,33.2,
NU00248,NU_L116,validation,122.0,8.900000000000006,0.2,False,2330.25,33.2,
NU00248,NU_L116,validation,147.0,8.5,0.2,False,2330.25,33.2,
NU00250,NU_L116,validation,1.0,0.0,1.0,True,2340.45,46.5,37500.0
NU00250,NU_L116,validation,2.0,4.0,1.0,True,2340.45,46.5,37500.0
NU00250,NU_L116,validation,3.0,6.400000000000006,1.0,True,2340.45,46.5,37500.0
NU00250,NU_L116,validation,7.0,13.200000000000003,1.0,True,2340.45,46.5,37500.0
NU00250,NU_L116,validation,8.0,13.799999999999997,1.0,True,2340.45,46.5,37500.0
NU00250,NU_L116,validation,10.0,16.099999999999994,1.0,True,2340.45,46.5,37500.0
NU00250,NU_L116,validation,12.0,17.900000000000006,1.0,False,2340.45,46.5,37500.0
NU00250,NU_L116,validation,16.0,19.900000000000006,1.0,False,2340.45,46.5,37500.0
NU00250,NU_L116,validation,21.0,22.5,1.0,False,2340.45,46.5,37500.0
NU00250,NU_L116,validation,28.0,26.099999999999994,1.0,False,2340.45,46.5,37500.0
NU00250,NU_L116,validation,35.0,28.599999999999994,1.0,False,2340.45,46.5,37500.0
NU00250,NU_L116,validation,49.0,33.099999999999994,1.0,False,2340.45,46.5,37500.0
NU00250,NU_L116,validation,64.0,36.900000000000006,1.0,False,2340.45,46.5,37500.0
NU00250,NU_L116,validation,77.0,39.099999999999994,1.0,False,2340.45,46.5,37500.0
NU00250,NU_L116,validation,91.0,42.5,1.0,False,2340.45,46.5,37500.0
NU00250,NU_L116,validation,105.0,44.7,1.0,False,2340.45,46.5,37500.0
NU00250,NU_L116,validation,134.0,49.599999999999994,1.0,False,2340.45,46.5,37500.0
NU00251,NU_L116,validation,0.0046,0.0,0.0046,True,2340.45,46.5,37500.0
NU00251,NU_L116,validation,1.0,19.4,0.0046,True,2340.45,46.5,37500.0
NU00251,NU_L116,validation,2.0,22.799999999999997,0.0046,True,2340.45,46.5,37500.0
NU00251,NU_L116,validation,3.0,24.799999999999997,0.0046,True,2340.45,46.5,37500.0
NU00251,NU_L116,validation,4.0,28.799999999999997,0.0046,True,2340.45,46.5,37500.0
NU00251,NU_L116,validation,5.0,29.799999999999997,0.0046,True,2340.45,46.5,37500.0
NU00251,NU_L116,validation,7.0,33.0,0.0046,True,2340.45,46.5,37500.0
NU00251,NU_L116,validation,9.0,34.2,0.0046,True,2340.45,46.5,37500.0
NU00251,NU_L116,validation,12.0,37.39999999999999,0.0046,False,2340.45,46.5,37500.0
NU00251,NU_L116,validation,15.0,39.599999999999994,0.0046,False,2340.45,46.5,37500.0
NU00251,NU_L116,validation,19.0,42.3,0.0046,False,2340.45,46.5,37500.0
NU00251,NU_L116,validation,25.0,45.5,0.0046,False,2340.45,46.5,37500.0
NU00251,NU_L116,validation,34.0,49.5,0.0046,False,2340.45,46.5,37500.0
NU00251,NU_L116,validation,48.0,53.7,0.0046,False,2340.45,46.5,37500.0
NU00251,NU_L116,validation,62.0,57.2,0.0046,False,2340.45,46.5,37500.0
NU00251,NU_L116,validation,76.0,58.8,0.0046,False,2340.45,46.5,37500.0
NU00251,NU_L116,validation,90.0,61.89999999999999,0.0046,False,2340.45,46.5,37500.0
NU00251,NU_L116,validation,103.0,63.7,0.0046,False,2340.45,46.5,37500.0
NU00251,NU_L116,validation,133.0,66.5,0.0046,False,2340.45,46.5,37500.0
NU00252,NU_L116,validation,0.0152231,0.0,0.0152231,True,2340.45,46.5,37500.0
NU00252,NU_L116,validation,1.0,12.799999999999997,0.0152231,True,2340.45,46.5,37500.0
NU00252,NU_L116,validation,2.0,15.700000000000003,0.0152231,True,2340.45,46.5,37500.0
NU00252,NU_L116,validation,4.0,18.4,0.0152231,True,2340.45,46.5,37500.0
NU00252,NU_L116,validation,5.0,20.0,0.0152231,True,2340.45,46.5,37500.0
NU00252,NU_L116,validation,8.0,24.299999999999997,0.0152231,True,2340.45,46.5,37500.0
NU00252,NU_L116,validation,11.0,27.5,0.0152231,False,2340.45,46.5,37500.0
NU00252,NU_L116,validation,15.0,31.0,0.0152231,False,2340.45,46.5,37500.0
NU00252,NU_L116,validation,19.0,32.7,0.0152231,False,2340.45,46.5,37500.0
NU00252,NU_L116,validation,27.0,35.900000000000006,0.0152231,False,2340.45,46.5,37500.0
NU00252,NU_L116,validation,33.0,37.7,0.0152231,False,2340.45,46.5,37500.0
NU00252,NU_L116,validation,47.0,41.400000000000006,0.0152231,False,2340.45,46.5,37500.0
NU00252,NU_L116,validation,61.0,44.400000000000006,0.0152231,False,2340.45,46.5,37500.0
NU00252,NU_L116,validation,76.0,47.0,0.0152231,False,2340.45,46.5,37500.0
NU00252,NU_L116,validation,97.0,50.0,0.0152231,False,2340.45,46.5,37500.0
NU00252,NU_L116,validation,125.0,54.0,0.0152231,False,2340.45,46.5,37500.0
NU00252,NU_L116,validation,146.0,56.7,0.0152231,False,2340.45,46.5,37500.0
NU00253,NU_L116,validation,0.120927,0.0,0.120927,True,2340.45,46.5,37500.0
NU00253,NU_L116,validation,1.0,10.099999999999994,0.120927,True,2340.45,46.5,37500.0
NU00253,NU_L116,validation,2.0,13.5,0.120927,True,2340.45,46.5,37500.0
NU00253,NU_L116,validation,5.0,19.199999999999996,0.120927,True,2340.45,46.5,37500.0
NU00253,NU_L116,validation,7.0,20.799999999999997,0.120927,True,2340.45,46.5,37500.0
NU00253,NU_L116,validation,12.0,24.4,0.120927,False,2340.45,46.5,37500.0
NU00253,NU_L116,validation,16.0,26.89999999999999,0.120927,False,2340.45,46.5,37500.0
NU00253,NU_L116,validation,19.0,27.89999999999999,0.120927,False,2340.45,46.5,37500.0
NU00253,NU_L116,validation,27.0,31.5,0.120927,False,2340.45,46.5,37500.0
NU00253,NU_L116,validation,34.0,33.8,0.120927,False,2340.45,46.5,37500.0
NU00253,NU_L116,validation,49.0,38.099999999999994,0.120927,False,2340.45,46.5,37500.0
NU00253,NU_L116,validation,62.0,40.5,0.120927,False,2340.45,46.5,37500.0
NU00253,NU_L116,validation,77.0,43.39999999999999,0.120927,False,2340.45,46.5,37500.0
NU00253,NU_L116,validation,91.0,46.099999999999994,0.120927,False,2340.45,46.5,37500.0
NU00253,NU_L116,validation,112.0,49.3,0.120927,False,2340.45,46.5,37500.0
NU00253,NU_L116,validation,133.0,51.5,0.120927,False,2340.45,46.5,37500.0
NU00253,NU_L116,validation,155.0,55.2,0.120927,False,2340.45,46.5,37500.0
NU00254,NU_L116,validation,0.0233074,0.0,0.0233074,True,2340.45,46.5,37500.0
NU00254,NU_L116,validation,0.3,1.5,0.0233074,True,2340.45,46.5,37500.0
NU00254,NU_L116,validation,1.3,2.5000000000000036,0.0233074,True,2340.45,46.5,37500.0
NU00254,NU_L116,validation,2.0,2.900000000000002,0.0233074,True,2340.45,46.5,37500.0
NU00254,NU_L116,validation,3.0,3.599999999999998,0.0233074,True,2340.45,46.5,37500.0
NU00254,NU_L116,validation,4.1,4.0000000000000036,0.0233074,True,2340.45,46.5,37500.0
NU00254,NU_L116,validation,5.0,4.099999999999998,0.0233074,True,2340.45,46.5,37500.0
NU00254,NU_L116,validation,6.0,4.400000000000002,0.0233074,True,2340.45,46.5,37500.0
NU00254,NU_L116,validation,7.1,4.699999999999999,0.0233074,True,2340.45,46.5,37500.0
NU00254,NU_L116,validation,14.0,5.599999999999998,0.0233074,False,2340.45,46.5,37500.0
NU00254,NU_L116,validation,21.0,6.0000000000000036,0.0233074,False,2340.45,46.5,37500.0
NU00254,NU_L116,validation,28.0,6.300000000000001,0.0233074,False,2340.45,46.5,37500.0
NU00254,NU_L116,validation,56.0,7.400000000000002,0.0233074,False,2340.45,46.5,37500.0
NU00254,NU_L116,validation,90.0,9.2,0.0233074,False,2340.45,46.5,37500.0
NU00254,NU_L116,validation,122.0,10.000000000000004,0.0233074,False,2340.45,46.5,37500.0
NU00254,NU_L116,validation,147.0,10.8,0.0233074,False,2340.45,46.5,37500.0
NU00255,NU_L116,validation,0.3,0.0,0.3,True,2340.45,46.5,37500.0
NU00255,NU_L116,validation,1.3,0.7999999999999972,0.3,True,2340.45,46.5,37500.0
NU00255,NU_L116,validation,2.0,1.2000000000000028,0.3,True,2340.45,46.5,37500.0
NU00255,NU_L116,validation,3.0,1.3999999999999986,0.3,True,2340.45,46.5,37500.0
NU00255,NU_L116,validation,4.1,2.0,0.3,True,2340.45,46.5,37500.0
NU00255,NU_L116,validation,5.0,1.8999999999999986,0.3,True,2340.45,46.5,37500.0
NU00255,NU_L116,validation,6.0,2.299999999999997,0.3,True,2340.45,46.5,37500.0
NU00255,NU_L116,validation,7.0,2.299999999999997,0.3,True,2340.45,46.5,37500.0
NU00255,NU_L116,validation,14.0,3.1000000000000014,0.3,False,2340.45,46.5,37500.0
NU00255,NU_L116,validation,21.0,3.299999999999997,0.3,False,2340.45,46.5,37500.0
NU00255,NU_L116,validation,28.0,3.6000000000000014,0.3,False,2340.45,46.5,37500.0
NU00255,NU_L116,validation,56.0,4.299999999999997,0.3,False,2340.45,46.5,37500.0
NU00255,NU_L116,validation,90.0,5.200000000000003,0.3,False,2340.45,46.5,37500.0
NU00255,NU_L116,validation,122.0,5.700000000000003,0.3,False,2340.45,46.5,37500.0
NU00255,NU_L116,validation,147.0,6.5,0.3,False,2340.45,46.5,37500.0
NU00256,NU_L116,validation,1.0,0.0,1.0,True,2300.08,34.9,
NU00256,NU_L116,validation,2.0,10.600000000000009,1.0,True,2300.08,34.9,
NU00256,NU_L116,validation,3.0,8.600000000000009,1.0,True,2300.08,34.9,
NU00256,NU_L116,validation,4.0,10.200000000000003,1.0,True,2300.08,34.9,
NU00256,NU_L116,validation,6.0,12.400000000000006,1.0,True,2300.08,34.9,
NU00256,NU_L116,validation,10.0,16.0,1.0,True,2300.08,34.9,
NU00256,NU_L116,validation,12.0,19.10000000000001,1.0,False,2300.08,34.9,
NU00256,NU_L116,validation,14.0,22.799999999999997,1.0,False,2300.08,34.9,
NU00256,NU_L116,validation,18.0,23.400000000000006,1.0,False,2300.08,34.9,
NU00256,NU_L116,validation,26.0,25.10000000000001,1.0,False,2300.08,34.9,
NU00256,NU_L116,validation,32.0,30.60000000000001,1.0,False,2300.08,34.9,
NU00256,NU_L116,validation,39.0,32.10000000000001,1.0,False,2300.08,34.9,
NU00256,NU_L116,validation,46.0,34.3,1.0,False,2300.08,34.9,
NU00256,NU_L116,validation,53.0,34.89999999999999,1.0,False,2300.08,34.9,
NU00256,NU_L116,validation,66.0,41.000000000000014,1.0,False,2300.08,34.9,
NU00256,NU_L116,validation,75.0,41.7,1.0,False,2300.08,34.9,
NU00256,NU_L116,validation,90.0,43.8,1.0,False,2300.08,34.9,
NU00256,NU_L116,validation,105.0,47.10000000000001,1.0,False,2300.08,34.9,
NU00256,NU_L116,validation,140.0,55.3,1.0,False,2300.08,34.9,
NU00257,NU_L116,validation,1.0,0.0,1.0,True,2309.74,34.9,
NU00257,NU_L116,validation,2.0,4.000000000000007,1.0,True,2309.74,34.9,
NU00257,NU_L116,validation,3.0,6.800000000000004,1.0,True,2309.74,34.9,
NU00257,NU_L116,validation,5.0,10.899999999999999,1.0,True,2309.74,34.9,
NU00257,NU_L116,validation,7.0,14.100000000000001,1.0,True,2309.74,34.9,
NU00257,NU_L116,validation,18.0,25.1,1.0,False,2309.74,34.9,
NU00257,NU_L116,validation,23.0,29.800000000000004,1.0,False,2309.74,34.9,
NU00257,NU_L116,validation,30.0,33.699999999999996,1.0,False,2309.74,34.9,
NU00257,NU_L116,validation,40.0,37.800000000000004,1.0,False,2309.74,34.9,
NU00257,NU_L116,validation,48.0,39.800000000000004,1.0,False,2309.74,34.9,
NU00257,NU_L116,validation,63.0,49.00000000000001,1.0,False,2309.74,34.9,
NU00257,NU_L116,validation,110.0,62.699999999999996,1.0,False,2309.74,34.9,
NU00257,NU_L116,validation,124.0,67.4,1.0,False,2309.74,34.9,
NU00257,NU_L116,validation,153.0,73.5,1.0,False,2309.74,34.9,
NU00258,NU_L116,validation,1.0,0.0,1.0,True,2290.12,39.9,
NU00258,NU_L116,validation,2.0,3.5,1.0,True,2290.12,39.9,
NU00258,NU_L116,validation,3.0,6.200000000000003,1.0,True,2290.12,39.9,
NU00258,NU_L116,validation,7.0,12.200000000000003,1.0,True,2290.12,39.9,
NU00258,NU_L116,validation,8.0,13.5,1.0,True,2290.12,39.9,
NU00258,NU_L116,validation,10.0,16.299999999999997,1.0,True,2290.12,39.9,
NU00258,NU_L116,validation,13.0,19.60000000000001,1.0,False,2290.12,39.9,
NU00258,NU_L116,validation,16.0,22.10000000000001,1.0,False,2290.12,39.9,
NU00258,NU_L116,validation,20.0,25.299999999999997,1.0,False,2290.12,39.9,
NU00258,NU_L116,validation,27.0,29.900000000000006,1.0,False,2290.12,39.9,
NU00258,NU_L116,validation,35.0,33.60000000000001,1.0,False,2290.12,39.9,
NU00258,NU_L116,validation,42.0,37.0,1.0,False,2290.12,39.9,
NU00258,NU_L116,validation,48.0,39.3,1.0,False,2290.12,39.9,
NU00258,NU_L116,validation,55.0,42.10000000000001,1.0,False,2290.12,39.9,
NU00258,NU_L116,validation,67.0,45.5,1.0,False,2290.12,39.9,
NU00258,NU_L116,validation,83.0,48.3,1.0,False,2290.12,39.9,
NU00258,NU_L116,validation,97.0,51.60000000000001,1.0,False,2290.12,39.9,
NU00258,NU_L116,validation,125.0,56.2,1.0,False,2290.12,39.9,
NU00259,NU_L116,validation,0.2,0.0,0.2,True,2310.8,39.1,
NU00259,NU_L116,validation,1.2,1.1000000000000014,0.2,True,2310.8,39.1,
NU00259,NU_L116,validation,2.0,1.6999999999999957,0.2,True,2310.8,39.1,
NU00259,NU_L116,validation,3.0,2.1999999999999957,0.2,True,2310.8,39.1,
NU00259,NU_L116,validation,4.1,2.6000000000000014,0.2,True,2310.8,39.1,
NU00259,NU_L116,validation,5.0,3.5,0.2,True,2310.8,39.1,
NU00259,NU_L116,validation,6.0,3.799999999999997,0.2,True,2310.8,39.1,
NU00259,NU_L116,validation,7.0,3.799999999999997,0.2,True,2310.8,39.1,
NU00259,NU_L116,validation,14.0,4.399999999999999,0.2,False,2310.8,39.1,
NU00259,NU_L116,validation,21.0,4.600000000000001,0.2,False,2310.8,39.1,
NU00259,NU_L116,validation,28.0,5.399999999999999,0.2,False,2310.8,39.1,
NU00259,NU_L116,validation,56.0,6.199999999999996,0.2,False,2310.8,39.1,
NU00259,NU_L116,validation,90.0,7.899999999999999,0.2,False,2310.8,39.1,
NU00259,NU_L116,validation,122.0,9.100000000000001,0.2,False,2310.8,39.1,
NU00259,NU_L116,validation,146.0,10.199999999999996,0.2,False,2310.8,39.1,
NU00260,NU_L116,validation,1.0,0.0,1.0,True,2300.08,34.9,
NU00260,NU_L116,validation,2.0,4.5,1.0,True,2300.08,34.9,
NU00260,NU_L116,validation,3.0,7.200000000000003,1.0,True,2300.08,34.9,
NU00260,NU_L116,validation,6.0,13.5,1.0,True,2300.08,34.9,
NU00260,NU_L116,validation,7.0,14.400000000000006,1.0,True,2300.08,34.9,
NU00260,NU_L116,validation,8.0,15.799999999999997,1.0,True,2300.08,34.9,
NU00260,NU_L116,validation,10.0,18.799999999999997,1.0,True,2300.08,34.9,
NU00260,NU_L116,validation,13.0,20.799999999999997,1.0,False,2300.08,34.9,
NU00260,NU_L116,validation,17.0,23.799999999999997,1.0,False,2300.08,34.9,
NU00260,NU_L116,validation,20.0,28.400000000000006,1.0,False,2300.08,34.9,
NU00260,NU_L116,validation,28.0,29.900000000000006,1.0,False,2300.08,34.9,
NU00260,NU_L116,validation,36.0,32.400000000000006,1.0,False,2300.08,34.9,
NU00260,NU_L116,validation,42.0,34.2,1.0,False,2300.08,34.9,
NU00260,NU_L116,validation,48.0,36.8,1.0,False,2300.08,34.9,
NU00260,NU_L116,validation,56.0,36.2,1.0,False,2300.08,34.9,
NU00260,NU_L116,validation,70.0,38.3,1.0,False,2300.08,34.9,
NU00260,NU_L116,validation,85.0,40.099999999999994,1.0,False,2300.08,34.9,
NU00260,NU_L116,validation,106.0,42.400000000000006,1.0,False,2300.08,34.9,
NU00260,NU_L116,validation,127.0,43.7,1.0,False,2300.08,34.9,
NU00261,NU_L116,validation,1.0,0.0,1.0,True,2309.74,34.9,
NU00261,NU_L116,validation,2.0,3.700000000000003,1.0,True,2309.74,34.9,
NU00261,NU_L116,validation,3.0,6.299999999999997,1.0,True,2309.74,34.9,
NU00261,NU_L116,validation,6.0,10.100000000000001,1.0,True,2309.74,34.9,
NU00261,NU_L116,validation,7.0,10.899999999999999,1.0,True,2309.74,34.9,
NU00261,NU_L116,validation,9.0,12.899999999999999,1.0,True,2309.74,34.9,
NU00261,NU_L116,validation,14.0,15.900000000000006,1.0,False,2309.74,34.9,
NU00261,NU_L116,validation,17.0,16.5,1.0,False,2309.74,34.9,
NU00261,NU_L116,validation,27.0,21.299999999999997,1.0,False,2309.74,34.9,
NU00261,NU_L116,validation,34.0,22.799999999999997,1.0,False,2309.74,34.9,
NU00261,NU_L116,validation,41.0,24.599999999999994,1.0,False,2309.74,34.9,
NU00261,NU_L116,validation,48.0,26.0,1.0,False,2309.74,34.9,
NU00261,NU_L116,validation,55.0,27.599999999999994,1.0,False,2309.74,34.9,
NU00261,NU_L116,validation,62.0,29.5,1.0,False,2309.74,34.9,
NU00261,NU_L116,validation,71.0,29.900000000000006,1.0,False,2309.74,34.9,
NU00261,NU_L116,validation,84.0,31.599999999999994,1.0,False,2309.74,34.9,
NU00261,NU_L116,validation,99.0,33.5,1.0,False,2309.74,34.9,
NU00261,NU_L116,validation,120.0,36.5,1.0,False,2309.74,34.9,
NU00262,NU_L116,validation,0.2,0.0,0.2,True,2290.12,39.9,
NU00262,NU_L116,validation,1.2,0.8999999999999986,0.2,True,2290.12,39.9,
NU00262,NU_L116,validation,2.0,1.3000000000000007,0.2,True,2290.12,39.9,
NU00262,NU_L116,validation,3.0,1.3000000000000007,0.2,True,2290.12,39.9,
NU00262,NU_L116,validation,4.1,1.6999999999999993,0.2,True,2290.12,39.9,
NU00262,NU_L116,validation,5.0,2.099999999999998,0.2,True,2290.12,39.9,
NU00262,NU_L116,validation,6.0,2.400000000000002,0.2,True,2290.12,39.9,
NU00262,NU_L116,validation,7.0,2.6999999999999993,0.2,True,2290.12,39.9,
NU00262,NU_L116,validation,14.0,2.9999999999999964,0.2,False,2290.12,39.9,
NU00262,NU_L116,validation,21.0,2.599999999999998,0.2,False,2290.12,39.9,
NU00262,NU_L116,validation,28.0,3.599999999999998,0.2,False,2290.12,39.9,
NU00262,NU_L116,validation,56.0,4.300000000000001,0.2,False,2290.12,39.9,
NU00262,NU_L116,validation,90.0,5.699999999999999,0.2,False,2290.12,39.9,
NU00262,NU_L116,validation,122.0,6.099999999999998,0.2,False,2290.12,39.9,
NU00262,NU_L116,validation,147.0,7.099999999999998,0.2,False,2290.12,39.9,
NU00264,NU_L116,validation,1.0,0.0,1.0,True,2330.5,34.1,27800.0
NU00264,NU_L116,validation,2.0,3.8000000000000043,1.0,True,2330.5,34.1,27800.0
NU00264,NU_L116,validation,3.0,5.300000000000004,1.0,True,2330.5,34.1,27800.0
NU00264,NU_L116,validation,4.0,6.499999999999993,1.0,True,2330.5,34.1,27800.0
NU00264,NU_L116,validation,7.0,10.499999999999993,1.0,True,2330.5,34.1,27800.0
NU00264,NU_L116,validation,11.0,13.999999999999993,1.0,False,2330.5,34.1,27800.0
NU00264,NU_L116,validation,14.0,14.800000000000004,1.0,False,2330.5,34.1,27800.0
NU00264,NU_L116,validation,18.0,17.699999999999996,1.0,False,2330.5,34.1,27800.0
NU00264,NU_L116,validation,21.0,19.6,1.0,False,2330.5,34.1,27800.0
NU00264,NU_L116,validation,28.0,22.300000000000004,1.0,False,2330.5,34.1,27800.0
NU00264,NU_L116,validation,35.0,25.300000000000004,1.0,False,2330.5,34.1,27800.0
NU00264,NU_L116,validation,42.0,27.1,1.0,False,2330.5,34.1,27800.0
NU00264,NU_L116,validation,49.0,30.199999999999996,1.0,False,2330.5,34.1,27800.0
NU00264,NU_L116,validation,56.0,31.999999999999993,1.0,False,2330.5,34.1,27800.0
NU00264,NU_L116,validation,63.0,33.800000000000004,1.0,False,2330.5,34.1,27800.0
NU00264,NU_L116,validation,70.0,37.1,1.0,False,2330.5,34.1,27800.0
NU00264,NU_L116,validation,84.0,42.199999999999996,1.0,False,2330.5,34.1,27800.0
NU00264,NU_L116,validation,98.0,45.6,1.0,False,2330.5,34.1,27800.0
NU00264,NU_L116,validation,126.0,50.199999999999996,1.0,False,2330.5,34.1,27800.0
NU00265,NU_L116,validation,0.2,0.0,0.2,True,2330.5,34.1,27800.0
NU00265,NU_L116,validation,1.2,1.4000000000000057,0.2,True,2330.5,34.1,27800.0
NU00265,NU_L116,validation,2.0,2.5,0.2,True,2330.5,34.1,27800.0
NU00265,NU_L116,validation,3.0,2.700000000000003,0.2,True,2330.5,34.1,27800.0
NU00265,NU_L116,validation,4.1,3.1000000000000014,0.2,True,2330.5,34.1,27800.0
NU00265,NU_L116,validation,5.0,4.200000000000003,0.2,True,2330.5,34.1,27800.0
NU00265,NU_L116,validation,6.0,4.700000000000003,0.2,True,2330.5,34.1,27800.0
NU00265,NU_L116,validation,7.0,5.5,0.2,True,2330.5,34.1,27800.0
NU00265,NU_L116,validation,14.0,6.400000000000006,0.2,False,2330.5,34.1,27800.0
NU00265,NU_L116,validation,21.0,6.200000000000003,0.2,False,2330.5,34.1,27800.0
NU00265,NU_L116,validation,28.0,7.600000000000001,0.2,False,2330.5,34.1,27800.0
NU00265,NU_L116,validation,56.0,8.400000000000006,0.2,False,2330.5,34.1,27800.0
NU00265,NU_L116,validation,90.0,10.600000000000001,0.2,False,2330.5,34.1,27800.0
NU00265,NU_L116,validation,122.0,11.700000000000003,0.2,False,2330.5,34.1,27800.0
NU00265,NU_L116,validation,147.0,12.800000000000004,0.2,False,2330.5,34.1,27800.0
NU00266,NU_L116,validation,0.0579636,0.0,0.0579636,True,2330.5,34.1,27800.0
NU00266,NU_L116,validation,1.0,12.899999999999999,0.0579636,True,2330.5,34.1,27800.0
NU00266,NU_L116,validation,3.0,18.5,0.0579636,True,2330.5,34.1,27800.0
NU00266,NU_L116,validation,6.0,23.200000000000003,0.0579636,True,2330.5,34.1,27800.0
NU00266,NU_L116,validation,9.0,26.000000000000007,0.0579636,True,2330.5,34.1,27800.0
NU00266,NU_L116,validation,12.0,28.6,0.0579636,False,2330.5,34.1,27800.0
NU00266,NU_L116,validation,15.0,31.199999999999996,0.0579636,False,2330.5,34.1,27800.0
NU00266,NU_L116,validation,23.0,36.1,0.0579636,False,2330.5,34.1,27800.0
NU00266,NU_L116,validation,30.0,39.300000000000004,0.0579636,False,2330.5,34.1,27800.0
NU00266,NU_L116,validation,40.0,42.50000000000001,0.0579636,False,2330.5,34.1,27800.0
NU00266,NU_L116,validation,50.0,45.6,0.0579636,False,2330.5,34.1,27800.0
NU00266,NU_L116,validation,60.0,47.800000000000004,0.0579636,False,2330.5,34.1,27800.0
NU00266,NU_L116,validation,70.0,49.800000000000004,0.0579636,False,2330.5,34.1,27800.0
NU00266,NU_L116,validation,80.0,51.199999999999996,0.0579636,False,2330.5,34.1,27800.0
NU00266,NU_L116,validation,90.0,52.50000000000001,0.0579636,False,2330.5,34.1,27800.0
NU00266,NU_L116,validation,100.0,54.00000000000001,0.0579636,False,2330.5,34.1,27800.0
NU00266,NU_L116,validation,120.0,56.00000000000001,0.0579636,False,2330.5,34.1,27800.0
NU00266,NU_L116,validation,140.0,57.6,0.0579636,False,2330.5,34.1,27800.0
NU00267,NU_L116,validation,0.05,0.0,0.05,True,2330.5,34.1,27800.0
NU00267,NU_L116,validation,1.0,14.899999999999999,0.05,True,2330.5,34.1,27800.0
NU00267,NU_L116,validation,3.0,22.0,0.05,True,2330.5,34.1,27800.0
NU00267,NU_L116,validation,6.0,26.199999999999996,0.05,True,2330.5,34.1,27800.0
NU00267,NU_L116,validation,9.0,29.800000000000004,0.05,True,2330.5,34.1,27800.0
NU00267,NU_L116,validation,12.0,32.6,0.05,False,2330.5,34.1,27800.0
NU00267,NU_L116,validation,18.0,35.9,0.05,False,2330.5,34.1,27800.0
NU00267,NU_L116,validation,23.0,37.6,0.05,False,2330.5,34.1,27800.0
NU00267,NU_L116,validation,30.0,40.800000000000004,0.05,False,2330.5,34.1,27800.0
NU00267,NU_L116,validation,35.0,42.800000000000004,0.05,False,2330.5,34.1,27800.0
NU00267,NU_L116,validation,40.0,43.50000000000001,0.05,False,2330.5,34.1,27800.0
NU00267,NU_L116,validation,50.0,45.800000000000004,0.05,False,2330.5,34.1,27800.0
NU00267,NU_L116,validation,60.0,48.199999999999996,0.05,False,2330.5,34.1,27800.0
NU00267,NU_L116,validation,70.0,49.9,0.05,False,2330.5,34.1,27800.0
NU00267,NU_L116,validation,80.0,51.199999999999996,0.05,False,2330.5,34.1,27800.0
NU00267,NU_L116,validation,90.0,52.699999999999996,0.05,False,2330.5,34.1,27800.0
NU00267,NU_L116,validation,100.0,54.00000000000001,0.05,False,2330.5,34.1,27800.0
NU00267,NU_L116,validation,120.0,56.50000000000001,0.05,False,2330.5,34.1,27800.0
NU00267,NU_L116,validation,160.0,57.9,0.05,False,2330.5,34.1,27800.0
NU00268,NU_L116,validation,0.0469576,0.0,0.0469576,True,2330.5,33.2,35400.0
NU00268,NU_L116,validation,1.0,11.199999999999996,0.0469576,True,2330.5,33.2,35400.0
NU00268,NU_L116,validation,3.0,15.600000000000001,0.0469576,True,2330.5,33.2,35400.0
NU00268,NU_L116,validation,6.0,19.5,0.0469576,True,2330.5,33.2,35400.0
NU00268,NU_L116,validation,9.0,22.5,0.0469576,True,2330.5,33.2,35400.0
NU00268,NU_L116,validation,12.0,24.799999999999997,0.0469576,False,2330.5,33.2,35400.0
NU00268,NU_L116,validation,15.0,26.800000000000004,0.0469576,False,2330.5,33.2,35400.0
NU00268,NU_L116,validation,18.0,28.300000000000004,0.0469576,False,2330.5,33.2,35400.0
NU00268,NU_L116,validation,23.0,30.800000000000004,0.0469576,False,2330.5,33.2,35400.0
NU00268,NU_L116,validation,30.0,33.1,0.0469576,False,2330.5,33.2,35400.0
NU00268,NU_L116,validation,35.0,34.699999999999996,0.0469576,False,2330.5,33.2,35400.0
NU00268,NU_L116,validation,40.0,35.800000000000004,0.0469576,False,2330.5,33.2,35400.0
NU00268,NU_L116,validation,50.0,38.1,0.0469576,False,2330.5,33.2,35400.0
NU00268,NU_L116,validation,60.0,40.199999999999996,0.0469576,False,2330.5,33.2,35400.0
NU00268,NU_L116,validation,70.0,41.800000000000004,0.0469576,False,2330.5,33.2,35400.0
NU00268,NU_L116,validation,80.0,42.800000000000004,0.0469576,False,2330.5,33.2,35400.0
NU00268,NU_L116,validation,90.0,43.99999999999999,0.0469576,False,2330.5,33.2,35400.0
NU00268,NU_L116,validation,120.0,45.9,0.0469576,False,2330.5,33.2,35400.0
NU00268,NU_L116,validation,160.0,48.49999999999999,0.0469576,False,2330.5,33.2,35400.0
NU00269,NU_L116,validation,0.0642026,0.0,0.0642026,True,2330.5,33.2,35400.0
NU00269,NU_L116,validation,1.0,11.100000000000001,0.0642026,True,2330.5,33.2,35400.0
NU00269,NU_L116,validation,3.0,15.699999999999996,0.0642026,True,2330.5,33.2,35400.0
NU00269,NU_L116,validation,6.0,20.1,0.0642026,True,2330.5,33.2,35400.0
NU00269,NU_L116,validation,9.0,22.9,0.0642026,True,2330.5,33.2,35400.0
NU00269,NU_L116,validation,12.0,25.4,0.0642026,False,2330.5,33.2,35400.0
NU00269,NU_L116,validation,15.0,27.499999999999993,0.0642026,False,2330.5,33.2,35400.0
NU00269,NU_L116,validation,18.0,29.1,0.0642026,False,2330.5,33.2,35400.0
NU00269,NU_L116,validation,23.0,31.300000000000004,0.0642026,False,2330.5,33.2,35400.0
NU00269,NU_L116,validation,30.0,33.9,0.0642026,False,2330.5,33.2,35400.0
NU00269,NU_L116,validation,40.0,36.99999999999999,0.0642026,False,2330.5,33.2,35400.0
NU00269,NU_L116,validation,50.0,39.49999999999999,0.0642026,False,2330.5,33.2,35400.0
NU00269,NU_L116,validation,60.0,41.6,0.0642026,False,2330.5,33.2,35400.0
NU00269,NU_L116,validation,70.0,43.199999999999996,0.0642026,False,2330.5,33.2,35400.0
NU00269,NU_L116,validation,80.0,44.800000000000004,0.0642026,False,2330.5,33.2,35400.0
NU00269,NU_L116,validation,100.0,47.4,0.0642026,False,2330.5,33.2,35400.0
NU00269,NU_L116,validation,120.0,49.4,0.0642026,False,2330.5,33.2,35400.0
NU00269,NU_L116,validation,160.0,52.6,0.0642026,False,2330.5,33.2,35400.0
NU00270,NU_L116,validation,0.9,0.0,0.9,True,2330.5,33.2,35400.0
NU00270,NU_L116,validation,1.2,0.19999999999999574,0.9,True,2330.5,33.2,35400.0
NU00270,NU_L116,validation,1.9,0.3999999999999986,0.9,True,2330.5,33.2,35400.0
NU00270,NU_L116,validation,2.2,0.3999999999999986,0.9,True,2330.5,33.2,35400.0
NU00270,NU_L116,validation,3.2,0.7999999999999972,0.9,True,2330.5,33.2,35400.0
NU00270,NU_L116,validation,5.1,1.2999999999999972,0.9,True,2330.5,33.2,35400.0
NU00270,NU_L116,validation,6.2,1.3999999999999986,0.9,True,2330.5,33.2,35400.0
NU00270,NU_L116,validation,7.2,1.5999999999999943,0.9,True,2330.5,33.2,35400.0
NU00270,NU_L116,validation,14.0,1.8999999999999986,0.9,False,2330.5,33.2,35400.0
NU00270,NU_L116,validation,21.0,2.0999999999999943,0.9,False,2330.5,33.2,35400.0
NU00270,NU_L116,validation,28.0,2.299999999999997,0.9,False,2330.5,33.2,35400.0
NU00270,NU_L116,validation,56.0,2.8999999999999986,0.9,False,2330.5,33.2,35400.0
NU00270,NU_L116,validation,90.0,3.799999999999997,0.9,False,2330.5,33.2,35400.0
NU00270,NU_L116,validation,121.0,4.899999999999999,0.9,False,2330.5,33.2,35400.0
NU00270,NU_L116,validation,152.0,6.199999999999996,0.9,False,2330.5,33.2,35400.0
NU00271,NU_L116,validation,0.2,0.0,0.2,True,2330.5,30.8,28400.0
NU00271,NU_L116,validation,1.2,1.1000000000000014,0.2,True,2330.5,30.8,28400.0
NU00271,NU_L116,validation,2.0,1.7999999999999972,0.2,True,2330.5,30.8,28400.0
NU00271,NU_L116,validation,3.0,2.1000000000000014,0.2,True,2330.5,30.8,28400.0
NU00271,NU_L116,validation,4.1,2.5,0.2,True,2330.5,30.8,28400.0
NU00271,NU_L116,validation,5.0,2.8999999999999986,0.2,True,2330.5,30.8,28400.0
NU00271,NU_L116,validation,6.0,3.200000000000003,0.2,True,2330.5,30.8,28400.0
NU00271,NU_L116,validation,7.0,3.299999999999997,0.2,True,2330.5,30.8,28400.0
NU00271,NU_L116,validation,14.0,4.100000000000001,0.2,False,2330.5,30.8,28400.0
NU00271,NU_L116,validation,21.0,3.799999999999997,0.2,False,2330.5,30.8,28400.0
NU00271,NU_L116,validation,28.0,4.600000000000001,0.2,False,2330.5,30.8,28400.0
NU00271,NU_L116,validation,56.0,5.299999999999997,0.2,False,2330.5,30.8,28400.0
NU00271,NU_L116,validation,90.0,7.100000000000001,0.2,False,2330.5,30.8,28400.0
NU00271,NU_L116,validation,122.0,7.799999999999997,0.2,False,2330.5,30.8,28400.0
NU00271,NU_L116,validation,147.0,9.399999999999999,0.2,False,2330.5,30.8,28400.0
NU00272,NU_L116,validation,0.2,0.0,0.2,True,2330.5,30.8,28400.0
NU00272,NU_L116,validation,1.4,1.2000000000000028,0.2,True,2330.5,30.8,28400.0
NU00272,NU_L116,validation,2.1,1.5,0.2,True,2330.5,30.8,28400.0
NU00272,NU_L116,validation,3.1,1.6000000000000014,0.2,True,2330.5,30.8,28400.0
NU00272,NU_L116,validation,4.2,2.3000000000000043,0.2,True,2330.5,30.8,28400.0
NU00272,NU_L116,validation,5.1,2.4000000000000057,0.2,True,2330.5,30.8,28400.0
NU00272,NU_L116,validation,6.1,2.6000000000000014,0.2,True,2330.5,30.8,28400.0
NU00272,NU_L116,validation,7.1,3.200000000000003,0.2,True,2330.5,30.8,28400.0
NU00272,NU_L116,validation,14.0,3.4000000000000057,0.2,False,2330.5,30.8,28400.0
NU00272,NU_L116,validation,21.0,3.8000000000000043,0.2,False,2330.5,30.8,28400.0
NU00272,NU_L116,validation,28.0,4.300000000000004,0.2,False,2330.5,30.8,28400.0
NU00272,NU_L116,validation,56.0,5.400000000000006,0.2,False,2330.5,30.8,28400.0
NU00272,NU_L116,validation,90.0,7.100000000000001,0.2,False,2330.5,30.8,28400.0
NU00272,NU_L116,validation,122.0,7.700000000000003,0.2,False,2330.5,30.8,28400.0
NU00272,NU_L116,validation,147.0,8.100000000000001,0.2,False,2330.5,30.8,28400.0
NU00274,NU_L376,train,0.4,0.0,0.4,True,2371.7200000000003,53.1,
NU00274,NU_L376,train,0.9,0.5999999999999979,0.4,True,2371.7200000000003,53.1,
NU00274,NU_L376,train,1.9,0.8999999999999986,0.4,True,2371.7200000000003,53.1,
NU00274,NU_L376,train,3.0,1.0999999999999979,0.4,True,2371.7200000000003,53.1,
NU00274,NU_L376,train,6.1,1.6999999999999993,0.4,True,2371.7200000000003,53.1,
NU00274,NU_L376,train,8.7,2.1999999999999993,0.4,True,2371.7200000000003,53.1,
NU00274,NU_L376,train,13.0,2.599999999999998,0.4,False,2371.7200000000003,53.1,
NU00274,NU_L376,train,20.0,3.1999999999999993,0.4,False,2371.7200000000003,53.1,
NU00274,NU_L376,train,27.1,4.399999999999999,0.4,False,2371.7200000000003,53.1,
NU00274,NU_L376,train,34.1,5.399999999999999,0.4,False,2371.7200000000003,53.1,
NU00274,NU_L376,train,53.1,6.599999999999998,0.4,False,2371.7200000000003,53.1,
NU00274,NU_L376,train,72.0,8.0,0.4,False,2371.7200000000003,53.1,
NU00274,NU_L376,train,105.0,8.5,0.4,False,2371.7200000000003,53.1,
NU00274,NU_L376,train,132.0,9.199999999999996,0.4,False,2371.7200000000003,53.1,
NU00275,NU_L376,train,0.13,0.0,0.13,True,2371.7200000000003,53.1,
NU00275,NU_L376,train,0.23,0.3999999999999986,0.13,True,2371.7200000000003,53.1,
NU00275,NU_L376,train,0.43,1.0,0.13,True,2371.7200000000003,53.1,
NU00275,NU_L376,train,1.03,1.8000000000000007,0.13,True,2371.7200000000003,53.1,
NU00275,NU_L376,train,2.03,2.3000000000000007,0.13,True,2371.7200000000003,53.1,
NU00275,NU_L376,train,3.23,2.8000000000000007,0.13,True,2371.7200000000003,53.1,
NU00275,NU_L376,train,6.03,3.3000000000000007,0.13,True,2371.7200000000003,53.1,
NU00275,NU_L376,train,8.83,3.8000000000000007,0.13,True,2371.7200000000003,53.1,
NU00275,NU_L376,train,12.93,4.199999999999999,0.13,False,2371.7200000000003,53.1,
NU00275,NU_L376,train,20.03,5.0,0.13,False,2371.7200000000003,53.1,
NU00275,NU_L376,train,26.73,5.5,0.13,False,2371.7200000000003,53.1,
NU00275,NU_L376,train,33.33,6.100000000000001,0.13,False,2371.7200000000003,53.1,
NU00275,NU_L376,train,55.33,7.100000000000001,0.13,False,2371.7200000000003,53.1,
NU00275,NU_L376,train,72.93,7.799999999999997,0.13,False,2371.7200000000003,53.1,
NU00275,NU_L376,train,105.03,8.799999999999997,0.13,False,2371.7200000000003,53.1,
NU00275,NU_L376,train,130.03,9.399999999999999,0.13,False,2371.7200000000003,53.1,
NU00276,NU_L77,train,1.0,0.0,1.0,True,2300.44,62.0,
NU00276,NU_L77,train,2.0,2.5,1.0,True,2300.44,62.0,
NU00276,NU_L77,train,3.0,4.299999999999997,1.0,True,2300.44,62.0,
NU00276,NU_L77,train,4.0,5.699999999999996,1.0,True,2300.44,62.0,
NU00276,NU_L77,train,5.0,7.399999999999999,1.0,True,2300.44,62.0,
NU00276,NU_L77,train,6.3,8.5,1.0,True,2300.44,62.0,
NU00276,NU_L77,train,7.0,10.600000000000001,1.0,True,2300.44,62.0,
NU00276,NU_L77,train,15.0,12.199999999999996,1.0,False,2300.44,62.0,
NU00276,NU_L77,train,31.0,16.6,1.0,False,2300.44,62.0,
NU00276,NU_L77,train,45.0,19.799999999999997,1.0,False,2300.44,62.0,
NU00276,NU_L77,train,60.0,25.799999999999997,1.0,False,2300.44,62.0,
NU00277,NU_L77,train,1.0,0.0,1.0,True,2300.44,62.0,
NU00277,NU_L77,train,2.0,2.6999999999999957,1.0,True,2300.44,62.0,
NU00277,NU_L77,train,3.0,4.199999999999996,1.0,True,2300.44,62.0,
NU00277,NU_L77,train,4.0,5.199999999999996,1.0,True,2300.44,62.0,
NU00277,NU_L77,train,5.0,7.699999999999996,1.0,True,2300.44,62.0,
NU00277,NU_L77,train,6.3,8.5,1.0,True,2300.44,62.0,
NU00277,NU_L77,train,7.0,8.899999999999999,1.0,True,2300.44,62.0,
NU00277,NU_L77,train,15.0,13.399999999999999,1.0,False,2300.44,62.0,
NU00277,NU_L77,train,31.0,16.4,1.0,False,2300.44,62.0,
NU00277,NU_L77,train,45.0,18.599999999999994,1.0,False,2300.44,62.0,
NU00277,NU_L77,train,60.0,20.699999999999996,1.0,False,2300.44,62.0,
NU00278,NU_L77,train,1.0,0.0,1.0,True,2300.44,62.0,
NU00278,NU_L77,train,2.0,1.5,1.0,True,2300.44,62.0,
NU00278,NU_L77,train,3.0,2.3999999999999986,1.0,True,2300.44,62.0,
NU00278,NU_L77,train,4.0,2.799999999999997,1.0,True,2300.44,62.0,
NU00278,NU_L77,train,5.0,3.1999999999999957,1.0,True,2300.44,62.0,
NU00278,NU_L77,train,7.0,5.099999999999994,1.0,True,2300.44,62.0,
NU00278,NU_L77,train,20.0,9.599999999999994,1.0,False,2300.44,62.0,
NU00278,NU_L77,train,31.0,16.299999999999997,1.0,False,2300.44,62.0,
NU00278,NU_L77,train,45.0,21.0,1.0,False,2300.44,62.0,
NU00278,NU_L77,train,60.0,25.799999999999997,1.0,False,2300.44,62.0,
NU00279,NU_L117,train,0.2,0.0,0.2,True,2370.36,17.7,
NU00279,NU_L117,train,0.6,13.899999999999999,0.2,True,2370.36,17.7,
NU00279,NU_L117,train,1.5,17.800000000000004,0.2,True,2370.36,17.7,
NU00279,NU_L117,train,7.6,50.50000000000001,0.2,True,2370.36,17.7,
NU00279,NU_L117,train,20.2,61.199999999999996,0.2,False,2370.36,17.7,
NU00279,NU_L117,train,55.1,64.69999999999999,0.2,False,2370.36,17.7,
NU00279,NU_L117,train,150.0,113.69999999999999,0.2,False,2370.36,17.7,
NU00280,NU_L117,train,0.1,0.0,0.1,True,2370.36,17.7,
NU00280,NU_L117,train,0.2,6.0,0.1,True,2370.36,17.7,
NU00280,NU_L117,train,0.6,17.9,0.1,True,2370.36,17.7,
NU00280,NU_L117,train,1.6,25.800000000000004,0.1,True,2370.36,17.7,
NU00280,NU_L117,train,7.9,47.6,0.1,True,2370.36,17.7,
NU00280,NU_L117,train,20.5,62.199999999999996,0.1,False,2370.36,17.7,
NU00280,NU_L117,train,55.1,82.6,0.1,False,2370.36,17.7,
NU00280,NU_L117,train,150.0,127.1,0.1,False,2370.36,17.7,
NU00282,NU_L117,train,0.1,0.0,0.1,True,2449.95,19.0,
NU00282,NU_L117,train,0.2,3.6000000000000014,0.1,True,2449.95,19.0,
NU00282,NU_L117,train,0.6,13.799999999999997,0.1,True,2449.95,19.0,
NU00282,NU_L117,train,1.6,21.799999999999997,0.1,True,2449.95,19.0,
NU00282,NU_L117,train,7.8,34.599999999999994,0.1,True,2449.95,19.0,
NU00282,NU_L117,train,20.5,43.099999999999994,0.1,False,2449.95,19.0,
NU00282,NU_L117,train,55.1,53.5,0.1,False,2449.95,19.0,
NU00282,NU_L117,train,150.0,77.80000000000001,0.1,False,2449.95,19.0,
NU00283,NU_L117,train,0.1,0.0,0.1,True,2419.85,23.9,
NU00283,NU_L117,train,0.4,4.100000000000001,0.1,True,2419.85,23.9,
NU00283,NU_L117,train,0.8,6.699999999999996,0.1,True,2419.85,23.9,
NU00283,NU_L117,train,1.8,13.899999999999999,0.1,True,2419.85,23.9,
NU00283,NU_L117,train,6.9,20.800000000000004,0.1,True,2419.85,23.9,
NU00283,NU_L117,train,12.9,36.99999999999999,0.1,False,2419.85,23.9,
NU00283,NU_L117,train,45.5,36.300000000000004,0.1,False,2419.85,23.9,
NU00283,NU_L117,train,144.0,63.99999999999999,0.1,False,2419.85,23.9,
NU00284,NU_L117,train,0.2,0.0,0.2,True,2419.85,23.9,
NU00284,NU_L117,train,0.7,6.799999999999997,0.2,True,2419.85,23.9,
NU00284,NU_L117,train,1.6,11.799999999999997,0.2,True,2419.85,23.9,
NU00284,NU_L117,train,6.5,24.0,0.2,True,2419.85,23.9,
NU00284,NU_L117,train,13.0,32.7,0.2,False,2419.85,23.9,
NU00284,NU_L117,train,65.3,59.5,0.2,False,2419.85,23.9,
NU00284,NU_L117,train,144.0,68.7,0.2,False,2419.85,23.9,
NU00285,NU_L117,train,0.2,0.0,0.2,True,2390.0,10.8,
NU00285,NU_L117,train,0.7,20.299999999999997,0.2,True,2390.0,10.8,
NU00285,NU_L117,train,1.6,27.60000000000001,0.2,True,2390.0,10.8,
NU00285,NU_L117,train,6.4,45.400000000000006,0.2,True,2390.0,10.8,
NU00285,NU_L117,train,13.5,60.400000000000006,0.2,False,2390.0,10.8,
NU00285,NU_L117,train,32.2,91.2,0.2,False,2390.0,10.8,
NU00285,NU_L117,train,144.0,147.8,0.2,False,2390.0,10.8,
NU00286,NU_L117,train,0.1,0.0,0.1,True,2390.0,10.8,
NU00286,NU_L117,train,0.3,7.0,0.1,True,2390.0,10.8,
NU00286,NU_L117,train,0.7,18.0,0.1,True,2390.0,10.8,
NU00286,NU_L117,train,1.7,19.10000000000001,0.1,True,2390.0,10.8,
NU00286,NU_L117,train,6.9,33.0,0.1,True,2390.0,10.8,
NU00286,NU_L117,train,13.9,51.80000000000001,0.1,False,2390.0,10.8,
NU00286,NU_L117,train,48.0,82.30000000000001,0.1,False,2390.0,10.8,
NU00286,NU_L117,train,144.0,140.9,0.1,False,2390.0,10.8,
NU00287,NU_L377,train,0.2,0.0,0.2,True,2319.7,30.3,
NU00287,NU_L377,train,0.6,8.700000000000003,0.2,True,2319.7,30.3,
NU00287,NU_L377,train,1.1,10.600000000000001,0.2,True,2319.7,30.3,
NU00287,NU_L377,train,2.0,13.700000000000003,0.2,True,2319.7,30.3,
NU00287,NU_L377,train,5.6,26.5,0.2,True,2319.7,30.3,
NU00287,NU_L377,train,6.6,30.799999999999997,0.2,True,2319.7,30.3,
NU00287,NU_L377,train,8.7,33.60000000000001,0.2,True,2319.7,30.3,
NU00287,NU_L377,train,12.9,38.10000000000001,0.2,False,2319.7,30.3,
NU00287,NU_L377,train,15.6,46.60000000000001,0.2,False,2319.7,30.3,
NU00287,NU_L377,train,19.2,52.60000000000001,0.2,False,2319.7,30.3,
NU00287,NU_L377,train,27.9,58.60000000000001,0.2,False,2319.7,30.3,
NU00287,NU_L377,train,37.1,63.5,0.2,False,2319.7,30.3,
NU00287,NU_L377,train,51.2,70.0,0.2,False,2319.7,30.3,
NU00287,NU_L377,train,65.4,82.3,0.2,False,2319.7,30.3,
NU00287,NU_L377,train,100.0,87.7,0.2,False,2319.7,30.3,
NU00287,NU_L377,train,128.0,92.89999999999999,0.2,False,2319.7,30.3,
NU00287,NU_L377,train,153.0,98.10000000000001,0.2,False,2319.7,30.3,
NU00288,NU_L377,train,0.3,0.0,0.3,True,2319.7,30.3,
NU00288,NU_L377,train,0.6,7.899999999999999,0.3,True,2319.7,30.3,
NU00288,NU_L377,train,1.1,15.700000000000003,0.3,True,2319.7,30.3,
NU00288,NU_L377,train,2.2,20.89999999999999,0.3,True,2319.7,30.3,
NU00288,NU_L377,train,5.4,31.599999999999994,0.3,True,2319.7,30.3,
NU00288,NU_L377,train,6.3,34.2,0.3,True,2319.7,30.3,
NU00288,NU_L377,train,8.4,42.2,0.3,True,2319.7,30.3,
NU00288,NU_L377,train,11.6,46.099999999999994,0.3,False,2319.7,30.3,
NU00288,NU_L377,train,15.2,56.8,0.3,False,2319.7,30.3,
NU00288,NU_L377,train,20.9,63.3,0.3,False,2319.7,30.3,
NU00288,NU_L377,train,27.6,71.6,0.3,False,2319.7,30.3,
NU00288,NU_L377,train,34.5,80.99999999999999,0.3,False,2319.7,30.3,
NU00288,NU_L377,train,47.5,88.60000000000001,0.3,False,2319.7,30.3,
NU00288,NU_L377,train,65.4,98.7,0.3,False,2319.7,30.3,
NU00288,NU_L377,train,96.3,108.89999999999999,0.3,False,2319.7,30.3,
NU00288,NU_L377,train,120.0,119.10000000000001,0.3,False,2319.7,30.3,
NU00288,NU_L377,train,152.0,124.10000000000001,0.3,False,2319.7,30.3,
NU00335,NU_L96,train,0.22,0.0,0.22,True,2318.1,15.5,27000.0
NU00335,NU_L96,train,0.42,2.1000000000000085,0.22,True,2318.1,15.5,27000.0
NU00335,NU_L96,train,0.52,2.6000000000000085,0.22,True,2318.1,15.5,27000.0
NU00335,NU_L96,train,1.12,5.799999999999997,0.22,True,2318.1,15.5,27000.0
NU00335,NU_L96,train,2.42,9.100000000000009,0.22,True,2318.1,15.5,27000.0
NU00335,NU_L96,train,3.12,10.700000000000003,0.22,True,2318.1,15.5,27000.0
NU00335,NU_L96,train,4.32,12.400000000000006,0.22,True,2318.1,15.5,27000.0
NU00335,NU_L96,train,5.12,14.100000000000009,0.22,True,2318.1,15.5,27000.0
NU00335,NU_L96,train,6.42,17.400000000000006,0.22,True,2318.1,15.5,27000.0
NU00335,NU_L96,train,11.82,22.400000000000006,0.22,False,2318.1,15.5,27000.0
NU00335,NU_L96,train,18.92,26.0,0.22,False,2318.1,15.5,27000.0
NU00335,NU_L96,train,27.22,27.0,0.22,False,2318.1,15.5,27000.0
NU00335,NU_L96,train,125.12,43.900000000000006,0.22,False,2318.1,15.5,27000.0
NU00339,NU_L96,train,0.01,0.0,0.01,True,2318.1,15.5,27000.0
NU00339,NU_L96,train,0.11,37.89999999999999,0.01,True,2318.1,15.5,27000.0
NU00339,NU_L96,train,0.31,60.3,0.01,True,2318.1,15.5,27000.0
NU00339,NU_L96,train,0.91,87.7,0.01,True,2318.1,15.5,27000.0
NU00339,NU_L96,train,1.91,121.3,0.01,True,2318.1,15.5,27000.0
NU00339,NU_L96,train,2.91,119.8,0.01,True,2318.1,15.5,27000.0
NU00339,NU_L96,train,4.11,126.99999999999999,0.01,True,2318.1,15.5,27000.0
NU00339,NU_L96,train,4.91,135.2,0.01,True,2318.1,15.5,27000.0
NU00339,NU_L96,train,6.61,149.89999999999998,0.01,True,2318.1,15.5,27000.0
NU00339,NU_L96,train,12.41,182.5,0.01,False,2318.1,15.5,27000.0
NU00339,NU_L96,train,20.71,201.60000000000002,0.01,False,2318.1,15.5,27000.0
NU00339,NU_L96,train,27.01,205.0,0.01,False,2318.1,15.5,27000.0
NU00339,NU_L96,train,33.21,209.5,0.01,False,2318.1,15.5,27000.0
NU00339,NU_L96,train,39.51,218.3,0.01,False,2318.1,15.5,27000.0
NU00339,NU_L96,train,62.41,241.7,0.01,False,2318.1,15.5,27000.0
NU00339,NU_L96,train,83.21,272.7,0.01,False,2318.1,15.5,27000.0
NU00339,NU_L96,train,87.41,282.5,0.01,False,2318.1,15.5,27000.0
NU00339,NU_L96,train,91.61,289.6,0.01,False,2318.1,15.5,27000.0
NU00339,NU_L96,train,99.91,295.3,0.01,False,2318.1,15.5,27000.0
NU00339,NU_L96,train,108.21,300.90000000000003,0.01,False,2318.1,15.5,27000.0
NU00339,NU_L96,train,129.11,308.6,0.01,False,2318.1,15.5,27000.0
NU00339,NU_L96,train,141.61,309.2,0.01,False,2318.1,15.5,27000.0
NU00341,NU_L96,train,0.0,0.0,0.0,True,2318.1,15.5,27000.0
NU00341,NU_L96,train,0.08,28.4,0.0,True,2318.1,15.5,27000.0
NU00341,NU_L96,train,0.18,55.199999999999996,0.0,True,2318.1,15.5,27000.0
NU00341,NU_L96,train,0.28,70.0,0.0,True,2318.1,15.5,27000.0
NU00341,NU_L96,train,0.88,100.30000000000001,0.0,True,2318.1,15.5,27000.0
NU00341,NU_L96,train,1.18,106.30000000000001,0.0,True,2318.1,15.5,27000.0
NU00341,NU_L96,train,1.98,113.30000000000001,0.0,True,2318.1,15.5,27000.0
NU00341,NU_L96,train,2.88,121.6,0.0,True,2318.1,15.5,27000.0
NU00341,NU_L96,train,4.08,133.8,0.0,True,2318.1,15.5,27000.0
NU00341,NU_L96,train,6.18,147.5,0.0,True,2318.1,15.5,27000.0
NU00341,NU_L96,train,10.28,173.5,0.0,False,2318.1,15.5,27000.0
NU00341,NU_L96,train,13.18,196.9,0.0,False,2318.1,15.5,27000.0
NU00341,NU_L96,train,20.68,204.6,0.0,False,2318.1,15.5,27000.0
NU00341,NU_L96,train,29.08,202.20000000000002,0.0,False,2318.1,15.5,27000.0
NU00341,NU_L96,train,37.38,221.5,0.0,False,2318.1,15.5,27000.0
NU00341,NU_L96,train,49.88,226.79999999999998,0.0,False,2318.1,15.5,27000.0
NU00341,NU_L96,train,62.38,223.3,0.0,False,2318.1,15.5,27000.0
NU00341,NU_L96,train,83.18,228.00000000000003,0.0,False,2318.1,15.5,27000.0
NU00341,NU_L96,train,99.88,225.1,0.0,False,2318.1,15.5,27000.0
NU00342,NU_L96,train,0.05,0.0,0.05,True,2318.1,15.5,27000.0
NU00342,NU_L96,train,0.08,13.6,0.05,True,2318.1,15.5,27000.0
NU00342,NU_L96,train,0.28,75.30000000000001,0.05,True,2318.1,15.5,27000.0
NU00342,NU_L96,train,0.88,162.6,0.05,True,2318.1,15.5,27000.0
NU00342,NU_L96,train,1.18,209.6,0.05,True,2318.1,15.5,27000.0
NU00342,NU_L96,train,1.98,275.4,0.05,True,2318.1,15.5,27000.0
NU00342,NU_L96,train,4.08,302.2,0.05,True,2318.1,15.5,27000.0
NU00342,NU_L96,train,20.68,325.59999999999997,0.05,False,2318.1,15.5,27000.0
NU00342,NU_L96,train,41.58,344.9,0.05,False,2318.1,15.5,27000.0
NU00342,NU_L96,train,62.38,345.79999999999995,0.05,False,2318.1,15.5,27000.0
NU00342,NU_L96,train,83.18,346.7,0.05,False,2318.1,15.5,27000.0
NU00342,NU_L96,train,87.38,349.2,0.05,False,2318.1,15.5,27000.0
NU00343,NU_L96,train,0.01,0.0,0.01,True,2318.1,15.5,27000.0
NU00343,NU_L96,train,0.051,17.1,0.01,True,2318.1,15.5,27000.0
NU00343,NU_L96,train,0.17,41.6,0.01,True,2318.1,15.5,27000.0
NU00343,NU_L96,train,0.27,50.199999999999996,0.01,True,2318.1,15.5,27000.0
NU00343,NU_L96,train,0.37,61.49999999999999,0.01,True,2318.1,15.5,27000.0
NU00343,NU_L96,train,1.27,85.9,0.01,True,2318.1,15.5,27000.0
NU00343,NU_L96,train,2.07,106.1,0.01,True,2318.1,15.5,27000.0
NU00343,NU_L96,train,3.17,128.8,0.01,True,2318.1,15.5,27000.0
NU00343,NU_L96,train,37.47,194.6,0.01,False,2318.1,15.5,27000.0
NU00343,NU_L96,train,41.67,200.1,0.01,False,2318.1,15.5,27000.0
NU00343,NU_L96,train,59.17,210.3,0.01,False,2318.1,15.5,27000.0
NU00343,NU_L96,train,124.97,210.5,0.01,False,2318.1,15.5,27000.0
NU00344,NU_L96,train,0.013,0.0,0.013,True,2318.1,15.5,27000.0
NU00344,NU_L96,train,0.11,13.699999999999996,0.013,True,2318.1,15.5,27000.0
NU00344,NU_L96,train,0.41,43.89999999999999,0.013,True,2318.1,15.5,27000.0
NU00344,NU_L96,train,0.91,56.2,0.013,True,2318.1,15.5,27000.0
NU00344,NU_L96,train,1.01,85.10000000000001,0.013,True,2318.1,15.5,27000.0
NU00344,NU_L96,train,1.21,96.7,0.013,True,2318.1,15.5,27000.0
NU00344,NU_L96,train,2.21,116.49999999999999,0.013,True,2318.1,15.5,27000.0
NU00344,NU_L96,train,2.91,115.3,0.013,True,2318.1,15.5,27000.0
NU00344,NU_L96,train,4.11,122.99999999999999,0.013,True,2318.1,15.5,27000.0
NU00344,NU_L96,train,7.41,146.10000000000002,0.013,True,2318.1,15.5,27000.0
NU00344,NU_L96,train,12.91,176.7,0.013,False,2318.1,15.5,27000.0
NU00344,NU_L96,train,20.01,183.2,0.013,False,2318.1,15.5,27000.0
NU00344,NU_L96,train,35.31,204.5,0.013,False,2318.1,15.5,27000.0
NU00344,NU_L96,train,44.91,222.5,0.013,False,2318.1,15.5,27000.0
NU00344,NU_L96,train,83.21,252.60000000000002,0.013,False,2318.1,15.5,27000.0
NU00344,NU_L96,train,124.91,294.90000000000003,0.013,False,2318.1,15.5,27000.0
NU00345,NU_L96,train,0.08,0.0,0.08,True,2318.1,15.5,27000.0
NU00345,NU_L96,train,0.18,13.700000000000003,0.08,True,2318.1,15.5,27000.0
NU00345,NU_L96,train,0.28,45.199999999999996,0.08,True,2318.1,15.5,27000.0
NU00345,NU_L96,train,0.48,56.00000000000001,0.08,True,2318.1,15.5,27000.0
NU00345,NU_L96,train,0.78,128.9,0.08,True,2318.1,15.5,27000.0
NU00345,NU_L96,train,0.88,133.4,0.08,True,2318.1,15.5,27000.0
NU00345,NU_L96,train,1.18,145.6,0.08,True,2318.1,15.5,27000.0
NU00345,NU_L96,train,1.98,169.29999999999998,0.08,True,2318.1,15.5,27000.0
NU00345,NU_L96,train,2.88,186.0,0.08,True,2318.1,15.5,27000.0
NU00345,NU_L96,train,4.08,204.4,0.08,True,2318.1,15.5,27000.0
NU00345,NU_L96,train,6.48,228.2,0.08,True,2318.1,15.5,27000.0
NU00345,NU_L96,train,10.28,249.99999999999997,0.08,False,2318.1,15.5,27000.0
NU00345,NU_L96,train,14.28,264.1,0.08,False,2318.1,15.5,27000.0
NU00345,NU_L96,train,20.68,265.3,0.08,False,2318.1,15.5,27000.0
NU00345,NU_L96,train,29.08,301.40000000000003,0.08,False,2318.1,15.5,27000.0
NU00345,NU_L96,train,37.38,293.5,0.08,False,2318.1,15.5,27000.0
NU00345,NU_L96,train,41.58,310.3,0.08,False,2318.1,15.5,27000.0
NU00345,NU_L96,train,49.18,303.8,0.08,False,2318.1,15.5,27000.0
NU00345,NU_L96,train,59.08,322.1,0.08,False,2318.1,15.5,27000.0
NU00345,NU_L96,train,61.28,312.70000000000005,0.08,False,2318.1,15.5,27000.0
NU00345,NU_L96,train,80.98,343.8,0.08,False,2318.1,15.5,27000.0
NU00345,NU_L96,train,98.38,354.70000000000005,0.08,False,2318.1,15.5,27000.0
NU00345,NU_L96,train,124.88,389.8,0.08,False,2318.1,15.5,27000.0
NU00346,NU_L96,train,0.03,0.0,0.03,True,2318.1,15.5,27000.0
NU00346,NU_L96,train,0.08,7.600000000000001,0.03,True,2318.1,15.5,27000.0
NU00346,NU_L96,train,0.18,16.700000000000003,0.03,True,2318.1,15.5,27000.0
NU00346,NU_L96,train,0.28,25.5,0.03,True,2318.1,15.5,27000.0
NU00346,NU_L96,train,0.88,51.10000000000001,0.03,True,2318.1,15.5,27000.0
NU00346,NU_L96,train,1.18,71.0,0.03,True,2318.1,15.5,27000.0
NU00346,NU_L96,train,1.98,68.0,0.03,True,2318.1,15.5,27000.0
NU00346,NU_L96,train,2.88,77.8,0.03,True,2318.1,15.5,27000.0
NU00346,NU_L96,train,4.08,89.10000000000001,0.03,True,2318.1,15.5,27000.0
NU00346,NU_L96,train,6.18,97.10000000000001,0.03,True,2318.1,15.5,27000.0
NU00346,NU_L96,train,10.28,116.3,0.03,False,2318.1,15.5,27000.0
NU00346,NU_L96,train,14.88,120.60000000000001,0.03,False,2318.1,15.5,27000.0
NU00346,NU_L96,train,20.68,130.5,0.03,False,2318.1,15.5,27000.0
NU00346,NU_L96,train,29.08,130.5,0.03,False,2318.1,15.5,27000.0
NU00346,NU_L96,train,37.38,146.2,0.03,False,2318.1,15.5,27000.0
NU00346,NU_L96,train,41.58,153.60000000000002,0.03,False,2318.1,15.5,27000.0
NU00346,NU_L96,train,62.38,161.0,0.03,False,2318.1,15.5,27000.0
NU00346,NU_L96,train,83.18,157.8,0.03,False,2318.1,15.5,27000.0
NU00346,NU_L96,train,104.08,159.3,0.03,False,2318.1,15.5,27000.0
NU00350,NU_L91,test,0.315,0.0,0.315,True,2424.86,52.4,31556.0
NU00350,NU_L91,test,3.0,9.109999999999996,0.315,True,2424.86,52.4,31556.0
NU00350,NU_L91,test,4.0,10.309999999999999,0.315,True,2424.86,52.4,31556.0
NU00350,NU_L91,test,8.0,13.309999999999999,0.315,True,2424.86,52.4,31556.0
NU00350,NU_L91,test,14.0,16.609999999999996,0.315,False,2424.86,52.4,31556.0
NU00350,NU_L91,test,21.0,21.31,0.315,False,2424.86,52.4,31556.0
NU00350,NU_L91,test,28.0,20.109999999999996,0.315,False,2424.86,52.4,31556.0
NU00350,NU_L91,test,36.0,21.41,0.315,False,2424.86,52.4,31556.0
NU00350,NU_L91,test,43.0,23.01,0.315,False,2424.86,52.4,31556.0
NU00350,NU_L91,test,52.0,23.31,0.315,False,2424.86,52.4,31556.0
NU00350,NU_L91,test,74.0,24.81,0.315,False,2424.86,52.4,31556.0
NU00350,NU_L91,test,94.0,25.91,0.315,False,2424.86,52.4,31556.0
NU00350,NU_L91,test,136.0,26.51,0.315,False,2424.86,52.4,31556.0
NU00351,NU_L91,test,0.959,0.0,0.959,True,2424.86,52.4,31556.0
NU00351,NU_L91,test,3.0,9.599999999999998,0.959,True,2424.86,52.4,31556.0
NU00351,NU_L91,test,4.0,10.000000000000004,0.959,True,2424.86,52.4,31556.0
NU00351,NU_L91,test,8.0,15.8,0.959,True,2424.86,52.4,31556.0
NU00351,NU_L91,test,14.0,20.8,0.959,False,2424.86,52.4,31556.0
NU00351,NU_L91,test,21.0,24.500000000000004,0.959,False,2424.86,52.4,31556.0
NU00351,NU_L91,test,28.0,27.3,0.959,False,2424.86,52.4,31556.0
NU00351,NU_L91,test,36.0,31.400000000000002,0.959,False,2424.86,52.4,31556.0
NU00351,NU_L91,test,43.0,34.099999999999994,0.959,False,2424.86,52.4,31556.0
NU00351,NU_L91,test,52.0,36.0,0.959,False,2424.86,52.4,31556.0
NU00351,NU_L91,test,74.0,40.5,0.959,False,2424.86,52.4,31556.0
NU00351,NU_L91,test,94.0,46.39999999999999,0.959,False,2424.86,52.4,31556.0
NU00351,NU_L91,test,114.0,50.2,0.959,False,2424.86,52.4,31556.0
NU00351,NU_L91,test,136.0,52.8,0.959,False,2424.86,52.4,31556.0
NU00352,NU_L91,test,0.5,0.0,0.5,True,2424.86,52.4,31556.0
NU00352,NU_L91,test,1.0,1.4000000000000021,0.5,True,2424.86,52.4,31556.0
NU00352,NU_L91,test,2.0,2.0000000000000036,0.5,True,2424.86,52.4,31556.0
NU00352,NU_L91,test,3.0,3.599999999999998,0.5,True,2424.86,52.4,31556.0
NU00352,NU_L91,test,8.0,8.500000000000004,0.5,True,2424.86,52.4,31556.0
NU00352,NU_L91,test,24.0,15.2,0.5,False,2424.86,52.4,31556.0
NU00352,NU_L91,test,30.0,16.8,0.5,False,2424.86,52.4,31556.0
NU00352,NU_L91,test,43.0,19.599999999999998,0.5,False,2424.86,52.4,31556.0
NU00352,NU_L91,test,70.0,23.8,0.5,False,2424.86,52.4,31556.0
NU00352,NU_L91,test,91.0,26.400000000000002,0.5,False,2424.86,52.4,31556.0
NU00352,NU_L91,test,109.0,27.8,0.5,False,2424.86,52.4,31556.0
NU00353,NU_L91,test,0.5,0.0,0.5,True,2424.86,52.4,31556.0
NU00353,NU_L91,test,1.16,2.8999999999999986,0.5,True,2424.86,52.4,31556.0
NU00353,NU_L91,test,17.0,13.900000000000002,0.5,False,2424.86,52.4,31556.0
NU00353,NU_L91,test,25.0,15.099999999999998,0.5,False,2424.86,52.4,31556.0
NU00353,NU_L91,test,49.0,18.900000000000002,0.5,False,2424.86,52.4,31556.0
NU00353,NU_L91,test,84.0,22.499999999999996,0.5,False,2424.86,52.4,31556.0
NU00353,NU_L91,test,137.0,25.7,0.5,False,2424.86,52.4,31556.0
NU00354,NU_L91,test,0.766,0.0,0.766,True,2432.36,63.0,36241.0
NU00354,NU_L91,test,1.0,0.9100000000000001,0.766,True,2432.36,63.0,36241.0
NU00354,NU_L91,test,2.0,3.210000000000001,0.766,True,2432.36,63.0,36241.0
NU00354,NU_L91,test,3.0,4.809999999999999,0.766,True,2432.36,63.0,36241.0
NU00354,NU_L91,test,7.0,8.309999999999999,0.766,True,2432.36,63.0,36241.0
NU00354,NU_L91,test,14.0,11.809999999999999,0.766,False,2432.36,63.0,36241.0
NU00354,NU_L91,test,21.0,14.91,0.766,False,2432.36,63.0,36241.0
NU00354,NU_L91,test,28.0,16.31,0.766,False,2432.36,63.0,36241.0
NU00354,NU_L91,test,41.0,19.51,0.766,False,2432.36,63.0,36241.0
NU00354,NU_L91,test,55.0,21.709999999999997,0.766,False,2432.36,63.0,36241.0
NU00354,NU_L91,test,107.0,27.209999999999997,0.766,False,2432.36,63.0,36241.0
NU00354,NU_L91,test,143.0,29.81,0.766,False,2432.36,63.0,36241.0
NU00355,NU_L91,test,0.257,0.0,0.257,True,2432.36,63.0,36241.0
NU00355,NU_L91,test,1.0,6.209999999999997,0.257,True,2432.36,63.0,36241.0
NU00355,NU_L91,test,2.0,10.010000000000002,0.257,True,2432.36,63.0,36241.0
NU00355,NU_L91,test,3.0,11.91,0.257,True,2432.36,63.0,36241.0
NU00355,NU_L91,test,7.0,16.51,0.257,True,2432.36,63.0,36241.0
NU00355,NU_L91,test,14.0,21.51,0.257,False,2432.36,63.0,36241.0
NU00355,NU_L91,test,21.0,24.41,0.257,False,2432.36,63.0,36241.0
NU00355,NU_L91,test,28.0,26.41,0.257,False,2432.36,63.0,36241.0
NU00355,NU_L91,test,41.0,30.209999999999997,0.257,False,2432.36,63.0,36241.0
NU00355,NU_L91,test,55.0,33.11,0.257,False,2432.36,63.0,36241.0
NU00355,NU_L91,test,107.0,41.81,0.257,False,2432.36,63.0,36241.0
NU00355,NU_L91,test,143.0,45.41,0.257,False,2432.36,63.0,36241.0
NU00356,NU_L91,test,1.0,0.0,1.0,True,2432.36,63.0,36241.0
NU00356,NU_L91,test,2.0,1.2999999999999972,1.0,True,2432.36,63.0,36241.0
NU00356,NU_L91,test,3.0,2.6999999999999993,1.0,True,2432.36,63.0,36241.0
NU00356,NU_L91,test,4.0,3.8999999999999986,1.0,True,2432.36,63.0,36241.0
NU00356,NU_L91,test,7.0,5.399999999999999,1.0,True,2432.36,63.0,36241.0
NU00356,NU_L91,test,11.0,8.699999999999996,1.0,False,2432.36,63.0,36241.0
NU00356,NU_L91,test,14.0,10.0,1.0,False,2432.36,63.0,36241.0
NU00356,NU_L91,test,16.0,11.199999999999996,1.0,False,2432.36,63.0,36241.0
NU00356,NU_L91,test,23.0,14.100000000000001,1.0,False,2432.36,63.0,36241.0
NU00356,NU_L91,test,32.0,16.1,1.0,False,2432.36,63.0,36241.0
NU00356,NU_L91,test,45.0,19.9,1.0,False,2432.36,63.0,36241.0
NU00356,NU_L91,test,53.0,20.9,1.0,False,2432.36,63.0,36241.0
NU00356,NU_L91,test,60.0,21.6,1.0,False,2432.36,63.0,36241.0
NU00356,NU_L91,test,71.0,24.199999999999996,1.0,False,2432.36,63.0,36241.0
NU00356,NU_L91,test,91.0,25.699999999999996,1.0,False,2432.36,63.0,36241.0
NU00356,NU_L91,test,130.0,29.9,1.0,False,2432.36,63.0,36241.0
NU00356,NU_L91,test,155.0,32.1,1.0,False,2432.36,63.0,36241.0
NU00357,NU_L91,test,0.11,0.0,0.11,True,2432.36,63.0,36241.0
NU00357,NU_L91,test,1.0,2.3999999999999986,0.11,True,2432.36,63.0,36241.0
NU00357,NU_L91,test,4.0,3.599999999999998,0.11,True,2432.36,63.0,36241.0
NU00357,NU_L91,test,6.0,4.899999999999999,0.11,True,2432.36,63.0,36241.0
NU00357,NU_L91,test,7.0,4.299999999999997,0.11,True,2432.36,63.0,36241.0
NU00357,NU_L91,test,8.0,4.799999999999997,0.11,True,2432.36,63.0,36241.0
NU00357,NU_L91,test,12.0,5.299999999999997,0.11,False,2432.36,63.0,36241.0
NU00357,NU_L91,test,15.0,6.199999999999996,0.11,False,2432.36,63.0,36241.0
NU00357,NU_L91,test,40.0,10.0,0.11,False,2432.36,63.0,36241.0
NU00357,NU_L91,test,62.0,12.0,0.11,False,2432.36,63.0,36241.0
NU00357,NU_L91,test,95.0,14.0,0.11,False,2432.36,63.0,36241.0
NU00357,NU_L91,test,127.0,15.799999999999997,0.11,False,2432.36,63.0,36241.0
NU00358,NU_L95,train,1.0,0.0,1.0,True,2558.4,50.1,29800.0
NU00358,NU_L95,train,3.0,10.899999999999999,1.0,True,2558.4,50.1,29800.0
NU00358,NU_L95,train,6.0,14.499999999999993,1.0,True,2558.4,50.1,29800.0
NU00358,NU_L95,train,7.0,17.999999999999993,1.0,True,2558.4,50.1,29800.0
NU00358,NU_L95,train,9.0,20.999999999999993,1.0,True,2558.4,50.1,29800.0
NU00358,NU_L95,train,13.0,27.6,1.0,False,2558.4,50.1,29800.0
NU00358,NU_L95,train,20.0,36.199999999999996,1.0,False,2558.4,50.1,29800.0
NU00358,NU_L95,train,34.0,47.9,1.0,False,2558.4,50.1,29800.0
NU00358,NU_L95,train,55.0,61.300000000000004,1.0,False,2558.4,50.1,29800.0
NU00358,NU_L95,train,76.0,68.6,1.0,False,2558.4,50.1,29800.0
NU00358,NU_L95,train,104.0,79.80000000000001,1.0,False,2558.4,50.1,29800.0
NU00358,NU_L95,train,132.0,88.5,1.0,False,2558.4,50.1,29800.0
NU00359,NU_L95,train,1.0,0.0,1.0,True,2558.4,50.1,29800.0
NU00359,NU_L95,train,3.0,5.299999999999997,1.0,True,2558.4,50.1,29800.0
NU00359,NU_L95,train,7.0,13.299999999999997,1.0,True,2558.4,50.1,29800.0
NU00359,NU_L95,train,14.0,22.299999999999997,1.0,False,2558.4,50.1,29800.0
NU00359,NU_L95,train,28.0,35.7,1.0,False,2558.4,50.1,29800.0
NU00359,NU_L95,train,49.0,50.7,1.0,False,2558.4,50.1,29800.0
NU00359,NU_L95,train,70.0,59.400000000000006,1.0,False,2558.4,50.1,29800.0
NU00359,NU_L95,train,98.0,70.9,1.0,False,2558.4,50.1,29800.0
NU00359,NU_L95,train,126.0,78.9,1.0,False,2558.4,50.1,29800.0
NU00360,NU_L95,train,0.112,0.0,0.112,True,2558.4,50.1,29800.0
NU00360,NU_L95,train,1.0,12.5,0.112,True,2558.4,50.1,29800.0
NU00360,NU_L95,train,3.0,20.5,0.112,True,2558.4,50.1,29800.0
NU00360,NU_L95,train,7.0,26.299999999999997,0.112,True,2558.4,50.1,29800.0
NU00360,NU_L95,train,21.0,38.49999999999999,0.112,False,2558.4,50.1,29800.0
NU00360,NU_L95,train,42.0,56.49999999999999,0.112,False,2558.4,50.1,29800.0
NU00360,NU_L95,train,63.0,65.30000000000001,0.112,False,2558.4,50.1,29800.0
NU00360,NU_L95,train,91.0,78.30000000000001,0.112,False,2558.4,50.1,29800.0
NU00360,NU_L95,train,119.0,84.5,0.112,False,2558.4,50.1,29800.0
NU00361,NU_L95,train,0.0672,0.0,0.0672,True,2558.4,50.1,29800.0
NU00361,NU_L95,train,1.0,12.100000000000001,0.0672,True,2558.4,50.1,29800.0
NU00361,NU_L95,train,9.0,22.700000000000003,0.0672,True,2558.4,50.1,29800.0
NU00361,NU_L95,train,14.0,28.1,0.0672,False,2558.4,50.1,29800.0
NU00361,NU_L95,train,28.0,40.400000000000006,0.0672,False,2558.4,50.1,29800.0
NU00361,NU_L95,train,35.0,44.7,0.0672,False,2558.4,50.1,29800.0
NU00361,NU_L95,train,56.0,54.599999999999994,0.0672,False,2558.4,50.1,29800.0
NU00361,NU_L95,train,84.0,67.9,0.0672,False,2558.4,50.1,29800.0
NU00361,NU_L95,train,112.0,73.7,0.0672,False,2558.4,50.1,29800.0
NU00361,NU_L95,train,154.0,83.6,0.0672,False,2558.4,50.1,29800.0
NU00362,NU_L95,train,0.17,0.0,0.17,True,2558.4,50.1,29800.0
NU00362,NU_L95,train,1.0,9.400000000000006,0.17,True,2558.4,50.1,29800.0
NU00362,NU_L95,train,4.0,16.1,0.17,True,2558.4,50.1,29800.0
NU00362,NU_L95,train,7.0,21.700000000000003,0.17,True,2558.4,50.1,29800.0
NU00362,NU_L95,train,10.0,24.400000000000006,0.17,True,2558.4,50.1,29800.0
NU00362,NU_L95,train,14.0,27.6,0.17,False,2558.4,50.1,29800.0
NU00362,NU_L95,train,22.0,32.7,0.17,False,2558.4,50.1,29800.0
NU00362,NU_L95,train,28.0,37.0,0.17,False,2558.4,50.1,29800.0
NU00362,NU_L95,train,56.0,46.3,0.17,False,2558.4,50.1,29800.0
NU00362,NU_L95,train,98.0,58.60000000000001,0.17,False,2558.4,50.1,29800.0
NU00362,NU_L95,train,128.0,63.400000000000006,0.17,False,2558.4,50.1,29800.0
NU00363,NU_L95,train,0.049,0.0,0.049,True,2558.4,50.1,29800.0
NU00363,NU_L95,train,1.0,8.600000000000001,0.049,True,2558.4,50.1,29800.0
NU00363,NU_L95,train,4.0,13.600000000000001,0.049,True,2558.4,50.1,29800.0
NU00363,NU_L95,train,7.0,15.700000000000003,0.049,True,2558.4,50.1,29800.0
NU00363,NU_L95,train,11.0,19.700000000000003,0.049,False,2558.4,50.1,29800.0
NU00363,NU_L95,train,14.0,20.6,0.049,False,2558.4,50.1,29800.0
NU00363,NU_L95,train,22.0,21.200000000000003,0.049,False,2558.4,50.1,29800.0
NU00363,NU_L95,train,30.0,26.0,0.049,False,2558.4,50.1,29800.0
NU00363,NU_L95,train,70.0,34.00000000000001,0.049,False,2558.4,50.1,29800.0
NU00363,NU_L95,train,121.0,41.50000000000001,0.049,False,2558.4,50.1,29800.0
NU00364,NU_L95,train,1.0,0.0,1.0,True,2558.4,50.1,29800.0
NU00364,NU_L95,train,3.0,4.899999999999999,1.0,True,2558.4,50.1,29800.0
NU00364,NU_L95,train,6.0,7.199999999999996,1.0,True,2558.4,50.1,29800.0
NU00364,NU_L95,train,7.0,9.399999999999999,1.0,True,2558.4,50.1,29800.0
NU00364,NU_L95,train,9.0,11.899999999999999,1.0,True,2558.4,50.1,29800.0
NU00364,NU_L95,train,13.0,14.0,1.0,False,2558.4,50.1,29800.0
NU00364,NU_L95,train,20.0,17.599999999999994,1.0,False,2558.4,50.1,29800.0
NU00364,NU_L95,train,34.0,22.599999999999994,1.0,False,2558.4,50.1,29800.0
NU00364,NU_L95,train,55.0,26.200000000000003,1.0,False,2558.4,50.1,29800.0
NU00364,NU_L95,train,76.0,27.39999999999999,1.0,False,2558.4,50.1,29800.0
NU00364,NU_L95,train,104.0,29.39999999999999,1.0,False,2558.4,50.1,29800.0
NU00364,NU_L95,train,132.0,31.200000000000003,1.0,False,2558.4,50.1,29800.0
NU00365,NU_L95,train,1.0,0.0,1.0,True,2558.4,50.1,29800.0
NU00365,NU_L95,train,3.0,2.8999999999999986,1.0,True,2558.4,50.1,29800.0
NU00365,NU_L95,train,7.0,7.299999999999997,1.0,True,2558.4,50.1,29800.0
NU00365,NU_L95,train,14.0,9.600000000000001,1.0,False,2558.4,50.1,29800.0
NU00365,NU_L95,train,28.0,16.299999999999997,1.0,False,2558.4,50.1,29800.0
NU00365,NU_L95,train,49.0,20.5,1.0,False,2558.4,50.1,29800.0
NU00365,NU_L95,train,70.0,23.199999999999996,1.0,False,2558.4,50.1,29800.0
NU00365,NU_L95,train,98.0,25.499999999999993,1.0,False,2558.4,50.1,29800.0
NU00365,NU_L95,train,126.0,26.9,1.0,False,2558.4,50.1,29800.0
NU00366,NU_L95,train,1.0,0.0,1.0,True,2558.4,50.1,29800.0
NU00366,NU_L95,train,3.0,5.0,1.0,True,2558.4,50.1,29800.0
NU00366,NU_L95,train,7.0,6.399999999999999,1.0,True,2558.4,50.1,29800.0
NU00366,NU_L95,train,21.0,12.399999999999999,1.0,False,2558.4,50.1,29800.0
NU00366,NU_L95,train,42.0,18.4,1.0,False,2558.4,50.1,29800.0
NU00366,NU_L95,train,63.0,21.299999999999997,1.0,False,2558.4,50.1,29800.0
NU00366,NU_L95,train,91.0,24.9,1.0,False,2558.4,50.1,29800.0
NU00366,NU_L95,train,119.0,24.9,1.0,False,2558.4,50.1,29800.0
NU00367,NU_L95,train,0.0187,0.0,0.0187,True,2558.4,50.1,29800.0
NU00367,NU_L95,train,1.0,3.3399999999999963,0.0187,True,2558.4,50.1,29800.0
NU00367,NU_L95,train,9.0,5.839999999999996,0.0187,True,2558.4,50.1,29800.0
NU00367,NU_L95,train,14.0,8.439999999999998,0.0187,False,2558.4,50.1,29800.0
NU00367,NU_L95,train,28.0,11.739999999999995,0.0187,False,2558.4,50.1,29800.0
NU00367,NU_L95,train,35.0,13.54,0.0187,False,2558.4,50.1,29800.0
NU00367,NU_L95,train,56.0,16.739999999999995,0.0187,False,2558.4,50.1,29800.0
NU00367,NU_L95,train,84.0,19.739999999999995,0.0187,False,2558.4,50.1,29800.0
NU00367,NU_L95,train,112.0,20.04,0.0187,False,2558.4,50.1,29800.0
NU00367,NU_L95,train,154.0,24.14,0.0187,False,2558.4,50.1,29800.0
NU00368,NU_L95,train,0.88,0.0,0.88,True,2558.4,50.1,29800.0
NU00368,NU_L95,train,2.375,1.860000000000003,0.88,True,2558.4,50.1,29800.0
NU00368,NU_L95,train,3.88,2.6999999999999993,0.88,True,2558.4,50.1,29800.0
NU00368,NU_L95,train,6.88,4.400000000000002,0.88,True,2558.4,50.1,29800.0
NU00368,NU_L95,train,9.88,5.400000000000002,0.88,True,2558.4,50.1,29800.0
NU00368,NU_L95,train,13.88,6.199999999999999,0.88,False,2558.4,50.1,29800.0
NU00368,NU_L95,train,21.88,6.900000000000002,0.88,False,2558.4,50.1,29800.0
NU00368,NU_L95,train,27.88,8.900000000000002,0.88,False,2558.4,50.1,29800.0
NU00368,NU_L95,train,55.88,10.000000000000004,0.88,False,2558.4,50.1,29800.0
NU00368,NU_L95,train,97.88,14.400000000000002,0.88,False,2558.4,50.1,29800.0
NU00368,NU_L95,train,127.88,17.3,0.88,False,2558.4,50.1,29800.0
NU00369,NU_L95,train,1.0,0.0,1.0,True,2558.4,50.1,29800.0
NU00369,NU_L95,train,4.0,2.599999999999998,1.0,True,2558.4,50.1,29800.0
NU00369,NU_L95,train,6.49,3.860000000000003,1.0,True,2558.4,50.1,29800.0
NU00369,NU_L95,train,7.0,4.150000000000002,1.0,True,2558.4,50.1,29800.0
NU00369,NU_L95,train,11.0,5.400000000000002,1.0,False,2558.4,50.1,29800.0
NU00369,NU_L95,train,14.0,5.400000000000002,1.0,False,2558.4,50.1,29800.0
NU00369,NU_L95,train,22.0,3.6999999999999993,1.0,False,2558.4,50.1,29800.0
NU00369,NU_L95,train,30.0,6.699999999999999,1.0,False,2558.4,50.1,29800.0
NU00369,NU_L95,train,70.0,9.599999999999998,1.0,False,2558.4,50.1,29800.0
NU00369,NU_L95,train,121.0,12.3,1.0,False,2558.4,50.1,29800.0
NU00370,NU_L95,train,1.0,0.0,1.0,True,2558.4,50.1,29800.0
NU00370,NU_L95,train,3.0,6.200000000000003,1.0,True,2558.4,50.1,29800.0
NU00370,NU_L95,train,7.0,14.000000000000007,1.0,True,2558.4,50.1,29800.0
NU00370,NU_L95,train,14.0,25.800000000000004,1.0,False,2558.4,50.1,29800.0
NU00370,NU_L95,train,28.0,44.50000000000001,1.0,False,2558.4,50.1,29800.0
NU00370,NU_L95,train,49.0,62.800000000000004,1.0,False,2558.4,50.1,29800.0
NU00370,NU_L95,train,70.0,73.80000000000001,1.0,False,2558.4,50.1,29800.0
NU00370,NU_L95,train,98.0,85.4,1.0,False,2558.4,50.1,29800.0
NU00370,NU_L95,train,126.0,94.0,1.0,False,2558.4,50.1,29800.0
NU00371,NU_L95,train,1.0,0.0,1.0,True,2558.4,50.1,29800.0
NU00371,NU_L95,train,3.0,5.399999999999999,1.0,True,2558.4,50.1,29800.0
NU00371,NU_L95,train,7.0,11.299999999999997,1.0,True,2558.4,50.1,29800.0
NU00371,NU_L95,train,14.0,19.89999999999999,1.0,False,2558.4,50.1,29800.0
NU00371,NU_L95,train,28.0,30.0,1.0,False,2558.4,50.1,29800.0
NU00371,NU_L95,train,49.0,40.89999999999999,1.0,False,2558.4,50.1,29800.0
NU00371,NU_L95,train,70.0,47.89999999999999,1.0,False,2558.4,50.1,29800.0
NU00371,NU_L95,train,98.0,55.7,1.0,False,2558.4,50.1,29800.0
NU00371,NU_L95,train,126.0,61.89999999999999,1.0,False,2558.4,50.1,29800.0
NU00372,NU_L95,train,1.0,0.0,1.0,True,2558.4,50.1,29800.0
NU00372,NU_L95,train,3.0,4.300000000000004,1.0,True,2558.4,50.1,29800.0
NU00372,NU_L95,train,7.0,10.0,1.0,True,2558.4,50.1,29800.0
NU00372,NU_L95,train,14.0,17.699999999999996,1.0,False,2558.4,50.1,29800.0
NU00372,NU_L95,train,28.0,23.6,1.0,False,2558.4,50.1,29800.0
NU00372,NU_L95,train,49.0,32.6,1.0,False,2558.4,50.1,29800.0
NU00372,NU_L95,train,70.0,39.199999999999996,1.0,False,2558.4,50.1,29800.0
NU00372,NU_L95,train,98.0,46.00000000000001,1.0,False,2558.4,50.1,29800.0
NU00372,NU_L95,train,126.0,50.300000000000004,1.0,False,2558.4,50.1,29800.0
NU00373,NU_L95,train,1.0,0.0,1.0,True,2558.4,50.1,29800.0
NU00373,NU_L95,train,3.0,4.399999999999999,1.0,True,2558.4,50.1,29800.0
NU00373,NU_L95,train,7.0,8.100000000000001,1.0,True,2558.4,50.1,29800.0
NU00373,NU_L95,train,14.0,13.700000000000003,1.0,False,2558.4,50.1,29800.0
NU00373,NU_L95,train,28.0,23.800000000000004,1.0,False,2558.4,50.1,29800.0
NU00373,NU_L95,train,49.0,29.199999999999996,1.0,False,2558.4,50.1,29800.0
NU00373,NU_L95,train,70.0,35.199999999999996,1.0,False,2558.4,50.1,29800.0
NU00373,NU_L95,train,98.0,40.4,1.0,False,2558.4,50.1,29800.0
NU00373,NU_L95,train,126.0,44.1,1.0,False,2558.4,50.1,29800.0
NU00389,NU_L32,validation,0.0551,0.0,0.0551,True,2437.58,78.6,43200.0
NU00389,NU_L32,validation,1.0,9.100000000000001,0.0551,True,2437.58,78.6,43200.0
NU00389,NU_L32,validation,2.0,11.700000000000003,0.0551,True,2437.58,78.6,43200.0
NU00389,NU_L32,validation,3.0,13.300000000000004,0.0551,True,2437.58,78.6,43200.0
NU00389,NU_L32,validation,4.0,15.899999999999999,0.0551,True,2437.58,78.6,43200.0
NU00389,NU_L32,validation,5.0,16.800000000000004,0.0551,True,2437.58,78.6,43200.0
NU00389,NU_L32,validation,6.0,18.1,0.0551,True,2437.58,78.6,43200.0
NU00389,NU_L32,validation,14.0,25.800000000000004,0.0551,False,2437.58,78.6,43200.0
NU00389,NU_L32,validation,21.0,29.800000000000004,0.0551,False,2437.58,78.6,43200.0
NU00389,NU_L32,validation,28.0,34.0,0.0551,False,2437.58,78.6,43200.0
NU00389,NU_L32,validation,49.0,38.699999999999996,0.0551,False,2437.58,78.6,43200.0
NU00389,NU_L32,validation,63.0,43.4,0.0551,False,2437.58,78.6,43200.0
NU00389,NU_L32,validation,84.0,46.199999999999996,0.0551,False,2437.58,78.6,43200.0
NU00389,NU_L32,validation,112.0,49.199999999999996,0.0551,False,2437.58,78.6,43200.0
NU00389,NU_L32,validation,140.0,51.699999999999996,0.0551,False,2437.58,78.6,43200.0
NU00390,NU_L32,validation,0.177,0.0,0.177,True,2433.74,91.9,45500.0
NU00390,NU_L32,validation,1.0,2.6000000000000014,0.177,True,2433.74,91.9,45500.0
NU00390,NU_L32,validation,2.0,3.900000000000002,0.177,True,2433.74,91.9,45500.0
NU00390,NU_L32,validation,3.0,4.5,0.177,True,2433.74,91.9,45500.0
NU00390,NU_L32,validation,4.0,7.699999999999999,0.177,True,2433.74,91.9,45500.0
NU00390,NU_L32,validation,5.0,8.000000000000004,0.177,True,2433.74,91.9,45500.0
NU00390,NU_L32,validation,6.0,8.3,0.177,True,2433.74,91.9,45500.0
NU00390,NU_L32,validation,14.0,12.900000000000002,0.177,False,2433.74,91.9,45500.0
NU00390,NU_L32,validation,21.0,14.7,0.177,False,2433.74,91.9,45500.0
NU00390,NU_L32,validation,28.0,17.3,0.177,False,2433.74,91.9,45500.0
NU00390,NU_L32,validation,49.0,20.900000000000002,0.177,False,2433.74,91.9,45500.0
NU00390,NU_L32,validation,63.0,22.099999999999998,0.177,False,2433.74,91.9,45500.0
NU00390,NU_L32,validation,84.0,24.2,0.177,False,2433.74,91.9,45500.0
NU00390,NU_L32,validation,112.0,25.900000000000002,0.177,False,2433.74,91.9,45500.0
NU00390,NU_L32,validation,140.0,27.599999999999998,0.177,False,2433.74,91.9,45500.0
NU00391,NU_L32,validation,0.0545,0.0,0.0545,True,2457.82,118.9,50800.0
NU00391,NU_L32,validation,1.0,2.8000000000000007,0.0545,True,2457.82,118.9,50800.0
NU00391,NU_L32,validation,2.0,3.3000000000000007,0.0545,True,2457.82,118.9,50800.0
NU00391,NU_L32,validation,3.0,4.100000000000001,0.0545,True,2457.82,118.9,50800.0
NU00391,NU_L32,validation,4.0,5.600000000000001,0.0545,True,2457.82,118.9,50800.0
NU00391,NU_L32,validation,5.0,5.800000000000001,0.0545,True,2457.82,118.9,50800.0
NU00391,NU_L32,validation,6.0,5.900000000000002,0.0545,True,2457.82,118.9,50800.0
NU00391,NU_L32,validation,14.0,9.100000000000001,0.0545,False,2457.82,118.9,50800.0
NU00391,NU_L32,validation,21.0,10.600000000000001,0.0545,False,2457.82,118.9,50800.0
NU00391,NU_L32,validation,28.0,12.5,0.0545,False,2457.82,118.9,50800.0
NU00391,NU_L32,validation,49.0,14.300000000000004,0.0545,False,2457.82,118.9,50800.0
NU00391,NU_L32,validation,63.0,15.800000000000004,0.0545,False,2457.82,118.9,50800.0
NU00391,NU_L32,validation,84.0,16.4,0.0545,False,2457.82,118.9,50800.0
NU00391,NU_L32,validation,112.0,17.800000000000004,0.0545,False,2457.82,118.9,50800.0
NU00391,NU_L32,validation,140.0,18.800000000000004,0.0545,False,2457.82,118.9,50800.0
NU00392,NU_L32,validation,0.161,0.0,0.161,True,2464.65,107.0,48400.0
NU00392,NU_L32,validation,1.0,2.599999999999998,0.161,True,2464.65,107.0,48400.0
NU00392,NU_L32,validation,2.0,3.3000000000000007,0.161,True,2464.65,107.0,48400.0
NU00392,NU_L32,validation,3.0,4.399999999999999,0.161,True,2464.65,107.0,48400.0
NU00392,NU_L32,validation,4.0,5.199999999999999,0.161,True,2464.65,107.0,48400.0
NU00392,NU_L32,validation,5.0,5.599999999999998,0.161,True,2464.65,107.0,48400.0
NU00392,NU_L32,validation,6.0,6.0,0.161,True,2464.65,107.0,48400.0
NU00392,NU_L32,validation,14.0,9.999999999999996,0.161,False,2464.65,107.0,48400.0
NU00392,NU_L32,validation,21.0,11.2,0.161,False,2464.65,107.0,48400.0
NU00392,NU_L32,validation,28.0,12.999999999999996,0.161,False,2464.65,107.0,48400.0
NU00392,NU_L32,validation,49.0,15.099999999999998,0.161,False,2464.65,107.0,48400.0
NU00392,NU_L32,validation,63.0,15.7,0.161,False,2464.65,107.0,48400.0
NU00392,NU_L32,validation,84.0,16.7,0.161,False,2464.65,107.0,48400.0
NU00392,NU_L32,validation,112.0,18.099999999999998,0.161,False,2464.65,107.0,48400.0
NU00392,NU_L32,validation,140.0,19.7,0.161,False,2464.65,107.0,48400.0
NU00414,NU_L399,test,1.0,0.0,1.0,True,2462.5,75.6,
NU00414,NU_L399,test,2.0,2.3999999999999986,1.0,True,2462.5,75.6,
NU00414,NU_L399,test,6.0,2.8000000000000007,1.0,True,2462.5,75.6,
NU00414,NU_L399,test,12.0,6.200000000000003,1.0,False,2462.5,75.6,
NU00414,NU_L399,test,16.0,7.200000000000003,1.0,False,2462.5,75.6,
NU00414,NU_L399,test,19.0,7.5,1.0,False,2462.5,75.6,
NU00414,NU_L399,test,21.0,7.899999999999999,1.0,False,2462.5,75.6,
NU00414,NU_L399,test,40.0,11.100000000000001,1.0,False,2462.5,75.6,
NU00414,NU_L399,test,56.0,10.0,1.0,False,2462.5,75.6,
NU00414,NU_L399,test,68.0,11.399999999999999,1.0,False,2462.5,75.6,
NU00414,NU_L399,test,91.0,12.5,1.0,False,2462.5,75.6,
NU00414,NU_L399,test,96.0,11.600000000000001,1.0,False,2462.5,75.6,
NU00414,NU_L399,test,131.0,12.799999999999997,1.0,False,2462.5,75.6,
NU00414,NU_L399,test,148.0,13.200000000000003,1.0,False,2462.5,75.6,
NU00415,NU_L399,test,1.0,0.0,1.0,True,2462.5,75.6,
NU00415,NU_L399,test,2.0,4.700000000000003,1.0,True,2462.5,75.6,
NU00415,NU_L399,test,6.0,7.5,1.0,True,2462.5,75.6,
NU00415,NU_L399,test,12.0,12.399999999999999,1.0,False,2462.5,75.6,
NU00415,NU_L399,test,16.0,14.600000000000001,1.0,False,2462.5,75.6,
NU00415,NU_L399,test,19.0,13.700000000000003,1.0,False,2462.5,75.6,
NU00415,NU_L399,test,21.0,14.399999999999999,1.0,False,2462.5,75.6,
NU00415,NU_L399,test,40.0,19.6,1.0,False,2462.5,75.6,
NU00415,NU_L399,test,56.0,21.5,1.0,False,2462.5,75.6,
NU00415,NU_L399,test,68.0,23.1,1.0,False,2462.5,75.6,
NU00415,NU_L399,test,91.0,25.700000000000003,1.0,False,2462.5,75.6,
NU00415,NU_L399,test,96.0,25.299999999999997,1.0,False,2462.5,75.6,
NU00415,NU_L399,test,131.0,27.9,1.0,False,2462.5,75.6,
NU00415,NU_L399,test,148.0,28.5,1.0,False,2462.5,75.6,
NU00416,NU_L399,test,1.0,0.0,1.0,True,2457.07,82.9,
NU00416,NU_L399,test,3.0,0.3000000000000007,1.0,True,2457.07,82.9,
NU00416,NU_L399,test,6.0,1.1999999999999993,1.0,True,2457.07,82.9,
NU00416,NU_L399,test,8.0,1.9000000000000021,1.0,True,2457.07,82.9,
NU00416,NU_L399,test,13.0,2.5,1.0,False,2457.07,82.9,
NU00416,NU_L399,test,20.0,3.3000000000000007,1.0,False,2457.07,82.9,
NU00416,NU_L399,test,27.0,4.5,1.0,False,2457.07,82.9,
NU00416,NU_L399,test,43.0,4.5,1.0,False,2457.07,82.9,
NU00416,NU_L399,test,55.0,4.900000000000002,1.0,False,2457.07,82.9,
NU00416,NU_L399,test,78.0,4.800000000000001,1.0,False,2457.07,82.9,
NU00416,NU_L399,test,83.0,5.400000000000002,1.0,False,2457.07,82.9,
NU00416,NU_L399,test,101.0,5.100000000000001,1.0,False,2457.07,82.9,
NU00416,NU_L399,test,118.0,6.0,1.0,False,2457.07,82.9,
NU00416,NU_L399,test,135.0,6.100000000000001,1.0,False,2457.07,82.9,
NU00417,NU_L399,test,1.0,0.0,1.0,True,2457.07,82.9,
NU00417,NU_L399,test,3.0,0.10000000000000142,1.0,True,2457.07,82.9,
NU00417,NU_L399,test,6.0,0.9000000000000021,1.0,True,2457.07,82.9,
NU00417,NU_L399,test,8.0,1.6999999999999993,1.0,True,2457.07,82.9,
NU00417,NU_L399,test,13.0,3.1999999999999993,1.0,False,2457.07,82.9,
NU00417,NU_L399,test,20.0,3.6000000000000014,1.0,False,2457.07,82.9,
NU00417,NU_L399,test,27.0,5.5000000000000036,1.0,False,2457.07,82.9,
NU00417,NU_L399,test,43.0,6.400000000000002,1.0,False,2457.07,82.9,
NU00417,NU_L399,test,55.0,5.900000000000002,1.0,False,2457.07,82.9,
NU00417,NU_L399,test,78.0,6.800000000000001,1.0,False,2457.07,82.9,
NU00417,NU_L399,test,83.0,6.800000000000001,1.0,False,2457.07,82.9,
NU00417,NU_L399,test,101.0,7.800000000000001,1.0,False,2457.07,82.9,
NU00417,NU_L399,test,135.0,8.2,1.0,False,2457.07,82.9,
NU00417,NU_L399,test,147.0,8.500000000000004,1.0,False,2457.07,82.9,
NU00418,NU_L399,test,1.0,0.0,1.0,True,2436.3500000000004,97.0,
NU00418,NU_L399,test,7.0,1.4000000000000021,1.0,True,2436.3500000000004,97.0,
NU00418,NU_L399,test,8.0,1.4000000000000021,1.0,True,2436.3500000000004,97.0,
NU00418,NU_L399,test,11.0,1.9000000000000021,1.0,False,2436.3500000000004,97.0,
NU00418,NU_L399,test,14.0,2.5,1.0,False,2436.3500000000004,97.0,
NU00418,NU_L399,test,19.0,3.5,1.0,False,2436.3500000000004,97.0,
NU00418,NU_L399,test,25.0,3.8000000000000007,1.0,False,2436.3500000000004,97.0,
NU00418,NU_L399,test,29.0,3.700000000000003,1.0,False,2436.3500000000004,97.0,
NU00418,NU_L399,test,32.0,3.0,1.0,False,2436.3500000000004,97.0,
NU00418,NU_L399,test,34.0,4.100000000000001,1.0,False,2436.3500000000004,97.0,
NU00418,NU_L399,test,53.0,4.800000000000001,1.0,False,2436.3500000000004,97.0,
NU00418,NU_L399,test,104.0,6.0,1.0,False,2436.3500000000004,97.0,
NU00418,NU_L399,test,109.0,5.900000000000002,1.0,False,2436.3500000000004,97.0,
NU00418,NU_L399,test,144.0,7.200000000000003,1.0,False,2436.3500000000004,97.0,
NU00419,NU_L399,test,1.0,0.0,1.0,True,2436.3500000000004,97.0,
NU00419,NU_L399,test,7.0,2.1000000000000014,1.0,True,2436.3500000000004,97.0,
NU00419,NU_L399,test,8.0,2.1000000000000014,1.0,True,2436.3500000000004,97.0,
NU00419,NU_L399,test,14.0,3.6999999999999993,1.0,False,2436.3500000000004,97.0,
NU00419,NU_L399,test,19.0,3.6999999999999993,1.0,False,2436.3500000000004,97.0,
NU00419,NU_L399,test,25.0,5.199999999999999,1.0,False,2436.3500000000004,97.0,
NU00419,NU_L399,test,29.0,6.0,1.0,False,2436.3500000000004,97.0,
NU00419,NU_L399,test,53.0,6.900000000000002,1.0,False,2436.3500000000004,97.0,
NU00419,NU_L399,test,81.0,7.900000000000002,1.0,False,2436.3500000000004,97.0,
NU00419,NU_L399,test,104.0,8.400000000000002,1.0,False,2436.3500000000004,97.0,
NU00419,NU_L399,test,144.0,9.000000000000004,1.0,False,2436.3500000000004,97.0,
NU00420,NU_L399,test,1.0,0.0,1.0,True,2413.1400000000003,96.6,
NU00420,NU_L399,test,6.0,1.2999999999999972,1.0,True,2413.1400000000003,96.6,
NU00420,NU_L399,test,8.0,2.0,1.0,True,2413.1400000000003,96.6,
NU00420,NU_L399,test,10.0,2.3999999999999986,1.0,True,2413.1400000000003,96.6,
NU00420,NU_L399,test,13.0,2.8999999999999986,1.0,False,2413.1400000000003,96.6,
NU00420,NU_L399,test,24.0,4.0,1.0,False,2413.1400000000003,96.6,
NU00420,NU_L399,test,31.0,4.899999999999999,1.0,False,2413.1400000000003,96.6,
NU00420,NU_L399,test,65.0,6.0,1.0,False,2413.1400000000003,96.6,
NU00420,NU_L399,test,139.0,7.0,1.0,False,2413.1400000000003,96.6,
NU00421,NU_L399,test,1.0,0.0,1.0,True,2436.3500000000004,66.6,
NU00421,NU_L399,test,2.0,0.6000000000000014,1.0,True,2436.3500000000004,66.6,
NU00421,NU_L399,test,5.0,0.6000000000000014,1.0,True,2436.3500000000004,66.6,
NU00421,NU_L399,test,8.0,2.6000000000000014,1.0,True,2436.3500000000004,66.6,
NU00421,NU_L399,test,13.0,3.400000000000002,1.0,False,2436.3500000000004,66.6,
NU00421,NU_L399,test,26.0,3.900000000000002,1.0,False,2436.3500000000004,66.6,
NU00421,NU_L399,test,36.0,4.600000000000001,1.0,False,2436.3500000000004,66.6,
NU00421,NU_L399,test,75.0,6.100000000000001,1.0,False,2436.3500000000004,66.6,
NU00421,NU_L399,test,89.0,6.800000000000001,1.0,False,2436.3500000000004,66.6,
NU00421,NU_L399,test,92.0,7.0,1.0,False,2436.3500000000004,66.6,
NU00421,NU_L399,test,152.0,9.800000000000004,1.0,False,2436.3500000000004,66.6,
NU00422,NU_L399,test,1.0,0.0,1.0,True,2418.3,57.7,
NU00422,NU_L399,test,2.0,0.1999999999999993,1.0,True,2418.3,57.7,
NU00422,NU_L399,test,11.0,7.300000000000001,1.0,False,2418.3,57.7,
NU00422,NU_L399,test,14.0,9.2,1.0,False,2418.3,57.7,
NU00422,NU_L399,test,35.0,12.900000000000002,1.0,False,2418.3,57.7,
NU00422,NU_L399,test,42.0,14.7,1.0,False,2418.3,57.7,
NU00422,NU_L399,test,60.0,17.2,1.0,False,2418.3,57.7,
NU00422,NU_L399,test,77.0,18.8,1.0,False,2418.3,57.7,
NU00422,NU_L399,test,94.0,19.099999999999998,1.0,False,2418.3,57.7,
NU00423,NU_L399,test,1.0,0.0,1.0,True,2418.3,57.7,
NU00423,NU_L399,test,2.0,2.0,1.0,True,2418.3,57.7,
NU00423,NU_L399,test,11.0,14.5,1.0,False,2418.3,57.7,
NU00423,NU_L399,test,14.0,16.4,1.0,False,2418.3,57.7,
NU00423,NU_L399,test,35.0,24.9,1.0,False,2418.3,57.7,
NU00423,NU_L399,test,42.0,26.999999999999993,1.0,False,2418.3,57.7,
NU00423,NU_L399,test,60.0,30.499999999999993,1.0,False,2418.3,57.7,
NU00423,NU_L399,test,77.0,33.6,1.0,False,2418.3,57.7,
NU00423,NU_L399,test,94.0,36.1,1.0,False,2418.3,57.7,
NU00424,NU_L399,test,1.0,0.0,1.0,True,2471.8,55.9,
NU00424,NU_L399,test,7.0,3.0,1.0,True,2471.8,55.9,
NU00424,NU_L399,test,19.0,5.800000000000001,1.0,False,2471.8,55.9,
NU00424,NU_L399,test,40.0,7.9999999999999964,1.0,False,2471.8,55.9,
NU00424,NU_L399,test,44.0,8.499999999999996,1.0,False,2471.8,55.9,
NU00424,NU_L399,test,47.0,8.099999999999998,1.0,False,2471.8,55.9,
NU00424,NU_L399,test,82.0,10.2,1.0,False,2471.8,55.9,
NU00424,NU_L399,test,99.0,10.099999999999998,1.0,False,2471.8,55.9,
NU00426,NU_L399,test,1.0,0.0,1.0,True,2426.45,67.6,
NU00426,NU_L399,test,7.0,2.8999999999999986,1.0,True,2426.45,67.6,
NU00426,NU_L399,test,12.0,3.6999999999999993,1.0,False,2426.45,67.6,
NU00426,NU_L399,test,14.0,5.0,1.0,False,2426.45,67.6,
NU00426,NU_L399,test,16.0,5.099999999999998,1.0,False,2426.45,67.6,
NU00426,NU_L399,test,19.0,5.099999999999998,1.0,False,2426.45,67.6,
NU00426,NU_L399,test,37.0,7.599999999999998,1.0,False,2426.45,67.6,
NU00426,NU_L399,test,71.0,9.2,1.0,False,2426.45,67.6,
NU00426,NU_L399,test,145.0,11.099999999999998,1.0,False,2426.45,67.6,
NU00427,NU_L399,test,1.0,0.0,1.0,True,2459.7,75.9197,
NU00427,NU_L399,test,2.0,1.3000000000000007,1.0,True,2459.7,75.9197,
NU00427,NU_L399,test,10.0,4.5,1.0,True,2459.7,75.9197,
NU00427,NU_L399,test,13.0,5.0,1.0,False,2459.7,75.9197,
NU00427,NU_L399,test,16.0,5.5,1.0,False,2459.7,75.9197,
NU00427,NU_L399,test,30.0,6.400000000000002,1.0,False,2459.7,75.9197,
NU00427,NU_L399,test,77.0,11.400000000000002,1.0,False,2459.7,75.9197,
NU00427,NU_L399,test,153.0,13.500000000000004,1.0,False,2459.7,75.9197,
NU00428,NU_L399,test,1.0,0.0,1.0,True,2413.65,75.0,
NU00428,NU_L399,test,2.0,1.0,1.0,True,2413.65,75.0,
NU00428,NU_L399,test,10.0,2.3000000000000007,1.0,True,2413.65,75.0,
NU00428,NU_L399,test,13.0,2.6000000000000014,1.0,False,2413.65,75.0,
NU00428,NU_L399,test,16.0,3.0,1.0,False,2413.65,75.0,
NU00428,NU_L399,test,30.0,3.5,1.0,False,2413.65,75.0,
NU00428,NU_L399,test,77.0,6.0,1.0,False,2413.65,75.0,
NU00428,NU_L399,test,154.0,7.300000000000001,1.0,False,2413.65,75.0,
NU00429,NU_L399,test,1.0,0.0,1.0,True,2459.7,75.9197,
NU00429,NU_L399,test,2.0,1.0,1.0,True,2459.7,75.9197,
NU00429,NU_L399,test,5.0,1.6999999999999993,1.0,True,2459.7,75.9197,
NU00429,NU_L399,test,8.0,2.8000000000000007,1.0,True,2459.7,75.9197,
NU00429,NU_L399,test,22.0,2.8000000000000007,1.0,False,2459.7,75.9197,
NU00429,NU_L399,test,69.0,6.599999999999998,1.0,False,2459.7,75.9197,
NU00429,NU_L399,test,146.0,7.900000000000002,1.0,False,2459.7,75.9197,
NU00430,NU_L399,test,1.0,0.0,1.0,True,2480.8,75.0,
NU00430,NU_L399,test,3.0,2.400000000000002,1.0,True,2480.8,75.0,
NU00430,NU_L399,test,13.0,6.0000000000000036,1.0,False,2480.8,75.0,
NU00430,NU_L399,test,29.0,9.099999999999998,1.0,False,2480.8,75.0,
NU00430,NU_L399,test,44.0,11.000000000000004,1.0,False,2480.8,75.0,
NU00430,NU_L399,test,69.0,12.400000000000002,1.0,False,2480.8,75.0,
NU00430,NU_L399,test,136.0,15.400000000000002,1.0,False,2480.8,75.0,
NU00431,NU_L399,test,1.0,0.0,1.0,True,2433.8500000000004,99.5,
NU00431,NU_L399,test,3.0,1.1000000000000014,1.0,True,2433.8500000000004,99.5,
NU00431,NU_L399,test,13.0,3.8999999999999986,1.0,False,2433.8500000000004,99.5,
NU00431,NU_L399,test,29.0,5.600000000000001,1.0,False,2433.8500000000004,99.5,
NU00431,NU_L399,test,44.0,6.699999999999999,1.0,False,2433.8500000000004,99.5,
NU00431,NU_L399,test,69.0,8.399999999999999,1.0,False,2433.8500000000004,99.5,
NU00431,NU_L399,test,136.0,9.899999999999999,1.0,False,2433.8500000000004,99.5,
NU00432,NU_L399,test,1.0,0.0,1.0,True,2448.1,83.4,
NU00432,NU_L399,test,5.0,4.0,1.0,True,2448.1,83.4,
NU00432,NU_L399,test,15.0,8.0,1.0,False,2448.1,83.4,
NU00432,NU_L399,test,40.0,12.0,1.0,False,2448.1,83.4,
NU00432,NU_L399,test,107.0,15.799999999999997,1.0,False,2448.1,83.4,
NU00432,NU_L399,test,149.0,15.600000000000001,1.0,False,2448.1,83.4,
NU00435,NU_L399,test,1.0,0.0,1.0,True,2558.28,89.1,
NU00435,NU_L399,test,6.0,1.1999999999999993,1.0,True,2558.28,89.1,
NU00435,NU_L399,test,8.0,1.5999999999999979,1.0,True,2558.28,89.1,
NU00435,NU_L399,test,10.0,2.3000000000000007,1.0,True,2558.28,89.1,
NU00435,NU_L399,test,13.0,2.6999999999999993,1.0,False,2558.28,89.1,
NU00435,NU_L399,test,24.0,4.899999999999999,1.0,False,2558.28,89.1,
NU00435,NU_L399,test,31.0,5.5,1.0,False,2558.28,89.1,
NU00435,NU_L399,test,65.0,7.300000000000001,1.0,False,2558.28,89.1,
NU00435,NU_L399,test,139.0,9.099999999999998,1.0,False,2558.28,89.1,
NU00439,NU_L399,test,1.0,0.0,1.0,True,2521.74,71.1,
NU00439,NU_L399,test,7.0,3.3000000000000007,1.0,True,2521.74,71.1,
NU00439,NU_L399,test,12.0,3.6999999999999993,1.0,False,2521.74,71.1,
NU00439,NU_L399,test,14.0,4.100000000000001,1.0,False,2521.74,71.1,
NU00439,NU_L399,test,16.0,4.300000000000001,1.0,False,2521.74,71.1,
NU00439,NU_L399,test,19.0,4.800000000000001,1.0,False,2521.74,71.1,
NU00439,NU_L399,test,30.0,6.300000000000001,1.0,False,2521.74,71.1,
NU00439,NU_L399,test,37.0,7.399999999999999,1.0,False,2521.74,71.1,
NU00439,NU_L399,test,71.0,9.5,1.0,False,2521.74,71.1,
NU00439,NU_L399,test,145.0,11.2,1.0,False,2521.74,71.1,
NU00445,NU_L399,test,1.0,0.0,1.0,True,2482.7,70.9,
NU00445,NU_L399,test,2.0,3.3999999999999986,1.0,True,2482.7,70.9,
NU00445,NU_L399,test,8.0,6.900000000000002,1.0,True,2482.7,70.9,
NU00445,NU_L399,test,15.0,10.400000000000002,1.0,False,2482.7,70.9,
NU00445,NU_L399,test,22.0,11.999999999999996,1.0,False,2482.7,70.9,
NU00445,NU_L399,test,38.0,13.8,1.0,False,2482.7,70.9,
NU00445,NU_L399,test,77.0,20.400000000000002,1.0,False,2482.7,70.9,
NU00445,NU_L399,test,94.0,21.2,1.0,False,2482.7,70.9,
NU00445,NU_L399,test,155.0,23.400000000000002,1.0,False,2482.7,70.9,
NU00446,NU_L399,test,1.0,0.0,1.0,True,2436.3500000000004,97.0,
NU00446,NU_L399,test,2.0,0.7999999999999972,1.0,True,2436.3500000000004,97.0,
NU00446,NU_L399,test,8.0,2.0,1.0,True,2436.3500000000004,97.0,
NU00446,NU_L399,test,22.0,3.599999999999998,1.0,False,2436.3500000000004,97.0,
NU00446,NU_L399,test,38.0,4.199999999999999,1.0,False,2436.3500000000004,97.0,
NU00446,NU_L399,test,77.0,6.899999999999999,1.0,False,2436.3500000000004,97.0,
NU00446,NU_L399,test,94.0,7.199999999999999,1.0,False,2436.3500000000004,97.0,
NU00446,NU_L399,test,155.0,8.599999999999998,1.0,False,2436.3500000000004,97.0,
NU00448,NU_L399,test,1.0,0.0,1.0,True,2341.4,48.7,
NU00448,NU_L399,test,2.0,0.20000000000000284,1.0,True,2341.4,48.7,
NU00448,NU_L399,test,5.0,2.8000000000000007,1.0,True,2341.4,48.7,
NU00448,NU_L399,test,8.0,4.100000000000001,1.0,True,2341.4,48.7,
NU00448,NU_L399,test,14.0,6.399999999999999,1.0,False,2341.4,48.7,
NU00448,NU_L399,test,22.0,7.600000000000001,1.0,False,2341.4,48.7,
NU00448,NU_L399,test,69.0,18.200000000000003,1.0,False,2341.4,48.7,
NU00448,NU_L399,test,145.0,24.5,1.0,False,2341.4,48.7,
NU00449,NU_L399,test,1.0,0.0,1.0,True,2341.4,48.7,
NU00449,NU_L399,test,2.0,2.5,1.0,True,2341.4,48.7,
NU00449,NU_L399,test,5.0,7.300000000000004,1.0,True,2341.4,48.7,
NU00449,NU_L399,test,8.0,11.899999999999999,1.0,True,2341.4,48.7,
NU00449,NU_L399,test,14.0,16.800000000000004,1.0,False,2341.4,48.7,
NU00449,NU_L399,test,22.0,21.1,1.0,False,2341.4,48.7,
NU00449,NU_L399,test,69.0,35.6,1.0,False,2341.4,48.7,
NU00449,NU_L399,test,145.0,47.00000000000001,1.0,False,2341.4,48.7,
NU00457,NU_L45,train,1.0,0.0,1.0,True,2445.1,100.3,
NU00457,NU_L45,train,3.0,6.0,1.0,True,2445.1,100.3,
NU00457,NU_L45,train,5.0,12.5,1.0,True,2445.1,100.3,
NU00457,NU_L45,train,7.0,14.900000000000006,1.0,True,2445.1,100.3,
NU00457,NU_L45,train,10.0,17.900000000000006,1.0,True,2445.1,100.3,
NU00457,NU_L45,train,30.0,24.5,1.0,False,2445.1,100.3,
NU00457,NU_L45,train,50.0,25.900000000000006,1.0,False,2445.1,100.3,
NU00457,NU_L45,train,70.0,28.10000000000001,1.0,False,2445.1,100.3,
NU00457,NU_L45,train,90.0,29.60000000000001,1.0,False,2445.1,100.3,
NU00458,NU_L45,train,1.0,0.0,1.0,True,2445.1,100.3,
NU00458,NU_L45,train,3.0,6.5,1.0,True,2445.1,100.3,
NU00458,NU_L45,train,5.0,10.800000000000004,1.0,True,2445.1,100.3,
NU00458,NU_L45,train,7.0,13.100000000000001,1.0,True,2445.1,100.3,
NU00458,NU_L45,train,10.0,15.100000000000001,1.0,True,2445.1,100.3,
NU00458,NU_L45,train,30.0,20.800000000000004,1.0,False,2445.1,100.3,
NU00458,NU_L45,train,50.0,22.6,1.0,False,2445.1,100.3,
NU00458,NU_L45,train,70.0,23.699999999999996,1.0,False,2445.1,100.3,
NU00458,NU_L45,train,90.0,24.4,1.0,False,2445.1,100.3,
NU00459,NU_L45,train,1.0,0.0,1.0,True,2445.1,100.3,
NU00459,NU_L45,train,3.0,6.0,1.0,True,2445.1,100.3,
NU00459,NU_L45,train,5.0,10.599999999999994,1.0,True,2445.1,100.3,
NU00459,NU_L45,train,7.0,13.200000000000003,1.0,True,2445.1,100.3,
NU00459,NU_L45,train,10.0,15.200000000000003,1.0,True,2445.1,100.3,
NU00459,NU_L45,train,30.0,21.39999999999999,1.0,False,2445.1,100.3,
NU00459,NU_L45,train,50.0,22.89999999999999,1.0,False,2445.1,100.3,
NU00459,NU_L45,train,70.0,24.0,1.0,False,2445.1,100.3,
NU00459,NU_L45,train,90.0,24.799999999999997,1.0,False,2445.1,100.3,
NU00462,NU_L45,train,1.0,0.0,1.0,True,2445.1,100.3,
NU00462,NU_L45,train,3.0,5.699999999999989,1.0,True,2445.1,100.3,
NU00462,NU_L45,train,5.0,10.799999999999997,1.0,True,2445.1,100.3,
NU00462,NU_L45,train,7.0,13.899999999999991,1.0,True,2445.1,100.3,
NU00462,NU_L45,train,10.0,16.39999999999999,1.0,True,2445.1,100.3,
NU00462,NU_L45,train,30.0,22.39999999999999,1.0,False,2445.1,100.3,
NU00462,NU_L45,train,50.0,24.0,1.0,False,2445.1,100.3,
NU00462,NU_L45,train,70.0,25.299999999999997,1.0,False,2445.1,100.3,
NU00462,NU_L45,train,90.0,26.19999999999999,1.0,False,2445.1,100.3,
NU00464,NU_L45,train,1.0,0.0,1.0,True,2447.0,92.8,
NU00464,NU_L45,train,3.0,6.200000000000003,1.0,True,2447.0,92.8,
NU00464,NU_L45,train,5.0,10.0,1.0,True,2447.0,92.8,
NU00464,NU_L45,train,7.0,13.100000000000001,1.0,True,2447.0,92.8,
NU00464,NU_L45,train,10.0,15.5,1.0,True,2447.0,92.8,
NU00464,NU_L45,train,30.0,21.299999999999997,1.0,False,2447.0,92.8,
NU00464,NU_L45,train,50.0,23.400000000000006,1.0,False,2447.0,92.8,
NU00464,NU_L45,train,70.0,24.700000000000003,1.0,False,2447.0,92.8,
NU00464,NU_L45,train,90.0,25.599999999999994,1.0,False,2447.0,92.8,
NU00472,NU_L385,test,1.0,0.0,1.0,True,2342.45,40.3,30200.0
NU00472,NU_L385,test,2.0,5.5,1.0,True,2342.45,40.3,30200.0
NU00472,NU_L385,test,3.0,9.099999999999994,1.0,True,2342.45,40.3,30200.0
NU00472,NU_L385,test,7.0,17.0,1.0,True,2342.45,40.3,30200.0
NU00472,NU_L385,test,14.0,24.200000000000003,1.0,False,2342.45,40.3,30200.0
NU00472,NU_L385,test,28.0,32.400000000000006,1.0,False,2342.45,40.3,30200.0
NU00472,NU_L385,test,56.0,40.8,1.0,False,2342.45,40.3,30200.0
NU00472,NU_L385,test,90.0,46.900000000000006,1.0,False,2342.45,40.3,30200.0
NU00473,NU_L385,test,1.0,0.0,1.0,True,2342.45,40.3,30200.0
NU00473,NU_L385,test,2.0,2.299999999999997,1.0,True,2342.45,40.3,30200.0
NU00473,NU_L385,test,3.0,4.600000000000001,1.0,True,2342.45,40.3,30200.0
NU00473,NU_L385,test,7.0,10.700000000000003,1.0,True,2342.45,40.3,30200.0
NU00473,NU_L385,test,14.0,15.799999999999997,1.0,False,2342.45,40.3,30200.0
NU00473,NU_L385,test,28.0,23.0,1.0,False,2342.45,40.3,30200.0
NU00473,NU_L385,test,56.0,30.799999999999997,1.0,False,2342.45,40.3,30200.0
NU00473,NU_L385,test,90.0,37.599999999999994,1.0,False,2342.45,40.3,30200.0
NU00474,NU_L385,test,0.041,0.0,0.041,True,2342.45,40.3,30200.0
NU00474,NU_L385,test,1.0,12.899999999999999,0.041,True,2342.45,40.3,30200.0
NU00474,NU_L385,test,2.0,16.1,0.041,True,2342.45,40.3,30200.0
NU00474,NU_L385,test,3.0,18.4,0.041,True,2342.45,40.3,30200.0
NU00474,NU_L385,test,7.0,24.0,0.041,True,2342.45,40.3,30200.0
NU00474,NU_L385,test,14.0,29.900000000000006,0.041,False,2342.45,40.3,30200.0
NU00474,NU_L385,test,28.0,37.599999999999994,0.041,False,2342.45,40.3,30200.0
NU00474,NU_L385,test,56.0,45.900000000000006,0.041,False,2342.45,40.3,30200.0
NU00474,NU_L385,test,90.0,53.3,0.041,False,2342.45,40.3,30200.0
NU00475,NU_L385,test,0.033,0.0,0.033,True,2342.45,40.3,30200.0
NU00475,NU_L385,test,1.0,9.900000000000006,0.033,True,2342.45,40.3,30200.0
NU00475,NU_L385,test,2.0,12.0,0.033,True,2342.45,40.3,30200.0
NU00475,NU_L385,test,3.0,13.900000000000006,0.033,True,2342.45,40.3,30200.0
NU00475,NU_L385,test,7.0,18.200000000000003,0.033,True,2342.45,40.3,30200.0
NU00475,NU_L385,test,14.0,22.300000000000004,0.033,False,2342.45,40.3,30200.0
NU00475,NU_L385,test,28.0,29.200000000000003,0.033,False,2342.45,40.3,30200.0
NU00475,NU_L385,test,56.0,37.2,0.033,False,2342.45,40.3,30200.0
NU00475,NU_L385,test,90.0,44.2,0.033,False,2342.45,40.3,30200.0
NU00476,NU_L385,test,0.0354,0.0,0.0354,True,2342.45,40.3,30200.0
NU00476,NU_L385,test,1.0,9.299999999999997,0.0354,True,2342.45,40.3,30200.0
NU00476,NU_L385,test,2.0,11.700000000000003,0.0354,True,2342.45,40.3,30200.0
NU00476,NU_L385,test,3.0,13.100000000000001,0.0354,True,2342.45,40.3,30200.0
NU00476,NU_L385,test,7.0,17.299999999999997,0.0354,True,2342.45,40.3,30200.0
NU00476,NU_L385,test,14.0,21.6,0.0354,False,2342.45,40.3,30200.0
NU00476,NU_L385,test,28.0,27.6,0.0354,False,2342.45,40.3,30200.0
NU00476,NU_L385,test,56.0,34.099999999999994,0.0354,False,2342.45,40.3,30200.0
NU00476,NU_L385,test,90.0,39.8,0.0354,False,2342.45,40.3,30200.0
NU00477,NU_L385,test,1.0,0.0,1.0,True,2342.45,40.3,30200.0
NU00477,NU_L385,test,2.0,5.200000000000003,1.0,True,2342.45,40.3,30200.0
NU00477,NU_L385,test,3.0,8.100000000000001,1.0,True,2342.45,40.3,30200.0
NU00477,NU_L385,test,7.0,15.600000000000001,1.0,True,2342.45,40.3,30200.0
NU00477,NU_L385,test,14.0,21.9,1.0,False,2342.45,40.3,30200.0
NU00477,NU_L385,test,28.0,29.000000000000007,1.0,False,2342.45,40.3,30200.0
NU00477,NU_L385,test,56.0,37.9,1.0,False,2342.45,40.3,30200.0
NU00477,NU_L385,test,90.0,44.300000000000004,1.0,False,2342.45,40.3,30200.0
NU00478,NU_L385,test,1.0,0.0,1.0,True,2342.45,40.3,30200.0
NU00478,NU_L385,test,2.0,2.1999999999999957,1.0,True,2342.45,40.3,30200.0
NU00478,NU_L385,test,3.0,4.0,1.0,True,2342.45,40.3,30200.0
NU00478,NU_L385,test,7.0,9.699999999999996,1.0,True,2342.45,40.3,30200.0
NU00478,NU_L385,test,14.0,15.5,1.0,False,2342.45,40.3,30200.0
NU00478,NU_L385,test,28.0,22.1,1.0,False,2342.45,40.3,30200.0
NU00478,NU_L385,test,56.0,30.1,1.0,False,2342.45,40.3,30200.0
NU00478,NU_L385,test,90.0,35.800000000000004,1.0,False,2342.45,40.3,30200.0
NU00479,NU_L385,test,0.0704,0.0,0.0704,True,2342.45,40.3,30200.0
NU00479,NU_L385,test,1.0,5.200000000000003,0.0704,True,2342.45,40.3,30200.0
NU00479,NU_L385,test,2.0,6.5,0.0704,True,2342.45,40.3,30200.0
NU00479,NU_L385,test,3.0,7.800000000000004,0.0704,True,2342.45,40.3,30200.0
NU00479,NU_L385,test,7.0,12.300000000000004,0.0704,True,2342.45,40.3,30200.0
NU00479,NU_L385,test,14.0,17.700000000000003,0.0704,False,2342.45,40.3,30200.0
NU00479,NU_L385,test,28.0,24.1,0.0704,False,2342.45,40.3,30200.0
NU00479,NU_L385,test,56.0,33.199999999999996,0.0704,False,2342.45,40.3,30200.0
NU00479,NU_L385,test,90.0,40.00000000000001,0.0704,False,2342.45,40.3,30200.0
NU00480,NU_L385,test,0.14,0.0,0.14,True,2342.45,40.3,30200.0
NU00480,NU_L385,test,1.0,3.0900000000000034,0.14,True,2342.45,40.3,30200.0
NU00480,NU_L385,test,2.0,4.090000000000003,0.14,True,2342.45,40.3,30200.0
NU00480,NU_L385,test,3.0,5.090000000000003,0.14,True,2342.45,40.3,30200.0
NU00480,NU_L385,test,7.0,8.189999999999998,0.14,True,2342.45,40.3,30200.0
NU00480,NU_L385,test,14.0,11.89,0.14,False,2342.45,40.3,30200.0
NU00480,NU_L385,test,28.0,16.490000000000002,0.14,False,2342.45,40.3,30200.0
NU00480,NU_L385,test,56.0,22.490000000000002,0.14,False,2342.45,40.3,30200.0
NU00480,NU_L385,test,90.0,26.990000000000002,0.14,False,2342.45,40.3,30200.0
NU00496,NU_L60,train,0.15133,0.0,0.15133,True,2396.7200000000003,45.4,
NU00496,NU_L60,train,0.402108,1.6054999999999993,0.15133,True,2396.7200000000003,45.4,
NU00496,NU_L60,train,0.902206,3.343600000000002,0.15133,True,2396.7200000000003,45.4,
NU00496,NU_L60,train,1.19932,3.8324999999999996,0.15133,True,2396.7200000000003,45.4,
NU00496,NU_L60,train,2.17555,5.011500000000002,0.15133,True,2396.7200000000003,45.4,
NU00496,NU_L60,train,4.25245,6.596599999999999,0.15133,True,2396.7200000000003,45.4,
NU00496,NU_L60,train,8.43553,8.8533,0.15133,True,2396.7200000000003,45.4,
NU00496,NU_L60,train,11.753,9.611500000000003,0.15133,False,2396.7200000000003,45.4,
NU00496,NU_L60,train,13.9789,10.360400000000002,0.15133,False,2396.7200000000003,45.4,
NU00496,NU_L60,train,21.1588,12.130399999999998,0.15133,False,2396.7200000000003,45.4,
NU00496,NU_L60,train,27.2957,13.2869,0.15133,False,2396.7200000000003,45.4,
NU00496,NU_L60,train,37.6743,14.850199999999997,0.15133,False,2396.7200000000003,45.4,
NU00496,NU_L60,train,43.1023,15.663799999999998,0.15133,False,2396.7200000000003,45.4,
NU00496,NU_L60,train,57.1995,17.4933,0.15133,False,2396.7200000000003,45.4,
NU00496,NU_L60,train,68.1139,18.175,0.15133,False,2396.7200000000003,45.4,
NU00496,NU_L60,train,96.694,20.2099,0.15133,False,2396.7200000000003,45.4,
NU00496,NU_L60,train,112.121,20.890000000000004,0.15133,False,2396.7200000000003,45.4,
NU00496,NU_L60,train,135.386,21.840999999999998,0.15133,False,2396.7200000000003,45.4,
NU00497,NU_L60,train,0.0304167,0.0,0.0304167,True,2396.7200000000003,45.4,
NU00497,NU_L60,train,0.152786,1.2900000000000027,0.0304167,True,2396.7200000000003,45.4,
NU00497,NU_L60,train,0.272678,1.864600000000003,0.0304167,True,2396.7200000000003,45.4,
NU00497,NU_L60,train,0.841716,2.7392000000000003,0.0304167,True,2396.7200000000003,45.4,
NU00497,NU_L60,train,1.08003,2.955400000000001,0.0304167,True,2396.7200000000003,45.4,
NU00497,NU_L60,train,6.00179,5.473700000000001,0.0304167,True,2396.7200000000003,45.4,
NU00497,NU_L60,train,9.21217,6.371600000000001,0.0304167,True,2396.7200000000003,45.4,
NU00497,NU_L60,train,11.4175,6.988500000000002,0.0304167,False,2396.7200000000003,45.4,
NU00497,NU_L60,train,13.5931,7.468700000000002,0.0304167,False,2396.7200000000003,45.4,
NU00497,NU_L60,train,20.8836,8.568100000000005,0.0304167,False,2396.7200000000003,45.4,
NU00497,NU_L60,train,27.3299,9.658200000000004,0.0304167,False,2396.7200000000003,45.4,
NU00497,NU_L60,train,37.732,10.6842,0.0304167,False,2396.7200000000003,45.4,
NU00497,NU_L60,train,52.0999,11.7775,0.0304167,False,2396.7200000000003,45.4,
NU00497,NU_L60,train,66.3775,12.7315,0.0304167,False,2396.7200000000003,45.4,
NU00497,NU_L60,train,86.89,13.8888,0.0304167,False,2396.7200000000003,45.4,
NU00497,NU_L60,train,104.914,14.705700000000004,0.0304167,False,2396.7200000000003,45.4,
NU00497,NU_L60,train,130.166,15.792600000000004,0.0304167,False,2396.7200000000003,45.4,
NU00497,NU_L60,train,159.245,16.4085,0.0304167,False,2396.7200000000003,45.4,
NU00498,NU_L60,train,0.000265734,0.0,0.000265734,True,2396.7200000000003,45.4,
NU00498,NU_L60,train,0.0412153,0.5638000000000005,0.000265734,True,2396.7200000000003,45.4,
NU00498,NU_L60,train,0.122576,1.0223000000000013,0.000265734,True,2396.7200000000003,45.4,
NU00498,NU_L60,train,0.282226,1.404,0.000265734,True,2396.7200000000003,45.4,
NU00498,NU_L60,train,1.01982,2.283200000000001,0.000265734,True,2396.7200000000003,45.4,
NU00498,NU_L60,train,3.0408,3.488199999999999,0.000265734,True,2396.7200000000003,45.4,
NU00498,NU_L60,train,5.27601,4.0573000000000015,0.000265734,True,2396.7200000000003,45.4,
NU00498,NU_L60,train,7.28318,4.478999999999999,0.000265734,True,2396.7200000000003,45.4,
NU00498,NU_L60,train,11.5014,5.378599999999999,0.000265734,False,2396.7200000000003,45.4,
NU00498,NU_L60,train,23.7431,6.428000000000001,0.000265734,False,2396.7200000000003,45.4,
NU00498,NU_L60,train,32.7927,7.521100000000001,0.000265734,False,2396.7200000000003,45.4,
NU00498,NU_L60,train,40.6774,8.406699999999997,0.000265734,False,2396.7200000000003,45.4,
NU00498,NU_L60,train,51.0911,8.621399999999998,0.000265734,False,2396.7200000000003,45.4,
NU00498,NU_L60,train,59.2484,9.234300000000001,0.000265734,False,2396.7200000000003,45.4,
NU00498,NU_L60,train,67.776,9.645,0.000265734,False,2396.7200000000003,45.4,
NU00498,NU_L60,train,73.5006,10.187099999999997,0.000265734,False,2396.7200000000003,45.4,
NU00498,NU_L60,train,85.2195,10.665699999999998,0.000265734,False,2396.7200000000003,45.4,
NU00498,NU_L60,train,101.47,11.011599999999998,0.000265734,False,2396.7200000000003,45.4,
NU00498,NU_L60,train,114.549,11.555800000000001,0.000265734,False,2396.7200000000003,45.4,
NU00498,NU_L60,train,124.235,12.164800000000003,0.000265734,False,2396.7200000000003,45.4,
NU00498,NU_L60,train,158.195,12.648900000000001,0.000265734,False,2396.7200000000003,45.4,
NU00506,NU_L69,validation,0.608611,0.0,0.608611,True,2454.3,43.4,
NU00506,NU_L69,validation,2.36477,0.8115000000000023,0.608611,True,2454.3,43.4,
NU00506,NU_L69,validation,3.29448,1.8764000000000003,0.608611,True,2454.3,43.4,
NU00506,NU_L69,validation,6.27599,2.4342000000000006,0.608611,True,2454.3,43.4,
NU00506,NU_L69,validation,15.9934,3.8034999999999997,0.608611,False,2454.3,43.4,
NU00506,NU_L69,validation,20.904,4.412100000000002,0.608611,False,2454.3,43.4,
NU00506,NU_L69,validation,31.1399,5.832000000000004,0.608611,False,2454.3,43.4,
NU00506,NU_L69,validation,42.0061,6.541900000000002,0.608611,False,2454.3,43.4,
NU00506,NU_L69,validation,69.7522,8.114,0.608611,False,2454.3,43.4,
NU00506,NU_L69,validation,77.6786,8.012600000000003,0.608611,False,2454.3,43.4,
NU00506,NU_L69,validation,82.6079,8.773399999999999,0.608611,False,2454.3,43.4,
NU00506,NU_L69,validation,107.297,8.722600000000003,0.608611,False,2454.3,43.4,
NU00506,NU_L69,validation,150.524,10.193300000000004,0.608611,False,2454.3,43.4,
NU00507,NU_L106,train,0.241358,0.0,0.241358,True,2454.3,42.8,
NU00507,NU_L106,train,0.355865,0.19079999999999941,0.241358,True,2454.3,42.8,
NU00507,NU_L106,train,0.60097,0.4834999999999994,0.241358,True,2454.3,42.8,
NU00507,NU_L106,train,1.10065,0.8790000000000013,0.241358,True,2454.3,42.8,
NU00507,NU_L106,train,2.06168,1.5838999999999999,0.241358,True,2454.3,42.8,
NU00507,NU_L106,train,3.02061,4.043599999999998,0.241358,True,2454.3,42.8,
NU00507,NU_L106,train,4.02969,4.139800000000001,0.241358,True,2454.3,42.8,
NU00507,NU_L106,train,5.00088,3.9292000000000016,0.241358,True,2454.3,42.8,
NU00507,NU_L106,train,6.0377,3.976300000000002,0.241358,True,2454.3,42.8,
NU00507,NU_L106,train,7.02257,4.127200000000002,0.241358,True,2454.3,42.8,
NU00507,NU_L106,train,13.9337,4.060299999999998,0.241358,False,2454.3,42.8,
NU00507,NU_L106,train,21.1874,5.4395000000000024,0.241358,False,2454.3,42.8,
NU00507,NU_L106,train,27.9287,6.770499999999998,0.241358,False,2454.3,42.8,
NU00507,NU_L106,train,55.9966,10.920900000000003,0.241358,False,2454.3,42.8,
NU00507,NU_L106,train,82.9218,12.197900000000004,0.241358,False,2454.3,42.8,
NU00507,NU_L106,train,110.393,14.0944,0.241358,False,2454.3,42.8,
NU00507,NU_L106,train,138.879,15.1695,0.241358,False,2454.3,42.8,
NU00508,NU_L106,train,0.245251,0.0,0.245251,True,2454.3,42.8,
NU00508,NU_L106,train,0.358621,0.7056000000000004,0.245251,True,2454.3,42.8,
NU00508,NU_L106,train,0.602813,-0.39010000000000034,0.245251,True,2454.3,42.8,
NU00508,NU_L106,train,1.0931,1.445800000000002,0.245251,True,2454.3,42.8,
NU00508,NU_L106,train,2.0845,2.0472,0.245251,True,2454.3,42.8,
NU00508,NU_L106,train,3.06093,2.9125000000000014,0.245251,True,2454.3,42.8,
NU00508,NU_L106,train,4.04736,2.7517999999999994,0.245251,True,2454.3,42.8,
NU00508,NU_L106,train,4.97328,2.9527,0.245251,True,2454.3,42.8,
NU00508,NU_L106,train,6.11707,3.2052000000000014,0.245251,True,2454.3,42.8,
NU00508,NU_L106,train,7.96769,3.8164000000000016,0.245251,True,2454.3,42.8,
NU00508,NU_L106,train,15.026,6.785000000000004,0.245251,False,2454.3,42.8,
NU00508,NU_L106,train,21.1786,7.7546000000000035,0.245251,False,2454.3,42.8,
NU00508,NU_L106,train,27.9517,8.159800000000004,0.245251,False,2454.3,42.8,
NU00508,NU_L106,train,55.6912,9.790199999999999,0.245251,False,2454.3,42.8,
NU00508,NU_L106,train,83.1414,12.1984,0.245251,False,2454.3,42.8,
NU00508,NU_L106,train,111.824,13.631999999999998,0.245251,False,2454.3,42.8,
NU00508,NU_L106,train,138.123,14.038699999999999,0.245251,False,2454.3,42.8,
NU00522,NU_L84,train,0.00910073,0.0,0.00910073,True,2212.93,14.3,
NU00522,NU_L84,train,0.120459,7.7353999999999985,0.00910073,True,2212.93,14.3,
NU00522,NU_L84,train,0.135859,11.138900000000007,0.00910073,True,2212.93,14.3,
NU00522,NU_L84,train,0.987738,15.779900000000012,0.00910073,True,2212.93,14.3,
NU00522,NU_L84,train,3.19216,24.13390000000001,0.00910073,True,2212.93,14.3,
NU00522,NU_L84,train,7.28926,37.438900000000004,0.00910073,True,2212.93,14.3,
NU00522,NU_L84,train,11.8665,45.483900000000006,0.00910073,False,2212.93,14.3,
NU00522,NU_L84,train,15.7338,47.9589,0.00910073,False,2212.93,14.3,
NU00522,NU_L84,train,18.6237,50.7439,0.00910073,False,2212.93,14.3,
NU00522,NU_L84,train,20.4554,51.98089999999999,0.00910073,False,2212.93,14.3,
NU00522,NU_L84,train,25.6337,53.83790000000002,0.00910073,False,2212.93,14.3,
NU00522,NU_L84,train,26.0671,58.16990000000001,0.00910073,False,2212.93,14.3,
NU00522,NU_L84,train,35.9161,59.09790000000001,0.00910073,False,2212.93,14.3,
NU00522,NU_L84,train,41.7211,61.57390000000001,0.00910073,False,2212.93,14.3,
NU00522,NU_L84,train,48.4496,64.6679,0.00910073,False,2212.93,14.3,
NU00522,NU_L84,train,55.2766,65.2869,0.00910073,False,2212.93,14.3,
NU00522,NU_L84,train,63.0857,65.2869,0.00910073,False,2212.93,14.3,
NU00522,NU_L84,train,74.745,65.9049,0.00910073,False,2212.93,14.3,
NU00522,NU_L84,train,83.6947,66.2149,0.00910073,False,2212.93,14.3,
NU00522,NU_L84,train,95.4453,67.76089999999999,0.00910073,False,2212.93,14.3,
NU00523,NU_L84,train,0.0201767,0.0,0.0201767,True,2212.93,14.3,
NU00523,NU_L84,train,0.354466,5.569399999999995,0.0201767,True,2212.93,14.3,
NU00523,NU_L84,train,1.07647,11.1389,0.0201767,True,2212.93,14.3,
NU00523,NU_L84,train,7.63519,18.874199999999995,0.0201767,True,2212.93,14.3,
NU00523,NU_L84,train,10.3191,20.421299999999995,0.0201767,False,2212.93,14.3,
NU00523,NU_L84,train,15.8994,24.134300000000003,0.0201767,False,2212.93,14.3,
NU00523,NU_L84,train,17.7893,25.9908,0.0201767,False,2212.93,14.3,
NU00523,NU_L84,train,21.8842,26.919000000000004,0.0201767,False,2212.93,14.3,
NU00523,NU_L84,train,27.4429,27.2284,0.0201767,False,2212.93,14.3,
NU00523,NU_L84,train,31.9102,27.537699999999994,0.0201767,False,2212.93,14.3,
NU00523,NU_L84,train,36.3739,30.0131,0.0201767,False,2212.93,14.3,
NU00523,NU_L84,train,41.5174,29.703700000000005,0.0201767,False,2212.93,14.3,
NU00523,NU_L84,train,50.1637,28.7755,0.0201767,False,2212.93,14.3,
NU00523,NU_L84,train,59.2994,34.0354,0.0201767,False,2212.93,14.3,
NU00523,NU_L84,train,80.1807,34.6543,0.0201767,False,2212.93,14.3,
NU00523,NU_L84,train,96.7765,35.8919,0.0201767,False,2212.93,14.3,
NU00523,NU_L84,train,119.017,37.439,0.0201767,False,2212.93,14.3,
NU00523,NU_L84,train,149.087,39.9146,0.0201767,False,2212.93,14.3,
NU00524,NU_L84,train,0.00917874,0.0,0.00917874,True,2212.93,14.3,
NU00524,NU_L84,train,0.259621,-1.856499999999997,0.00917874,True,2212.93,14.3,
NU00524,NU_L84,train,0.82554,0.9282000000000039,0.00917874,True,2212.93,14.3,
NU00524,NU_L84,train,1.07856,0.30930000000000035,0.00917874,True,2212.93,14.3,
NU00524,NU_L84,train,2.13556,2.1658000000000044,0.00917874,True,2212.93,14.3,
NU00524,NU_L84,train,7.01886,7.116399999999999,0.00917874,True,2212.93,14.3,
NU00524,NU_L84,train,16.419,7.735300000000002,0.00917874,False,2212.93,14.3,
NU00524,NU_L84,train,71.4446,12.067100000000003,0.00917874,False,2212.93,14.3,
NU00524,NU_L84,train,89.5801,12.6858,0.00917874,False,2212.93,14.3,
NU00524,NU_L84,train,105.91,17.636499999999998,0.00917874,False,2212.93,14.3,
NU00524,NU_L84,train,125.333,20.730599999999995,0.00917874,False,2212.93,14.3,
NU00526,NU_L84,train,0.0247093,0.0,0.0247093,True,2212.93,14.3,
NU00526,NU_L84,train,0.138949,12.423000000000002,0.0247093,True,2212.93,14.3,
NU00526,NU_L84,train,0.517948,21.173000000000002,0.0247093,True,2212.93,14.3,
NU00526,NU_L84,train,1.08571,27.322999999999993,0.0247093,True,2212.93,14.3,
NU00526,NU_L84,train,4.39397,45.36,0.0247093,True,2212.93,14.3,
NU00526,NU_L84,train,7.19686,54.852999999999994,0.0247093,True,2212.93,14.3,
NU00526,NU_L84,train,13.895,63.27300000000001,0.0247093,False,2212.93,14.3,
NU00526,NU_L84,train,22.7583,76.23300000000002,0.0247093,False,2212.93,14.3,
NU00526,NU_L84,train,29.1266,82.13600000000001,0.0247093,False,2212.93,14.3,
NU00526,NU_L84,train,37.2761,84.57100000000001,0.0247093,False,2212.93,14.3,
NU00526,NU_L84,train,61.0534,94.06400000000001,0.0247093,False,2212.93,14.3,
NU00526,NU_L84,train,84.834,97.69600000000001,0.0247093,False,2212.93,14.3,
NU00527,NU_L84,train,0.0168269,0.0,0.0168269,True,2212.93,14.3,
NU00527,NU_L84,train,0.11798,8.873999999999995,0.0168269,True,2212.93,14.3,
NU00527,NU_L84,train,1.16877,21.545100000000005,0.0168269,True,2212.93,14.3,
NU00527,NU_L84,train,3.15228,30.130200000000002,0.0168269,True,2212.93,14.3,
NU00527,NU_L84,train,7.18686,44.41159999999999,0.0168269,True,2212.93,14.3,
NU00527,NU_L84,train,11.7777,50.4376,0.0168269,False,2212.93,14.3,
NU00527,NU_L84,train,22.7483,61.1686,0.0168269,False,2212.93,14.3,
NU00527,NU_L84,train,34.3229,64.84159999999999,0.0168269,False,2212.93,14.3,
NU00527,NU_L84,train,47.6957,69.6296,0.0168269,False,2212.93,14.3,
NU00527,NU_L84,train,66.2773,75.57359999999998,0.0168269,False,2212.93,14.3,
NU00527,NU_L84,train,99.99,78.09159999999999,0.0168269,False,2212.93,14.3,
NU00528,NU_L84,train,0.0227583,0.0,0.0227583,True,2212.93,14.3,
NU00528,NU_L84,train,0.291263,5.902100000000004,0.0227583,True,2212.93,14.3,
NU00528,NU_L84,train,1.0,12.299600000000005,0.0227583,True,2212.93,14.3,
NU00528,NU_L84,train,3.16228,17.5002,0.0227583,True,2212.93,14.3,
NU00528,NU_L84,train,7.8137,23.732600000000005,0.0227583,True,2212.93,14.3,
NU00528,NU_L84,train,10.857,26.209000000000003,0.0227583,False,2212.93,14.3,
NU00528,NU_L84,train,17.7828,32.235099999999996,0.0227583,False,2212.93,14.3,
NU00528,NU_L84,train,29.1266,32.482800000000005,0.0227583,False,2212.93,14.3,
NU00528,NU_L84,train,43.94,35.000499999999995,0.0227583,False,2212.93,14.3,
NU00528,NU_L84,train,56.2341,39.74700000000001,0.0227583,False,2212.93,14.3,
NU00528,NU_L84,train,78.1376,39.912200000000006,0.0227583,False,2212.93,14.3,
NU00528,NU_L84,train,138.95,44.823699999999995,0.0227583,False,2212.93,14.3,
NU00529,NU_L84,train,0.0209619,0.0,0.0209619,True,2212.93,14.3,
NU00529,NU_L84,train,0.291263,2.476499999999998,0.0209619,True,2212.93,14.3,
NU00529,NU_L84,train,0.848343,5.324400000000001,0.0209619,True,2212.93,14.3,
NU00529,NU_L84,train,2.91263,8.2549,0.0209619,True,2212.93,14.3,
NU00529,NU_L84,train,7.8137,12.217199999999998,0.0209619,True,2212.93,14.3,
NU00529,NU_L84,train,16.3791,13.744300000000003,0.0209619,False,2212.93,14.3,
NU00529,NU_L84,train,61.0534,16.716099999999997,0.0209619,False,2212.93,14.3,
NU00529,NU_L84,train,100.0,23.897799999999997,0.0209619,False,2212.93,14.3,
NU00543,NU_L361,validation,0.0,0.0,0.0,True,2402.2000000000003,31.5,31516.8
NU00543,NU_L361,validation,1.483,6.718699999999998,0.0,True,2402.2000000000003,31.5,31516.8
NU00543,NU_L361,validation,4.127,15.531199999999998,0.0,True,2402.2000000000003,31.5,31516.8
NU00543,NU_L361,validation,7.722,23.2187,0.0,True,2402.2000000000003,31.5,31516.8
NU00543,NU_L361,validation,11.41,29.0937,0.0,False,2402.2000000000003,31.5,31516.8
NU00543,NU_L361,validation,14.78,33.8125,0.0,False,2402.2000000000003,31.5,31516.8
NU00543,NU_L361,validation,21.42,40.0625,0.0,False,2402.2000000000003,31.5,31516.8
NU00543,NU_L361,validation,27.6,44.125,0.0,False,2402.2000000000003,31.5,31516.8
NU00543,NU_L361,validation,35.74,53.5,0.0,False,2402.2000000000003,31.5,31516.8
NU00543,NU_L361,validation,42.46,57.25,0.0,False,2402.2000000000003,31.5,31516.8
NU00543,NU_L361,validation,56.51,61.3125,0.0,False,2402.2000000000003,31.5,31516.8
NU00543,NU_L361,validation,70.25,64.4375,0.0,False,2402.2000000000003,31.5,31516.8
NU00543,NU_L361,validation,83.94,71.0001,0.0,False,2402.2000000000003,31.5,31516.8
NU00543,NU_L361,validation,98.35,73.1871,0.0,False,2402.2000000000003,31.5,31516.8
NU00543,NU_L361,validation,111.6,75.3751,0.0,False,2402.2000000000003,31.5,31516.8
NU00543,NU_L361,validation,126.0,76.3121,0.0,False,2402.2000000000003,31.5,31516.8
NU00543,NU_L361,validation,139.8,79.4371,0.0,False,2402.2000000000003,31.5,31516.8
NU00543,NU_L361,validation,154.0,79.4371,0.0,False,2402.2000000000003,31.5,31516.8
NU00544,NU_L361,validation,0.0,0.0,0.0,True,2427.9,37.0,33253.6
NU00544,NU_L361,validation,1.241,6.028599999999997,0.0,True,2427.9,37.0,33253.6
NU00544,NU_L361,validation,3.309,18.1714,0.0,True,2427.9,37.0,33253.6
NU00544,NU_L361,validation,7.211,26.0,0.0,True,2427.9,37.0,33253.6
NU00544,NU_L361,validation,10.42,29.799999999999997,0.0,False,2427.9,37.0,33253.6
NU00544,NU_L361,validation,14.44,32.0857,0.0,False,2427.9,37.0,33253.6
NU00544,NU_L361,validation,21.35,36.942899999999995,0.0,False,2427.9,37.0,33253.6
NU00544,NU_L361,validation,28.24,41.51429999999999,0.0,False,2427.9,37.0,33253.6
NU00544,NU_L361,validation,35.37,49.2286,0.0,False,2427.9,37.0,33253.6
NU00544,NU_L361,validation,42.23,52.6571,0.0,False,2427.9,37.0,33253.6
NU00544,NU_L361,validation,56.35,58.6571,0.0,False,2427.9,37.0,33253.6
NU00544,NU_L361,validation,69.97,62.0857,0.0,False,2427.9,37.0,33253.6
NU00544,NU_L361,validation,83.77,67.229,0.0,False,2427.9,37.0,33253.6
NU00544,NU_L361,validation,97.9,68.943,0.0,False,2427.9,37.0,33253.6
NU00544,NU_L361,validation,112.0,70.371,0.0,False,2427.9,37.0,33253.6
NU00544,NU_L361,validation,125.6,71.514,0.0,False,2427.9,37.0,33253.6
NU00544,NU_L361,validation,139.9,72.371,0.0,False,2427.9,37.0,33253.6
NU00544,NU_L361,validation,153.7,72.657,0.0,False,2427.9,37.0,33253.6
NU00545,NU_L361,validation,0.0,0.0,0.0,True,2413.6,51.0,37008.0
NU00545,NU_L361,validation,1.321,5.329500000000003,0.0,True,2413.6,51.0,37008.0
NU00545,NU_L361,validation,1.406,8.174599999999998,0.0,True,2413.6,51.0,37008.0
NU00545,NU_L361,validation,3.352,16.6535,0.0,True,2413.6,51.0,37008.0
NU00545,NU_L361,validation,6.59,21.216900000000003,0.0,True,2413.6,51.0,37008.0
NU00545,NU_L361,validation,10.51,24.907000000000004,0.0,False,2413.6,51.0,37008.0
NU00545,NU_L361,validation,14.53,27.329500000000003,0.0,False,2413.6,51.0,37008.0
NU00545,NU_L361,validation,21.71,31.836599999999997,0.0,False,2413.6,51.0,37008.0
NU00545,NU_L361,validation,28.43,35.216899999999995,0.0,False,2413.6,51.0,37008.0
NU00545,NU_L361,validation,35.53,41.414,0.0,False,2413.6,51.0,37008.0
NU00545,NU_L361,validation,42.25,44.79430000000001,0.0,False,2413.6,51.0,37008.0
NU00545,NU_L361,validation,56.62,49.3014,0.0,False,2413.6,51.0,37008.0
NU00545,NU_L361,validation,70.24,52.400000000000006,0.0,False,2413.6,51.0,37008.0
NU00545,NU_L361,validation,84.08,57.7521,0.0,False,2413.6,51.0,37008.0
NU00545,NU_L361,validation,97.8,59.4422,0.0,False,2413.6,51.0,37008.0
NU00545,NU_L361,validation,111.8,60.8507,0.0,False,2413.6,51.0,37008.0
NU00545,NU_L361,validation,126.1,61.9774,0.0,False,2413.6,51.0,37008.0
NU00545,NU_L361,validation,140.2,62.540800000000004,0.0,False,2413.6,51.0,37008.0
NU00545,NU_L361,validation,154.2,63.38590000000001,0.0,False,2413.6,51.0,37008.0
NU00546,NU_L361,validation,0.0,0.0,0.0,True,2436.0,48.5,36393.1
NU00546,NU_L361,validation,1.978,3.5869,0.0,True,2436.0,48.5,36393.1
NU00546,NU_L361,validation,3.455,14.481599999999997,0.0,True,2436.0,48.5,36393.1
NU00546,NU_L361,validation,7.261,18.8764,0.0,True,2436.0,48.5,36393.1
NU00546,NU_L361,validation,10.63,26.955299999999998,0.0,False,2436.0,48.5,36393.1
NU00546,NU_L361,validation,14.25,30.113199999999996,0.0,False,2436.0,48.5,36393.1
NU00546,NU_L361,validation,21.41,33.797399999999996,0.0,False,2436.0,48.5,36393.1
NU00546,NU_L361,validation,28.4,36.429,0.0,False,2436.0,48.5,36393.1
NU00546,NU_L361,validation,35.39,43.5343,0.0,False,2436.0,48.5,36393.1
NU00546,NU_L361,validation,42.24,45.902699999999996,0.0,False,2436.0,48.5,36393.1
NU00546,NU_L361,validation,56.45,49.85000000000001,0.0,False,2436.0,48.5,36393.1
NU00546,NU_L361,validation,70.19,51.692099999999996,0.0,False,2436.0,48.5,36393.1
NU00546,NU_L361,validation,84.01,56.429,0.0,False,2436.0,48.5,36393.1
NU00546,NU_L361,validation,97.88,58.271100000000004,0.0,False,2436.0,48.5,36393.1
NU00546,NU_L361,validation,111.9,59.3237,0.0,False,2436.0,48.5,36393.1
NU00546,NU_L361,validation,125.8,60.113200000000006,0.0,False,2436.0,48.5,36393.1
NU00546,NU_L361,validation,139.7,61.692099999999996,0.0,False,2436.0,48.5,36393.1
NU00546,NU_L361,validation,153.9,63.271100000000004,0.0,False,2436.0,48.5,36393.1
NU00547,NU_L361,validation,0.0,0.0,0.0,True,2436.0,72.0,41516.0
NU00547,NU_L361,validation,0.7215,2.3846999999999987,0.0,True,2436.0,72.0,41516.0
NU00547,NU_L361,validation,0.8855,4.754999999999999,0.0,True,2436.0,72.0,41516.0
NU00547,NU_L361,validation,2.944,15.446399999999997,0.0,True,2436.0,72.0,41516.0
NU00547,NU_L361,validation,7.144,18.4587,0.0,True,2436.0,72.0,41516.0
NU00547,NU_L361,validation,10.23,20.952599999999997,0.0,False,2436.0,72.0,41516.0
NU00547,NU_L361,validation,13.99,22.36,0.0,False,2436.0,72.0,41516.0
NU00547,NU_L361,validation,20.83,24.7797,0.0,False,2436.0,72.0,41516.0
NU00547,NU_L361,validation,28.21,26.754999999999995,0.0,False,2436.0,72.0,41516.0
NU00547,NU_L361,validation,35.45,27.495799999999996,0.0,False,2436.0,72.0,41516.0
NU00547,NU_L361,validation,42.54,28.483399999999996,0.0,False,2436.0,72.0,41516.0
NU00547,NU_L361,validation,56.6,30.4587,0.0,False,2436.0,72.0,41516.0
NU00547,NU_L361,validation,70.37,31.1995,0.0,False,2436.0,72.0,41516.0
NU00547,NU_L361,validation,84.85,34.1624,0.0,False,2436.0,72.0,41516.0
NU00547,NU_L361,validation,98.62,35.397,0.0,False,2436.0,72.0,41516.0
NU00547,NU_L361,validation,112.4,35.643899999999995,0.0,False,2436.0,72.0,41516.0
NU00547,NU_L361,validation,126.6,36.6316,0.0,False,2436.0,72.0,41516.0
NU00547,NU_L361,validation,140.6,36.6316,0.0,False,2436.0,72.0,41516.0
NU00547,NU_L361,validation,154.5,36.6316,0.0,False,2436.0,72.0,41516.0
NU00548,NU_L361,validation,0.0,0.0,0.0,True,2461.2,70.0,41128.0
NU00548,NU_L361,validation,0.7165,1.6796000000000006,0.0,True,2461.2,70.0,41128.0
NU00548,NU_L361,validation,0.7454,4.167199999999998,0.0,True,2461.2,70.0,41128.0
NU00548,NU_L361,validation,3.257,5.0886,0.0,True,2461.2,70.0,41128.0
NU00548,NU_L361,validation,6.898,7.493100000000002,0.0,True,2461.2,70.0,41128.0
NU00548,NU_L361,validation,10.26,10.1223,0.0,False,2461.2,70.0,41128.0
NU00548,NU_L361,validation,14.02,10.706500000000002,0.0,False,2461.2,70.0,41128.0
NU00548,NU_L361,validation,20.86,13.313300000000002,0.0,False,2461.2,70.0,41128.0
NU00548,NU_L361,validation,28.09,13.987399999999997,0.0,False,2461.2,70.0,41128.0
NU00548,NU_L361,validation,35.21,16.2796,0.0,False,2461.2,70.0,41128.0
NU00548,NU_L361,validation,42.17,17.2009,0.0,False,2461.2,70.0,41128.0
NU00548,NU_L361,validation,56.5,18.549199999999995,0.0,False,2461.2,70.0,41128.0
NU00548,NU_L361,validation,70.4,19.740199999999998,0.0,False,2461.2,70.0,41128.0
NU00548,NU_L361,validation,84.61,22.144699999999997,0.0,False,2461.2,70.0,41128.0
NU00548,NU_L361,validation,98.37,22.9537,0.0,False,2461.2,70.0,41128.0
NU00548,NU_L361,validation,112.3,23.1784,0.0,False,2461.2,70.0,41128.0
NU00548,NU_L361,validation,126.2,23.403200000000002,0.0,False,2461.2,70.0,41128.0
NU00548,NU_L361,validation,140.3,23.6279,0.0,False,2461.2,70.0,41128.0
NU00548,NU_L361,validation,154.1,24.077299999999997,0.0,False,2461.2,70.0,41128.0
NU00549,NU_L361,validation,0.0,0.0,0.0,True,2419.32,93.0,45213.3
NU00549,NU_L361,validation,0.5576,1.2204999999999977,0.0,True,2419.32,93.0,45213.3
NU00549,NU_L361,validation,1.391,3.1249000000000002,0.0,True,2419.32,93.0,45213.3
NU00549,NU_L361,validation,3.075,8.369299999999999,0.0,True,2419.32,93.0,45213.3
NU00549,NU_L361,validation,6.879,10.191599999999998,0.0,True,2419.32,93.0,45213.3
NU00549,NU_L361,validation,10.01,12.569399999999998,0.0,False,2419.32,93.0,45213.3
NU00549,NU_L361,validation,14.08,13.524899999999999,0.0,False,2419.32,93.0,45213.3
NU00549,NU_L361,validation,21.24,14.236,0.0,False,2419.32,93.0,45213.3
NU00549,NU_L361,validation,28.15,15.924899999999997,0.0,False,2419.32,93.0,45213.3
NU00549,NU_L361,validation,35.45,16.8582,0.0,False,2419.32,93.0,45213.3
NU00549,NU_L361,validation,42.75,17.324899999999996,0.0,False,2419.32,93.0,45213.3
NU00549,NU_L361,validation,56.53,17.8582,0.0,False,2419.32,93.0,45213.3
NU00549,NU_L361,validation,70.05,18.3693,0.0,False,2419.32,93.0,45213.3
NU00549,NU_L361,validation,83.83,18.7916,0.0,False,2419.32,93.0,45213.3
NU00549,NU_L361,validation,97.88,19.2805,0.0,False,2419.32,93.0,45213.3
NU00549,NU_L361,validation,111.8,19.2805,0.0,False,2419.32,93.0,45213.3
NU00549,NU_L361,validation,125.7,19.435999999999996,0.0,False,2419.32,93.0,45213.3
NU00549,NU_L361,validation,139.6,19.7249,0.0,False,2419.32,93.0,45213.3
NU00549,NU_L361,validation,153.8,20.191599999999998,0.0,False,2419.32,93.0,45213.3
NU00550,NU_L361,validation,0.0,0.0,0.0,True,2443.12,108.0,47524.0
NU00550,NU_L361,validation,0.5648,1.8241999999999976,0.0,True,2443.12,108.0,47524.0
NU00550,NU_L361,validation,1.395,3.3752999999999993,0.0,True,2443.12,108.0,47524.0
NU00550,NU_L361,validation,2.794,7.2475999999999985,0.0,True,2443.12,108.0,47524.0
NU00550,NU_L361,validation,7.139,9.0349,0.0,True,2443.12,108.0,47524.0
NU00550,NU_L361,validation,10.26,10.205100000000002,0.0,False,2443.12,108.0,47524.0
NU00550,NU_L361,validation,13.91,10.758299999999998,0.0,False,2443.12,108.0,47524.0
NU00550,NU_L361,validation,21.08,11.630600000000001,0.0,False,2443.12,108.0,47524.0
NU00550,NU_L361,validation,28.38,11.970999999999997,0.0,False,2443.12,108.0,47524.0
NU00550,NU_L361,validation,35.43,14.0561,0.0,False,2443.12,108.0,47524.0
NU00550,NU_L361,validation,42.46,14.5668,0.0,False,2443.12,108.0,47524.0
NU00550,NU_L361,validation,56.37,15.162500000000001,0.0,False,2443.12,108.0,47524.0
NU00550,NU_L361,validation,70.17,16.439099999999996,0.0,False,2443.12,108.0,47524.0
NU00550,NU_L361,validation,83.81,16.9923,0.0,False,2443.12,108.0,47524.0
NU00550,NU_L361,validation,97.59,17.268900000000002,0.0,False,2443.12,108.0,47524.0
NU00550,NU_L361,validation,111.8,17.375299999999996,0.0,False,2443.12,108.0,47524.0
NU00550,NU_L361,validation,125.8,17.6306,0.0,False,2443.12,108.0,47524.0
NU00550,NU_L361,validation,140.0,18.226300000000002,0.0,False,2443.12,108.0,47524.0
NU00550,NU_L361,validation,153.7,18.545499999999997,0.0,False,2443.12,108.0,47524.0
NU00551,NU_L362,test,0.0,0.0,0.0,True,2340.35,54.8,37905.2
NU00551,NU_L362,test,0.1,24.060000000000002,0.0,True,2340.35,54.8,37905.2
NU00551,NU_L362,test,0.13,26.430000000000007,0.0,True,2340.35,54.8,37905.2
NU00551,NU_L362,test,0.16,29.580000000000013,0.0,True,2340.35,54.8,37905.2
NU00551,NU_L362,test,0.2,29.980000000000004,0.0,True,2340.35,54.8,37905.2
NU00551,NU_L362,test,0.25,31.75,0.0,True,2340.35,54.8,37905.2
NU00551,NU_L362,test,0.32,34.31,0.0,True,2340.35,54.8,37905.2
NU00551,NU_L362,test,0.4,37.07000000000001,0.0,True,2340.35,54.8,37905.2
NU00551,NU_L362,test,0.5,38.45,0.0,True,2340.35,54.8,37905.2
NU00551,NU_L362,test,0.63,41.21000000000001,0.0,True,2340.35,54.8,37905.2
NU00551,NU_L362,test,0.79,46.150000000000006,0.0,True,2340.35,54.8,37905.2
NU00551,NU_L362,test,1.03,46.81,0.0,True,2340.35,54.8,37905.2
NU00551,NU_L362,test,1.28,54.09,0.0,True,2340.35,54.8,37905.2
NU00551,NU_L362,test,3.13,49.650000000000006,0.0,True,2340.35,54.8,37905.2
NU00551,NU_L362,test,4.0,53.2,0.0,True,2340.35,54.8,37905.2
NU00551,NU_L362,test,5.0,53.2,0.0,True,2340.35,54.8,37905.2
NU00551,NU_L362,test,6.27,56.16000000000001,0.0,True,2340.35,54.8,37905.2
NU00551,NU_L362,test,7.93,56.35000000000001,0.0,True,2340.35,54.8,37905.2
NU00551,NU_L362,test,10.0,62.860000000000014,0.0,True,2340.35,54.8,37905.2
NU00551,NU_L362,test,12.61,64.24000000000001,0.0,False,2340.35,54.8,37905.2
NU00551,NU_L362,test,15.85,64.43,0.0,False,2340.35,54.8,37905.2
NU00551,NU_L362,test,20.0,71.33000000000001,0.0,False,2340.35,54.8,37905.2
NU00551,NU_L362,test,25.12,73.11000000000001,0.0,False,2340.35,54.8,37905.2
NU00551,NU_L362,test,31.59,74.48000000000002,0.0,False,2340.35,54.8,37905.2
NU00551,NU_L362,test,39.82,76.45000000000002,0.0,False,2340.35,54.8,37905.2
NU00551,NU_L362,test,50.21,73.85,0.0,False,2340.35,54.8,37905.2
NU00551,NU_L362,test,63.15,77.21000000000001,0.0,False,2340.35,54.8,37905.2
NU00551,NU_L362,test,79.43,78.99000000000001,0.0,False,2340.35,54.8,37905.2
NU00551,NU_L362,test,100.03,76.81,0.0,False,2340.35,54.8,37905.2
NU00551,NU_L362,test,125.89,84.70000000000002,0.0,False,2340.35,54.8,37905.2
NU00551,NU_L362,test,158.45,80.96000000000001,0.0,False,2340.35,54.8,37905.2
NU00552,NU_L362,test,0.1,0.0,0.1,True,2340.35,54.8,37905.2
NU00552,NU_L362,test,0.13,1.6000000000000085,0.1,True,2340.35,54.8,37905.2
NU00552,NU_L362,test,0.16,3.3900000000000006,0.1,True,2340.35,54.8,37905.2
NU00552,NU_L362,test,0.2,5.079999999999998,0.1,True,2340.35,54.8,37905.2
NU00552,NU_L362,test,0.25,6.680000000000007,0.1,True,2340.35,54.8,37905.2
NU00552,NU_L362,test,0.32,8.090000000000003,0.1,True,2340.35,54.8,37905.2
NU00552,NU_L362,test,0.4,8.840000000000003,0.1,True,2340.35,54.8,37905.2
NU00552,NU_L362,test,0.5,10.530000000000001,0.1,True,2340.35,54.8,37905.2
NU00552,NU_L362,test,0.63,11.469999999999999,0.1,True,2340.35,54.8,37905.2
NU00552,NU_L362,test,0.79,13.159999999999997,0.1,True,2340.35,54.8,37905.2
NU00552,NU_L362,test,1.03,14.670000000000002,0.1,True,2340.35,54.8,37905.2
NU00552,NU_L362,test,1.28,16.08,0.1,True,2340.35,54.8,37905.2
NU00552,NU_L362,test,1.62,17.019999999999996,0.1,True,2340.35,54.8,37905.2
NU00552,NU_L362,test,2.03,18.710000000000008,0.1,True,2340.35,54.8,37905.2
NU00552,NU_L362,test,2.53,20.120000000000005,0.1,True,2340.35,54.8,37905.2
NU00552,NU_L362,test,3.11,22.0,0.1,True,2340.35,54.8,37905.2
NU00552,NU_L362,test,3.95,22.85000000000001,0.1,True,2340.35,54.8,37905.2
NU00552,NU_L362,test,5.03,25.010000000000005,0.1,True,2340.35,54.8,37905.2
NU00552,NU_L362,test,6.36,25.67,0.1,True,2340.35,54.8,37905.2
NU00552,NU_L362,test,7.95,27.83,0.1,True,2340.35,54.8,37905.2
NU00552,NU_L362,test,10.09,30.090000000000003,0.1,False,2340.35,54.8,37905.2
NU00552,NU_L362,test,12.59,31.03,0.1,False,2340.35,54.8,37905.2
NU00552,NU_L362,test,15.84,31.78,0.1,False,2340.35,54.8,37905.2
NU00552,NU_L362,test,20.09,32.16,0.1,False,2340.35,54.8,37905.2
NU00552,NU_L362,test,25.12,35.24000000000001,0.1,False,2340.35,54.8,37905.2
NU00552,NU_L362,test,31.59,35.05,0.1,False,2340.35,54.8,37905.2
NU00552,NU_L362,test,39.88,37.31,0.1,False,2340.35,54.8,37905.2
NU00552,NU_L362,test,50.13,38.24000000000001,0.1,False,2340.35,54.8,37905.2
NU00552,NU_L362,test,63.1,38.400000000000006,0.1,False,2340.35,54.8,37905.2
NU00552,NU_L362,test,79.43,40.47,0.1,False,2340.35,54.8,37905.2
NU00552,NU_L362,test,91.19,40.84,0.1,False,2340.35,54.8,37905.2
NU00553,NU_L362,test,0.0,0.0,0.0,True,2340.35,54.8,37905.2
NU00553,NU_L362,test,0.1,3.559999999999995,0.0,True,2340.35,54.8,37905.2
NU00553,NU_L362,test,0.13,4.279999999999994,0.0,True,2340.35,54.8,37905.2
NU00553,NU_L362,test,0.16,5.409999999999997,0.0,True,2340.35,54.8,37905.2
NU00553,NU_L362,test,0.2,6.029999999999994,0.0,True,2340.35,54.8,37905.2
NU00553,NU_L362,test,0.25,6.539999999999999,0.0,True,2340.35,54.8,37905.2
NU00553,NU_L362,test,0.32,7.669999999999995,0.0,True,2340.35,54.8,37905.2
NU00553,NU_L362,test,0.4,9.009999999999998,0.0,True,2340.35,54.8,37905.2
NU00553,NU_L362,test,0.5,9.419999999999995,0.0,True,2340.35,54.8,37905.2
NU00553,NU_L362,test,0.63,10.869999999999997,0.0,True,2340.35,54.8,37905.2
NU00553,NU_L362,test,0.79,11.689999999999998,0.0,True,2340.35,54.8,37905.2
NU00553,NU_L362,test,1.0,13.129999999999995,0.0,True,2340.35,54.8,37905.2
NU00553,NU_L362,test,1.26,14.779999999999994,0.0,True,2340.35,54.8,37905.2
NU00553,NU_L362,test,1.58,16.939999999999998,0.0,True,2340.35,54.8,37905.2
NU00553,NU_L362,test,2.11,18.379999999999995,0.0,True,2340.35,54.8,37905.2
NU00553,NU_L362,test,2.61,20.439999999999998,0.0,True,2340.35,54.8,37905.2
NU00553,NU_L362,test,3.11,21.980000000000004,0.0,True,2340.35,54.8,37905.2
NU00553,NU_L362,test,4.11,24.14999999999999,0.0,True,2340.35,54.8,37905.2
NU00553,NU_L362,test,5.11,26.200000000000003,0.0,True,2340.35,54.8,37905.2
NU00553,NU_L362,test,6.36,26.61,0.0,True,2340.35,54.8,37905.2
NU00553,NU_L362,test,7.94,28.980000000000004,0.0,True,2340.35,54.8,37905.2
NU00553,NU_L362,test,10.03,30.53,0.0,False,2340.35,54.8,37905.2
NU00553,NU_L362,test,12.57,31.97,0.0,False,2340.35,54.8,37905.2
NU00553,NU_L362,test,15.86,33.72,0.0,False,2340.35,54.8,37905.2
NU00553,NU_L362,test,19.94,34.739999999999995,0.0,False,2340.35,54.8,37905.2
NU00553,NU_L362,test,25.31,36.5,0.0,False,2340.35,54.8,37905.2
NU00553,NU_L362,test,31.62,37.53,0.0,False,2340.35,54.8,37905.2
NU00553,NU_L362,test,39.95,39.58,0.0,False,2340.35,54.8,37905.2
NU00553,NU_L362,test,48.45,41.58,0.0,False,2340.35,54.8,37905.2
NU00553,NU_L362,test,63.12,43.84,0.0,False,2340.35,54.8,37905.2
NU00553,NU_L362,test,79.61,43.22,0.0,False,2340.35,54.8,37905.2
NU00553,NU_L362,test,101.14,44.25,0.0,False,2340.35,54.8,37905.2
NU00553,NU_L362,test,126.01,46.519999999999996,0.0,False,2340.35,54.8,37905.2
NU00553,NU_L362,test,158.49,47.129999999999995,0.0,False,2340.35,54.8,37905.2
NU00554,NU_L362,test,0.0,0.0,0.0,True,2340.35,54.8,37905.2
NU00554,NU_L362,test,0.1,6.59,0.0,True,2340.35,54.8,37905.2
NU00554,NU_L362,test,0.13,7.209999999999997,0.0,True,2340.35,54.8,37905.2
NU00554,NU_L362,test,0.16,7.689999999999998,0.0,True,2340.35,54.8,37905.2
NU00554,NU_L362,test,0.2,7.549999999999997,0.0,True,2340.35,54.8,37905.2
NU00554,NU_L362,test,0.25,7.93,0.0,True,2340.35,54.8,37905.2
NU00554,NU_L362,test,0.32,8.27,0.0,True,2340.35,54.8,37905.2
NU00554,NU_L362,test,0.4,8.559999999999999,0.0,True,2340.35,54.8,37905.2
NU00554,NU_L362,test,0.5,8.559999999999999,0.0,True,2340.35,54.8,37905.2
NU00554,NU_L362,test,0.63,8.849999999999998,0.0,True,2340.35,54.8,37905.2
NU00554,NU_L362,test,0.84,10.879999999999999,0.0,True,2340.35,54.8,37905.2
NU00554,NU_L362,test,0.96,11.41,0.0,True,2340.35,54.8,37905.2
NU00554,NU_L362,test,1.21,12.469999999999999,0.0,True,2340.35,54.8,37905.2
NU00554,NU_L362,test,1.59,13.579999999999998,0.0,True,2340.35,54.8,37905.2
NU00554,NU_L362,test,1.96,15.309999999999995,0.0,True,2340.35,54.8,37905.2
NU00554,NU_L362,test,2.46,17.15,0.0,True,2340.35,54.8,37905.2
NU00554,NU_L362,test,3.21,18.689999999999998,0.0,True,2340.35,54.8,37905.2
NU00554,NU_L362,test,4.1,19.36,0.0,True,2340.35,54.8,37905.2
NU00554,NU_L362,test,5.1,20.229999999999997,0.0,True,2340.35,54.8,37905.2
NU00554,NU_L362,test,6.35,21.629999999999995,0.0,True,2340.35,54.8,37905.2
NU00554,NU_L362,test,7.85,22.5,0.0,True,2340.35,54.8,37905.2
NU00554,NU_L362,test,10.1,25.78,0.0,False,2340.35,54.8,37905.2
NU00554,NU_L362,test,12.6,28.53,0.0,False,2340.35,54.8,37905.2
NU00554,NU_L362,test,15.85,29.78,0.0,False,2340.35,54.8,37905.2
NU00554,NU_L362,test,19.85,30.75,0.0,False,2340.35,54.8,37905.2
NU00554,NU_L362,test,24.85,30.75,0.0,False,2340.35,54.8,37905.2
NU00554,NU_L362,test,31.73,31.229999999999997,0.0,False,2340.35,54.8,37905.2
NU00554,NU_L362,test,39.73,32.769999999999996,0.0,False,2340.35,54.8,37905.2
NU00554,NU_L362,test,50.23,34.22,0.0,False,2340.35,54.8,37905.2
NU00554,NU_L362,test,63.23,35.129999999999995,0.0,False,2340.35,54.8,37905.2
NU00554,NU_L362,test,77.78,37.64,0.0,False,2340.35,54.8,37905.2
NU00554,NU_L362,test,94.89,40.059999999999995,0.0,False,2340.35,54.8,37905.2
NU00555,NU_L362,test,0.01,0.0,0.01,True,2340.35,54.8,37905.2
NU00555,NU_L362,test,0.11,3.1500000000000057,0.01,True,2340.35,54.8,37905.2
NU00555,NU_L362,test,0.14,3.539999999999999,0.01,True,2340.35,54.8,37905.2
NU00555,NU_L362,test,0.17,3.490000000000002,0.01,True,2340.35,54.8,37905.2
NU00555,NU_L362,test,0.21,3.980000000000004,0.01,True,2340.35,54.8,37905.2
NU00555,NU_L362,test,0.26,4.1200000000000045,0.01,True,2340.35,54.8,37905.2
NU00555,NU_L362,test,0.33,4.420000000000002,0.01,True,2340.35,54.8,37905.2
NU00555,NU_L362,test,0.39,4.560000000000002,0.01,True,2340.35,54.8,37905.2
NU00555,NU_L362,test,0.73,5.490000000000002,0.01,True,2340.35,54.8,37905.2
NU00555,NU_L362,test,0.98,6.080000000000005,0.01,True,2340.35,54.8,37905.2
NU00555,NU_L362,test,1.23,6.710000000000001,0.01,True,2340.35,54.8,37905.2
NU00555,NU_L362,test,1.48,6.960000000000001,0.01,True,2340.35,54.8,37905.2
NU00555,NU_L362,test,1.98,7.5,0.01,True,2340.35,54.8,37905.2
NU00555,NU_L362,test,2.48,7.840000000000003,0.01,True,2340.35,54.8,37905.2
NU00555,NU_L362,test,3.23,8.57,0.01,True,2340.35,54.8,37905.2
NU00555,NU_L362,test,3.98,8.86,0.01,True,2340.35,54.8,37905.2
NU00555,NU_L362,test,4.98,9.21,0.01,True,2340.35,54.8,37905.2
NU00555,NU_L362,test,6.23,9.550000000000004,0.01,True,2340.35,54.8,37905.2
NU00555,NU_L362,test,7.98,10.190000000000005,0.01,True,2340.35,54.8,37905.2
NU00555,NU_L362,test,9.98,10.720000000000006,0.01,True,2340.35,54.8,37905.2
NU00555,NU_L362,test,12.48,11.650000000000006,0.01,False,2340.35,54.8,37905.2
NU00555,NU_L362,test,15.98,12.380000000000003,0.01,False,2340.35,54.8,37905.2
NU00555,NU_L362,test,19.98,13.120000000000005,0.01,False,2340.35,54.8,37905.2
NU00555,NU_L362,test,25.23,13.46,0.01,False,2340.35,54.8,37905.2
NU00555,NU_L362,test,31.73,14.440000000000005,0.01,False,2340.35,54.8,37905.2
NU00555,NU_L362,test,39.73,15.86,0.01,False,2340.35,54.8,37905.2
NU00555,NU_L362,test,52.77,17.080000000000005,0.01,False,2340.35,54.8,37905.2
NU00556,NU_L362,test,0.0,0.0,0.0,True,2400.0,96.5,45773.5
NU00556,NU_L362,test,0.1,11.71,0.0,True,2400.0,96.5,45773.5
NU00556,NU_L362,test,0.13,12.799999999999997,0.0,True,2400.0,96.5,45773.5
NU00556,NU_L362,test,0.16,13.559999999999995,0.0,True,2400.0,96.5,45773.5
NU00556,NU_L362,test,0.2,14.409999999999997,0.0,True,2400.0,96.5,45773.5
NU00556,NU_L362,test,0.25,15.339999999999996,0.0,True,2400.0,96.5,45773.5
NU00556,NU_L362,test,0.32,16.259999999999998,0.0,True,2400.0,96.5,45773.5
NU00556,NU_L362,test,0.4,17.119999999999997,0.0,True,2400.0,96.5,45773.5
NU00556,NU_L362,test,0.5,17.82,0.0,True,2400.0,96.5,45773.5
NU00556,NU_L362,test,0.63,18.9,0.0,True,2400.0,96.5,45773.5
NU00556,NU_L362,test,0.79,19.78,0.0,True,2400.0,96.5,45773.5
NU00556,NU_L362,test,1.0,21.04,0.0,True,2400.0,96.5,45773.5
NU00556,NU_L362,test,1.26,22.08,0.0,True,2400.0,96.5,45773.5
NU00556,NU_L362,test,1.58,22.699999999999996,0.0,True,2400.0,96.5,45773.5
NU00556,NU_L362,test,2.0,23.059999999999995,0.0,True,2400.0,96.5,45773.5
NU00556,NU_L362,test,2.51,24.490000000000002,0.0,True,2400.0,96.5,45773.5
NU00556,NU_L362,test,3.16,25.809999999999995,0.0,True,2400.0,96.5,45773.5
NU00556,NU_L362,test,3.98,26.729999999999997,0.0,True,2400.0,96.5,45773.5
NU00556,NU_L362,test,5.04,27.71999999999999,0.0,True,2400.0,96.5,45773.5
NU00556,NU_L362,test,6.29,28.749999999999993,0.0,True,2400.0,96.5,45773.5
NU00556,NU_L362,test,7.78,29.499999999999993,0.0,True,2400.0,96.5,45773.5
NU00556,NU_L362,test,10.11,31.050000000000004,0.0,False,2400.0,96.5,45773.5
NU00556,NU_L362,test,22.74,33.699999999999996,0.0,False,2400.0,96.5,45773.5
NU00556,NU_L362,test,25.07,34.21999999999999,0.0,False,2400.0,96.5,45773.5
NU00556,NU_L362,test,31.62,33.76,0.0,False,2400.0,96.5,45773.5
NU00556,NU_L362,test,39.96,34.4,0.0,False,2400.0,96.5,45773.5
NU00556,NU_L362,test,63.1,35.49999999999999,0.0,False,2400.0,96.5,45773.5
NU00556,NU_L362,test,79.44,36.10999999999999,0.0,False,2400.0,96.5,45773.5
NU00556,NU_L362,test,90.65,36.699999999999996,0.0,False,2400.0,96.5,45773.5
NU00557,NU_L362,test,0.0,0.0,0.0,True,2400.0,96.5,45773.5
NU00557,NU_L362,test,0.1,9.060000000000002,0.0,True,2400.0,96.5,45773.5
NU00557,NU_L362,test,0.13,10.310000000000002,0.0,True,2400.0,96.5,45773.5
NU00557,NU_L362,test,0.16,10.760000000000005,0.0,True,2400.0,96.5,45773.5
NU00557,NU_L362,test,0.2,11.810000000000002,0.0,True,2400.0,96.5,45773.5
NU00557,NU_L362,test,0.25,12.71,0.0,True,2400.0,96.5,45773.5
NU00557,NU_L362,test,0.32,13.590000000000003,0.0,True,2400.0,96.5,45773.5
NU00557,NU_L362,test,0.4,14.469999999999999,0.0,True,2400.0,96.5,45773.5
NU00557,NU_L362,test,0.5,15.200000000000003,0.0,True,2400.0,96.5,45773.5
NU00557,NU_L362,test,0.63,16.08,0.0,True,2400.0,96.5,45773.5
NU00557,NU_L362,test,0.79,17.010000000000005,0.0,True,2400.0,96.5,45773.5
NU00557,NU_L362,test,1.03,18.22,0.0,True,2400.0,96.5,45773.5
NU00557,NU_L362,test,1.26,18.840000000000003,0.0,True,2400.0,96.5,45773.5
NU00557,NU_L362,test,1.58,19.47,0.0,True,2400.0,96.5,45773.5
NU00557,NU_L362,test,2.0,20.870000000000005,0.0,True,2400.0,96.5,45773.5
NU00557,NU_L362,test,2.51,21.6,0.0,True,2400.0,96.5,45773.5
NU00557,NU_L362,test,3.16,22.71,0.0,True,2400.0,96.5,45773.5
NU00557,NU_L362,test,4.08,23.68,0.0,True,2400.0,96.5,45773.5
NU00557,NU_L362,test,5.07,24.68,0.0,True,2400.0,96.5,45773.5
NU00557,NU_L362,test,6.31,25.300000000000004,0.0,True,2400.0,96.5,45773.5
NU00557,NU_L362,test,8.0,26.300000000000004,0.0,True,2400.0,96.5,45773.5
NU00557,NU_L362,test,10.0,27.18,0.0,True,2400.0,96.5,45773.5
NU00557,NU_L362,test,12.58,28.17,0.0,False,2400.0,96.5,45773.5
NU00557,NU_L362,test,15.83,28.58,0.0,False,2400.0,96.5,45773.5
NU00557,NU_L362,test,20.08,29.15,0.0,False,2400.0,96.5,45773.5
NU00557,NU_L362,test,25.08,29.42,0.0,False,2400.0,96.5,45773.5
NU00557,NU_L362,test,31.58,29.730000000000004,0.0,False,2400.0,96.5,45773.5
NU00557,NU_L362,test,39.77,29.990000000000002,0.0,False,2400.0,96.5,45773.5
NU00557,NU_L362,test,49.51,30.200000000000003,0.0,False,2400.0,96.5,45773.5
NU00557,NU_L362,test,63.1,30.560000000000002,0.0,False,2400.0,96.5,45773.5
NU00557,NU_L362,test,79.55,30.67,0.0,False,2400.0,96.5,45773.5
NU00557,NU_L362,test,99.5,30.939999999999998,0.0,False,2400.0,96.5,45773.5
NU00557,NU_L362,test,125.83,30.92,0.0,False,2400.0,96.5,45773.5
NU00557,NU_L362,test,158.54,30.560000000000002,0.0,False,2400.0,96.5,45773.5
NU00558,NU_L362,test,0.0,0.0,0.0,True,2400.0,96.5,45773.5
NU00558,NU_L362,test,0.11,7.679999999999996,0.0,True,2400.0,96.5,45773.5
NU00558,NU_L362,test,0.13,8.279999999999998,0.0,True,2400.0,96.5,45773.5
NU00558,NU_L362,test,0.16,8.8,0.0,True,2400.0,96.5,45773.5
NU00558,NU_L362,test,0.2,9.470000000000002,0.0,True,2400.0,96.5,45773.5
NU00558,NU_L362,test,0.25,10.129999999999999,0.0,True,2400.0,96.5,45773.5
NU00558,NU_L362,test,0.32,10.999999999999996,0.0,True,2400.0,96.5,45773.5
NU00558,NU_L362,test,0.4,11.739999999999998,0.0,True,2400.0,96.5,45773.5
NU00558,NU_L362,test,0.5,12.400000000000002,0.0,True,2400.0,96.5,45773.5
NU00558,NU_L362,test,0.63,12.959999999999997,0.0,True,2400.0,96.5,45773.5
NU00558,NU_L362,test,0.79,13.940000000000001,0.0,True,2400.0,96.5,45773.5
NU00558,NU_L362,test,1.0,14.639999999999997,0.0,True,2400.0,96.5,45773.5
NU00558,NU_L362,test,1.26,15.620000000000001,0.0,True,2400.0,96.5,45773.5
NU00558,NU_L362,test,1.58,16.459999999999997,0.0,True,2400.0,96.5,45773.5
NU00558,NU_L362,test,2.0,17.44,0.0,True,2400.0,96.5,45773.5
NU00558,NU_L362,test,2.54,18.49,0.0,True,2400.0,96.5,45773.5
NU00558,NU_L362,test,3.16,19.01,0.0,True,2400.0,96.5,45773.5
NU00558,NU_L362,test,3.98,20.099999999999998,0.0,True,2400.0,96.5,45773.5
NU00558,NU_L362,test,5.01,20.970000000000002,0.0,True,2400.0,96.5,45773.5
NU00558,NU_L362,test,6.31,21.919999999999998,0.0,True,2400.0,96.5,45773.5
NU00558,NU_L362,test,8.0,22.859999999999996,0.0,True,2400.0,96.5,45773.5
NU00558,NU_L362,test,10.0,23.7,0.0,True,2400.0,96.5,45773.5
NU00558,NU_L362,test,12.5,24.3,0.0,False,2400.0,96.5,45773.5
NU00558,NU_L362,test,16.0,25.209999999999997,0.0,False,2400.0,96.5,45773.5
NU00558,NU_L362,test,20.0,25.49,0.0,False,2400.0,96.5,45773.5
NU00558,NU_L362,test,25.26,25.8,0.0,False,2400.0,96.5,45773.5
NU00558,NU_L362,test,31.57,26.429999999999996,0.0,False,2400.0,96.5,45773.5
NU00558,NU_L362,test,39.82,27.02,0.0,False,2400.0,96.5,45773.5
NU00558,NU_L362,test,50.15,27.27,0.0,False,2400.0,96.5,45773.5
NU00558,NU_L362,test,63.28,28.109999999999996,0.0,False,2400.0,96.5,45773.5
NU00558,NU_L362,test,79.42,28.459999999999997,0.0,False,2400.0,96.5,45773.5
NU00558,NU_L362,test,91.03,28.81,0.0,False,2400.0,96.5,45773.5
NU00559,NU_L362,test,0.0,0.0,0.0,True,2400.0,96.5,45773.5
NU00559,NU_L362,test,0.11,4.669999999999998,0.0,True,2400.0,96.5,45773.5
NU00559,NU_L362,test,0.13,5.150000000000002,0.0,True,2400.0,96.5,45773.5
NU00559,NU_L362,test,0.16,5.580000000000002,0.0,True,2400.0,96.5,45773.5
NU00559,NU_L362,test,0.2,6.23,0.0,True,2400.0,96.5,45773.5
NU00559,NU_L362,test,0.25,6.77,0.0,True,2400.0,96.5,45773.5
NU00559,NU_L362,test,0.32,6.989999999999998,0.0,True,2400.0,96.5,45773.5
NU00559,NU_L362,test,0.4,7.48,0.0,True,2400.0,96.5,45773.5
NU00559,NU_L362,test,0.5,8.150000000000002,0.0,True,2400.0,96.5,45773.5
NU00559,NU_L362,test,0.63,8.530000000000005,0.0,True,2400.0,96.5,45773.5
NU00559,NU_L362,test,0.8,10.010000000000002,0.0,True,2400.0,96.5,45773.5
NU00559,NU_L362,test,1.05,10.960000000000004,0.0,True,2400.0,96.5,45773.5
NU00559,NU_L362,test,1.3,11.610000000000003,0.0,True,2400.0,96.5,45773.5
NU00559,NU_L362,test,1.55,12.120000000000001,0.0,True,2400.0,96.5,45773.5
NU00559,NU_L362,test,2.05,12.879999999999999,0.0,True,2400.0,96.5,45773.5
NU00559,NU_L362,test,2.55,13.629999999999999,0.0,True,2400.0,96.5,45773.5
NU00559,NU_L362,test,3.18,14.260000000000002,0.0,True,2400.0,96.5,45773.5
NU00559,NU_L362,test,3.93,15.2,0.0,True,2400.0,96.5,45773.5
NU00559,NU_L362,test,5.05,16.040000000000003,0.0,True,2400.0,96.5,45773.5
NU00559,NU_L362,test,6.3,16.52,0.0,True,2400.0,96.5,45773.5
NU00559,NU_L362,test,7.93,17.44,0.0,True,2400.0,96.5,45773.5
NU00559,NU_L362,test,10.05,18.09,0.0,False,2400.0,96.5,45773.5
NU00559,NU_L362,test,12.55,18.88,0.0,False,2400.0,96.5,45773.5
NU00559,NU_L362,test,15.8,21.2,0.0,False,2400.0,96.5,45773.5
NU00559,NU_L362,test,19.95,21.830000000000002,0.0,False,2400.0,96.5,45773.5
NU00559,NU_L362,test,25.12,22.48,0.0,False,2400.0,96.5,45773.5
NU00559,NU_L362,test,31.66,22.860000000000003,0.0,False,2400.0,96.5,45773.5
NU00559,NU_L362,test,39.94,23.51,0.0,False,2400.0,96.5,45773.5
NU00559,NU_L362,test,50.13,24.05,0.0,False,2400.0,96.5,45773.5
NU00559,NU_L362,test,63.13,24.349999999999998,0.0,False,2400.0,96.5,45773.5
NU00559,NU_L362,test,89.23,25.16,0.0,False,2400.0,96.5,45773.5
NU00559,NU_L362,test,98.59,26.500000000000004,0.0,False,2400.0,96.5,45773.5
NU00560,NU_L362,test,0.03,0.0,0.03,True,2400.0,96.5,45773.5
NU00560,NU_L362,test,0.14,1.5500000000000007,0.03,True,2400.0,96.5,45773.5
NU00560,NU_L362,test,0.16,1.5199999999999996,0.03,True,2400.0,96.5,45773.5
NU00560,NU_L362,test,0.19,1.629999999999999,0.03,True,2400.0,96.5,45773.5
NU00560,NU_L362,test,0.23,1.870000000000001,0.03,True,2400.0,96.5,45773.5
NU00560,NU_L362,test,0.28,1.9199999999999982,0.03,True,2400.0,96.5,45773.5
NU00560,NU_L362,test,0.35,2.0299999999999976,0.03,True,2400.0,96.5,45773.5
NU00560,NU_L362,test,0.43,2.1899999999999977,0.03,True,2400.0,96.5,45773.5
NU00560,NU_L362,test,0.53,2.3200000000000003,0.03,True,2400.0,96.5,45773.5
NU00560,NU_L362,test,0.66,2.4800000000000004,0.03,True,2400.0,96.5,45773.5
NU00560,NU_L362,test,0.73,3.1799999999999997,0.03,True,2400.0,96.5,45773.5
NU00560,NU_L362,test,0.98,3.4499999999999993,0.03,True,2400.0,96.5,45773.5
NU00560,NU_L362,test,1.22,3.7699999999999996,0.03,True,2400.0,96.5,45773.5
NU00560,NU_L362,test,1.72,4.120000000000001,0.03,True,2400.0,96.5,45773.5
NU00560,NU_L362,test,1.97,4.219999999999999,0.03,True,2400.0,96.5,45773.5
NU00560,NU_L362,test,2.47,4.539999999999999,0.03,True,2400.0,96.5,45773.5
NU00560,NU_L362,test,3.22,4.890000000000001,0.03,True,2400.0,96.5,45773.5
NU00560,NU_L362,test,3.97,5.32,0.03,True,2400.0,96.5,45773.5
NU00560,NU_L362,test,5.22,5.779999999999998,0.03,True,2400.0,96.5,45773.5
NU00560,NU_L362,test,6.47,6.07,0.03,True,2400.0,96.5,45773.5
NU00560,NU_L362,test,7.97,6.370000000000001,0.03,True,2400.0,96.5,45773.5
NU00560,NU_L362,test,10.22,6.849999999999998,0.03,False,2400.0,96.5,45773.5
NU00560,NU_L362,test,12.72,7.279999999999998,0.03,False,2400.0,96.5,45773.5
NU00560,NU_L362,test,15.75,7.439999999999998,0.03,False,2400.0,96.5,45773.5
NU00560,NU_L362,test,19.96,7.970000000000002,0.03,False,2400.0,96.5,45773.5
NU00560,NU_L362,test,25.15,8.830000000000002,0.03,False,2400.0,96.5,45773.5
NU00560,NU_L362,test,31.69,9.279999999999998,0.03,False,2400.0,96.5,45773.5
NU00560,NU_L362,test,39.94,9.580000000000002,0.03,False,2400.0,96.5,45773.5
NU00560,NU_L362,test,44.94,8.830000000000002,0.03,False,2400.0,96.5,45773.5
NU00560,NU_L362,test,64.29,11.129999999999999,0.03,False,2400.0,96.5,45773.5
NU00560,NU_L362,test,73.9,11.23,0.03,False,2400.0,96.5,45773.5
NU00561,NU_L363,test,0.0,0.0,0.0,True,2483.8,95.0,45535.1
NU00561,NU_L363,test,0.22,14.600000000000001,0.0,True,2483.8,95.0,45535.1
NU00561,NU_L363,test,0.63,19.200000000000003,0.0,True,2483.8,95.0,45535.1
NU00561,NU_L363,test,1.04,22.700000000000003,0.0,True,2483.8,95.0,45535.1
NU00561,NU_L363,test,2.0,33.8,0.0,True,2483.8,95.0,45535.1
NU00561,NU_L363,test,3.66,39.49999999999999,0.0,True,2483.8,95.0,45535.1
NU00561,NU_L363,test,7.01,44.9,0.0,True,2483.8,95.0,45535.1
NU00561,NU_L363,test,10.1,47.199999999999996,0.0,False,2483.8,95.0,45535.1
NU00561,NU_L363,test,13.7,48.9,0.0,False,2483.8,95.0,45535.1
NU00561,NU_L363,test,21.4,50.9,0.0,False,2483.8,95.0,45535.1
NU00561,NU_L363,test,28.7,52.699999999999996,0.0,False,2483.8,95.0,45535.1
NU00561,NU_L363,test,56.1,55.4,0.0,False,2483.8,95.0,45535.1
NU00562,NU_L363,test,0.0,0.0,0.0,True,2483.8,95.0,45535.1
NU00562,NU_L363,test,0.5,14.5,0.0,True,2483.8,95.0,45535.1
NU00562,NU_L363,test,0.8,17.799999999999997,0.0,True,2483.8,95.0,45535.1
NU00562,NU_L363,test,1.0,22.9,0.0,True,2483.8,95.0,45535.1
NU00562,NU_L363,test,2.43,30.299999999999997,0.0,True,2483.8,95.0,45535.1
NU00562,NU_L363,test,4.1,32.6,0.0,True,2483.8,95.0,45535.1
NU00562,NU_L363,test,6.61,36.49999999999999,0.0,True,2483.8,95.0,45535.1
NU00562,NU_L363,test,10.1,37.6,0.0,False,2483.8,95.0,45535.1
NU00562,NU_L363,test,14.6,38.800000000000004,0.0,False,2483.8,95.0,45535.1
NU00562,NU_L363,test,21.0,40.699999999999996,0.0,False,2483.8,95.0,45535.1
NU00562,NU_L363,test,28.7,41.4,0.0,False,2483.8,95.0,45535.1
NU00562,NU_L363,test,56.1,42.800000000000004,0.0,False,2483.8,95.0,45535.1
NU00563,NU_L363,test,0.0,0.0,0.0,True,2483.8,95.0,45535.1
NU00563,NU_L363,test,0.05,12.240000000000002,0.0,True,2483.8,95.0,45535.1
NU00563,NU_L363,test,0.74,17.439999999999998,0.0,True,2483.8,95.0,45535.1
NU00563,NU_L363,test,1.85,21.840000000000003,0.0,True,2483.8,95.0,45535.1
NU00563,NU_L363,test,3.79,26.439999999999998,0.0,True,2483.8,95.0,45535.1
NU00563,NU_L363,test,5.33,28.740000000000002,0.0,True,2483.8,95.0,45535.1
NU00563,NU_L363,test,7.1,30.64,0.0,True,2483.8,95.0,45535.1
NU00563,NU_L363,test,8.7,31.840000000000003,0.0,True,2483.8,95.0,45535.1
NU00563,NU_L363,test,9.9,32.14,0.0,True,2483.8,95.0,45535.1
NU00563,NU_L363,test,15.1,34.54,0.0,False,2483.8,95.0,45535.1
NU00563,NU_L363,test,22.1,35.94,0.0,False,2483.8,95.0,45535.1
NU00563,NU_L363,test,29.5,36.54,0.0,False,2483.8,95.0,45535.1
NU00563,NU_L363,test,54.1,39.239999999999995,0.0,False,2483.8,95.0,45535.1
NU00564,NU_L363,test,0.0,0.0,0.0,True,2483.8,95.0,45535.1
NU00564,NU_L363,test,0.05,10.600000000000001,0.0,True,2483.8,95.0,45535.1
NU00564,NU_L363,test,0.46,16.299999999999997,0.0,True,2483.8,95.0,45535.1
NU00564,NU_L363,test,2.13,19.4,0.0,True,2483.8,95.0,45535.1
NU00564,NU_L363,test,4.08,23.6,0.0,True,2483.8,95.0,45535.1
NU00564,NU_L363,test,5.05,25.4,0.0,True,2483.8,95.0,45535.1
NU00564,NU_L363,test,6.87,26.0,0.0,True,2483.8,95.0,45535.1
NU00564,NU_L363,test,8.5,26.799999999999997,0.0,True,2483.8,95.0,45535.1
NU00564,NU_L363,test,10.2,27.200000000000003,0.0,False,2483.8,95.0,45535.1
NU00564,NU_L363,test,15.0,28.4,0.0,False,2483.8,95.0,45535.1
NU00564,NU_L363,test,22.4,29.6,0.0,False,2483.8,95.0,45535.1
NU00564,NU_L363,test,29.2,30.4,0.0,False,2483.8,95.0,45535.1
NU00564,NU_L363,test,54.3,31.700000000000003,0.0,False,2483.8,95.0,45535.1
NU00565,NU_L363,test,0.0,0.0,0.0,True,2483.8,95.0,45535.1
NU00565,NU_L363,test,1.9,5.129999999999999,0.0,True,2483.8,95.0,45535.1
NU00565,NU_L363,test,4.0,6.989999999999998,0.0,True,2483.8,95.0,45535.1
NU00565,NU_L363,test,7.2,8.200000000000003,0.0,True,2483.8,95.0,45535.1
NU00565,NU_L363,test,11.0,9.57,0.0,False,2483.8,95.0,45535.1
NU00565,NU_L363,test,14.1,10.600000000000001,0.0,False,2483.8,95.0,45535.1
NU00565,NU_L363,test,20.9,12.700000000000003,0.0,False,2483.8,95.0,45535.1
NU00565,NU_L363,test,29.2,13.799999999999997,0.0,False,2483.8,95.0,45535.1
NU00566,NU_L363,test,0.0,0.0,0.0,True,2483.8,95.0,45535.1
NU00566,NU_L363,test,0.9,3.7699999999999996,0.0,True,2483.8,95.0,45535.1
NU00566,NU_L363,test,3.9,4.969999999999999,0.0,True,2483.8,95.0,45535.1
NU00566,NU_L363,test,7.5,6.18,0.0,True,2483.8,95.0,45535.1
NU00566,NU_L363,test,11.3,7.050000000000001,0.0,False,2483.8,95.0,45535.1
NU00566,NU_L363,test,14.6,7.75,0.0,False,2483.8,95.0,45535.1
NU00566,NU_L363,test,21.4,8.82,0.0,False,2483.8,95.0,45535.1
NU00566,NU_L363,test,29.3,9.559999999999999,0.0,False,2483.8,95.0,45535.1
NU00567,NU_L363,test,0.0,0.0,0.0,True,2494.2200000000003,86.0,44049.2
NU00567,NU_L363,test,0.8,7.079999999999998,0.0,True,2494.2200000000003,86.0,44049.2
NU00567,NU_L363,test,1.3,10.399999999999999,0.0,True,2494.2200000000003,86.0,44049.2
NU00567,NU_L363,test,3.4,12.200000000000003,0.0,True,2494.2200000000003,86.0,44049.2
NU00567,NU_L363,test,4.8,13.899999999999999,0.0,True,2494.2200000000003,86.0,44049.2
NU00567,NU_L363,test,6.9,15.600000000000001,0.0,True,2494.2200000000003,86.0,44049.2
NU00567,NU_L363,test,9.6,17.6,0.0,True,2494.2200000000003,86.0,44049.2
NU00567,NU_L363,test,14.8,20.300000000000004,0.0,False,2494.2200000000003,86.0,44049.2
NU00567,NU_L363,test,21.7,22.300000000000004,0.0,False,2494.2200000000003,86.0,44049.2
NU00567,NU_L363,test,29.8,23.1,0.0,False,2494.2200000000003,86.0,44049.2
NU00567,NU_L363,test,38.4,25.1,0.0,False,2494.2200000000003,86.0,44049.2
NU00567,NU_L363,test,68.0,28.9,0.0,False,2494.2200000000003,86.0,44049.2
NU00567,NU_L363,test,95.0,31.60000000000001,0.0,False,2494.2200000000003,86.0,44049.2
NU00567,NU_L363,test,124.0,33.60000000000001,0.0,False,2494.2200000000003,86.0,44049.2
NU00567,NU_L363,test,151.0,35.2,0.0,False,2494.2200000000003,86.0,44049.2
NU00568,NU_L363,test,0.0,0.0,0.0,True,2494.2200000000003,86.0,44049.2
NU00568,NU_L363,test,0.4,5.329999999999998,0.0,True,2494.2200000000003,86.0,44049.2
NU00568,NU_L363,test,2.2,7.079999999999998,0.0,True,2494.2200000000003,86.0,44049.2
NU00568,NU_L363,test,3.2,8.39,0.0,True,2494.2200000000003,86.0,44049.2
NU00568,NU_L363,test,5.3,9.480000000000004,0.0,True,2494.2200000000003,86.0,44049.2
NU00568,NU_L363,test,8.4,10.5,0.0,True,2494.2200000000003,86.0,44049.2
NU00568,NU_L363,test,9.8,11.300000000000004,0.0,True,2494.2200000000003,86.0,44049.2
NU00568,NU_L363,test,15.6,13.200000000000003,0.0,False,2494.2200000000003,86.0,44049.2
NU00568,NU_L363,test,21.7,14.300000000000004,0.0,False,2494.2200000000003,86.0,44049.2
NU00568,NU_L363,test,29.6,15.399999999999999,0.0,False,2494.2200000000003,86.0,44049.2
NU00568,NU_L363,test,38.4,16.5,0.0,False,2494.2200000000003,86.0,44049.2
NU00568,NU_L363,test,54.1,17.800000000000004,0.0,False,2494.2200000000003,86.0,44049.2
NU00568,NU_L363,test,68.3,18.6,0.0,False,2494.2200000000003,86.0,44049.2
NU00568,NU_L363,test,97.0,20.1,0.0,False,2494.2200000000003,86.0,44049.2
NU00568,NU_L363,test,123.0,21.0,0.0,False,2494.2200000000003,86.0,44049.2
NU00568,NU_L363,test,152.0,22.1,0.0,False,2494.2200000000003,86.0,44049.2
NU00569,NU_L363,test,0.0,0.0,0.0,True,2494.2200000000003,86.0,44049.2
NU00569,NU_L363,test,2.5,10.399999999999999,0.0,True,2494.2200000000003,86.0,44049.2
NU00569,NU_L363,test,3.9,11.5,0.0,True,2494.2200000000003,86.0,44049.2
NU00569,NU_L363,test,8.0,13.200000000000003,0.0,True,2494.2200000000003,86.0,44049.2
NU00569,NU_L363,test,24.2,18.700000000000003,0.0,False,2494.2200000000003,86.0,44049.2
NU00569,NU_L363,test,39.5,21.799999999999997,0.0,False,2494.2200000000003,86.0,44049.2
NU00569,NU_L363,test,53.5,23.6,0.0,False,2494.2200000000003,86.0,44049.2
NU00569,NU_L363,test,82.0,25.9,0.0,False,2494.2200000000003,86.0,44049.2
NU00569,NU_L363,test,110.0,28.6,0.0,False,2494.2200000000003,86.0,44049.2
NU00569,NU_L363,test,137.0,30.6,0.0,False,2494.2200000000003,86.0,44049.2
NU00570,NU_L363,test,0.0,0.0,0.0,True,2494.2200000000003,86.0,44049.2
NU00570,NU_L363,test,2.0,5.729999999999997,0.0,True,2494.2200000000003,86.0,44049.2
NU00570,NU_L363,test,2.1,7.920000000000002,0.0,True,2494.2200000000003,86.0,44049.2
NU00570,NU_L363,test,3.5,8.68,0.0,True,2494.2200000000003,86.0,44049.2
NU00570,NU_L363,test,7.3,10.200000000000003,0.0,True,2494.2200000000003,86.0,44049.2
NU00570,NU_L363,test,15.5,12.600000000000001,0.0,False,2494.2200000000003,86.0,44049.2
NU00570,NU_L363,test,24.0,14.5,0.0,False,2494.2200000000003,86.0,44049.2
NU00570,NU_L363,test,40.0,16.4,0.0,False,2494.2200000000003,86.0,44049.2
NU00570,NU_L363,test,53.6,17.6,0.0,False,2494.2200000000003,86.0,44049.2
NU00570,NU_L363,test,82.0,19.799999999999997,0.0,False,2494.2200000000003,86.0,44049.2
NU00570,NU_L363,test,110.0,20.9,0.0,False,2494.2200000000003,86.0,44049.2
NU00571,NU_L363,test,0.0,0.0,0.0,True,2494.2200000000003,86.0,44049.2
NU00571,NU_L363,test,1.7,5.77,0.0,True,2494.2200000000003,86.0,44049.2
NU00571,NU_L363,test,3.8,7.739999999999998,0.0,True,2494.2200000000003,86.0,44049.2
NU00571,NU_L363,test,7.3,9.05,0.0,True,2494.2200000000003,86.0,44049.2
NU00571,NU_L363,test,11.0,10.2,0.0,False,2494.2200000000003,86.0,44049.2
NU00571,NU_L363,test,16.0,11.999999999999996,0.0,False,2494.2200000000003,86.0,44049.2
NU00571,NU_L363,test,22.0,13.599999999999998,0.0,False,2494.2200000000003,86.0,44049.2
NU00571,NU_L363,test,30.0,14.8,0.0,False,2494.2200000000003,86.0,44049.2
NU00571,NU_L363,test,57.0,17.999999999999996,0.0,False,2494.2200000000003,86.0,44049.2
NU00571,NU_L363,test,94.0,21.099999999999998,0.0,False,2494.2200000000003,86.0,44049.2
NU00572,NU_L363,test,0.0,0.0,0.0,True,2494.2200000000003,86.0,44049.2
NU00572,NU_L363,test,2.0,3.6899999999999977,0.0,True,2494.2200000000003,86.0,44049.2
NU00572,NU_L363,test,4.8,5.109999999999999,0.0,True,2494.2200000000003,86.0,44049.2
NU00572,NU_L363,test,8.9,6.299999999999997,0.0,True,2494.2200000000003,86.0,44049.2
NU00572,NU_L363,test,15.0,7.93,0.0,False,2494.2200000000003,86.0,44049.2
NU00572,NU_L363,test,21.0,8.46,0.0,False,2494.2200000000003,86.0,44049.2
NU00572,NU_L363,test,29.0,9.32,0.0,False,2494.2200000000003,86.0,44049.2
NU00572,NU_L363,test,58.0,10.600000000000001,0.0,False,2494.2200000000003,86.0,44049.2
NU00572,NU_L363,test,95.0,12.899999999999999,0.0,False,2494.2200000000003,86.0,44049.2
NU00573,NU_L364,train,0.0,0.0,0.0,True,2416.05,43.5,35096.9
NU00573,NU_L364,train,0.000679917,1.3168000000000006,0.0,True,2416.05,43.5,35096.9
NU00573,NU_L364,train,0.00143046,1.3386999999999993,0.0,True,2416.05,43.5,35096.9
NU00573,NU_L364,train,0.00212375,2.0015,0.0,True,2416.05,43.5,35096.9
NU00573,NU_L364,train,0.00286763,2.553000000000001,0.0,True,2416.05,43.5,35096.9
NU00573,NU_L364,train,0.00432667,2.7821999999999996,0.0,True,2416.05,43.5,35096.9
NU00573,NU_L364,train,0.00539875,3.005700000000001,0.0,True,2416.05,43.5,35096.9
NU00573,NU_L364,train,0.0148592,3.578199999999999,0.0,True,2416.05,43.5,35096.9
NU00573,NU_L364,train,0.0194392,4.1286999999999985,0.0,True,2416.05,43.5,35096.9
NU00573,NU_L364,train,0.0317442,4.360199999999999,0.0,True,2416.05,43.5,35096.9
NU00573,NU_L364,train,0.0494333,4.698899999999998,0.0,True,2416.05,43.5,35096.9
NU00573,NU_L364,train,0.0552208,4.702099999999998,0.0,True,2416.05,43.5,35096.9
NU00573,NU_L364,train,0.774167,8.2528,0.0,True,2416.05,43.5,35096.9
NU00573,NU_L364,train,2.78458,10.8951,0.0,True,2416.05,43.5,35096.9
NU00573,NU_L364,train,3.25938,12.093499999999999,0.0,True,2416.05,43.5,35096.9
NU00573,NU_L364,train,3.878,12.532800000000002,0.0,True,2416.05,43.5,35096.9
NU00573,NU_L364,train,7.29083,15.0475,0.0,True,2416.05,43.5,35096.9
NU00573,NU_L364,train,18.495,19.198900000000002,0.0,False,2416.05,43.5,35096.9
NU00573,NU_L364,train,19.6933,19.960499999999996,0.0,False,2416.05,43.5,35096.9
NU00573,NU_L364,train,30.1471,22.1436,0.0,False,2416.05,43.5,35096.9
NU00573,NU_L364,train,34.1908,23.2325,0.0,False,2416.05,43.5,35096.9
NU00573,NU_L364,train,38.765,24.7556,0.0,False,2416.05,43.5,35096.9
NU00573,NU_L364,train,46.875,24.652699999999996,0.0,False,2416.05,43.5,35096.9
NU00573,NU_L364,train,63.2375,26.506500000000003,0.0,False,2416.05,43.5,35096.9
NU00573,NU_L364,train,68.4,27.485500000000002,0.0,False,2416.05,43.5,35096.9
NU00573,NU_L364,train,78.8292,28.2494,0.0,False,2416.05,43.5,35096.9
NU00573,NU_L364,train,89.4292,28.9043,0.0,False,2416.05,43.5,35096.9
NU00573,NU_L364,train,95.2083,29.8829,0.0,False,2416.05,43.5,35096.9
NU00573,NU_L364,train,106.238,31.622500000000002,0.0,False,2416.05,43.5,35096.9
NU00573,NU_L364,train,106.3,30.7543,0.0,False,2416.05,43.5,35096.9
NU00573,NU_L364,train,106.363,29.8861,0.0,False,2416.05,43.5,35096.9
NU00573,NU_L364,train,126.4,32.0618,0.0,False,2416.05,43.5,35096.9
NU00573,NU_L364,train,143.346,33.259299999999996,0.0,False,2416.05,43.5,35096.9
NU00573,NU_L364,train,147.792,34.8881,0.0,False,2416.05,43.5,35096.9
NU00573,NU_L364,train,147.9,33.8028,0.0,False,2416.05,43.5,35096.9
NU00574,NU_L364,train,0.0,0.0,0.0,True,2315.95,34.3,32424.2
NU00574,NU_L364,train,0.00209179,1.0082999999999984,0.0,True,2315.95,34.3,32424.2
NU00574,NU_L364,train,0.00273671,1.450999999999997,0.0,True,2315.95,34.3,32424.2
NU00574,NU_L364,train,0.0254742,2.136999999999997,0.0,True,2315.95,34.3,32424.2
NU00574,NU_L364,train,0.268562,5.901399999999999,0.0,True,2315.95,34.3,32424.2
NU00574,NU_L364,train,1.20671,7.1281,0.0,True,2315.95,34.3,32424.2
NU00574,NU_L364,train,3.31829,9.008299999999995,0.0,True,2315.95,34.3,32424.2
NU00574,NU_L364,train,14.1804,14.1904,0.0,False,2315.95,34.3,32424.2
NU00574,NU_L364,train,18.2596,14.742899999999995,0.0,False,2315.95,34.3,32424.2
NU00574,NU_L364,train,24.6429,16.0652,0.0,False,2315.95,34.3,32424.2
NU00574,NU_L364,train,27.0692,17.604699999999998,0.0,False,2315.95,34.3,32424.2
NU00574,NU_L364,train,45.55,20.248299999999997,0.0,False,2315.95,34.3,32424.2
NU00574,NU_L364,train,55.9083,21.4596,0.0,False,2315.95,34.3,32424.2
NU00574,NU_L364,train,61.4833,21.350799999999996,0.0,False,2315.95,34.3,32424.2
NU00574,NU_L364,train,69.75,22.011599999999998,0.0,False,2315.95,34.3,32424.2
NU00574,NU_L364,train,84.2792,23.0029,0.0,False,2315.95,34.3,32424.2
NU00574,NU_L364,train,91.1583,23.992899999999995,0.0,False,2315.95,34.3,32424.2
NU00574,NU_L364,train,101.846,23.8843,0.0,False,2315.95,34.3,32424.2
NU00574,NU_L364,train,111.808,26.303,0.0,False,2315.95,34.3,32424.2
NU00574,NU_L364,train,137.108,28.8329,0.0,False,2315.95,34.3,32424.2
NU00574,NU_L364,train,137.233,27.5142,0.0,False,2315.95,34.3,32424.2
NU00574,NU_L364,train,158.121,28.6148,0.0,False,2315.95,34.3,32424.2
NU00575,NU_L364,train,0.0,0.0,0.0,True,2388.7,64.5,40021.3
NU00575,NU_L364,train,0.112867,0.7075999999999993,0.0,True,2388.7,64.5,40021.3
NU00575,NU_L364,train,0.226383,1.1621999999999986,0.0,True,2388.7,64.5,40021.3
NU00575,NU_L364,train,0.305721,1.4965999999999973,0.0,True,2388.7,64.5,40021.3
NU00575,NU_L364,train,0.33615,1.6080000000000005,0.0,True,2388.7,64.5,40021.3
NU00575,NU_L364,train,1.01717,2.400299999999998,0.0,True,2388.7,64.5,40021.3
NU00575,NU_L364,train,1.13608,2.729099999999999,0.0,True,2388.7,64.5,40021.3
NU00575,NU_L364,train,1.24917,2.840399999999999,0.0,True,2388.7,64.5,40021.3
NU00575,NU_L364,train,1.37287,3.602899999999998,0.0,True,2388.7,64.5,40021.3
NU00575,NU_L364,train,1.68608,3.9345,0.0,True,2388.7,64.5,40021.3
NU00575,NU_L364,train,2.00608,4.373799999999999,0.0,True,2388.7,64.5,40021.3
NU00575,NU_L364,train,2.34938,4.8124999999999964,0.0,True,2388.7,64.5,40021.3
NU00575,NU_L364,train,2.79629,4.709099999999999,0.0,True,2388.7,64.5,40021.3
NU00575,NU_L364,train,3.22404,4.821899999999996,0.0,True,2388.7,64.5,40021.3
NU00575,NU_L364,train,3.95963,5.1534999999999975,0.0,True,2388.7,64.5,40021.3
NU00575,NU_L364,train,6.35958,6.578300000000002,0.0,True,2388.7,64.5,40021.3
NU00575,NU_L364,train,10.3696,8.980299999999996,0.0,False,2388.7,64.5,40021.3
NU00575,NU_L364,train,21.0746,13.342299999999998,0.0,False,2388.7,64.5,40021.3
NU00575,NU_L364,train,32.8196,13.572399999999998,0.0,False,2388.7,64.5,40021.3
NU00575,NU_L364,train,44.2792,15.317699999999999,0.0,False,2388.7,64.5,40021.3
NU00575,NU_L364,train,49.4708,15.212399999999999,0.0,False,2388.7,64.5,40021.3
NU00575,NU_L364,train,73.3292,18.262800000000002,0.0,False,2388.7,64.5,40021.3
NU00575,NU_L364,train,91.4458,19.3546,0.0,False,2388.7,64.5,40021.3
NU00575,NU_L364,train,123.396,20.8828,0.0,False,2388.7,64.5,40021.3
NU00575,NU_L364,train,144.396,22.5153,0.0,False,2388.7,64.5,40021.3
NU00576,NU_L364,train,0.0,0.0,0.0,True,2370.0,40.2,34185.9
NU00576,NU_L364,train,0.00138608,1.1206999999999994,0.0,True,2370.0,40.2,34185.9
NU00576,NU_L364,train,0.00352525,1.4738000000000007,0.0,True,2370.0,40.2,34185.9
NU00576,NU_L364,train,0.0131037,2.2720999999999982,0.0,True,2370.0,40.2,34185.9
NU00576,NU_L364,train,0.0217433,2.286999999999999,0.0,True,2370.0,40.2,34185.9
NU00576,NU_L364,train,0.0637625,2.644300000000001,0.0,True,2370.0,40.2,34185.9
NU00576,NU_L364,train,0.138413,3.2098000000000013,0.0,True,2370.0,40.2,34185.9
NU00576,NU_L364,train,0.776625,3.586199999999998,0.0,True,2370.0,40.2,34185.9
NU00576,NU_L364,train,1.01621,3.811099999999996,0.0,True,2370.0,40.2,34185.9
NU00576,NU_L364,train,5.6975,5.272799999999997,0.0,True,2370.0,40.2,34185.9
NU00576,NU_L364,train,6.8875,5.603900000000003,0.0,True,2370.0,40.2,34185.9
NU00576,NU_L364,train,14.2413,7.9044000000000025,0.0,False,2370.0,40.2,34185.9
NU00576,NU_L364,train,20.8079,8.7838,0.0,False,2370.0,40.2,34185.9
NU00576,NU_L364,train,27.6496,9.660400000000003,0.0,False,2370.0,40.2,34185.9
NU00576,NU_L364,train,39.1379,10.647399999999998,0.0,False,2370.0,40.2,34185.9
NU00576,NU_L364,train,51.15,12.608800000000002,0.0,False,2370.0,40.2,34185.9
NU00576,NU_L364,train,71.275,13.486699999999999,0.0,False,2370.0,40.2,34185.9
NU00576,NU_L364,train,84.8,13.926000000000002,0.0,False,2370.0,40.2,34185.9
NU00576,NU_L364,train,112.742,14.042900000000003,0.0,False,2370.0,40.2,34185.9
NU00576,NU_L364,train,134.137,14.482100000000003,0.0,False,2370.0,40.2,34185.9
NU00577,NU_L364,train,0.0,0.0,0.0,True,2420.95,53.4,37579.6
NU00577,NU_L364,train,0.000712667,1.9844000000000008,0.0,True,2420.95,53.4,37579.6
NU00577,NU_L364,train,0.0014295,2.322400000000002,0.0,True,2420.95,53.4,37579.6
NU00577,NU_L364,train,0.00215667,2.6569000000000003,0.0,True,2420.95,53.4,37579.6
NU00577,NU_L364,train,0.00282221,2.770000000000003,0.0,True,2420.95,53.4,37579.6
NU00577,NU_L364,train,0.00490917,3.2162000000000006,0.0,True,2420.95,53.4,37579.6
NU00577,NU_L364,train,0.00854,3.552500000000002,0.0,True,2420.95,53.4,37579.6
NU00577,NU_L364,train,0.0128829,3.9969000000000037,0.0,True,2420.95,53.4,37579.6
NU00577,NU_L364,train,0.099125,5.4498999999999995,0.0,True,2420.95,53.4,37579.6
NU00577,NU_L364,train,0.123692,5.6723,0.0,True,2420.95,53.4,37579.6
NU00577,NU_L364,train,0.135883,7.102000000000004,0.0,True,2420.95,53.4,37579.6
NU00577,NU_L364,train,0.154208,7.2134,0.0,True,2420.95,53.4,37579.6
NU00577,NU_L364,train,0.965417,9.433100000000003,0.0,True,2420.95,53.4,37579.6
NU00577,NU_L364,train,2.91783,11.973800000000004,0.0,True,2420.95,53.4,37579.6
NU00577,NU_L364,train,3.94163,11.8675,0.0,True,2420.95,53.4,37579.6
NU00577,NU_L364,train,13.4979,16.9371,0.0,False,2420.95,53.4,37579.6
NU00577,NU_L364,train,24.5821,19.691499999999998,0.0,False,2420.95,53.4,37579.6
NU00577,NU_L364,train,26.175,20.4615,0.0,False,2420.95,53.4,37579.6
NU00577,NU_L364,train,28.3154,21.231700000000004,0.0,False,2420.95,53.4,37579.6
NU00577,NU_L364,train,32.64,21.6729,0.0,False,2420.95,53.4,37579.6
NU00577,NU_L364,train,38.8029,23.323300000000003,0.0,False,2420.95,53.4,37579.6
NU00577,NU_L364,train,52.3542,24.975300000000004,0.0,False,2420.95,53.4,37579.6
NU00577,NU_L364,train,63.2708,25.746700000000004,0.0,False,2420.95,53.4,37579.6
NU00577,NU_L364,train,68.4458,26.5169,0.0,False,2420.95,53.4,37579.6
NU00577,NU_L364,train,75.2083,27.6169,0.0,False,2420.95,53.4,37579.6
NU00577,NU_L364,train,80.0875,28.277,0.0,False,2420.95,53.4,37579.6
NU00577,NU_L364,train,92.325,28.608400000000003,0.0,False,2420.95,53.4,37579.6
NU00577,NU_L364,train,95.2417,29.378,0.0,False,2420.95,53.4,37579.6
NU00577,NU_L364,train,106.375,29.709000000000003,0.0,False,2420.95,53.4,37579.6
NU00577,NU_L364,train,113.271,30.479,0.0,False,2420.95,53.4,37579.6
NU00577,NU_L364,train,130.5,31.6894,0.0,False,2420.95,53.4,37579.6
NU00577,NU_L364,train,138.871,33.338499999999996,0.0,False,2420.95,53.4,37579.6
NU00578,NU_L364,train,0.0,0.0,0.0,True,2438.46,43.0,34961.9
NU00578,NU_L364,train,0.00566708,1.5696000000000012,0.0,True,2438.46,43.0,34961.9
NU00578,NU_L364,train,0.0861208,2.8108000000000004,0.0,True,2438.46,43.0,34961.9
NU00578,NU_L364,train,4.01375,8.461100000000002,0.0,True,2438.46,43.0,34961.9
NU00578,NU_L364,train,7.43292,9.896999999999998,0.0,True,2438.46,43.0,34961.9
NU00578,NU_L364,train,17.4392,12.544600000000003,0.0,False,2438.46,43.0,34961.9
NU00578,NU_L364,train,20.4183,13.3157,0.0,False,2438.46,43.0,34961.9
NU00578,NU_L364,train,22.1,13.316600000000001,0.0,False,2438.46,43.0,34961.9
NU00578,NU_L364,train,27.5667,14.088500000000003,0.0,False,2438.46,43.0,34961.9
NU00578,NU_L364,train,32.2858,14.420000000000002,0.0,False,2438.46,43.0,34961.9
NU00578,NU_L364,train,48.6792,15.633700000000005,0.0,False,2438.46,43.0,34961.9
NU00578,NU_L364,train,57.9,16.514900000000004,0.0,False,2438.46,43.0,34961.9
NU00578,NU_L364,train,71.0958,17.176700000000004,0.0,False,2438.46,43.0,34961.9
NU00578,NU_L364,train,85.9583,17.288899999999998,0.0,False,2438.46,43.0,34961.9
NU00578,NU_L364,train,99.0792,17.840000000000003,0.0,False,2438.46,43.0,34961.9
NU00578,NU_L364,train,110.633,18.500700000000002,0.0,False,2438.46,43.0,34961.9
NU00578,NU_L364,train,115.963,19.160600000000002,0.0,False,2438.46,43.0,34961.9
NU00578,NU_L364,train,125.492,19.381300000000003,0.0,False,2438.46,43.0,34961.9
NU00578,NU_L364,train,140.108,20.261700000000005,0.0,False,2438.46,43.0,34961.9
NU00578,NU_L364,train,151.521,21.471400000000003,0.0,False,2438.46,43.0,34961.9
NU00580,NU_L365,train,0.0,0.0,0.0,True,2405.23,81.0,43178.4
NU00580,NU_L365,train,3.052,7.401700000000002,0.0,True,2405.23,81.0,43178.4
NU00580,NU_L365,train,4.645,10.075600000000001,0.0,True,2405.23,81.0,43178.4
NU00580,NU_L365,train,14.24,13.2532,0.0,False,2405.23,81.0,43178.4
NU00580,NU_L365,train,16.87,12.3232,0.0,False,2405.23,81.0,43178.4
NU00580,NU_L365,train,19.79,11.780700000000003,0.0,False,2405.23,81.0,43178.4
NU00580,NU_L365,train,23.24,13.098199999999999,0.0,False,2405.23,81.0,43178.4
NU00580,NU_L365,train,26.33,15.094000000000001,0.0,False,2405.23,81.0,43178.4
NU00580,NU_L365,train,28.66,13.7958,0.0,False,2405.23,81.0,43178.4
NU00580,NU_L365,train,31.65,14.783999999999999,0.0,False,2405.23,81.0,43178.4
NU00580,NU_L365,train,36.28,15.152100000000004,0.0,False,2405.23,81.0,43178.4
NU00580,NU_L365,train,41.6,17.4191,0.0,False,2405.23,81.0,43178.4
NU00580,NU_L365,train,43.99,15.229600000000005,0.0,False,2405.23,81.0,43178.4
NU00580,NU_L365,train,48.2,17.1866,0.0,False,2405.23,81.0,43178.4
NU00580,NU_L365,train,50.39,15.6171,0.0,False,2405.23,81.0,43178.4
NU00580,NU_L365,train,54.09,17.961600000000004,0.0,False,2405.23,81.0,43178.4
NU00580,NU_L365,train,56.38,17.302800000000005,0.0,False,2405.23,81.0,43178.4
NU00580,NU_L365,train,62.41,18.4848,0.0,False,2405.23,81.0,43178.4
NU00580,NU_L365,train,65.3,18.581700000000005,0.0,False,2405.23,81.0,43178.4
NU00580,NU_L365,train,68.24,17.767900000000004,0.0,False,2405.23,81.0,43178.4
NU00580,NU_L365,train,75.08,18.872300000000003,0.0,False,2405.23,81.0,43178.4
NU00580,NU_L365,train,79.45,18.3298,0.0,False,2405.23,81.0,43178.4
NU00580,NU_L365,train,83.97,20.344900000000003,0.0,False,2405.23,81.0,43178.4
NU00580,NU_L365,train,87.85,20.1511,0.0,False,2405.23,81.0,43178.4
NU00580,NU_L365,train,117.5,21.5075,0.0,False,2405.23,81.0,43178.4
NU00580,NU_L365,train,122.2,20.344900000000003,0.0,False,2405.23,81.0,43178.4
NU00580,NU_L365,train,132.2,21.895000000000003,0.0,False,2405.23,81.0,43178.4
NU00580,NU_L365,train,136.3,23.057500000000005,0.0,False,2405.23,81.0,43178.4
NU00580,NU_L365,train,140.4,21.7012,0.0,False,2405.23,81.0,43178.4
NU00580,NU_L365,train,143.3,22.2825,0.0,False,2405.23,81.0,43178.4
NU00580,NU_L365,train,147.2,21.7012,0.0,False,2405.23,81.0,43178.4
NU00580,NU_L365,train,150.7,22.2825,0.0,False,2405.23,81.0,43178.4
NU00580,NU_L365,train,158.0,20.9262,0.0,False,2405.23,81.0,43178.4
NU00581,NU_L365,train,0.0,0.0,0.0,True,2405.23,81.0,43178.4
NU00581,NU_L365,train,2.295,6.1035,0.0,True,2405.23,81.0,43178.4
NU00581,NU_L365,train,4.583,10.0368,0.0,True,2405.23,81.0,43178.4
NU00581,NU_L365,train,14.11,14.086400000000005,0.0,False,2405.23,81.0,43178.4
NU00581,NU_L365,train,19.9,12.8463,0.0,False,2405.23,81.0,43178.4
NU00581,NU_L365,train,23.68,15.365200000000002,0.0,False,2405.23,81.0,43178.4
NU00581,NU_L365,train,26.59,15.559000000000005,0.0,False,2405.23,81.0,43178.4
NU00581,NU_L365,train,28.7,15.152100000000004,0.0,False,2405.23,81.0,43178.4
NU00581,NU_L365,train,35.67,16.547200000000004,0.0,False,2405.23,81.0,43178.4
NU00581,NU_L365,train,40.4,17.767900000000004,0.0,False,2405.23,81.0,43178.4
NU00581,NU_L365,train,42.57,18.775400000000005,0.0,False,2405.23,81.0,43178.4
NU00581,NU_L365,train,44.11,16.740900000000003,0.0,False,2405.23,81.0,43178.4
NU00581,NU_L365,train,48.29,18.446000000000005,0.0,False,2405.23,81.0,43178.4
NU00581,NU_L365,train,50.3,16.9735,0.0,False,2405.23,81.0,43178.4
NU00581,NU_L365,train,54.78,19.318000000000005,0.0,False,2405.23,81.0,43178.4
NU00581,NU_L365,train,56.75,18.3298,0.0,False,2405.23,81.0,43178.4
NU00581,NU_L365,train,58.92,19.318000000000005,0.0,False,2405.23,81.0,43178.4
NU00581,NU_L365,train,61.96,20.1511,0.0,False,2405.23,81.0,43178.4
NU00581,NU_L365,train,64.89,20.344900000000003,0.0,False,2405.23,81.0,43178.4
NU00581,NU_L365,train,68.94,19.163000000000004,0.0,False,2405.23,81.0,43178.4
NU00581,NU_L365,train,76.08,20.5387,0.0,False,2405.23,81.0,43178.4
NU00581,NU_L365,train,79.54,20.5387,0.0,False,2405.23,81.0,43178.4
NU00581,NU_L365,train,84.1,21.7012,0.0,False,2405.23,81.0,43178.4
NU00581,NU_L365,train,89.82,21.5075,0.0,False,2405.23,81.0,43178.4
NU00581,NU_L365,train,101.4,21.7012,0.0,False,2405.23,81.0,43178.4
NU00581,NU_L365,train,119.1,22.863800000000005,0.0,False,2405.23,81.0,43178.4
NU00581,NU_L365,train,124.0,21.313700000000004,0.0,False,2405.23,81.0,43178.4
NU00581,NU_L365,train,130.4,22.67,0.0,False,2405.23,81.0,43178.4
NU00581,NU_L365,train,137.8,23.8326,0.0,False,2405.23,81.0,43178.4
NU00581,NU_L365,train,140.9,22.088700000000003,0.0,False,2405.23,81.0,43178.4
NU00581,NU_L365,train,144.4,23.2513,0.0,False,2405.23,81.0,43178.4
NU00581,NU_L365,train,148.6,22.088700000000003,0.0,False,2405.23,81.0,43178.4
NU00581,NU_L365,train,151.3,22.863800000000005,0.0,False,2405.23,81.0,43178.4
NU00581,NU_L365,train,158.5,21.5075,0.0,False,2405.23,81.0,43178.4
NU00582,NU_L365,train,0.0,0.0,0.0,True,2405.23,81.0,43178.4
NU00582,NU_L365,train,2.977,8.1186,0.0,True,2405.23,81.0,43178.4
NU00582,NU_L365,train,4.746,11.451300000000003,0.0,True,2405.23,81.0,43178.4
NU00582,NU_L365,train,13.79,11.9938,0.0,False,2405.23,81.0,43178.4
NU00582,NU_L365,train,16.3,13.408300000000004,0.0,False,2405.23,81.0,43178.4
NU00582,NU_L365,train,19.73,13.001400000000004,0.0,False,2405.23,81.0,43178.4
NU00582,NU_L365,train,26.45,17.535400000000003,0.0,False,2405.23,81.0,43178.4
NU00582,NU_L365,train,28.89,17.4191,0.0,False,2405.23,81.0,43178.4
NU00582,NU_L365,train,36.08,19.279200000000003,0.0,False,2405.23,81.0,43178.4
NU00582,NU_L365,train,40.41,19.9574,0.0,False,2405.23,81.0,43178.4
NU00582,NU_L365,train,42.64,20.7324,0.0,False,2405.23,81.0,43178.4
NU00582,NU_L365,train,44.08,17.981,0.0,False,2405.23,81.0,43178.4
NU00582,NU_L365,train,48.32,20.5387,0.0,False,2405.23,81.0,43178.4
NU00582,NU_L365,train,50.37,18.4848,0.0,False,2405.23,81.0,43178.4
NU00582,NU_L365,train,54.76,21.313700000000004,0.0,False,2405.23,81.0,43178.4
NU00582,NU_L365,train,56.78,19.763600000000004,0.0,False,2405.23,81.0,43178.4
NU00582,NU_L365,train,59.14,21.1199,0.0,False,2405.23,81.0,43178.4
NU00582,NU_L365,train,61.83,22.2825,0.0,False,2405.23,81.0,43178.4
NU00582,NU_L365,train,65.4,22.088700000000003,0.0,False,2405.23,81.0,43178.4
NU00582,NU_L365,train,75.34,21.1199,0.0,False,2405.23,81.0,43178.4
NU00582,NU_L365,train,78.89,21.1199,0.0,False,2405.23,81.0,43178.4
NU00582,NU_L365,train,83.35,22.67,0.0,False,2405.23,81.0,43178.4
NU00582,NU_L365,train,88.79,24.026400000000002,0.0,False,2405.23,81.0,43178.4
NU00582,NU_L365,train,119.6,27.1265,0.0,False,2405.23,81.0,43178.4
NU00582,NU_L365,train,123.9,25.188900000000004,0.0,False,2405.23,81.0,43178.4
NU00582,NU_L365,train,130.5,25.964,0.0,False,2405.23,81.0,43178.4
NU00582,NU_L365,train,132.9,25.5764,0.0,False,2405.23,81.0,43178.4
NU00582,NU_L365,train,137.2,26.9328,0.0,False,2405.23,81.0,43178.4
NU00582,NU_L365,train,141.0,24.995200000000004,0.0,False,2405.23,81.0,43178.4
NU00582,NU_L365,train,144.4,26.1577,0.0,False,2405.23,81.0,43178.4
NU00582,NU_L365,train,148.1,25.3827,0.0,False,2405.23,81.0,43178.4
NU00582,NU_L365,train,150.9,25.964,0.0,False,2405.23,81.0,43178.4
NU00582,NU_L365,train,155.3,25.3827,0.0,False,2405.23,81.0,43178.4
NU00582,NU_L365,train,158.2,24.413899999999998,0.0,False,2405.23,81.0,43178.4
NU00583,NU_L365,train,0.0,0.0,0.0,True,2405.23,81.0,43178.4
NU00583,NU_L365,train,3.268,6.180999999999997,0.0,True,2405.23,81.0,43178.4
NU00583,NU_L365,train,5.424,6.6266,0.0,True,2405.23,81.0,43178.4
NU00583,NU_L365,train,9.983,8.1573,0.0,True,2405.23,81.0,43178.4
NU00583,NU_L365,train,13.9,9.746199999999998,0.0,False,2405.23,81.0,43178.4
NU00583,NU_L365,train,18.65,10.9862,0.0,False,2405.23,81.0,43178.4
NU00583,NU_L365,train,20.93,10.269299999999998,0.0,False,2405.23,81.0,43178.4
NU00583,NU_L365,train,24.45,11.2575,0.0,False,2405.23,81.0,43178.4
NU00583,NU_L365,train,27.28,11.296199999999999,0.0,False,2405.23,81.0,43178.4
NU00583,NU_L365,train,31.13,12.090699999999998,0.0,False,2405.23,81.0,43178.4
NU00583,NU_L365,train,33.49,12.090699999999998,0.0,False,2405.23,81.0,43178.4
NU00583,NU_L365,train,41.65,13.853899999999996,0.0,False,2405.23,81.0,43178.4
NU00583,NU_L365,train,44.98,13.601999999999997,0.0,False,2405.23,81.0,43178.4
NU00583,NU_L365,train,51.66,14.512700000000002,0.0,False,2405.23,81.0,43178.4
NU00583,NU_L365,train,55.68,13.6601,0.0,False,2405.23,81.0,43178.4
NU00583,NU_L365,train,60.13,14.745199999999997,0.0,False,2405.23,81.0,43178.4
NU00583,NU_L365,train,65.09,15.520199999999996,0.0,False,2405.23,81.0,43178.4
NU00583,NU_L365,train,72.15,15.733399999999996,0.0,False,2405.23,81.0,43178.4
NU00583,NU_L365,train,95.57,17.612899999999996,0.0,False,2405.23,81.0,43178.4
NU00583,NU_L365,train,102.0,17.438499999999998,0.0,False,2405.23,81.0,43178.4
NU00583,NU_L365,train,105.9,17.9035,0.0,False,2405.23,81.0,43178.4
NU00583,NU_L365,train,109.0,18.504199999999997,0.0,False,2405.23,81.0,43178.4
NU00583,NU_L365,train,113.5,17.9035,0.0,False,2405.23,81.0,43178.4
NU00583,NU_L365,train,116.4,18.2716,0.0,False,2405.23,81.0,43178.4
NU00583,NU_L365,train,120.7,17.8647,0.0,False,2405.23,81.0,43178.4
NU00583,NU_L365,train,123.7,18.4073,0.0,False,2405.23,81.0,43178.4
NU00583,NU_L365,train,127.6,18.387900000000002,0.0,False,2405.23,81.0,43178.4
NU00583,NU_L365,train,130.2,17.981,0.0,False,2405.23,81.0,43178.4
NU00583,NU_L365,train,137.6,19.2598,0.0,False,2405.23,81.0,43178.4
NU00583,NU_L365,train,142.5,19.182299999999998,0.0,False,2405.23,81.0,43178.4
NU00583,NU_L365,train,150.8,19.763599999999997,0.0,False,2405.23,81.0,43178.4
NU00584,NU_L365,train,0.0,0.0,0.0,True,2405.23,81.0,43178.4
NU00584,NU_L365,train,2.987,4.320899999999998,0.0,True,2405.23,81.0,43178.4
NU00584,NU_L365,train,13.48,7.343499999999999,0.0,False,2405.23,81.0,43178.4
NU00584,NU_L365,train,18.38,9.261799999999997,0.0,False,2405.23,81.0,43178.4
NU00584,NU_L365,train,21.59,8.758,0.0,False,2405.23,81.0,43178.4
NU00584,NU_L365,train,26.48,9.397399999999998,0.0,False,2405.23,81.0,43178.4
NU00584,NU_L365,train,31.27,9.494299999999999,0.0,False,2405.23,81.0,43178.4
NU00584,NU_L365,train,33.16,10.075599999999998,0.0,False,2405.23,81.0,43178.4
NU00584,NU_L365,train,38.31,11.141199999999998,0.0,False,2405.23,81.0,43178.4
NU00584,NU_L365,train,41.7,11.7031,0.0,False,2405.23,81.0,43178.4
NU00584,NU_L365,train,44.59,11.412499999999998,0.0,False,2405.23,81.0,43178.4
NU00584,NU_L365,train,51.54,12.4394,0.0,False,2405.23,81.0,43178.4
NU00584,NU_L365,train,55.65,11.9163,0.0,False,2405.23,81.0,43178.4
NU00584,NU_L365,train,61.45,12.478199999999998,0.0,False,2405.23,81.0,43178.4
NU00584,NU_L365,train,65.24,13.505099999999999,0.0,False,2405.23,81.0,43178.4
NU00584,NU_L365,train,76.04,13.7183,0.0,False,2405.23,81.0,43178.4
NU00584,NU_L365,train,95.59,14.919599999999996,0.0,False,2405.23,81.0,43178.4
NU00584,NU_L365,train,101.9,15.0552,0.0,False,2405.23,81.0,43178.4
NU00584,NU_L365,train,105.3,15.307099999999998,0.0,False,2405.23,81.0,43178.4
NU00584,NU_L365,train,109.4,16.295299999999997,0.0,False,2405.23,81.0,43178.4
NU00584,NU_L365,train,113.2,15.597699999999996,0.0,False,2405.23,81.0,43178.4
NU00584,NU_L365,train,116.4,15.888399999999997,0.0,False,2405.23,81.0,43178.4
NU00584,NU_L365,train,120.6,15.597699999999996,0.0,False,2405.23,81.0,43178.4
NU00584,NU_L365,train,123.1,16.256499999999996,0.0,False,2405.23,81.0,43178.4
NU00584,NU_L365,train,127.7,16.392200000000003,0.0,False,2405.23,81.0,43178.4
NU00584,NU_L365,train,130.7,15.442700000000002,0.0,False,2405.23,81.0,43178.4
NU00584,NU_L365,train,135.2,16.624699999999997,0.0,False,2405.23,81.0,43178.4
NU00584,NU_L365,train,137.7,17.0897,0.0,False,2405.23,81.0,43178.4
NU00584,NU_L365,train,141.8,16.7797,0.0,False,2405.23,81.0,43178.4
NU00584,NU_L365,train,146.0,16.954099999999997,0.0,False,2405.23,81.0,43178.4
NU00584,NU_L365,train,150.9,17.438499999999998,0.0,False,2405.23,81.0,43178.4
NU00585,NU_L365,train,0.0,0.0,0.0,True,2405.23,81.0,43178.4
NU00585,NU_L365,train,2.966,5.2315000000000005,0.0,True,2405.23,81.0,43178.4
NU00585,NU_L365,train,4.531,5.599699999999999,0.0,True,2405.23,81.0,43178.4
NU00585,NU_L365,train,8.252,7.0722999999999985,0.0,True,2405.23,81.0,43178.4
NU00585,NU_L365,train,12.31,8.1573,0.0,False,2405.23,81.0,43178.4
NU00585,NU_L365,train,16.76,9.939899999999998,0.0,False,2405.23,81.0,43178.4
NU00585,NU_L365,train,18.76,10.017399999999999,0.0,False,2405.23,81.0,43178.4
NU00585,NU_L365,train,21.05,8.8936,0.0,False,2405.23,81.0,43178.4
NU00585,NU_L365,train,26.07,9.939899999999998,0.0,False,2405.23,81.0,43178.4
NU00585,NU_L365,train,31.23,10.288699999999999,0.0,False,2405.23,81.0,43178.4
NU00585,NU_L365,train,32.7,10.559999999999999,0.0,False,2405.23,81.0,43178.4
NU00585,NU_L365,train,38.22,12.090699999999998,0.0,False,2405.23,81.0,43178.4
NU00585,NU_L365,train,41.15,12.555699999999998,0.0,False,2405.23,81.0,43178.4
NU00585,NU_L365,train,44.14,12.071299999999997,0.0,False,2405.23,81.0,43178.4
NU00585,NU_L365,train,51.49,13.078899999999997,0.0,False,2405.23,81.0,43178.4
NU00585,NU_L365,train,55.43,12.710699999999996,0.0,False,2405.23,81.0,43178.4
NU00585,NU_L365,train,60.59,13.137,0.0,False,2405.23,81.0,43178.4
NU00585,NU_L365,train,65.91,14.338299999999997,0.0,False,2405.23,81.0,43178.4
NU00585,NU_L365,train,75.63,14.5321,0.0,False,2405.23,81.0,43178.4
NU00585,NU_L365,train,95.62,16.5278,0.0,False,2405.23,81.0,43178.4
NU00585,NU_L365,train,99.77,16.140299999999996,0.0,False,2405.23,81.0,43178.4
NU00585,NU_L365,train,102.6,16.5084,0.0,False,2405.23,81.0,43178.4
NU00585,NU_L365,train,105.6,16.5084,0.0,False,2405.23,81.0,43178.4
NU00585,NU_L365,train,109.7,17.690399999999997,0.0,False,2405.23,81.0,43178.4
NU00586,NU_L365,train,0.0,0.0,0.0,True,2405.23,81.0,43178.4
NU00586,NU_L365,train,2.529,5.909699999999997,0.0,True,2405.23,81.0,43178.4
NU00586,NU_L365,train,4.576,6.1616,0.0,True,2405.23,81.0,43178.4
NU00586,NU_L365,train,8.327,7.111000000000001,0.0,True,2405.23,81.0,43178.4
NU00586,NU_L365,train,11.72,8.8549,0.0,False,2405.23,81.0,43178.4
NU00586,NU_L365,train,16.23,10.4631,0.0,False,2405.23,81.0,43178.4
NU00586,NU_L365,train,18.26,10.947499999999998,0.0,False,2405.23,81.0,43178.4
NU00586,NU_L365,train,20.38,9.843,0.0,False,2405.23,81.0,43178.4
NU00586,NU_L365,train,24.45,10.6568,0.0,False,2405.23,81.0,43178.4
NU00586,NU_L365,train,26.82,10.7731,0.0,False,2405.23,81.0,43178.4
NU00586,NU_L365,train,30.12,11.3156,0.0,False,2405.23,81.0,43178.4
NU00586,NU_L365,train,32.8,11.5288,0.0,False,2405.23,81.0,43178.4
NU00586,NU_L365,train,38.41,13.350099999999998,0.0,False,2405.23,81.0,43178.4
NU00586,NU_L365,train,41.86,13.911999999999999,0.0,False,2405.23,81.0,43178.4
NU00586,NU_L365,train,45.21,13.621400000000001,0.0,False,2405.23,81.0,43178.4
NU00586,NU_L365,train,51.47,14.939,0.0,False,2405.23,81.0,43178.4
NU00586,NU_L365,train,54.96,14.997099999999996,0.0,False,2405.23,81.0,43178.4
NU00586,NU_L365,train,59.57,14.648299999999999,0.0,False,2405.23,81.0,43178.4
NU00586,NU_L365,train,64.9,15.7915,0.0,False,2405.23,81.0,43178.4
NU00586,NU_L365,train,75.34,16.062799999999996,0.0,False,2405.23,81.0,43178.4
NU00586,NU_L365,train,96.14,18.097299999999997,0.0,False,2405.23,81.0,43178.4
NU00586,NU_L365,train,100.1,17.632199999999997,0.0,False,2405.23,81.0,43178.4
NU00586,NU_L365,train,103.6,17.806599999999996,0.0,False,2405.23,81.0,43178.4
NU00586,NU_L365,train,109.6,19.0079,0.0,False,2405.23,81.0,43178.4
NU00586,NU_L365,train,113.3,17.981,0.0,False,2405.23,81.0,43178.4
NU00586,NU_L365,train,117.2,18.5623,0.0,False,2405.23,81.0,43178.4
NU00586,NU_L365,train,120.4,17.9035,0.0,False,2405.23,81.0,43178.4
NU00586,NU_L365,train,124.0,18.5623,0.0,False,2405.23,81.0,43178.4
NU00586,NU_L365,train,128.3,18.542899999999996,0.0,False,2405.23,81.0,43178.4
NU00586,NU_L365,train,131.2,17.516,0.0,False,2405.23,81.0,43178.4
NU00586,NU_L365,train,137.4,19.5698,0.0,False,2405.23,81.0,43178.4
NU00586,NU_L365,train,142.5,19.3179,0.0,False,2405.23,81.0,43178.4
NU00586,NU_L365,train,146.3,19.5698,0.0,False,2405.23,81.0,43178.4
NU00586,NU_L365,train,151.8,20.1511,0.0,False,2405.23,81.0,43178.4
NU00587,NU_L365,train,0.0,0.0,0.0,True,1838.64,85.2,43912.2
NU00587,NU_L365,train,1.864,5.300600000000003,0.0,True,1838.64,85.2,43912.2
NU00587,NU_L365,train,6.428,8.418700000000001,0.0,True,1838.64,85.2,43912.2
NU00587,NU_L365,train,9.589,9.866300000000003,0.0,True,1838.64,85.2,43912.2
NU00587,NU_L365,train,14.23,13.541200000000003,0.0,False,1838.64,85.2,43912.2
NU00587,NU_L365,train,18.38,14.142499999999998,0.0,False,1838.64,85.2,43912.2
NU00587,NU_L365,train,21.09,15.345199999999998,0.0,False,1838.64,85.2,43912.2
NU00587,NU_L365,train,23.83,16.0801,0.0,False,1838.64,85.2,43912.2
NU00587,NU_L365,train,26.27,16.2138,0.0,False,1838.64,85.2,43912.2
NU00587,NU_L365,train,27.98,16.726,0.0,False,1838.64,85.2,43912.2
NU00587,NU_L365,train,37.93,17.5501,0.0,False,1838.64,85.2,43912.2
NU00587,NU_L365,train,45.15,19.153600000000004,0.0,False,1838.64,85.2,43912.2
NU00587,NU_L365,train,49.45,19.1759,0.0,False,1838.64,85.2,43912.2
NU00587,NU_L365,train,53.72,19.6659,0.0,False,1838.64,85.2,43912.2
NU00587,NU_L365,train,59.33,20.9131,0.0,False,1838.64,85.2,43912.2
NU00587,NU_L365,train,62.38,20.5122,0.0,False,1838.64,85.2,43912.2
NU00587,NU_L365,train,69.39,21.7594,0.0,False,1838.64,85.2,43912.2
NU00587,NU_L365,train,88.66,22.271700000000003,0.0,False,1838.64,85.2,43912.2
NU00587,NU_L365,train,93.28,22.939799999999998,0.0,False,1838.64,85.2,43912.2
NU00587,NU_L365,train,98.41,22.4944,0.0,False,1838.64,85.2,43912.2
NU00587,NU_L365,train,102.8,22.939799999999998,0.0,False,1838.64,85.2,43912.2
NU00587,NU_L365,train,107.0,22.4944,0.0,False,1838.64,85.2,43912.2
NU00587,NU_L365,train,117.1,23.3853,0.0,False,1838.64,85.2,43912.2
NU00587,NU_L365,train,123.8,23.162600000000005,0.0,False,1838.64,85.2,43912.2
NU00587,NU_L365,train,128.7,23.608000000000004,0.0,False,1838.64,85.2,43912.2
NU00587,NU_L365,train,131.1,24.2761,0.0,False,1838.64,85.2,43912.2
NU00587,NU_L365,train,135.1,24.053400000000003,0.0,False,1838.64,85.2,43912.2
NU00587,NU_L365,train,137.9,24.4989,0.0,False,1838.64,85.2,43912.2
NU00588,NU_L365,train,0.0,0.0,0.0,True,1838.64,85.2,43912.2
NU00588,NU_L365,train,1.772,5.590200000000003,0.0,True,1838.64,85.2,43912.2
NU00588,NU_L365,train,5.258,8.975500000000004,0.0,True,1838.64,85.2,43912.2
NU00588,NU_L365,train,11.74,11.915300000000002,0.0,False,1838.64,85.2,43912.2
NU00588,NU_L365,train,17.67,14.432000000000002,0.0,False,1838.64,85.2,43912.2
NU00588,NU_L365,train,20.29,14.6325,0.0,False,1838.64,85.2,43912.2
NU00588,NU_L365,train,24.2,16.481,0.0,False,1838.64,85.2,43912.2
NU00588,NU_L365,train,27.95,17.0601,0.0,False,1838.64,85.2,43912.2
NU00588,NU_L365,train,32.4,17.216,0.0,False,1838.64,85.2,43912.2
NU00588,NU_L365,train,35.22,17.9955,0.0,False,1838.64,85.2,43912.2
NU00588,NU_L365,train,37.51,17.9955,0.0,False,1838.64,85.2,43912.2
NU00588,NU_L365,train,45.21,19.487700000000004,0.0,False,1838.64,85.2,43912.2
NU00588,NU_L365,train,53.98,20.267200000000003,0.0,False,1838.64,85.2,43912.2
NU00588,NU_L365,train,59.28,21.7372,0.0,False,1838.64,85.2,43912.2
NU00588,NU_L365,train,68.83,22.717100000000002,0.0,False,1838.64,85.2,43912.2
NU00588,NU_L365,train,88.92,23.608000000000004,0.0,False,1838.64,85.2,43912.2
NU00588,NU_L365,train,92.56,24.053400000000003,0.0,False,1838.64,85.2,43912.2
NU00588,NU_L365,train,99.43,23.8307,0.0,False,1838.64,85.2,43912.2
NU00588,NU_L365,train,103.1,24.2761,0.0,False,1838.64,85.2,43912.2
NU00588,NU_L365,train,107.1,23.608000000000004,0.0,False,1838.64,85.2,43912.2
NU00588,NU_L365,train,113.7,24.4989,0.0,False,1838.64,85.2,43912.2
NU00588,NU_L365,train,120.6,24.4989,0.0,False,1838.64,85.2,43912.2
NU00588,NU_L365,train,128.0,25.167,0.0,False,1838.64,85.2,43912.2
NU00588,NU_L365,train,130.9,24.9443,0.0,False,1838.64,85.2,43912.2
NU00588,NU_L365,train,135.5,25.167,0.0,False,1838.64,85.2,43912.2
NU00588,NU_L365,train,138.4,25.8352,0.0,False,1838.64,85.2,43912.2
NU00589,NU_L365,train,0.0,0.0,0.0,True,1838.64,85.2,43912.2
NU00589,NU_L365,train,1.796,5.389700000000001,0.0,True,1838.64,85.2,43912.2
NU00589,NU_L365,train,5.805,9.042300000000004,0.0,True,1838.64,85.2,43912.2
NU00589,NU_L365,train,9.918,11.291699999999999,0.0,True,1838.64,85.2,43912.2
NU00589,NU_L365,train,12.09,11.559000000000005,0.0,False,1838.64,85.2,43912.2
NU00589,NU_L365,train,13.63,13.0289,0.0,False,1838.64,85.2,43912.2
NU00589,NU_L365,train,18.15,14.2761,0.0,False,1838.64,85.2,43912.2
NU00589,NU_L365,train,20.5,15.1447,0.0,False,1838.64,85.2,43912.2
NU00589,NU_L365,train,24.69,16.236000000000004,0.0,False,1838.64,85.2,43912.2
NU00589,NU_L365,train,27.84,16.726,0.0,False,1838.64,85.2,43912.2
NU00589,NU_L365,train,34.46,17.6837,0.0,False,1838.64,85.2,43912.2
NU00589,NU_L365,train,38.31,17.5278,0.0,False,1838.64,85.2,43912.2
NU00589,NU_L365,train,45.55,19.086800000000004,0.0,False,1838.64,85.2,43912.2
NU00589,NU_L365,train,54.07,19.621299999999998,0.0,False,1838.64,85.2,43912.2
NU00589,NU_L365,train,58.36,20.8908,0.0,False,1838.64,85.2,43912.2
NU00589,NU_L365,train,62.87,20.7795,0.0,False,1838.64,85.2,43912.2
NU00589,NU_L365,train,91.04,22.717100000000002,0.0,False,1838.64,85.2,43912.2
NU00589,NU_L365,train,95.84,22.939799999999998,0.0,False,1838.64,85.2,43912.2
NU00589,NU_L365,train,99.05,22.4944,0.0,False,1838.64,85.2,43912.2
NU00589,NU_L365,train,102.9,22.939799999999998,0.0,False,1838.64,85.2,43912.2
NU00589,NU_L365,train,106.8,22.717100000000002,0.0,False,1838.64,85.2,43912.2
NU00589,NU_L365,train,113.3,23.162600000000005,0.0,False,1838.64,85.2,43912.2
NU00589,NU_L365,train,116.9,23.162600000000005,0.0,False,1838.64,85.2,43912.2
NU00589,NU_L365,train,120.1,23.3853,0.0,False,1838.64,85.2,43912.2
NU00589,NU_L365,train,124.4,23.3853,0.0,False,1838.64,85.2,43912.2
NU00589,NU_L365,train,138.0,24.053400000000003,0.0,False,1838.64,85.2,43912.2
NU00590,NU_L365,train,0.0,0.0,0.0,True,1838.64,85.2,43912.2
NU00590,NU_L365,train,1.812,6.458800000000004,0.0,True,1838.64,85.2,43912.2
NU00590,NU_L365,train,6.007,10.9131,0.0,True,1838.64,85.2,43912.2
NU00590,NU_L365,train,11.55,13.741599999999998,0.0,False,1838.64,85.2,43912.2
NU00590,NU_L365,train,23.88,17.416400000000003,0.0,False,1838.64,85.2,43912.2
NU00590,NU_L365,train,27.55,18.0623,0.0,False,1838.64,85.2,43912.2
NU00590,NU_L365,train,38.36,19.3318,0.0,False,1838.64,85.2,43912.2
NU00590,NU_L365,train,45.03,20.3786,0.0,False,1838.64,85.2,43912.2
NU00590,NU_L365,train,48.91,19.621299999999998,0.0,False,1838.64,85.2,43912.2
NU00590,NU_L365,train,53.42,21.024500000000003,0.0,False,1838.64,85.2,43912.2
NU00590,NU_L365,train,58.85,22.1381,0.0,False,1838.64,85.2,43912.2
NU00590,NU_L365,train,89.33,23.162600000000005,0.0,False,1838.64,85.2,43912.2
NU00590,NU_L365,train,93.34,23.8307,0.0,False,1838.64,85.2,43912.2
NU00590,NU_L365,train,101.4,24.053400000000003,0.0,False,1838.64,85.2,43912.2
NU00590,NU_L365,train,107.3,24.053400000000003,0.0,False,1838.64,85.2,43912.2
NU00590,NU_L365,train,113.0,24.2761,0.0,False,1838.64,85.2,43912.2
NU00590,NU_L365,train,117.1,24.2761,0.0,False,1838.64,85.2,43912.2
NU00590,NU_L365,train,120.5,24.9443,0.0,False,1838.64,85.2,43912.2
NU00590,NU_L365,train,134.5,24.9443,0.0,False,1838.64,85.2,43912.2
NU00590,NU_L365,train,137.9,25.6124,0.0,False,1838.64,85.2,43912.2
NU00591,NU_L365,train,0.0,0.0,0.0,True,1838.64,85.2,43912.2
NU00591,NU_L365,train,3.074,5.189299999999999,0.0,True,1838.64,85.2,43912.2
NU00591,NU_L365,train,7.32,8.196000000000002,0.0,True,1838.64,85.2,43912.2
NU00591,NU_L365,train,11.24,10.133599999999998,0.0,False,1838.64,85.2,43912.2
NU00591,NU_L365,train,13.82,11.002199999999998,0.0,False,1838.64,85.2,43912.2
NU00591,NU_L365,train,17.34,11.447700000000001,0.0,False,1838.64,85.2,43912.2
NU00591,NU_L365,train,23.03,12.784000000000002,0.0,False,1838.64,85.2,43912.2
NU00591,NU_L365,train,27.35,13.4299,0.0,False,1838.64,85.2,43912.2
NU00591,NU_L365,train,37.51,16.0579,0.0,False,1838.64,85.2,43912.2
NU00591,NU_L365,train,40.96,16.0802,0.0,False,1838.64,85.2,43912.2
NU00591,NU_L365,train,47.69,16.9933,0.0,False,1838.64,85.2,43912.2
NU00591,NU_L365,train,69.62,18.3742,0.0,False,1838.64,85.2,43912.2
NU00591,NU_L365,train,75.17,18.8864,0.0,False,1838.64,85.2,43912.2
NU00591,NU_L365,train,78.81,19.064600000000002,0.0,False,1838.64,85.2,43912.2
NU00591,NU_L365,train,81.44,19.2428,0.0,False,1838.64,85.2,43912.2
NU00591,NU_L365,train,85.92,19.064600000000002,0.0,False,1838.64,85.2,43912.2
NU00591,NU_L365,train,89.31,19.866400000000002,0.0,False,1838.64,85.2,43912.2
NU00591,NU_L365,train,93.4,19.554600000000004,0.0,False,1838.64,85.2,43912.2
NU00591,NU_L365,train,99.97,19.8441,0.0,False,1838.64,85.2,43912.2
NU00591,NU_L365,train,103.2,19.532300000000003,0.0,False,1838.64,85.2,43912.2
NU00591,NU_L365,train,110.4,20.334100000000003,0.0,False,1838.64,85.2,43912.2
NU00591,NU_L365,train,116.9,20.6014,0.0,False,1838.64,85.2,43912.2
NU00592,NU_L365,train,0.0,0.0,0.0,True,1838.64,85.2,43912.2
NU00592,NU_L365,train,2.826,5.300699999999999,0.0,True,1838.64,85.2,43912.2
NU00592,NU_L365,train,5.971,7.216100000000001,0.0,True,1838.64,85.2,43912.2
NU00592,NU_L365,train,11.21,9.888700000000004,0.0,False,1838.64,85.2,43912.2
NU00592,NU_L365,train,14.0,11.0245,0.0,False,1838.64,85.2,43912.2
NU00592,NU_L365,train,18.12,12.026700000000002,0.0,False,1838.64,85.2,43912.2
NU00592,NU_L365,train,24.03,13.786199999999997,0.0,False,1838.64,85.2,43912.2
NU00592,NU_L365,train,28.02,13.719400000000004,0.0,False,1838.64,85.2,43912.2
NU00592,NU_L365,train,32.71,15.456599999999998,0.0,False,1838.64,85.2,43912.2
NU00592,NU_L365,train,37.74,16.637000000000004,0.0,False,1838.64,85.2,43912.2
NU00592,NU_L365,train,40.61,16.503400000000003,0.0,False,1838.64,85.2,43912.2
NU00592,NU_L365,train,51.02,18.1069,0.0,False,1838.64,85.2,43912.2
NU00592,NU_L365,train,68.58,19.888700000000004,0.0,False,1838.64,85.2,43912.2
NU00592,NU_L365,train,71.74,19.9109,0.0,False,1838.64,85.2,43912.2
NU00592,NU_L365,train,75.18,20.49,0.0,False,1838.64,85.2,43912.2
NU00592,NU_L365,train,77.93,20.5123,0.0,False,1838.64,85.2,43912.2
NU00592,NU_L365,train,81.89,20.98,0.0,False,1838.64,85.2,43912.2
NU00592,NU_L365,train,85.89,20.668200000000002,0.0,False,1838.64,85.2,43912.2
NU00592,NU_L365,train,89.08,21.8263,0.0,False,1838.64,85.2,43912.2
NU00592,NU_L365,train,93.3,21.4031,0.0,False,1838.64,85.2,43912.2
NU00592,NU_L365,train,96.25,21.603600000000004,0.0,False,1838.64,85.2,43912.2
NU00592,NU_L365,train,100.2,21.603600000000004,0.0,False,1838.64,85.2,43912.2
NU00592,NU_L365,train,103.0,21.4477,0.0,False,1838.64,85.2,43912.2
NU00592,NU_L365,train,107.1,21.8931,0.0,False,1838.64,85.2,43912.2
NU00592,NU_L365,train,110.3,21.937700000000003,0.0,False,1838.64,85.2,43912.2
NU00592,NU_L365,train,113.7,22.182600000000004,0.0,False,1838.64,85.2,43912.2
NU00592,NU_L365,train,117.0,22.049000000000003,0.0,False,1838.64,85.2,43912.2
NU00593,NU_L365,train,0.0,0.0,0.0,True,1838.64,85.2,43912.2
NU00593,NU_L365,train,3.049,5.345200000000002,0.0,True,1838.64,85.2,43912.2
NU00593,NU_L365,train,5.235,7.0824,0.0,True,1838.64,85.2,43912.2
NU00593,NU_L365,train,7.257,7.906500000000001,0.0,True,1838.64,85.2,43912.2
NU00593,NU_L365,train,11.16,10.311800000000002,0.0,False,1838.64,85.2,43912.2
NU00593,NU_L365,train,14.93,11.247200000000003,0.0,False,1838.64,85.2,43912.2
NU00593,NU_L365,train,24.0,13.363000000000003,0.0,False,1838.64,85.2,43912.2
NU00593,NU_L365,train,27.81,13.4744,0.0,False,1838.64,85.2,43912.2
NU00593,NU_L365,train,37.95,16.770599999999998,0.0,False,1838.64,85.2,43912.2
NU00593,NU_L365,train,41.26,16.4588,0.0,False,1838.64,85.2,43912.2
NU00593,NU_L365,train,67.4,19.220499999999998,0.0,False,1838.64,85.2,43912.2
NU00593,NU_L365,train,72.04,19.198200000000003,0.0,False,1838.64,85.2,43912.2
NU00593,NU_L365,train,74.89,19.955500000000004,0.0,False,1838.64,85.2,43912.2
NU00593,NU_L365,train,77.88,19.8218,0.0,False,1838.64,85.2,43912.2
NU00593,NU_L365,train,81.56,20.445400000000003,0.0,False,1838.64,85.2,43912.2
NU00593,NU_L365,train,85.6,19.933200000000003,0.0,False,1838.64,85.2,43912.2
NU00593,NU_L365,train,88.96,20.846300000000003,0.0,False,1838.64,85.2,43912.2
NU00593,NU_L365,train,92.67,20.846300000000003,0.0,False,1838.64,85.2,43912.2
NU00593,NU_L365,train,95.64,21.0468,0.0,False,1838.64,85.2,43912.2
NU00593,NU_L365,train,100.2,20.757300000000004,0.0,False,1838.64,85.2,43912.2
NU00593,NU_L365,train,107.3,21.0468,0.0,False,1838.64,85.2,43912.2
NU00593,NU_L365,train,110.1,21.4922,0.0,False,1838.64,85.2,43912.2
NU00593,NU_L365,train,114.2,21.670400000000004,0.0,False,1838.64,85.2,43912.2
NU00593,NU_L365,train,116.8,21.559,0.0,False,1838.64,85.2,43912.2
NU00594,NU_L365,train,0.0,0.0,0.0,True,1838.64,85.2,43912.2
NU00594,NU_L365,train,3.205,5.122500000000002,0.0,True,1838.64,85.2,43912.2
NU00594,NU_L365,train,7.438,7.839700000000001,0.0,True,1838.64,85.2,43912.2
NU00594,NU_L365,train,10.96,9.621400000000001,0.0,False,1838.64,85.2,43912.2
NU00594,NU_L365,train,24.05,12.494400000000002,0.0,False,1838.64,85.2,43912.2
NU00594,NU_L365,train,27.74,12.583500000000004,0.0,False,1838.64,85.2,43912.2
NU00594,NU_L365,train,37.98,15.345200000000002,0.0,False,1838.64,85.2,43912.2
NU00594,NU_L365,train,42.09,15.501099999999997,0.0,False,1838.64,85.2,43912.2
NU00594,NU_L365,train,48.28,16.4588,0.0,False,1838.64,85.2,43912.2
NU00594,NU_L365,train,67.72,18.3742,0.0,False,1838.64,85.2,43912.2
NU00594,NU_L365,train,72.37,18.0846,0.0,False,1838.64,85.2,43912.2
NU00594,NU_L365,train,75.1,18.4855,0.0,False,1838.64,85.2,43912.2
NU00594,NU_L365,train,78.26,18.418699999999998,0.0,False,1838.64,85.2,43912.2
NU00594,NU_L365,train,81.84,18.8419,0.0,False,1838.64,85.2,43912.2
NU00594,NU_L365,train,85.64,18.5301,0.0,False,1838.64,85.2,43912.2
NU00594,NU_L365,train,88.67,19.4209,0.0,False,1838.64,85.2,43912.2
NU00594,NU_L365,train,93.0,19.220499999999998,0.0,False,1838.64,85.2,43912.2
NU00594,NU_L365,train,100.6,19.599100000000004,0.0,False,1838.64,85.2,43912.2
NU00594,NU_L365,train,107.7,19.7996,0.0,False,1838.64,85.2,43912.2
NU00594,NU_L365,train,113.6,19.621399999999998,0.0,False,1838.64,85.2,43912.2
NU00594,NU_L365,train,116.6,19.9109,0.0,False,1838.64,85.2,43912.2
NU00595,NU_L366,test,0.0,0.0,0.0,True,2150.01,101.0,46474.2
NU00595,NU_L366,test,0.00681625,0.08759999999999835,0.0,True,2150.01,101.0,46474.2
NU00595,NU_L366,test,0.0234567,0.2502999999999993,0.0,True,2150.01,101.0,46474.2
NU00595,NU_L366,test,0.0451417,0.43789999999999907,0.0,True,2150.01,101.0,46474.2
NU00595,NU_L366,test,0.107413,0.5730000000000004,0.0,True,2150.01,101.0,46474.2
NU00595,NU_L366,test,1.78579,2.3317999999999977,0.0,True,2150.01,101.0,46474.2
NU00595,NU_L366,test,5.9075,4.351099999999999,0.0,True,2150.01,101.0,46474.2
NU00595,NU_L366,test,6.96958,4.855499999999999,0.0,True,2150.01,101.0,46474.2
NU00595,NU_L366,test,7.64083,5.067999999999998,0.0,True,2150.01,101.0,46474.2
NU00595,NU_L366,test,8.45458,5.253999999999998,0.0,True,2150.01,101.0,46474.2
NU00595,NU_L366,test,11.7708,6.077199999999998,0.0,False,2150.01,101.0,46474.2
NU00595,NU_L366,test,12.5525,6.263099999999998,0.0,False,2150.01,101.0,46474.2
NU00595,NU_L366,test,15.7979,6.741199999999999,0.0,False,2150.01,101.0,46474.2
NU00595,NU_L366,test,18.3054,6.927299999999999,0.0,False,2150.01,101.0,46474.2
NU00595,NU_L366,test,20.2537,7.1663,0.0,False,2150.01,101.0,46474.2
NU00595,NU_L366,test,25.2379,8.148399999999999,0.0,False,2150.01,101.0,46474.2
NU00595,NU_L366,test,30.0604,8.4407,0.0,False,2150.01,101.0,46474.2
NU00595,NU_L366,test,40.3271,9.422899999999998,0.0,False,2150.01,101.0,46474.2
NU00595,NU_L366,test,46.2875,9.821199999999997,0.0,False,2150.01,101.0,46474.2
NU00595,NU_L366,test,54.6083,10.325599999999998,0.0,False,2150.01,101.0,46474.2
NU00595,NU_L366,test,61.5375,10.644299999999998,0.0,False,2150.01,101.0,46474.2
NU00595,NU_L366,test,66.2167,10.9893,0.0,False,2150.01,101.0,46474.2
NU00595,NU_L366,test,82.5583,11.599999999999998,0.0,False,2150.01,101.0,46474.2
NU00595,NU_L366,test,93.8417,12.316599999999998,0.0,False,2150.01,101.0,46474.2
NU00595,NU_L366,test,104.817,12.3965,0.0,False,2150.01,101.0,46474.2
NU00595,NU_L366,test,118.113,12.741599999999998,0.0,False,2150.01,101.0,46474.2
NU00595,NU_L366,test,123.667,12.874399999999998,0.0,False,2150.01,101.0,46474.2
NU00595,NU_L366,test,138.108,13.0338,0.0,False,2150.01,101.0,46474.2
NU00595,NU_L366,test,157.079,13.352499999999996,0.0,False,2150.01,101.0,46474.2
NU00596,NU_L366,test,0.0,0.0,0.0,True,2150.01,101.0,46474.2
NU00596,NU_L366,test,0.00135642,0.2685999999999993,0.0,True,2150.01,101.0,46474.2
NU00596,NU_L366,test,0.00273412,0.32369999999999877,0.0,True,2150.01,101.0,46474.2
NU00596,NU_L366,test,0.00546042,0.37879999999999825,0.0,True,2150.01,101.0,46474.2
NU00596,NU_L366,test,0.0157712,0.4878999999999998,0.0,True,2150.01,101.0,46474.2
NU00596,NU_L366,test,0.02239,0.541999999999998,0.0,True,2150.01,101.0,46474.2
NU00596,NU_L366,test,0.0365017,0.6494999999999997,0.0,True,2150.01,101.0,46474.2
NU00596,NU_L366,test,0.105425,0.7585999999999977,0.0,True,2150.01,101.0,46474.2
NU00596,NU_L366,test,0.137737,0.8654999999999973,0.0,True,2150.01,101.0,46474.2
NU00596,NU_L366,test,0.208592,0.8932000000000002,0.0,True,2150.01,101.0,46474.2
NU00596,NU_L366,test,0.260242,1.0,0.0,True,2150.01,101.0,46474.2
NU00596,NU_L366,test,1.88667,2.6236999999999995,0.0,True,2150.01,101.0,46474.2
NU00596,NU_L366,test,6.02417,3.5289,0.0,True,2150.01,101.0,46474.2
NU00596,NU_L366,test,7.51417,3.8212999999999973,0.0,True,2150.01,101.0,46474.2
NU00596,NU_L366,test,8.01458,3.8744999999999976,0.0,True,2150.01,101.0,46474.2
NU00596,NU_L366,test,8.78667,4.0604999999999976,0.0,True,2150.01,101.0,46474.2
NU00596,NU_L366,test,11.7933,4.697899999999997,0.0,False,2150.01,101.0,46474.2
NU00596,NU_L366,test,13.1733,4.724799999999998,0.0,False,2150.01,101.0,46474.2
NU00596,NU_L366,test,15.9812,5.0702,0.0,False,2150.01,101.0,46474.2
NU00596,NU_L366,test,18.6875,5.335799999999999,0.0,False,2150.01,101.0,46474.2
NU00596,NU_L366,test,20.8687,5.548399999999997,0.0,False,2150.01,101.0,46474.2
NU00596,NU_L366,test,25.7829,6.0528999999999975,0.0,False,2150.01,101.0,46474.2
NU00596,NU_L366,test,30.1433,6.4513,0.0,False,2150.01,101.0,46474.2
NU00596,NU_L366,test,41.2158,7.0092,0.0,False,2150.01,101.0,46474.2
NU00596,NU_L366,test,46.4458,7.354399999999998,0.0,False,2150.01,101.0,46474.2
NU00596,NU_L366,test,55.3042,7.8323,0.0,False,2150.01,101.0,46474.2
NU00596,NU_L366,test,63.5083,7.859199999999998,0.0,False,2150.01,101.0,46474.2
NU00596,NU_L366,test,68.3292,8.310399999999998,0.0,False,2150.01,101.0,46474.2
NU00596,NU_L366,test,83.6708,8.602699999999999,0.0,False,2150.01,101.0,46474.2
NU00596,NU_L366,test,95.1458,9.0275,0.0,False,2150.01,101.0,46474.2
NU00596,NU_L366,test,103.371,9.107299999999999,0.0,False,2150.01,101.0,46474.2
NU00596,NU_L366,test,116.496,9.372899999999998,0.0,False,2150.01,101.0,46474.2
NU00596,NU_L366,test,126.537,9.611899999999999,0.0,False,2150.01,101.0,46474.2
NU00596,NU_L366,test,141.329,9.7183,0.0,False,2150.01,101.0,46474.2
NU00596,NU_L366,test,159.275,9.983899999999998,0.0,False,2150.01,101.0,46474.2
NU00597,NU_L366,test,0.0,0.0,0.0,True,2128.31,49.2,36567.4
NU00597,NU_L366,test,0.00265971,0.4936000000000007,0.0,True,2128.31,49.2,36567.4
NU00597,NU_L366,test,0.0061,0.6432000000000002,0.0,True,2128.31,49.2,36567.4
NU00597,NU_L366,test,0.00940917,0.7906000000000013,0.0,True,2128.31,49.2,36567.4
NU00597,NU_L366,test,0.0162125,0.9870000000000019,0.0,True,2128.31,49.2,36567.4
NU00597,NU_L366,test,0.0368383,1.2332999999999998,0.0,True,2128.31,49.2,36567.4
NU00597,NU_L366,test,1.70125,7.398700000000002,0.0,True,2128.31,49.2,36567.4
NU00597,NU_L366,test,5.67875,11.372899999999998,0.0,True,2128.31,49.2,36567.4
NU00597,NU_L366,test,6.8825,13.212599999999998,0.0,True,2128.31,49.2,36567.4
NU00597,NU_L366,test,7.61583,13.551800000000004,0.0,True,2128.31,49.2,36567.4
NU00597,NU_L366,test,8.745,13.697700000000001,0.0,True,2128.31,49.2,36567.4
NU00597,NU_L366,test,11.8308,16.505799999999997,0.0,False,2128.31,49.2,36567.4
NU00597,NU_L366,test,12.3854,16.941599999999998,0.0,False,2128.31,49.2,36567.4
NU00597,NU_L366,test,15.5771,18.684700000000003,0.0,False,2128.31,49.2,36567.4
NU00597,NU_L366,test,18.5479,19.605,0.0,False,2128.31,49.2,36567.4
NU00597,NU_L366,test,20.5158,20.428099999999997,0.0,False,2128.31,49.2,36567.4
NU00597,NU_L366,test,24.3792,24.009800000000002,0.0,False,2128.31,49.2,36567.4
NU00597,NU_L366,test,29.3075,24.494600000000002,0.0,False,2128.31,49.2,36567.4
NU00597,NU_L366,test,40.7058,29.1416,0.0,False,2128.31,49.2,36567.4
NU00597,NU_L366,test,46.2458,31.223000000000003,0.0,False,2128.31,49.2,36567.4
NU00597,NU_L366,test,57.0958,33.014399999999995,0.0,False,2128.31,49.2,36567.4
NU00597,NU_L366,test,61.3583,35.3858,0.0,False,2128.31,49.2,36567.4
NU00597,NU_L366,test,69.15,35.8703,0.0,False,2128.31,49.2,36567.4
NU00597,NU_L366,test,82.9792,38.67779999999999,0.0,False,2128.31,49.2,36567.4
NU00597,NU_L366,test,96.9125,40.8077,0.0,False,2128.31,49.2,36567.4
NU00597,NU_L366,test,102.312,42.25959999999999,0.0,False,2128.31,49.2,36567.4
NU00597,NU_L366,test,118.433,43.90559999999999,0.0,False,2128.31,49.2,36567.4
NU00597,NU_L366,test,126.175,45.55109999999999,0.0,False,2128.31,49.2,36567.4
NU00597,NU_L366,test,138.113,47.971000000000004,0.0,False,2128.31,49.2,36567.4
NU00598,NU_L366,test,0.0,0.0,0.0,True,2128.31,49.2,36567.4
NU00598,NU_L366,test,0.0067525,0.45009999999999906,0.0,True,2128.31,49.2,36567.4
NU00598,NU_L366,test,0.0204225,0.6494999999999997,0.0,True,2128.31,49.2,36567.4
NU00598,NU_L366,test,0.033915,0.7972999999999999,0.0,True,2128.31,49.2,36567.4
NU00598,NU_L366,test,0.0568458,0.8967999999999989,0.0,True,2128.31,49.2,36567.4
NU00598,NU_L366,test,0.0671042,1.0428999999999995,0.0,True,2128.31,49.2,36567.4
NU00598,NU_L366,test,0.0784958,1.0437000000000012,0.0,True,2128.31,49.2,36567.4
NU00598,NU_L366,test,1.75321,4.205200000000001,0.0,True,2128.31,49.2,36567.4
NU00598,NU_L366,test,5.80333,7.017999999999997,0.0,True,2128.31,49.2,36567.4
NU00598,NU_L366,test,7.0425,7.260999999999999,0.0,True,2128.31,49.2,36567.4
NU00598,NU_L366,test,7.65083,7.503299999999999,0.0,True,2128.31,49.2,36567.4
NU00598,NU_L366,test,8.62375,7.794300000000003,0.0,True,2128.31,49.2,36567.4
NU00598,NU_L366,test,11.575,8.908800000000003,0.0,False,2128.31,49.2,36567.4
NU00598,NU_L366,test,12.6904,9.1996,0.0,False,2128.31,49.2,36567.4
NU00598,NU_L366,test,15.6821,9.829800000000002,0.0,False,2128.31,49.2,36567.4
NU00598,NU_L366,test,19.0229,10.605,0.0,False,2128.31,49.2,36567.4
NU00598,NU_L366,test,20.4679,11.3796,0.0,False,2128.31,49.2,36567.4
NU00598,NU_L366,test,25.5254,12.106600000000004,0.0,False,2128.31,49.2,36567.4
NU00598,NU_L366,test,29.5717,12.687999999999999,0.0,False,2128.31,49.2,36567.4
NU00598,NU_L366,test,40.41,14.48,0.0,False,2128.31,49.2,36567.4
NU00598,NU_L366,test,45.95,15.351699999999997,0.0,False,2128.31,49.2,36567.4
NU00598,NU_L366,test,55.7333,16.2236,0.0,False,2128.31,49.2,36567.4
NU00598,NU_L366,test,60.5333,16.7563,0.0,False,2128.31,49.2,36567.4
NU00598,NU_L366,test,67.5917,17.289199999999997,0.0,False,2128.31,49.2,36567.4
NU00598,NU_L366,test,81.2375,18.1127,0.0,False,2128.31,49.2,36567.4
NU00598,NU_L366,test,96.7208,19.1298,0.0,False,2128.31,49.2,36567.4
NU00598,NU_L366,test,101.146,20.968799999999998,0.0,False,2128.31,49.2,36567.4
NU00598,NU_L366,test,116.158,20.921200000000002,0.0,False,2128.31,49.2,36567.4
NU00598,NU_L366,test,126.192,21.163500000000003,0.0,False,2128.31,49.2,36567.4
NU00598,NU_L366,test,137.021,22.034899999999997,0.0,False,2128.31,49.2,36567.4
NU00598,NU_L366,test,158.675,23.197,0.0,False,2128.31,49.2,36567.4
NU00599,NU_L367,train,0.0,0.0,0.0,True,2380.3,43.5,35096.9
NU00599,NU_L367,train,0.01,3.5406666666666666,0.0,True,2380.3,43.5,35096.9
NU00599,NU_L367,train,0.02,5.046666666666667,0.0,True,2380.3,43.5,35096.9
NU00599,NU_L367,train,0.03,6.776666666666664,0.0,True,2380.3,43.5,35096.9
NU00599,NU_L367,train,0.07,8.256666666666668,0.0,True,2380.3,43.5,35096.9
NU00599,NU_L367,train,0.09,9.17666666666667,0.0,True,2380.3,43.5,35096.9
NU00599,NU_L367,train,0.14,10.49666666666667,0.0,True,2380.3,43.5,35096.9
NU00599,NU_L367,train,0.19,10.846666666666664,0.0,True,2380.3,43.5,35096.9
NU00599,NU_L367,train,0.3,11.336666666666666,0.0,True,2380.3,43.5,35096.9
NU00599,NU_L367,train,0.34,11.906666666666666,0.0,True,2380.3,43.5,35096.9
NU00599,NU_L367,train,1.05,14.626666666666672,0.0,True,2380.3,43.5,35096.9
NU00599,NU_L367,train,1.87,16.616666666666667,0.0,True,2380.3,43.5,35096.9
NU00599,NU_L367,train,2.18,17.526666666666664,0.0,True,2380.3,43.5,35096.9
NU00599,NU_L367,train,2.67,18.92666666666667,0.0,True,2380.3,43.5,35096.9
NU00599,NU_L367,train,3.45,20.416666666666664,0.0,True,2380.3,43.5,35096.9
NU00599,NU_L367,train,4.25,21.906666666666673,0.0,True,2380.3,43.5,35096.9
NU00599,NU_L367,train,5.0,22.56666666666667,0.0,True,2380.3,43.5,35096.9
NU00599,NU_L367,train,5.8,23.636666666666663,0.0,True,2380.3,43.5,35096.9
NU00599,NU_L367,train,6.18,24.246666666666663,0.0,True,2380.3,43.5,35096.9
NU00599,NU_L367,train,6.59,24.876666666666672,0.0,True,2380.3,43.5,35096.9
NU00599,NU_L367,train,7.38,25.70666666666667,0.0,True,2380.3,43.5,35096.9
NU00599,NU_L367,train,8.17,26.366666666666667,0.0,True,2380.3,43.5,35096.9
NU00599,NU_L367,train,11.75,27.606666666666662,0.0,False,2380.3,43.5,35096.9
NU00599,NU_L367,train,15.07,28.34666666666667,0.0,False,2380.3,43.5,35096.9
NU00599,NU_L367,train,27.18,29.856666666666662,0.0,False,2380.3,43.5,35096.9
NU00599,NU_L367,train,40.92,31.56666666666667,0.0,False,2380.3,43.5,35096.9
NU00599,NU_L367,train,70.75,34.546666666666674,0.0,False,2380.3,43.5,35096.9
NU00599,NU_L367,train,90.18,35.60666666666666,0.0,False,2380.3,43.5,35096.9
NU00599,NU_L367,train,97.92,36.03666666666667,0.0,False,2380.3,43.5,35096.9
NU00599,NU_L367,train,126.92,36.196666666666665,0.0,False,2380.3,43.5,35096.9
NU00599,NU_L367,train,153.92,37.43666666666666,0.0,False,2380.3,43.5,35096.9
NU00600,NU_L367,train,0.0,0.0,0.0,True,2380.3,43.5,35096.9
NU00600,NU_L367,train,0.01,1.9499999999999957,0.0,True,2380.3,43.5,35096.9
NU00600,NU_L367,train,0.03,4.594999999999999,0.0,True,2380.3,43.5,35096.9
NU00600,NU_L367,train,0.22,8.655000000000001,0.0,True,2380.3,43.5,35096.9
NU00600,NU_L367,train,0.4,9.975000000000001,0.0,True,2380.3,43.5,35096.9
NU00600,NU_L367,train,0.57,10.634999999999998,0.0,True,2380.3,43.5,35096.9
NU00600,NU_L367,train,0.74,11.494999999999997,0.0,True,2380.3,43.5,35096.9
NU00600,NU_L367,train,1.56,14.085,0.0,True,2380.3,43.5,35096.9
NU00600,NU_L367,train,1.88,14.894999999999996,0.0,True,2380.3,43.5,35096.9
NU00600,NU_L367,train,2.37,16.165,0.0,True,2380.3,43.5,35096.9
NU00600,NU_L367,train,3.17,18.045,0.0,True,2380.3,43.5,35096.9
NU00600,NU_L367,train,3.98,19.214999999999996,0.0,True,2380.3,43.5,35096.9
NU00600,NU_L367,train,4.77,19.975,0.0,True,2380.3,43.5,35096.9
NU00600,NU_L367,train,5.56,20.985,0.0,True,2380.3,43.5,35096.9
NU00600,NU_L367,train,5.88,21.394999999999996,0.0,True,2380.3,43.5,35096.9
NU00600,NU_L367,train,6.35,22.004999999999995,0.0,True,2380.3,43.5,35096.9
NU00600,NU_L367,train,7.1,23.115000000000002,0.0,True,2380.3,43.5,35096.9
NU00600,NU_L367,train,7.95,23.475,0.0,True,2380.3,43.5,35096.9
NU00600,NU_L367,train,8.27,23.525,0.0,True,2380.3,43.5,35096.9
NU00600,NU_L367,train,11.43,25.455,0.0,False,2380.3,43.5,35096.9
NU00600,NU_L367,train,26.85,26.464999999999996,0.0,False,2380.3,43.5,35096.9
NU00600,NU_L367,train,49.6,29.925000000000004,0.0,False,2380.3,43.5,35096.9
NU00601,NU_L367,train,0.0,0.0,0.0,True,2380.3,43.5,35096.9
NU00601,NU_L367,train,0.01,1.7700000000000031,0.0,True,2380.3,43.5,35096.9
NU00601,NU_L367,train,0.02,2.3741666666666603,0.0,True,2380.3,43.5,35096.9
NU00601,NU_L367,train,0.04,2.667499999999997,0.0,True,2380.3,43.5,35096.9
NU00601,NU_L367,train,0.13,4.457499999999996,0.0,True,2380.3,43.5,35096.9
NU00601,NU_L367,train,0.23,4.647500000000001,0.0,True,2380.3,43.5,35096.9
NU00601,NU_L367,train,0.3,5.077500000000001,0.0,True,2380.3,43.5,35096.9
NU00601,NU_L367,train,0.4,5.2575,0.0,True,2380.3,43.5,35096.9
NU00601,NU_L367,train,1.25,7.6875,0.0,True,2380.3,43.5,35096.9
NU00601,NU_L367,train,2.02,9.957499999999996,0.0,True,2380.3,43.5,35096.9
NU00601,NU_L367,train,2.95,12.217500000000001,0.0,True,2380.3,43.5,35096.9
NU00601,NU_L367,train,3.99,13.567500000000003,0.0,True,2380.3,43.5,35096.9
NU00601,NU_L367,train,4.93,14.057499999999997,0.0,True,2380.3,43.5,35096.9
NU00601,NU_L367,train,5.92,15.4775,0.0,True,2380.3,43.5,35096.9
NU00601,NU_L367,train,7.3,15.707499999999996,0.0,True,2380.3,43.5,35096.9
NU00601,NU_L367,train,9.32,16.557499999999997,0.0,True,2380.3,43.5,35096.9
NU00601,NU_L367,train,9.95,17.3975,0.0,True,2380.3,43.5,35096.9
NU00601,NU_L367,train,26.14,20.9075,0.0,False,2380.3,43.5,35096.9
NU00601,NU_L367,train,28.22,21.027499999999996,0.0,False,2380.3,43.5,35096.9
NU00601,NU_L367,train,30.96,22.0475,0.0,False,2380.3,43.5,35096.9
NU00601,NU_L367,train,34.18,21.9075,0.0,False,2380.3,43.5,35096.9
NU00601,NU_L367,train,37.95,22.2175,0.0,False,2380.3,43.5,35096.9
NU00601,NU_L367,train,40.97,23.027499999999996,0.0,False,2380.3,43.5,35096.9
NU00601,NU_L367,train,44.93,22.9075,0.0,False,2380.3,43.5,35096.9
NU00601,NU_L367,train,49.17,22.7875,0.0,False,2380.3,43.5,35096.9
NU00601,NU_L367,train,54.14,23.1175,0.0,False,2380.3,43.5,35096.9
NU00601,NU_L367,train,60.99,23.427500000000002,0.0,False,2380.3,43.5,35096.9
NU00601,NU_L367,train,73.0,23.6575,0.0,False,2380.3,43.5,35096.9
NU00601,NU_L367,train,96.93,24.697499999999998,0.0,False,2380.3,43.5,35096.9
NU00601,NU_L367,train,122.94,25.807499999999997,0.0,False,2380.3,43.5,35096.9
NU00602,NU_L367,train,0.0,0.0,0.0,True,2380.3,43.5,35096.9
NU00602,NU_L367,train,0.01,0.8059999999999974,0.0,True,2380.3,43.5,35096.9
NU00602,NU_L367,train,0.02,1.9059999999999953,0.0,True,2380.3,43.5,35096.9
NU00602,NU_L367,train,0.03,1.9059999999999953,0.0,True,2380.3,43.5,35096.9
NU00602,NU_L367,train,0.1,2.445999999999998,0.0,True,2380.3,43.5,35096.9
NU00602,NU_L367,train,0.13,2.985999999999997,0.0,True,2380.3,43.5,35096.9
NU00602,NU_L367,train,0.76,5.815999999999995,0.0,True,2380.3,43.5,35096.9
NU00602,NU_L367,train,0.94,5.975999999999999,0.0,True,2380.3,43.5,35096.9
NU00602,NU_L367,train,1.75,7.695999999999998,0.0,True,2380.3,43.5,35096.9
NU00602,NU_L367,train,3.13,8.796,0.0,True,2380.3,43.5,35096.9
NU00602,NU_L367,train,5.16,10.215999999999994,0.0,True,2380.3,43.5,35096.9
NU00602,NU_L367,train,5.78,11.255999999999993,0.0,True,2380.3,43.5,35096.9
NU00602,NU_L367,train,21.97,15.725999999999999,0.0,False,2380.3,43.5,35096.9
NU00602,NU_L367,train,24.06,15.635999999999996,0.0,False,2380.3,43.5,35096.9
NU00602,NU_L367,train,26.8,16.455999999999996,0.0,False,2380.3,43.5,35096.9
NU00602,NU_L367,train,30.01,16.705999999999996,0.0,False,2380.3,43.5,35096.9
NU00602,NU_L367,train,36.81,17.796,0.0,False,2380.3,43.5,35096.9
NU00602,NU_L367,train,45.01,17.595999999999997,0.0,False,2380.3,43.5,35096.9
NU00602,NU_L367,train,47.87,17.906,0.0,False,2380.3,43.5,35096.9
NU00602,NU_L367,train,49.97,18.605999999999995,0.0,False,2380.3,43.5,35096.9
NU00602,NU_L367,train,68.83,19.215999999999994,0.0,False,2380.3,43.5,35096.9
NU00602,NU_L367,train,85.0,19.945999999999998,0.0,False,2380.3,43.5,35096.9
NU00602,NU_L367,train,92.76,20.605999999999995,0.0,False,2380.3,43.5,35096.9
NU00602,NU_L367,train,118.77,21.675999999999995,0.0,False,2380.3,43.5,35096.9
NU00603,NU_L367,train,0.0,0.0,0.0,True,2380.3,43.5,35096.9
NU00603,NU_L367,train,0.02,1.0899999999999999,0.0,True,2380.3,43.5,35096.9
NU00603,NU_L367,train,0.03,1.6700000000000017,0.0,True,2380.3,43.5,35096.9
NU00603,NU_L367,train,0.07,2.1000000000000014,0.0,True,2380.3,43.5,35096.9
NU00603,NU_L367,train,0.09,2.240000000000002,0.0,True,2380.3,43.5,35096.9
NU00603,NU_L367,train,0.75,3.9400000000000013,0.0,True,2380.3,43.5,35096.9
NU00603,NU_L367,train,0.96,4.510000000000002,0.0,True,2380.3,43.5,35096.9
NU00603,NU_L367,train,2.09,5.200000000000003,0.0,True,2380.3,43.5,35096.9
NU00603,NU_L367,train,3.05,6.030000000000001,0.0,True,2380.3,43.5,35096.9
NU00603,NU_L367,train,5.79,7.239999999999998,0.0,True,2380.3,43.5,35096.9
NU00603,NU_L367,train,7.85,8.05,0.0,True,2380.3,43.5,35096.9
NU00603,NU_L367,train,9.01,8.309999999999999,0.0,True,2380.3,43.5,35096.9
NU00603,NU_L367,train,12.78,9.370000000000001,0.0,False,2380.3,43.5,35096.9
NU00603,NU_L367,train,15.8,10.02,0.0,False,2380.3,43.5,35096.9
NU00603,NU_L367,train,16.75,9.860000000000003,0.0,False,2380.3,43.5,35096.9
NU00603,NU_L367,train,19.76,10.23,0.0,False,2380.3,43.5,35096.9
NU00603,NU_L367,train,21.06,10.349999999999998,0.0,False,2380.3,43.5,35096.9
NU00603,NU_L367,train,21.86,10.48,0.0,False,2380.3,43.5,35096.9
NU00603,NU_L367,train,26.87,10.680000000000003,0.0,False,2380.3,43.5,35096.9
NU00603,NU_L367,train,28.97,11.080000000000002,0.0,False,2380.3,43.5,35096.9
NU00603,NU_L367,train,35.82,11.989999999999998,0.0,False,2380.3,43.5,35096.9
NU00603,NU_L367,train,47.82,12.140000000000004,0.0,False,2380.3,43.5,35096.9
NU00603,NU_L367,train,63.99,13.720000000000002,0.0,False,2380.3,43.5,35096.9
NU00603,NU_L367,train,71.76,14.66,0.0,False,2380.3,43.5,35096.9
NU00603,NU_L367,train,97.76,15.790000000000003,0.0,False,2380.3,43.5,35096.9
NU00603,NU_L367,train,139.14,17.91,0.0,False,2380.3,43.5,35096.9
NU00604,NU_L367,train,0.0,0.0,0.0,True,2451.6400000000003,92.1,45067.0
NU00604,NU_L367,train,0.01,10.755000000000003,0.0,True,2451.6400000000003,92.1,45067.0
NU00604,NU_L367,train,0.02,14.615000000000009,0.0,True,2451.6400000000003,92.1,45067.0
NU00604,NU_L367,train,0.05,23.275000000000006,0.0,True,2451.6400000000003,92.1,45067.0
NU00604,NU_L367,train,0.08,28.065000000000012,0.0,True,2451.6400000000003,92.1,45067.0
NU00604,NU_L367,train,0.1,31.105000000000004,0.0,True,2451.6400000000003,92.1,45067.0
NU00604,NU_L367,train,0.13,32.985,0.0,True,2451.6400000000003,92.1,45067.0
NU00604,NU_L367,train,0.16,34.47500000000001,0.0,True,2451.6400000000003,92.1,45067.0
NU00604,NU_L367,train,0.17,34.855000000000004,0.0,True,2451.6400000000003,92.1,45067.0
NU00604,NU_L367,train,0.23,36.025000000000006,0.0,True,2451.6400000000003,92.1,45067.0
NU00604,NU_L367,train,0.3,37.30500000000001,0.0,True,2451.6400000000003,92.1,45067.0
NU00604,NU_L367,train,0.35,37.595,0.0,True,2451.6400000000003,92.1,45067.0
NU00604,NU_L367,train,0.94,41.05500000000001,0.0,True,2451.6400000000003,92.1,45067.0
NU00604,NU_L367,train,1.8,42.33500000000001,0.0,True,2451.6400000000003,92.1,45067.0
NU00604,NU_L367,train,2.18,42.78500000000001,0.0,True,2451.6400000000003,92.1,45067.0
NU00604,NU_L367,train,2.6,43.275000000000006,0.0,True,2451.6400000000003,92.1,45067.0
NU00604,NU_L367,train,3.4,43.97500000000001,0.0,True,2451.6400000000003,92.1,45067.0
NU00604,NU_L367,train,4.18,44.44500000000001,0.0,True,2451.6400000000003,92.1,45067.0
NU00604,NU_L367,train,5.35,45.61500000000001,0.0,True,2451.6400000000003,92.1,45067.0
NU00604,NU_L367,train,6.18,45.94500000000001,0.0,True,2451.6400000000003,92.1,45067.0
NU00604,NU_L367,train,6.51,46.075,0.0,True,2451.6400000000003,92.1,45067.0
NU00604,NU_L367,train,7.58,46.19500000000001,0.0,True,2451.6400000000003,92.1,45067.0
NU00604,NU_L367,train,11.58,47.36500000000001,0.0,False,2451.6400000000003,92.1,45067.0
NU00604,NU_L367,train,14.88,47.95500000000001,0.0,False,2451.6400000000003,92.1,45067.0
NU00604,NU_L367,train,19.92,48.53500000000001,0.0,False,2451.6400000000003,92.1,45067.0
NU00604,NU_L367,train,27.18,48.985,0.0,False,2451.6400000000003,92.1,45067.0
NU00604,NU_L367,train,38.63,49.70500000000001,0.0,False,2451.6400000000003,92.1,45067.0
NU00604,NU_L367,train,73.67,51.45500000000001,0.0,False,2451.6400000000003,92.1,45067.0
NU00604,NU_L367,train,90.18,51.81500000000001,0.0,False,2451.6400000000003,92.1,45067.0
NU00604,NU_L367,train,100.57,52.045,0.0,False,2451.6400000000003,92.1,45067.0
NU00604,NU_L367,train,123.67,51.45500000000001,0.0,False,2451.6400000000003,92.1,45067.0
NU00605,NU_L367,train,0.0,0.0,0.0,True,2451.6400000000003,92.1,45067.0
NU00605,NU_L367,train,0.01,3.5549999999999997,0.0,True,2451.6400000000003,92.1,45067.0
NU00605,NU_L367,train,0.02,5.155000000000001,0.0,True,2451.6400000000003,92.1,45067.0
NU00605,NU_L367,train,0.04,6.824999999999996,0.0,True,2451.6400000000003,92.1,45067.0
NU00605,NU_L367,train,0.05,7.354999999999997,0.0,True,2451.6400000000003,92.1,45067.0
NU00605,NU_L367,train,0.08,8.954999999999998,0.0,True,2451.6400000000003,92.1,45067.0
NU00605,NU_L367,train,0.11,9.824999999999996,0.0,True,2451.6400000000003,92.1,45067.0
NU00605,NU_L367,train,0.15,11.485,0.0,True,2451.6400000000003,92.1,45067.0
NU00605,NU_L367,train,0.18,11.954999999999998,0.0,True,2451.6400000000003,92.1,45067.0
NU00605,NU_L367,train,0.24,12.744999999999997,0.0,True,2451.6400000000003,92.1,45067.0
NU00605,NU_L367,train,0.35,13.915,0.0,True,2451.6400000000003,92.1,45067.0
NU00605,NU_L367,train,0.49,14.915,0.0,True,2451.6400000000003,92.1,45067.0
NU00605,NU_L367,train,0.66,16.045,0.0,True,2451.6400000000003,92.1,45067.0
NU00605,NU_L367,train,1.02,17.435000000000002,0.0,True,2451.6400000000003,92.1,45067.0
NU00605,NU_L367,train,1.85,19.525,0.0,True,2451.6400000000003,92.1,45067.0
NU00605,NU_L367,train,2.02,19.915,0.0,True,2451.6400000000003,92.1,45067.0
NU00605,NU_L367,train,2.45,20.915,0.0,True,2451.6400000000003,92.1,45067.0
NU00605,NU_L367,train,3.25,21.525,0.0,True,2451.6400000000003,92.1,45067.0
NU00605,NU_L367,train,4.23,22.265,0.0,True,2451.6400000000003,92.1,45067.0
NU00605,NU_L367,train,5.39,22.955,0.0,True,2451.6400000000003,92.1,45067.0
NU00605,NU_L367,train,6.02,23.195,0.0,True,2451.6400000000003,92.1,45067.0
NU00605,NU_L367,train,7.13,23.615000000000002,0.0,True,2451.6400000000003,92.1,45067.0
NU00605,NU_L367,train,11.43,24.045,0.0,False,2451.6400000000003,92.1,45067.0
NU00605,NU_L367,train,14.72,25.784999999999997,0.0,False,2451.6400000000003,92.1,45067.0
NU00605,NU_L367,train,24.69,25.784999999999997,0.0,False,2451.6400000000003,92.1,45067.0
NU00605,NU_L367,train,27.02,26.004999999999995,0.0,False,2451.6400000000003,92.1,45067.0
NU00605,NU_L367,train,38.48,27.084999999999994,0.0,False,2451.6400000000003,92.1,45067.0
NU00605,NU_L367,train,73.52,29.265,0.0,False,2451.6400000000003,92.1,45067.0
NU00605,NU_L367,train,90.02,29.135000000000005,0.0,False,2451.6400000000003,92.1,45067.0
NU00605,NU_L367,train,100.42,29.045,0.0,False,2451.6400000000003,92.1,45067.0
NU00605,NU_L367,train,123.52,29.265,0.0,False,2451.6400000000003,92.1,45067.0
NU00605,NU_L367,train,153.43,29.485,0.0,False,2451.6400000000003,92.1,45067.0
NU00607,NU_L367,train,0.0,0.0,0.0,True,2451.6400000000003,92.1,45067.0
NU00607,NU_L367,train,0.02,0.9300000000000033,0.0,True,2451.6400000000003,92.1,45067.0
NU00607,NU_L367,train,0.07,1.6700000000000017,0.0,True,2451.6400000000003,92.1,45067.0
NU00607,NU_L367,train,0.12,1.75,0.0,True,2451.6400000000003,92.1,45067.0
NU00607,NU_L367,train,1.0,4.140000000000001,0.0,True,2451.6400000000003,92.1,45067.0
NU00607,NU_L367,train,1.08,4.130000000000003,0.0,True,2451.6400000000003,92.1,45067.0
NU00607,NU_L367,train,1.75,4.870000000000001,0.0,True,2451.6400000000003,92.1,45067.0
NU00607,NU_L367,train,2.08,4.920000000000002,0.0,True,2451.6400000000003,92.1,45067.0
NU00607,NU_L367,train,4.77,6.850000000000001,0.0,True,2451.6400000000003,92.1,45067.0
NU00607,NU_L367,train,6.02,7.200000000000003,0.0,True,2451.6400000000003,92.1,45067.0
NU00607,NU_L367,train,6.81,7.880000000000003,0.0,True,2451.6400000000003,92.1,45067.0
NU00607,NU_L367,train,8.0,7.690000000000001,0.0,True,2451.6400000000003,92.1,45067.0
NU00607,NU_L367,train,9.04,7.150000000000002,0.0,True,2451.6400000000003,92.1,45067.0
NU00607,NU_L367,train,9.88,8.030000000000001,0.0,True,2451.6400000000003,92.1,45067.0
NU00607,NU_L367,train,11.83,8.280000000000001,0.0,False,2451.6400000000003,92.1,45067.0
NU00607,NU_L367,train,13.08,8.3,0.0,False,2451.6400000000003,92.1,45067.0
NU00607,NU_L367,train,14.08,8.340000000000003,0.0,False,2451.6400000000003,92.1,45067.0
NU00607,NU_L367,train,15.08,8.850000000000001,0.0,False,2451.6400000000003,92.1,45067.0
NU00607,NU_L367,train,16.04,8.720000000000002,0.0,False,2451.6400000000003,92.1,45067.0
NU00607,NU_L367,train,18.73,8.970000000000002,0.0,False,2451.6400000000003,92.1,45067.0
NU00607,NU_L367,train,19.75,9.680000000000003,0.0,False,2451.6400000000003,92.1,45067.0
NU00607,NU_L367,train,21.04,10.010000000000002,0.0,False,2451.6400000000003,92.1,45067.0
NU00607,NU_L367,train,22.0,9.790000000000003,0.0,False,2451.6400000000003,92.1,45067.0
NU00607,NU_L367,train,22.75,9.580000000000002,0.0,False,2451.6400000000003,92.1,45067.0
NU00607,NU_L367,train,26.0,9.760000000000002,0.0,False,2451.6400000000003,92.1,45067.0
NU00607,NU_L367,train,28.06,9.880000000000003,0.0,False,2451.6400000000003,92.1,45067.0
NU00607,NU_L367,train,30.0,10.110000000000003,0.0,False,2451.6400000000003,92.1,45067.0
NU00607,NU_L367,train,34.04,10.110000000000003,0.0,False,2451.6400000000003,92.1,45067.0
NU00607,NU_L367,train,35.06,10.280000000000001,0.0,False,2451.6400000000003,92.1,45067.0
NU00607,NU_L367,train,36.04,10.540000000000003,0.0,False,2451.6400000000003,92.1,45067.0
NU00607,NU_L367,train,40.04,10.650000000000002,0.0,False,2451.6400000000003,92.1,45067.0
NU00607,NU_L367,train,42.02,10.610000000000003,0.0,False,2451.6400000000003,92.1,45067.0
NU00607,NU_L367,train,43.06,10.690000000000001,0.0,False,2451.6400000000003,92.1,45067.0
NU00607,NU_L367,train,49.83,10.770000000000003,0.0,False,2451.6400000000003,92.1,45067.0
NU00607,NU_L367,train,55.04,11.170000000000002,0.0,False,2451.6400000000003,92.1,45067.0
NU00607,NU_L367,train,60.83,11.57,0.0,False,2451.6400000000003,92.1,45067.0
NU00607,NU_L367,train,65.02,12.0,0.0,False,2451.6400000000003,92.1,45067.0
NU00607,NU_L367,train,69.04,12.14,0.0,False,2451.6400000000003,92.1,45067.0
NU00607,NU_L367,train,97.08,12.399999999999999,0.0,False,2451.6400000000003,92.1,45067.0
NU00607,NU_L367,train,102.79,12.560000000000002,0.0,False,2451.6400000000003,92.1,45067.0
NU00607,NU_L367,train,126.0,12.82,0.0,False,2451.6400000000003,92.1,45067.0
NU00607,NU_L367,train,142.0,13.79,0.0,False,2451.6400000000003,92.1,45067.0
NU00607,NU_L367,train,155.0,13.469999999999999,0.0,False,2451.6400000000003,92.1,45067.0
NU00608,NU_L367,train,0.01,0.0,0.01,True,2451.6400000000003,92.1,45067.0
NU00608,NU_L367,train,0.03,0.39899999999999736,0.01,True,2451.6400000000003,92.1,45067.0
NU00608,NU_L367,train,0.04,0.5739999999999981,0.01,True,2451.6400000000003,92.1,45067.0
NU00608,NU_L367,train,0.06,0.7139999999999986,0.01,True,2451.6400000000003,92.1,45067.0
NU00608,NU_L367,train,0.11,0.9239999999999995,0.01,True,2451.6400000000003,92.1,45067.0
NU00608,NU_L367,train,0.75,2.3939999999999984,0.01,True,2451.6400000000003,92.1,45067.0
NU00608,NU_L367,train,0.99,2.3840000000000003,0.01,True,2451.6400000000003,92.1,45067.0
NU00608,NU_L367,train,1.75,2.434000000000001,0.01,True,2451.6400000000003,92.1,45067.0
NU00608,NU_L367,train,4.77,3.4939999999999998,0.01,True,2451.6400000000003,92.1,45067.0
NU00608,NU_L367,train,5.96,3.684000000000001,0.01,True,2451.6400000000003,92.1,45067.0
NU00608,NU_L367,train,8.8,3.5539999999999985,0.01,True,2451.6400000000003,92.1,45067.0
NU00608,NU_L367,train,12.95,4.753999999999998,0.01,False,2451.6400000000003,92.1,45067.0
NU00608,NU_L367,train,15.75,4.994,0.01,False,2451.6400000000003,92.1,45067.0
NU00608,NU_L367,train,21.76,5.404,0.01,False,2451.6400000000003,92.1,45067.0
NU00608,NU_L367,train,22.74,5.463999999999999,0.01,False,2451.6400000000003,92.1,45067.0
NU00608,NU_L367,train,29.97,5.873999999999999,0.01,False,2451.6400000000003,92.1,45067.0
NU00608,NU_L367,train,35.97,6.024000000000001,0.01,False,2451.6400000000003,92.1,45067.0
NU00608,NU_L367,train,40.74,6.753999999999998,0.01,False,2451.6400000000003,92.1,45067.0
NU00608,NU_L367,train,48.76,6.974,0.01,False,2451.6400000000003,92.1,45067.0
NU00608,NU_L367,train,70.0,7.263999999999999,0.01,False,2451.6400000000003,92.1,45067.0
NU00608,NU_L367,train,82.83,7.843999999999998,0.01,False,2451.6400000000003,92.1,45067.0
NU00608,NU_L367,train,95.76,8.073999999999998,0.01,False,2451.6400000000003,92.1,45067.0
NU00608,NU_L367,train,123.94,8.193999999999999,0.01,False,2451.6400000000003,92.1,45067.0
NU00608,NU_L367,train,134.76,8.373999999999999,0.01,False,2451.6400000000003,92.1,45067.0
NU00608,NU_L367,train,147.78,8.764,0.01,False,2451.6400000000003,92.1,45067.0
NU00608,NU_L367,train,153.82,8.463999999999999,0.01,False,2451.6400000000003,92.1,45067.0
NU00610,NU_L367,train,0.02,0.0,0.02,True,2437.58,94.3,45423.0
NU00610,NU_L367,train,0.04,0.7799999999999976,0.02,True,2437.58,94.3,45423.0
NU00610,NU_L367,train,0.06,1.2899999999999991,0.02,True,2437.58,94.3,45423.0
NU00610,NU_L367,train,0.12,2.0599999999999987,0.02,True,2437.58,94.3,45423.0
NU00610,NU_L367,train,0.32,3.3199999999999967,0.02,True,2437.58,94.3,45423.0
NU00610,NU_L367,train,0.72,4.549999999999997,0.02,True,2437.58,94.3,45423.0
NU00610,NU_L367,train,0.97,4.899999999999999,0.02,True,2437.58,94.3,45423.0
NU00610,NU_L367,train,1.08,5.139999999999997,0.02,True,2437.58,94.3,45423.0
NU00610,NU_L367,train,1.75,6.459999999999997,0.02,True,2437.58,94.3,45423.0
NU00610,NU_L367,train,3.74,8.27,0.02,True,2437.58,94.3,45423.0
NU00610,NU_L367,train,4.74,8.669999999999998,0.02,True,2437.58,94.3,45423.0
NU00610,NU_L367,train,5.07,9.159999999999997,0.02,True,2437.58,94.3,45423.0
NU00610,NU_L367,train,5.74,9.349999999999998,0.02,True,2437.58,94.3,45423.0
NU00610,NU_L367,train,6.1,9.439999999999998,0.02,True,2437.58,94.3,45423.0
NU00610,NU_L367,train,6.75,10.029999999999998,0.02,True,2437.58,94.3,45423.0
NU00610,NU_L367,train,8.07,10.159999999999997,0.02,True,2437.58,94.3,45423.0
NU00610,NU_L367,train,10.76,10.989999999999995,0.02,False,2437.58,94.3,45423.0
NU00610,NU_L367,train,12.0,11.159999999999997,0.02,False,2437.58,94.3,45423.0
NU00610,NU_L367,train,12.8,11.75,0.02,False,2437.58,94.3,45423.0
NU00610,NU_L367,train,13.99,11.409999999999997,0.02,False,2437.58,94.3,45423.0
NU00610,NU_L367,train,15.03,11.089999999999996,0.02,False,2437.58,94.3,45423.0
NU00610,NU_L367,train,15.86,11.43,0.02,False,2437.58,94.3,45423.0
NU00610,NU_L367,train,17.82,11.71,0.02,False,2437.58,94.3,45423.0
NU00610,NU_L367,train,19.07,11.909999999999997,0.02,False,2437.58,94.3,45423.0
NU00610,NU_L367,train,20.07,12.25,0.02,False,2437.58,94.3,45423.0
NU00610,NU_L367,train,21.07,11.809999999999995,0.02,False,2437.58,94.3,45423.0
NU00610,NU_L367,train,22.03,11.899999999999999,0.02,False,2437.58,94.3,45423.0
NU00610,NU_L367,train,24.71,12.04,0.02,False,2437.58,94.3,45423.0
NU00610,NU_L367,train,25.74,12.519999999999996,0.02,False,2437.58,94.3,45423.0
NU00610,NU_L367,train,27.03,12.339999999999996,0.02,False,2437.58,94.3,45423.0
NU00610,NU_L367,train,31.99,12.809999999999995,0.02,False,2437.58,94.3,45423.0
NU00610,NU_L367,train,35.99,13.21,0.02,False,2437.58,94.3,45423.0
NU00610,NU_L367,train,41.05,13.579999999999998,0.02,False,2437.58,94.3,45423.0
NU00610,NU_L367,train,56.99,13.619999999999997,0.02,False,2437.58,94.3,45423.0
NU00610,NU_L367,train,71.01,13.899999999999999,0.02,False,2437.58,94.3,45423.0
NU00610,NU_L367,train,103.07,14.030000000000001,0.02,False,2437.58,94.3,45423.0
NU00610,NU_L367,train,147.94,14.199999999999996,0.02,False,2437.58,94.3,45423.0
NU00611,NU_L367,train,0.0,0.0,0.0,True,2437.58,94.3,45423.0
NU00611,NU_L367,train,0.02,1.1799999999999997,0.0,True,2437.58,94.3,45423.0
NU00611,NU_L367,train,0.05,1.2699999999999996,0.0,True,2437.58,94.3,45423.0
NU00611,NU_L367,train,0.12,1.5500000000000007,0.0,True,2437.58,94.3,45423.0
NU00611,NU_L367,train,0.15,1.6400000000000006,0.0,True,2437.58,94.3,45423.0
NU00611,NU_L367,train,0.76,2.7300000000000004,0.0,True,2437.58,94.3,45423.0
NU00611,NU_L367,train,1.09,3.169999999999998,0.0,True,2437.58,94.3,45423.0
NU00611,NU_L367,train,1.76,4.07,0.0,True,2437.58,94.3,45423.0
NU00611,NU_L367,train,2.77,4.559999999999999,0.0,True,2437.58,94.3,45423.0
NU00611,NU_L367,train,3.76,5.25,0.0,True,2437.58,94.3,45423.0
NU00611,NU_L367,train,6.78,6.68,0.0,True,2437.58,94.3,45423.0
NU00611,NU_L367,train,10.01,6.890000000000001,0.0,False,2437.58,94.3,45423.0
NU00611,NU_L367,train,13.84,7.489999999999998,0.0,False,2437.58,94.3,45423.0
NU00611,NU_L367,train,17.09,8.129999999999999,0.0,False,2437.58,94.3,45423.0
NU00611,NU_L367,train,24.76,8.559999999999999,0.0,False,2437.58,94.3,45423.0
NU00611,NU_L367,train,32.01,8.95,0.0,False,2437.58,94.3,45423.0
NU00611,NU_L367,train,44.01,9.39,0.0,False,2437.58,94.3,45423.0
NU00611,NU_L367,train,99.09,10.309999999999999,0.0,False,2437.58,94.3,45423.0
NU00611,NU_L367,train,157.01,10.66,0.0,False,2437.58,94.3,45423.0
NU00612,NU_L367,train,0.0,0.0,0.0,True,2437.58,94.3,45423.0
NU00612,NU_L367,train,0.01,0.26250000000000284,0.0,True,2437.58,94.3,45423.0
NU00612,NU_L367,train,0.02,0.4825000000000017,0.0,True,2437.58,94.3,45423.0
NU00612,NU_L367,train,0.03,0.6925000000000026,0.0,True,2437.58,94.3,45423.0
NU00612,NU_L367,train,0.05,0.6225000000000023,0.0,True,2437.58,94.3,45423.0
NU00612,NU_L367,train,0.06,0.6925000000000026,0.0,True,2437.58,94.3,45423.0
NU00612,NU_L367,train,0.08,0.7625000000000028,0.0,True,2437.58,94.3,45423.0
NU00612,NU_L367,train,0.19,1.182500000000001,0.0,True,2437.58,94.3,45423.0
NU00612,NU_L367,train,0.28,1.182500000000001,0.0,True,2437.58,94.3,45423.0
NU00612,NU_L367,train,0.98,1.802500000000002,0.0,True,2437.58,94.3,45423.0
NU00612,NU_L367,train,1.27,1.932500000000001,0.0,True,2437.58,94.3,45423.0
NU00612,NU_L367,train,1.98,2.202500000000004,0.0,True,2437.58,94.3,45423.0
NU00612,NU_L367,train,2.22,2.4125000000000014,0.0,True,2437.58,94.3,45423.0
NU00612,NU_L367,train,2.98,2.392500000000002,0.0,True,2437.58,94.3,45423.0
NU00612,NU_L367,train,6.01,2.9725000000000037,0.0,True,2437.58,94.3,45423.0
NU00612,NU_L367,train,7.19,3.092500000000001,0.0,True,2437.58,94.3,45423.0
NU00612,NU_L367,train,10.04,3.392500000000002,0.0,False,2437.58,94.3,45423.0
NU00612,NU_L367,train,14.18,3.892500000000002,0.0,False,2437.58,94.3,45423.0
NU00612,NU_L367,train,16.98,3.9925000000000033,0.0,False,2437.58,94.3,45423.0
NU00612,NU_L367,train,23.0,4.482500000000002,0.0,False,2437.58,94.3,45423.0
NU00612,NU_L367,train,23.97,4.472500000000004,0.0,False,2437.58,94.3,45423.0
NU00612,NU_L367,train,31.2,4.882500000000004,0.0,False,2437.58,94.3,45423.0
NU00612,NU_L367,train,37.2,5.032500000000002,0.0,False,2437.58,94.3,45423.0
NU00612,NU_L367,train,41.97,5.272500000000001,0.0,False,2437.58,94.3,45423.0
NU00612,NU_L367,train,50.0,5.422500000000003,0.0,False,2437.58,94.3,45423.0
NU00612,NU_L367,train,71.23,5.772500000000001,0.0,False,2437.58,94.3,45423.0
NU00612,NU_L367,train,84.07,6.342500000000001,0.0,False,2437.58,94.3,45423.0
NU00612,NU_L367,train,96.99,6.282500000000002,0.0,False,2437.58,94.3,45423.0
NU00612,NU_L367,train,125.18,6.742500000000003,0.0,False,2437.58,94.3,45423.0
NU00612,NU_L367,train,135.99,6.982500000000002,0.0,False,2437.58,94.3,45423.0
NU00612,NU_L367,train,149.01,7.092500000000001,0.0,False,2437.58,94.3,45423.0
NU00612,NU_L367,train,155.05,7.002500000000001,0.0,False,2437.58,94.3,45423.0
NU00614,NU_L367,train,0.0,0.0,0.0,True,2413.86,93.3,45261.9
NU00614,NU_L367,train,0.01,1.0900000000000034,0.0,True,2413.86,93.3,45261.9
NU00614,NU_L367,train,0.02,2.5900000000000034,0.0,True,2413.86,93.3,45261.9
NU00614,NU_L367,train,0.04,3.270000000000003,0.0,True,2413.86,93.3,45261.9
NU00614,NU_L367,train,0.11,4.340000000000003,0.0,True,2413.86,93.3,45261.9
NU00614,NU_L367,train,0.28,5.780000000000001,0.0,True,2413.86,93.3,45261.9
NU00614,NU_L367,train,0.69,7.82,0.0,True,2413.86,93.3,45261.9
NU00614,NU_L367,train,0.92,9.110000000000003,0.0,True,2413.86,93.3,45261.9
NU00614,NU_L367,train,1.04,10.030000000000001,0.0,True,2413.86,93.3,45261.9
NU00614,NU_L367,train,1.7,11.329999999999998,0.0,True,2413.86,93.3,45261.9
NU00614,NU_L367,train,3.69,13.29,0.0,True,2413.86,93.3,45261.9
NU00614,NU_L367,train,5.03,14.39,0.0,True,2413.86,93.3,45261.9
NU00614,NU_L367,train,6.05,15.300000000000004,0.0,True,2413.86,93.3,45261.9
NU00614,NU_L367,train,7.04,15.96,0.0,True,2413.86,93.3,45261.9
NU00614,NU_L367,train,8.03,16.760000000000005,0.0,True,2413.86,93.3,45261.9
NU00614,NU_L367,train,10.71,17.36,0.0,False,2413.86,93.3,45261.9
NU00614,NU_L367,train,11.96,17.9,0.0,False,2413.86,93.3,45261.9
NU00614,NU_L367,train,13.94,18.11,0.0,False,2413.86,93.3,45261.9
NU00614,NU_L367,train,17.78,18.86,0.0,False,2413.86,93.3,45261.9
NU00614,NU_L367,train,20.03,19.5,0.0,False,2413.86,93.3,45261.9
NU00614,NU_L367,train,25.69,20.22,0.0,False,2413.86,93.3,45261.9
NU00614,NU_L367,train,31.94,20.840000000000003,0.0,False,2413.86,93.3,45261.9
NU00614,NU_L367,train,35.94,21.620000000000005,0.0,False,2413.86,93.3,45261.9
NU00614,NU_L367,train,42.78,22.160000000000004,0.0,False,2413.86,93.3,45261.9
NU00614,NU_L367,train,47.94,22.810000000000002,0.0,False,2413.86,93.3,45261.9
NU00614,NU_L367,train,60.99,23.25,0.0,False,2413.86,93.3,45261.9
NU00614,NU_L367,train,74.99,23.89,0.0,False,2413.86,93.3,45261.9
NU00614,NU_L367,train,118.74,23.760000000000005,0.0,False,2413.86,93.3,45261.9
NU00614,NU_L367,train,147.9,24.130000000000003,0.0,False,2413.86,93.3,45261.9
NU00615,NU_L367,train,0.01,0.0,0.01,True,2413.86,93.3,45261.9
NU00615,NU_L367,train,0.02,0.28000000000000114,0.01,True,2413.86,93.3,45261.9
NU00615,NU_L367,train,0.05,0.9299999999999997,0.01,True,2413.86,93.3,45261.9
NU00615,NU_L367,train,0.14,1.4800000000000004,0.01,True,2413.86,93.3,45261.9
NU00615,NU_L367,train,0.75,3.1799999999999997,0.01,True,2413.86,93.3,45261.9
NU00615,NU_L367,train,1.09,3.9800000000000004,0.01,True,2413.86,93.3,45261.9
NU00615,NU_L367,train,1.75,4.460000000000001,0.01,True,2413.86,93.3,45261.9
NU00615,NU_L367,train,2.11,5.260000000000002,0.01,True,2413.86,93.3,45261.9
NU00615,NU_L367,train,3.1,5.810000000000002,0.01,True,2413.86,93.3,45261.9
NU00615,NU_L367,train,4.1,6.450000000000003,0.01,True,2413.86,93.3,45261.9
NU00615,NU_L367,train,6.77,7.43,0.01,True,2413.86,93.3,45261.9
NU00615,NU_L367,train,8.81,8.02,0.01,True,2413.86,93.3,45261.9
NU00615,NU_L367,train,11.04,8.43,0.01,False,2413.86,93.3,45261.9
NU00615,NU_L367,train,11.88,8.75,0.01,False,2413.86,93.3,45261.9
NU00615,NU_L367,train,15.09,9.23,0.01,False,2413.86,93.3,45261.9
NU00615,NU_L367,train,18.04,9.64,0.01,False,2413.86,93.3,45261.9
NU00615,NU_L367,train,28.0,10.280000000000001,0.01,False,2413.86,93.3,45261.9
NU00615,NU_L367,train,37.06,10.950000000000003,0.01,False,2413.86,93.3,45261.9
NU00615,NU_L367,train,57.04,11.739999999999998,0.01,False,2413.86,93.3,45261.9
NU00615,NU_L367,train,71.04,12.09,0.01,False,2413.86,93.3,45261.9
NU00615,NU_L367,train,99.09,12.510000000000002,0.01,False,2413.86,93.3,45261.9
NU00615,NU_L367,train,128.0,12.739999999999998,0.01,False,2413.86,93.3,45261.9
NU00615,NU_L367,train,143.96,13.000000000000004,0.01,False,2413.86,93.3,45261.9
NU00616,NU_L367,train,0.0,0.0,0.0,True,2413.86,93.3,45261.9
NU00616,NU_L367,train,0.01,0.7250000000000014,0.0,True,2413.86,93.3,45261.9
NU00616,NU_L367,train,0.02,0.8200000000000003,0.0,True,2413.86,93.3,45261.9
NU00616,NU_L367,train,0.04,0.8200000000000003,0.0,True,2413.86,93.3,45261.9
NU00616,NU_L367,train,0.06,0.8900000000000006,0.0,True,2413.86,93.3,45261.9
NU00616,NU_L367,train,0.17,1.1000000000000014,0.0,True,2413.86,93.3,45261.9
NU00616,NU_L367,train,0.26,1.1600000000000001,0.0,True,2413.86,93.3,45261.9
NU00616,NU_L367,train,0.96,1.8300000000000018,0.0,True,2413.86,93.3,45261.9
NU00616,NU_L367,train,1.25,2.1000000000000014,0.0,True,2413.86,93.3,45261.9
NU00616,NU_L367,train,1.96,2.150000000000002,0.0,True,2413.86,93.3,45261.9
NU00616,NU_L367,train,2.2,2.210000000000001,0.0,True,2413.86,93.3,45261.9
NU00616,NU_L367,train,2.96,2.3900000000000006,0.0,True,2413.86,93.3,45261.9
NU00616,NU_L367,train,5.98,3.1400000000000006,0.0,True,2413.86,93.3,45261.9
NU00616,NU_L367,train,7.17,3.450000000000003,0.0,True,2413.86,93.3,45261.9
NU00616,NU_L367,train,10.02,3.25,0.0,False,2413.86,93.3,45261.9
NU00616,NU_L367,train,14.16,4.060000000000002,0.0,False,2413.86,93.3,45261.9
NU00616,NU_L367,train,16.96,4.210000000000001,0.0,False,2413.86,93.3,45261.9
NU00616,NU_L367,train,22.97,4.720000000000002,0.0,False,2413.86,93.3,45261.9
NU00616,NU_L367,train,23.95,4.84,0.0,False,2413.86,93.3,45261.9
NU00616,NU_L367,train,31.18,5.280000000000001,0.0,False,2413.86,93.3,45261.9
NU00616,NU_L367,train,37.18,5.27,0.0,False,2413.86,93.3,45261.9
NU00616,NU_L367,train,41.95,5.560000000000002,0.0,False,2413.86,93.3,45261.9
NU00616,NU_L367,train,49.98,6.02,0.0,False,2413.86,93.3,45261.9
NU00616,NU_L367,train,71.21,6.52,0.0,False,2413.86,93.3,45261.9
NU00616,NU_L367,train,84.05,6.84,0.0,False,2413.86,93.3,45261.9
NU00616,NU_L367,train,96.97,6.830000000000002,0.0,False,2413.86,93.3,45261.9
NU00616,NU_L367,train,125.15,7.170000000000002,0.0,False,2413.86,93.3,45261.9
NU00616,NU_L367,train,135.97,7.330000000000002,0.0,False,2413.86,93.3,45261.9
NU00616,NU_L367,train,148.99,7.48,0.0,False,2413.86,93.3,45261.9
NU00616,NU_L367,train,155.03,7.460000000000001,0.0,False,2413.86,93.3,45261.9
NU00618,NU_L367,train,0.0,0.0,0.0,True,2408.41,99.4,46227.5
NU00618,NU_L367,train,0.01,0.41600000000000037,0.0,True,2408.41,99.4,46227.5
NU00618,NU_L367,train,0.03,0.7560000000000002,0.0,True,2408.41,99.4,46227.5
NU00618,NU_L367,train,0.04,0.8560000000000016,0.0,True,2408.41,99.4,46227.5
NU00618,NU_L367,train,0.06,1.0459999999999994,0.0,True,2408.41,99.4,46227.5
NU00618,NU_L367,train,0.08,1.2360000000000007,0.0,True,2408.41,99.4,46227.5
NU00618,NU_L367,train,0.13,1.5259999999999998,0.0,True,2408.41,99.4,46227.5
NU00618,NU_L367,train,0.17,1.716000000000001,0.0,True,2408.41,99.4,46227.5
NU00618,NU_L367,train,0.21,1.9059999999999988,0.0,True,2408.41,99.4,46227.5
NU00618,NU_L367,train,0.29,2.186,0.0,True,2408.41,99.4,46227.5
NU00618,NU_L367,train,0.42,2.556000000000001,0.0,True,2408.41,99.4,46227.5
NU00618,NU_L367,train,0.63,3.0159999999999982,0.0,True,2408.41,99.4,46227.5
NU00618,NU_L367,train,1.0,3.6359999999999992,0.0,True,2408.41,99.4,46227.5
NU00618,NU_L367,train,1.5,4.256,0.0,True,2408.41,99.4,46227.5
NU00618,NU_L367,train,1.7,4.526,0.0,True,2408.41,99.4,46227.5
NU00618,NU_L367,train,6.77,7.475999999999999,0.0,True,2408.41,99.4,46227.5
NU00618,NU_L367,train,8.76,8.276,0.0,True,2408.41,99.4,46227.5
NU00618,NU_L367,train,10.79,8.796,0.0,False,2408.41,99.4,46227.5
NU00618,NU_L367,train,14.73,9.896,0.0,False,2408.41,99.4,46227.5
NU00618,NU_L367,train,18.03,10.196000000000002,0.0,False,2408.41,99.4,46227.5
NU00618,NU_L367,train,27.78,11.116,0.0,False,2408.41,99.4,46227.5
NU00618,NU_L367,train,42.07,11.936,0.0,False,2408.41,99.4,46227.5
NU00618,NU_L367,train,52.01,12.386000000000003,0.0,False,2408.41,99.4,46227.5
NU00618,NU_L367,train,77.72,13.305999999999997,0.0,False,2408.41,99.4,46227.5
NU00618,NU_L367,train,157.76,13.276000000000003,0.0,False,2408.41,99.4,46227.5
NU00619,NU_L367,train,0.0,0.0,0.0,True,2408.41,99.4,46227.5
NU00619,NU_L367,train,0.01,0.30400000000000205,0.0,True,2408.41,99.4,46227.5
NU00619,NU_L367,train,0.1,1.2439999999999998,0.0,True,2408.41,99.4,46227.5
NU00619,NU_L367,train,0.77,2.714000000000002,0.0,True,2408.41,99.4,46227.5
NU00619,NU_L367,train,1.06,3.184000000000001,0.0,True,2408.41,99.4,46227.5
NU00619,NU_L367,train,3.1,4.254000000000001,0.0,True,2408.41,99.4,46227.5
NU00619,NU_L367,train,6.81,5.454000000000001,0.0,True,2408.41,99.4,46227.5
NU00619,NU_L367,train,10.02,6.054000000000002,0.0,False,2408.41,99.4,46227.5
NU00619,NU_L367,train,19.77,7.124000000000002,0.0,False,2408.41,99.4,46227.5
NU00619,NU_L367,train,33.77,8.194000000000003,0.0,False,2408.41,99.4,46227.5
NU00619,NU_L367,train,51.85,8.924,0.0,False,2408.41,99.4,46227.5
NU00619,NU_L367,train,82.97,9.724,0.0,False,2408.41,99.4,46227.5
NU00621,NU_L367,train,0.0,0.0,0.0,True,2403.4,74.6,42009.9
NU00621,NU_L367,train,0.01,0.6133333333333333,0.0,True,2403.4,74.6,42009.9
NU00621,NU_L367,train,0.02,1.0,0.0,True,2403.4,74.6,42009.9
NU00621,NU_L367,train,0.03,1.120000000000001,0.0,True,2403.4,74.6,42009.9
NU00621,NU_L367,train,0.04,1.120000000000001,0.0,True,2403.4,74.6,42009.9
NU00621,NU_L367,train,0.06,1.3800000000000026,0.0,True,2403.4,74.6,42009.9
NU00621,NU_L367,train,0.08,1.5,0.0,True,2403.4,74.6,42009.9
NU00621,NU_L367,train,0.12,1.8800000000000026,0.0,True,2403.4,74.6,42009.9
NU00621,NU_L367,train,0.17,2.1300000000000026,0.0,True,2403.4,74.6,42009.9
NU00621,NU_L367,train,0.21,2.3800000000000026,0.0,True,2403.4,74.6,42009.9
NU00621,NU_L367,train,0.29,2.75,0.0,True,2403.4,74.6,42009.9
NU00621,NU_L367,train,0.42,3.120000000000001,0.0,True,2403.4,74.6,42009.9
NU00621,NU_L367,train,0.67,3.8599999999999994,0.0,True,2403.4,74.6,42009.9
NU00621,NU_L367,train,0.83,4.220000000000002,0.0,True,2403.4,74.6,42009.9
NU00621,NU_L367,train,0.96,4.720000000000002,0.0,True,2403.4,74.6,42009.9
NU00621,NU_L367,train,1.73,5.650000000000002,0.0,True,2403.4,74.6,42009.9
NU00621,NU_L367,train,3.78,7.23,0.0,True,2403.4,74.6,42009.9
NU00621,NU_L367,train,6.68,8.660000000000004,0.0,True,2403.4,74.6,42009.9
NU00621,NU_L367,train,8.82,9.410000000000004,0.0,True,2403.4,74.6,42009.9
NU00621,NU_L367,train,13.74,10.82,0.0,False,2403.4,74.6,42009.9
NU00621,NU_L367,train,15.73,11.11,0.0,False,2403.4,74.6,42009.9
NU00621,NU_L367,train,17.77,11.420000000000002,0.0,False,2403.4,74.6,42009.9
NU00621,NU_L367,train,21.7,11.79,0.0,False,2403.4,74.6,42009.9
NU00621,NU_L367,train,25.01,12.200000000000003,0.0,False,2403.4,74.6,42009.9
NU00621,NU_L367,train,34.77,12.990000000000002,0.0,False,2403.4,74.6,42009.9
NU00621,NU_L367,train,49.05,13.380000000000003,0.0,False,2403.4,74.6,42009.9
NU00621,NU_L367,train,58.98,13.759999999999998,0.0,False,2403.4,74.6,42009.9
NU00621,NU_L367,train,84.69,14.270000000000003,0.0,False,2403.4,74.6,42009.9
NU00621,NU_L367,train,114.78,14.71,0.0,False,2403.4,74.6,42009.9
NU00622,NU_L367,train,0.01,0.0,0.01,True,2403.4,74.6,42009.9
NU00622,NU_L367,train,0.02,0.33999999999999986,0.01,True,2403.4,74.6,42009.9
NU00622,NU_L367,train,0.05,0.7300000000000004,0.01,True,2403.4,74.6,42009.9
NU00622,NU_L367,train,0.07,0.9800000000000004,0.01,True,2403.4,74.6,42009.9
NU00622,NU_L367,train,0.1,1.3299999999999983,0.01,True,2403.4,74.6,42009.9
NU00622,NU_L367,train,0.73,2.9400000000000013,0.01,True,2403.4,74.6,42009.9
NU00622,NU_L367,train,0.94,3.370000000000001,0.01,True,2403.4,74.6,42009.9
NU00622,NU_L367,train,1.74,3.870000000000001,0.01,True,2403.4,74.6,42009.9
NU00622,NU_L367,train,2.06,4.199999999999999,0.01,True,2403.4,74.6,42009.9
NU00622,NU_L367,train,2.74,4.449999999999999,0.01,True,2403.4,74.6,42009.9
NU00622,NU_L367,train,3.01,4.789999999999999,0.01,True,2403.4,74.6,42009.9
NU00622,NU_L367,train,3.74,4.859999999999999,0.01,True,2403.4,74.6,42009.9
NU00622,NU_L367,train,4.03,5.199999999999999,0.01,True,2403.4,74.6,42009.9
NU00622,NU_L367,train,6.73,5.399999999999999,0.01,True,2403.4,74.6,42009.9
NU00622,NU_L367,train,9.75,5.530000000000001,0.01,True,2403.4,74.6,42009.9
NU00622,NU_L367,train,10.73,5.600000000000001,0.01,False,2403.4,74.6,42009.9
NU00622,NU_L367,train,17.96,6.009999999999998,0.01,False,2403.4,74.6,42009.9
NU00622,NU_L367,train,23.96,6.710000000000001,0.01,False,2403.4,74.6,42009.9
NU00622,NU_L367,train,28.73,6.919999999999998,0.01,False,2403.4,74.6,42009.9
NU00622,NU_L367,train,36.76,7.280000000000001,0.01,False,2403.4,74.6,42009.9
NU00622,NU_L367,train,47.99,8.05,0.01,False,2403.4,74.6,42009.9
NU00622,NU_L367,train,70.83,9.120000000000001,0.01,False,2403.4,74.6,42009.9
NU00622,NU_L367,train,83.75,8.969999999999999,0.01,False,2403.4,74.6,42009.9
NU00622,NU_L367,train,111.93,10.149999999999999,0.01,False,2403.4,74.6,42009.9
NU00622,NU_L367,train,122.75,10.379999999999999,0.01,False,2403.4,74.6,42009.9
NU00622,NU_L367,train,135.77,10.34,0.01,False,2403.4,74.6,42009.9
NU00622,NU_L367,train,141.81,10.839999999999996,0.01,False,2403.4,74.6,42009.9
NU00622,NU_L367,train,153.76,10.89,0.01,False,2403.4,74.6,42009.9
NU00624,NU_L367,train,0.0,0.0,0.0,True,2445.32,97.3,45899.7
NU00624,NU_L367,train,0.01,0.6183333333333358,0.0,True,2445.32,97.3,45899.7
NU00624,NU_L367,train,0.02,0.8233333333333341,0.0,True,2445.32,97.3,45899.7
NU00624,NU_L367,train,0.04,0.8133333333333326,0.0,True,2445.32,97.3,45899.7
NU00624,NU_L367,train,0.06,0.9433333333333351,0.0,True,2445.32,97.3,45899.7
NU00624,NU_L367,train,0.09,1.0733333333333341,0.0,True,2445.32,97.3,45899.7
NU00624,NU_L367,train,0.12,1.2033333333333331,0.0,True,2445.32,97.3,45899.7
NU00624,NU_L367,train,0.16,1.3333333333333357,0.0,True,2445.32,97.3,45899.7
NU00624,NU_L367,train,0.25,1.5833333333333357,0.0,True,2445.32,97.3,45899.7
NU00624,NU_L367,train,0.37,2.2333333333333343,0.0,True,2445.32,97.3,45899.7
NU00624,NU_L367,train,0.5,2.6133333333333333,0.0,True,2445.32,97.3,45899.7
NU00624,NU_L367,train,0.75,3.243333333333336,0.0,True,2445.32,97.3,45899.7
NU00624,NU_L367,train,1.5,4.433333333333334,0.0,True,2445.32,97.3,45899.7
NU00624,NU_L367,train,1.87,4.903333333333332,0.0,True,2445.32,97.3,45899.7
NU00624,NU_L367,train,3.16,6.583333333333336,0.0,True,2445.32,97.3,45899.7
NU00624,NU_L367,train,3.91,6.873333333333335,0.0,True,2445.32,97.3,45899.7
NU00624,NU_L367,train,5.95,8.083333333333336,0.0,True,2445.32,97.3,45899.7
NU00624,NU_L367,train,8.86,8.983333333333334,0.0,True,2445.32,97.3,45899.7
NU00624,NU_L367,train,11.0,9.593333333333334,0.0,False,2445.32,97.3,45899.7
NU00624,NU_L367,train,15.92,10.853333333333335,0.0,False,2445.32,97.3,45899.7
NU00624,NU_L367,train,17.91,11.133333333333336,0.0,False,2445.32,97.3,45899.7
NU00624,NU_L367,train,19.93,11.553333333333331,0.0,False,2445.32,97.3,45899.7
NU00624,NU_L367,train,23.88,12.023333333333337,0.0,False,2445.32,97.3,45899.7
NU00624,NU_L367,train,27.18,12.143333333333334,0.0,False,2445.32,97.3,45899.7
NU00624,NU_L367,train,36.94,12.573333333333334,0.0,False,2445.32,97.3,45899.7
NU00624,NU_L367,train,51.22,13.113333333333333,0.0,False,2445.32,97.3,45899.7
NU00624,NU_L367,train,61.16,13.153333333333332,0.0,False,2445.32,97.3,45899.7
NU00624,NU_L367,train,86.87,13.383333333333336,0.0,False,2445.32,97.3,45899.7
NU00624,NU_L367,train,116.95,13.423333333333336,0.0,False,2445.32,97.3,45899.7
NU00625,NU_L367,train,0.0,0.0,0.0,True,2445.32,97.3,45899.7
NU00625,NU_L367,train,0.01,0.379999999999999,0.0,True,2445.32,97.3,45899.7
NU00625,NU_L367,train,0.02,0.514999999999997,0.0,True,2445.32,97.3,45899.7
NU00625,NU_L367,train,0.03,0.5949999999999989,0.0,True,2445.32,97.3,45899.7
NU00625,NU_L367,train,0.04,0.7749999999999986,0.0,True,2445.32,97.3,45899.7
NU00625,NU_L367,train,0.09,1.0249999999999986,0.0,True,2445.32,97.3,45899.7
NU00625,NU_L367,train,0.13,1.2049999999999983,0.0,True,2445.32,97.3,45899.7
NU00625,NU_L367,train,0.17,1.3749999999999964,0.0,True,2445.32,97.3,45899.7
NU00625,NU_L367,train,0.21,1.5449999999999982,0.0,True,2445.32,97.3,45899.7
NU00625,NU_L367,train,0.29,1.7949999999999982,0.0,True,2445.32,97.3,45899.7
NU00625,NU_L367,train,0.42,2.134999999999998,0.0,True,2445.32,97.3,45899.7
NU00625,NU_L367,train,0.67,2.544999999999998,0.0,True,2445.32,97.3,45899.7
NU00625,NU_L367,train,1.0,2.9549999999999983,0.0,True,2445.32,97.3,45899.7
NU00625,NU_L367,train,1.5,3.5249999999999986,0.0,True,2445.32,97.3,45899.7
NU00625,NU_L367,train,1.88,3.844999999999999,0.0,True,2445.32,97.3,45899.7
NU00625,NU_L367,train,3.0,4.794999999999998,0.0,True,2445.32,97.3,45899.7
NU00625,NU_L367,train,4.0,5.244999999999997,0.0,True,2445.32,97.3,45899.7
NU00625,NU_L367,train,4.86,5.534999999999997,0.0,True,2445.32,97.3,45899.7
NU00625,NU_L367,train,7.0,6.194999999999997,0.0,True,2445.32,97.3,45899.7
NU00625,NU_L367,train,11.92,7.244999999999997,0.0,False,2445.32,97.3,45899.7
NU00625,NU_L367,train,13.91,7.684999999999999,0.0,False,2445.32,97.3,45899.7
NU00625,NU_L367,train,15.95,7.954999999999998,0.0,False,2445.32,97.3,45899.7
NU00625,NU_L367,train,19.89,8.514999999999997,0.0,False,2445.32,97.3,45899.7
NU00625,NU_L367,train,23.19,8.764999999999997,0.0,False,2445.32,97.3,45899.7
NU00625,NU_L367,train,32.94,9.304999999999996,0.0,False,2445.32,97.3,45899.7
NU00625,NU_L367,train,47.23,9.814999999999998,0.0,False,2445.32,97.3,45899.7
NU00625,NU_L367,train,57.16,10.104999999999997,0.0,False,2445.32,97.3,45899.7
NU00625,NU_L367,train,82.87,10.344999999999999,0.0,False,2445.32,97.3,45899.7
NU00625,NU_L367,train,112.96,10.624999999999996,0.0,False,2445.32,97.3,45899.7
NU00626,NU_L367,train,0.0,0.0,0.0,True,2445.32,97.3,45899.7
NU00626,NU_L367,train,0.01,0.2133333333333347,0.0,True,2445.32,97.3,45899.7
NU00626,NU_L367,train,0.02,0.283333333333335,0.0,True,2445.32,97.3,45899.7
NU00626,NU_L367,train,0.04,0.413333333333334,0.0,True,2445.32,97.3,45899.7
NU00626,NU_L367,train,0.08,0.4733333333333327,0.0,True,2445.32,97.3,45899.7
NU00626,NU_L367,train,0.13,0.6033333333333317,0.0,True,2445.32,97.3,45899.7
NU00626,NU_L367,train,0.77,0.8533333333333317,0.0,True,2445.32,97.3,45899.7
NU00626,NU_L367,train,1.04,1.043333333333333,0.0,True,2445.32,97.3,45899.7
NU00626,NU_L367,train,1.77,1.3633333333333333,0.0,True,2445.32,97.3,45899.7
NU00626,NU_L367,train,2.06,1.4833333333333343,0.0,True,2445.32,97.3,45899.7
NU00626,NU_L367,train,4.76,1.9533333333333331,0.0,True,2445.32,97.3,45899.7
NU00626,NU_L367,train,7.78,2.3533333333333317,0.0,True,2445.32,97.3,45899.7
NU00626,NU_L367,train,8.76,2.4733333333333327,0.0,True,2445.32,97.3,45899.7
NU00626,NU_L367,train,16.03,2.873333333333335,0.0,False,2445.32,97.3,45899.7
NU00626,NU_L367,train,21.99,3.123333333333335,0.0,False,2445.32,97.3,45899.7
NU00626,NU_L367,train,26.76,3.253333333333334,0.0,False,2445.32,97.3,45899.7
NU00626,NU_L367,train,34.78,3.3633333333333333,0.0,False,2445.32,97.3,45899.7
NU00626,NU_L367,train,56.02,3.9633333333333347,0.0,False,2445.32,97.3,45899.7
NU00626,NU_L367,train,68.85,4.533333333333335,0.0,False,2445.32,97.3,45899.7
NU00626,NU_L367,train,81.78,4.453333333333333,0.0,False,2445.32,97.3,45899.7
NU00626,NU_L367,train,109.96,4.973333333333333,0.0,False,2445.32,97.3,45899.7
NU00626,NU_L367,train,120.78,5.253333333333334,0.0,False,2445.32,97.3,45899.7
NU00626,NU_L367,train,139.84,5.183333333333334,0.0,False,2445.32,97.3,45899.7
NU00626,NU_L367,train,151.79,5.343333333333334,0.0,False,2445.32,97.3,45899.7
NU00626,NU_L367,train,153.8,5.143333333333334,0.0,False,2445.32,97.3,45899.7
NU00628,NU_L367,train,0.02,0.0,0.02,True,2409.54,79.5,42910.2
NU00628,NU_L367,train,0.03,0.5199999999999996,0.02,True,2409.54,79.5,42910.2
NU00628,NU_L367,train,0.06,1.5599999999999987,0.02,True,2409.54,79.5,42910.2
NU00628,NU_L367,train,0.1,2.59,0.02,True,2409.54,79.5,42910.2
NU00628,NU_L367,train,0.17,3.2600000000000016,0.02,True,2409.54,79.5,42910.2
NU00628,NU_L367,train,0.52,4.649999999999999,0.02,True,2409.54,79.5,42910.2
NU00628,NU_L367,train,1.02,6.34,0.02,True,2409.54,79.5,42910.2
NU00628,NU_L367,train,1.87,7.739999999999998,0.02,True,2409.54,79.5,42910.2
NU00628,NU_L367,train,2.87,9.150000000000002,0.02,True,2409.54,79.5,42910.2
NU00628,NU_L367,train,4.23,9.999999999999996,0.02,True,2409.54,79.5,42910.2
NU00628,NU_L367,train,4.88,10.540000000000003,0.02,True,2409.54,79.5,42910.2
NU00628,NU_L367,train,5.87,11.370000000000001,0.02,True,2409.54,79.5,42910.2
NU00628,NU_L367,train,8.89,12.59,0.02,True,2409.54,79.5,42910.2
NU00628,NU_L367,train,10.93,14.059999999999999,0.02,False,2409.54,79.5,42910.2
NU00628,NU_L367,train,12.12,12.669999999999998,0.02,False,2409.54,79.5,42910.2
NU00628,NU_L367,train,13.16,12.2,0.02,False,2409.54,79.5,42910.2
NU00628,NU_L367,train,15.95,13.499999999999996,0.02,False,2409.54,79.5,42910.2
NU00628,NU_L367,train,18.2,13.999999999999996,0.02,False,2409.54,79.5,42910.2
NU00628,NU_L367,train,23.87,14.290000000000003,0.02,False,2409.54,79.5,42910.2
NU00628,NU_L367,train,30.12,15.169999999999998,0.02,False,2409.54,79.5,42910.2
NU00628,NU_L367,train,34.12,15.510000000000002,0.02,False,2409.54,79.5,42910.2
NU00628,NU_L367,train,39.18,15.470000000000002,0.02,False,2409.54,79.5,42910.2
NU00628,NU_L367,train,44.16,16.169999999999998,0.02,False,2409.54,79.5,42910.2
NU00628,NU_L367,train,53.95,16.41,0.02,False,2409.54,79.5,42910.2
NU00628,NU_L367,train,73.16,16.849999999999998,0.02,False,2409.54,79.5,42910.2
NU00628,NU_L367,train,101.2,17.470000000000002,0.02,False,2409.54,79.5,42910.2
NU00628,NU_L367,train,106.91,17.580000000000002,0.02,False,2409.54,79.5,42910.2
NU00629,NU_L367,train,0.0,0.0,0.0,True,2409.54,79.5,42910.2
NU00629,NU_L367,train,0.01,0.730000000000004,0.0,True,2409.54,79.5,42910.2
NU00629,NU_L367,train,0.02,1.0900000000000034,0.0,True,2409.54,79.5,42910.2
NU00629,NU_L367,train,0.03,1.3300000000000018,0.0,True,2409.54,79.5,42910.2
NU00629,NU_L367,train,0.04,1.4500000000000028,0.0,True,2409.54,79.5,42910.2
NU00629,NU_L367,train,0.05,1.5700000000000038,0.0,True,2409.54,79.5,42910.2
NU00629,NU_L367,train,0.08,1.6800000000000033,0.0,True,2409.54,79.5,42910.2
NU00629,NU_L367,train,0.12,1.8000000000000043,0.0,True,2409.54,79.5,42910.2
NU00629,NU_L367,train,1.11,4.300000000000004,0.0,True,2409.54,79.5,42910.2
NU00629,NU_L367,train,1.76,5.050000000000004,0.0,True,2409.54,79.5,42910.2
NU00629,NU_L367,train,4.78,7.330000000000002,0.0,True,2409.54,79.5,42910.2
NU00629,NU_L367,train,6.03,7.570000000000004,0.0,True,2409.54,79.5,42910.2
NU00629,NU_L367,train,6.83,8.340000000000003,0.0,True,2409.54,79.5,42910.2
NU00629,NU_L367,train,9.05,8.400000000000002,0.0,True,2409.54,79.5,42910.2
NU00629,NU_L367,train,11.85,9.050000000000004,0.0,False,2409.54,79.5,42910.2
NU00629,NU_L367,train,16.05,9.650000000000006,0.0,False,2409.54,79.5,42910.2
NU00629,NU_L367,train,19.76,9.840000000000003,0.0,False,2409.54,79.5,42910.2
NU00629,NU_L367,train,26.01,10.920000000000002,0.0,False,2409.54,79.5,42910.2
NU00629,NU_L367,train,35.08,11.010000000000005,0.0,False,2409.54,79.5,42910.2
NU00629,NU_L367,train,42.01,11.450000000000003,0.0,False,2409.54,79.5,42910.2
NU00629,NU_L367,train,51.01,11.630000000000003,0.0,False,2409.54,79.5,42910.2
NU00629,NU_L367,train,69.05,11.600000000000001,0.0,False,2409.54,79.5,42910.2
NU00629,NU_L367,train,97.1,12.150000000000006,0.0,False,2409.54,79.5,42910.2
NU00629,NU_L367,train,126.01,12.29,0.0,False,2409.54,79.5,42910.2
NU00629,NU_L367,train,155.01,12.120000000000005,0.0,False,2409.54,79.5,42910.2
NU00630,NU_L367,train,0.0,0.0,0.0,True,2409.54,79.5,42910.2
NU00630,NU_L367,train,0.01,0.3810000000000002,0.0,True,2409.54,79.5,42910.2
NU00630,NU_L367,train,0.03,0.4660000000000011,0.0,True,2409.54,79.5,42910.2
NU00630,NU_L367,train,0.08,0.5459999999999994,0.0,True,2409.54,79.5,42910.2
NU00630,NU_L367,train,0.72,1.3560000000000016,0.0,True,2409.54,79.5,42910.2
NU00630,NU_L367,train,0.96,1.7660000000000018,0.0,True,2409.54,79.5,42910.2
NU00630,NU_L367,train,1.72,1.9960000000000022,0.0,True,2409.54,79.5,42910.2
NU00630,NU_L367,train,4.74,3.0760000000000005,0.0,True,2409.54,79.5,42910.2
NU00630,NU_L367,train,5.93,3.216000000000001,0.0,True,2409.54,79.5,42910.2
NU00630,NU_L367,train,8.78,3.1560000000000024,0.0,True,2409.54,79.5,42910.2
NU00630,NU_L367,train,12.92,3.9860000000000007,0.0,False,2409.54,79.5,42910.2
NU00630,NU_L367,train,15.72,4.266000000000002,0.0,False,2409.54,79.5,42910.2
NU00630,NU_L367,train,21.73,4.756,0.0,False,2409.54,79.5,42910.2
NU00630,NU_L367,train,22.71,4.906000000000002,0.0,False,2409.54,79.5,42910.2
NU00630,NU_L367,train,29.94,5.225999999999999,0.0,False,2409.54,79.5,42910.2
NU00630,NU_L367,train,35.94,5.236000000000001,0.0,False,2409.54,79.5,42910.2
NU00630,NU_L367,train,40.71,5.436,0.0,False,2409.54,79.5,42910.2
NU00630,NU_L367,train,48.74,6.026,0.0,False,2409.54,79.5,42910.2
NU00630,NU_L367,train,69.97,6.1960000000000015,0.0,False,2409.54,79.5,42910.2
NU00630,NU_L367,train,82.81,6.9460000000000015,0.0,False,2409.54,79.5,42910.2
NU00630,NU_L367,train,95.73,6.9559999999999995,0.0,False,2409.54,79.5,42910.2
NU00630,NU_L367,train,123.91,7.496000000000002,0.0,False,2409.54,79.5,42910.2
NU00630,NU_L367,train,134.73,7.876000000000001,0.0,False,2409.54,79.5,42910.2
NU00630,NU_L367,train,147.75,8.246000000000002,0.0,False,2409.54,79.5,42910.2
NU00630,NU_L367,train,153.8,8.065999999999999,0.0,False,2409.54,79.5,42910.2
NU00632,NU_L367,train,0.0,0.0,0.0,True,2419.68,67.2,40572.2
NU00632,NU_L367,train,0.01,0.7875000000000014,0.0,True,2419.68,67.2,40572.2
NU00632,NU_L367,train,0.02,1.0824999999999996,0.0,True,2419.68,67.2,40572.2
NU00632,NU_L367,train,0.04,1.2725000000000009,0.0,True,2419.68,67.2,40572.2
NU00632,NU_L367,train,0.06,1.6625000000000014,0.0,True,2419.68,67.2,40572.2
NU00632,NU_L367,train,0.08,1.7575000000000003,0.0,True,2419.68,67.2,40572.2
NU00632,NU_L367,train,0.12,1.8425000000000011,0.0,True,2419.68,67.2,40572.2
NU00632,NU_L367,train,0.21,2.212500000000002,0.0,True,2419.68,67.2,40572.2
NU00632,NU_L367,train,0.33,2.5725000000000016,0.0,True,2419.68,67.2,40572.2
NU00632,NU_L367,train,0.5,2.9224999999999994,0.0,True,2419.68,67.2,40572.2
NU00632,NU_L367,train,0.74,3.642500000000002,0.0,True,2419.68,67.2,40572.2
NU00632,NU_L367,train,1.0,3.9725,0.0,True,2419.68,67.2,40572.2
NU00632,NU_L367,train,1.68,5.012500000000003,0.0,True,2419.68,67.2,40572.2
NU00632,NU_L367,train,3.68,6.0425,0.0,True,2419.68,67.2,40572.2
NU00632,NU_L367,train,4.98,6.462500000000002,0.0,True,2419.68,67.2,40572.2
NU00632,NU_L367,train,5.73,6.572500000000002,0.0,True,2419.68,67.2,40572.2
NU00632,NU_L367,train,7.77,6.752500000000001,0.0,True,2419.68,67.2,40572.2
NU00632,NU_L367,train,10.67,7.112500000000001,0.0,False,2419.68,67.2,40572.2
NU00632,NU_L367,train,12.81,7.362500000000001,0.0,False,2419.68,67.2,40572.2
NU00632,NU_L367,train,17.73,7.892500000000002,0.0,False,2419.68,67.2,40572.2
NU00632,NU_L367,train,19.73,8.192500000000003,0.0,False,2419.68,67.2,40572.2
NU00632,NU_L367,train,21.76,8.512500000000003,0.0,False,2419.68,67.2,40572.2
NU00632,NU_L367,train,25.69,8.762500000000003,0.0,False,2419.68,67.2,40572.2
NU00632,NU_L367,train,29.0,9.052500000000002,0.0,False,2419.68,67.2,40572.2
NU00632,NU_L367,train,38.76,9.3825,0.0,False,2419.68,67.2,40572.2
NU00632,NU_L367,train,52.76,9.7025,0.0,False,2419.68,67.2,40572.2
NU00632,NU_L367,train,62.98,9.942500000000003,0.0,False,2419.68,67.2,40572.2
NU00632,NU_L367,train,88.68,10.232500000000002,0.0,False,2419.68,67.2,40572.2
NU00632,NU_L367,train,118.77,10.572499999999998,0.0,False,2419.68,67.2,40572.2
NU00633,NU_L367,train,0.0,0.0,0.0,True,2419.68,67.2,40572.2
NU00633,NU_L367,train,0.01,0.5940000000000012,0.0,True,2419.68,67.2,40572.2
NU00633,NU_L367,train,0.02,0.8440000000000012,0.0,True,2419.68,67.2,40572.2
NU00633,NU_L367,train,0.03,0.8440000000000012,0.0,True,2419.68,67.2,40572.2
NU00633,NU_L367,train,0.04,0.8440000000000012,0.0,True,2419.68,67.2,40572.2
NU00633,NU_L367,train,0.06,0.9640000000000022,0.0,True,2419.68,67.2,40572.2
NU00633,NU_L367,train,0.08,1.0839999999999996,0.0,True,2419.68,67.2,40572.2
NU00633,NU_L367,train,0.12,1.2040000000000006,0.0,True,2419.68,67.2,40572.2
NU00633,NU_L367,train,0.16,1.3240000000000016,0.0,True,2419.68,67.2,40572.2
NU00633,NU_L367,train,0.2,1.4440000000000026,0.0,True,2419.68,67.2,40572.2
NU00633,NU_L367,train,0.29,1.684000000000001,0.0,True,2419.68,67.2,40572.2
NU00633,NU_L367,train,0.41,1.9239999999999995,0.0,True,2419.68,67.2,40572.2
NU00633,NU_L367,train,0.66,2.274000000000001,0.0,True,2419.68,67.2,40572.2
NU00633,NU_L367,train,0.83,2.5040000000000013,0.0,True,2419.68,67.2,40572.2
NU00633,NU_L367,train,0.95,2.7439999999999998,0.0,True,2419.68,67.2,40572.2
NU00633,NU_L367,train,1.82,3.554000000000002,0.0,True,2419.68,67.2,40572.2
NU00633,NU_L367,train,3.78,4.5440000000000005,0.0,True,2419.68,67.2,40572.2
NU00633,NU_L367,train,6.68,5.634,0.0,True,2419.68,67.2,40572.2
NU00633,NU_L367,train,8.82,6.1640000000000015,0.0,True,2419.68,67.2,40572.2
NU00633,NU_L367,train,13.74,7.104000000000003,0.0,False,2419.68,67.2,40572.2
NU00633,NU_L367,train,14.74,7.324000000000002,0.0,False,2419.68,67.2,40572.2
NU00633,NU_L367,train,17.77,7.744,0.0,False,2419.68,67.2,40572.2
NU00633,NU_L367,train,21.71,8.024000000000001,0.0,False,2419.68,67.2,40572.2
NU00633,NU_L367,train,25.01,8.334,0.0,False,2419.68,67.2,40572.2
NU00633,NU_L367,train,34.76,8.794,0.0,False,2419.68,67.2,40572.2
NU00633,NU_L367,train,49.05,9.354000000000003,0.0,False,2419.68,67.2,40572.2
NU00633,NU_L367,train,58.99,9.634,0.0,False,2419.68,67.2,40572.2
NU00633,NU_L367,train,84.7,10.184000000000005,0.0,False,2419.68,67.2,40572.2
NU00633,NU_L367,train,114.78,10.774000000000001,0.0,False,2419.68,67.2,40572.2
NU00634,NU_L367,train,0.02,0.0,0.02,True,2419.68,67.2,40572.2
NU00634,NU_L367,train,0.04,0.46000000000000085,0.02,True,2419.68,67.2,40572.2
NU00634,NU_L367,train,0.05,0.6600000000000001,0.02,True,2419.68,67.2,40572.2
NU00634,NU_L367,train,0.08,1.0500000000000007,0.02,True,2419.68,67.2,40572.2
NU00634,NU_L367,train,0.1,1.3399999999999999,0.02,True,2419.68,67.2,40572.2
NU00634,NU_L367,train,0.12,1.5300000000000011,0.02,True,2419.68,67.2,40572.2
NU00634,NU_L367,train,0.76,2.7900000000000027,0.02,True,2419.68,67.2,40572.2
NU00634,NU_L367,train,0.97,3.080000000000002,0.02,True,2419.68,67.2,40572.2
NU00634,NU_L367,train,1.76,3.5600000000000023,0.02,True,2419.68,67.2,40572.2
NU00634,NU_L367,train,2.08,3.9400000000000013,0.02,True,2419.68,67.2,40572.2
NU00634,NU_L367,train,2.77,4.130000000000003,0.02,True,2419.68,67.2,40572.2
NU00634,NU_L367,train,3.04,4.32,0.02,True,2419.68,67.2,40572.2
NU00634,NU_L367,train,3.77,4.400000000000002,0.02,True,2419.68,67.2,40572.2
NU00634,NU_L367,train,4.06,4.59,0.02,True,2419.68,67.2,40572.2
NU00634,NU_L367,train,6.76,5.040000000000003,0.02,True,2419.68,67.2,40572.2
NU00634,NU_L367,train,9.78,5.59,0.02,True,2419.68,67.2,40572.2
NU00634,NU_L367,train,10.76,5.770000000000003,0.02,False,2419.68,67.2,40572.2
NU00634,NU_L367,train,17.99,6.370000000000001,0.02,False,2419.68,67.2,40572.2
NU00634,NU_L367,train,23.99,6.610000000000003,0.02,False,2419.68,67.2,40572.2
NU00634,NU_L367,train,28.76,6.960000000000001,0.02,False,2419.68,67.2,40572.2
NU00634,NU_L367,train,36.78,7.970000000000002,0.02,False,2419.68,67.2,40572.2
NU00634,NU_L367,train,58.02,8.82,0.02,False,2419.68,67.2,40572.2
NU00634,NU_L367,train,70.85,9.240000000000002,0.02,False,2419.68,67.2,40572.2
NU00634,NU_L367,train,83.78,9.280000000000001,0.02,False,2419.68,67.2,40572.2
NU00634,NU_L367,train,111.96,10.060000000000002,0.02,False,2419.68,67.2,40572.2
NU00634,NU_L367,train,122.78,10.030000000000001,0.02,False,2419.68,67.2,40572.2
NU00634,NU_L367,train,135.8,10.290000000000003,0.02,False,2419.68,67.2,40572.2
NU00634,NU_L367,train,141.84,10.760000000000002,0.02,False,2419.68,67.2,40572.2
NU00634,NU_L367,train,153.79,10.540000000000003,0.02,False,2419.68,67.2,40572.2
NU00636,NU_L367,train,0.0,0.0,0.0,True,2422.56,74.6,42009.9
NU00636,NU_L367,train,0.01,1.5800000000000018,0.0,True,2422.56,74.6,42009.9
NU00636,NU_L367,train,0.02,3.16,0.0,True,2422.56,74.6,42009.9
NU00636,NU_L367,train,0.03,3.7300000000000004,0.0,True,2422.56,74.6,42009.9
NU00636,NU_L367,train,0.04,4.010000000000002,0.0,True,2422.56,74.6,42009.9
NU00636,NU_L367,train,0.08,5.289999999999999,0.0,True,2422.56,74.6,42009.9
NU00636,NU_L367,train,0.12,5.850000000000001,0.0,True,2422.56,74.6,42009.9
NU00636,NU_L367,train,0.24,7.240000000000002,0.0,True,2422.56,74.6,42009.9
NU00636,NU_L367,train,0.75,10.060000000000002,0.0,True,2422.56,74.6,42009.9
NU00636,NU_L367,train,1.01,10.830000000000002,0.0,True,2422.56,74.6,42009.9
NU00636,NU_L367,train,2.06,12.390000000000004,0.0,True,2422.56,74.6,42009.9
NU00636,NU_L367,train,3.76,14.140000000000004,0.0,True,2422.56,74.6,42009.9
NU00636,NU_L367,train,4.79,14.940000000000001,0.0,True,2422.56,74.6,42009.9
NU00636,NU_L367,train,6.08,15.739999999999998,0.0,True,2422.56,74.6,42009.9
NU00636,NU_L367,train,7.04,16.610000000000003,0.0,True,2422.56,74.6,42009.9
NU00636,NU_L367,train,7.79,16.650000000000002,0.0,True,2422.56,74.6,42009.9
NU00636,NU_L367,train,11.04,17.59,0.0,False,2422.56,74.6,42009.9
NU00636,NU_L367,train,12.08,18.220000000000002,0.0,False,2422.56,74.6,42009.9
NU00636,NU_L367,train,13.81,18.51,0.0,False,2422.56,74.6,42009.9
NU00636,NU_L367,train,18.08,18.95,0.0,False,2422.56,74.6,42009.9
NU00636,NU_L367,train,20.1,19.570000000000004,0.0,False,2422.56,74.6,42009.9
NU00636,NU_L367,train,21.87,19.91,0.0,False,2422.56,74.6,42009.9
NU00636,NU_L367,train,27.04,20.430000000000003,0.0,False,2422.56,74.6,42009.9
NU00636,NU_L367,train,33.12,20.81,0.0,False,2422.56,74.6,42009.9
NU00636,NU_L367,train,45.87,22.110000000000003,0.0,False,2422.56,74.6,42009.9
NU00636,NU_L367,train,82.12,23.41,0.0,False,2422.56,74.6,42009.9
NU00636,NU_L367,train,126.99,24.31,0.0,False,2422.56,74.6,42009.9
NU00636,NU_L367,train,151.99,24.66,0.0,False,2422.56,74.6,42009.9
NU00637,NU_L367,train,0.0,0.0,0.0,True,2422.56,74.6,42009.9
NU00637,NU_L367,train,0.01,0.3949999999999996,0.0,True,2422.56,74.6,42009.9
NU00637,NU_L367,train,0.02,0.5500000000000007,0.0,True,2422.56,74.6,42009.9
NU00637,NU_L367,train,0.04,0.7699999999999996,0.0,True,2422.56,74.6,42009.9
NU00637,NU_L367,train,0.09,1.0800000000000018,0.0,True,2422.56,74.6,42009.9
NU00637,NU_L367,train,0.13,1.2899999999999991,0.0,True,2422.56,74.6,42009.9
NU00637,NU_L367,train,0.21,1.7100000000000009,0.0,True,2422.56,74.6,42009.9
NU00637,NU_L367,train,0.29,1.9100000000000001,0.0,True,2422.56,74.6,42009.9
NU00637,NU_L367,train,0.42,2.210000000000001,0.0,True,2422.56,74.6,42009.9
NU00637,NU_L367,train,0.63,2.6099999999999994,0.0,True,2422.56,74.6,42009.9
NU00637,NU_L367,train,1.0,3.210000000000001,0.0,True,2422.56,74.6,42009.9
NU00637,NU_L367,train,1.5,3.6799999999999997,0.0,True,2422.56,74.6,42009.9
NU00637,NU_L367,train,1.7,3.870000000000001,0.0,True,2422.56,74.6,42009.9
NU00637,NU_L367,train,6.77,6.41,0.0,True,2422.56,74.6,42009.9
NU00637,NU_L367,train,8.76,7.140000000000001,0.0,True,2422.56,74.6,42009.9
NU00637,NU_L367,train,10.8,7.449999999999999,0.0,False,2422.56,74.6,42009.9
NU00637,NU_L367,train,14.74,8.02,0.0,False,2422.56,74.6,42009.9
NU00637,NU_L367,train,18.02,8.440000000000001,0.0,False,2422.56,74.6,42009.9
NU00637,NU_L367,train,27.78,9.25,0.0,False,2422.56,74.6,42009.9
NU00637,NU_L367,train,42.08,9.760000000000002,0.0,False,2422.56,74.6,42009.9
NU00637,NU_L367,train,52.01,10.07,0.0,False,2422.56,74.6,42009.9
NU00637,NU_L367,train,77.72,10.52,0.0,False,2422.56,74.6,42009.9
NU00637,NU_L367,train,108.81,10.91,0.0,False,2422.56,74.6,42009.9
NU00637,NU_L367,train,157.76,11.309999999999999,0.0,False,2422.56,74.6,42009.9
NU00638,NU_L367,train,0.0,0.0,0.0,True,2422.56,74.6,42009.9
NU00638,NU_L367,train,0.01,0.6666666666666679,0.0,True,2422.56,74.6,42009.9
NU00638,NU_L367,train,0.02,0.9966666666666661,0.0,True,2422.56,74.6,42009.9
NU00638,NU_L367,train,0.04,1.1666666666666679,0.0,True,2422.56,74.6,42009.9
NU00638,NU_L367,train,0.08,1.2466666666666661,0.0,True,2422.56,74.6,42009.9
NU00638,NU_L367,train,0.13,1.4166666666666679,0.0,True,2422.56,74.6,42009.9
NU00638,NU_L367,train,0.77,2.236666666666668,0.0,True,2422.56,74.6,42009.9
NU00638,NU_L367,train,1.06,2.3966666666666683,0.0,True,2422.56,74.6,42009.9
NU00638,NU_L367,train,1.84,2.546666666666667,0.0,True,2422.56,74.6,42009.9
NU00638,NU_L367,train,2.78,2.9366666666666674,0.0,True,2422.56,74.6,42009.9
NU00638,NU_L367,train,3.76,3.1766666666666694,0.0,True,2422.56,74.6,42009.9
NU00638,NU_L367,train,6.83,3.866666666666667,0.0,True,2422.56,74.6,42009.9
NU00638,NU_L367,train,8.01,3.8466666666666676,0.0,True,2422.56,74.6,42009.9
NU00638,NU_L367,train,10.99,4.216666666666669,0.0,False,2422.56,74.6,42009.9
NU00638,NU_L367,train,16.99,4.646666666666668,0.0,False,2422.56,74.6,42009.9
NU00638,NU_L367,train,21.76,4.926666666666669,0.0,False,2422.56,74.6,42009.9
NU00638,NU_L367,train,29.79,5.186666666666667,0.0,False,2422.56,74.6,42009.9
NU00638,NU_L367,train,50.94,6.046666666666667,0.0,False,2422.56,74.6,42009.9
NU00638,NU_L367,train,63.86,6.496666666666666,0.0,False,2422.56,74.6,42009.9
NU00638,NU_L367,train,73.96,6.956666666666667,0.0,False,2422.56,74.6,42009.9
NU00638,NU_L367,train,76.78,6.526666666666667,0.0,False,2422.56,74.6,42009.9
NU00638,NU_L367,train,115.78,7.096666666666668,0.0,False,2422.56,74.6,42009.9
NU00638,NU_L367,train,128.8,7.566666666666666,0.0,False,2422.56,74.6,42009.9
NU00638,NU_L367,train,134.8,7.646666666666668,0.0,False,2422.56,74.6,42009.9
NU00638,NU_L367,train,146.79,7.876666666666669,0.0,False,2422.56,74.6,42009.9
NU00640,NU_L367,train,0.0,0.0,0.0,True,2424.08,94.3,45423.0
NU00640,NU_L367,train,0.01,0.6325000000000038,0.0,True,2424.08,94.3,45423.0
NU00640,NU_L367,train,0.02,0.7025000000000006,0.0,True,2424.08,94.3,45423.0
NU00640,NU_L367,train,0.04,0.692499999999999,0.0,True,2424.08,94.3,45423.0
NU00640,NU_L367,train,0.06,0.8425000000000011,0.0,True,2424.08,94.3,45423.0
NU00640,NU_L367,train,0.09,0.9825000000000017,0.0,True,2424.08,94.3,45423.0
NU00640,NU_L367,train,0.13,1.1224999999999987,0.0,True,2424.08,94.3,45423.0
NU00640,NU_L367,train,0.17,1.2624999999999993,0.0,True,2424.08,94.3,45423.0
NU00640,NU_L367,train,0.25,1.5324999999999989,0.0,True,2424.08,94.3,45423.0
NU00640,NU_L367,train,0.38,2.1125000000000007,0.0,True,2424.08,94.3,45423.0
NU00640,NU_L367,train,0.5,2.532499999999999,0.0,True,2424.08,94.3,45423.0
NU00640,NU_L367,train,0.75,3.212500000000002,0.0,True,2424.08,94.3,45423.0
NU00640,NU_L367,train,1.0,3.5824999999999996,0.0,True,2424.08,94.3,45423.0
NU00640,NU_L367,train,1.64,4.2925,0.0,True,2424.08,94.3,45423.0
NU00640,NU_L367,train,1.87,4.682500000000001,0.0,True,2424.08,94.3,45423.0
NU00640,NU_L367,train,3.16,5.872499999999999,0.0,True,2424.08,94.3,45423.0
NU00640,NU_L367,train,3.91,6.4725,0.0,True,2424.08,94.3,45423.0
NU00640,NU_L367,train,5.95,7.922499999999999,0.0,True,2424.08,94.3,45423.0
NU00640,NU_L367,train,8.86,8.8525,0.0,True,2424.08,94.3,45423.0
NU00640,NU_L367,train,10.99,9.3525,0.0,False,2424.08,94.3,45423.0
NU00640,NU_L367,train,15.91,10.4025,0.0,False,2424.08,94.3,45423.0
NU00640,NU_L367,train,17.91,10.702499999999997,0.0,False,2424.08,94.3,45423.0
NU00640,NU_L367,train,19.93,11.182500000000001,0.0,False,2424.08,94.3,45423.0
NU00640,NU_L367,train,23.88,11.5425,0.0,False,2424.08,94.3,45423.0
NU00640,NU_L367,train,27.18,11.9725,0.0,False,2424.08,94.3,45423.0
NU00640,NU_L367,train,36.93,12.622499999999999,0.0,False,2424.08,94.3,45423.0
NU00640,NU_L367,train,51.22,13.0825,0.0,False,2424.08,94.3,45423.0
NU00640,NU_L367,train,61.16,13.142500000000002,0.0,False,2424.08,94.3,45423.0
NU00640,NU_L367,train,86.87,13.432500000000001,0.0,False,2424.08,94.3,45423.0
NU00640,NU_L367,train,116.95,13.8325,0.0,False,2424.08,94.3,45423.0
NU00641,NU_L367,train,0.0,0.0,0.0,True,2424.08,94.3,45423.0
NU00641,NU_L367,train,0.01,0.4216666666666704,0.0,True,2424.08,94.3,45423.0
NU00641,NU_L367,train,0.02,0.5916666666666686,0.0,True,2424.08,94.3,45423.0
NU00641,NU_L367,train,0.03,0.7116666666666696,0.0,True,2424.08,94.3,45423.0
NU00641,NU_L367,train,0.04,0.821666666666669,0.0,True,2424.08,94.3,45423.0
NU00641,NU_L367,train,0.09,1.1616666666666688,0.0,True,2424.08,94.3,45423.0
NU00641,NU_L367,train,0.13,1.5016666666666687,0.0,True,2424.08,94.3,45423.0
NU00641,NU_L367,train,0.17,1.6116666666666681,0.0,True,2424.08,94.3,45423.0
NU00641,NU_L367,train,0.21,1.8416666666666686,0.0,True,2424.08,94.3,45423.0
NU00641,NU_L367,train,0.29,2.1716666666666704,0.0,True,2424.08,94.3,45423.0
NU00641,NU_L367,train,0.42,2.5016666666666687,0.0,True,2424.08,94.3,45423.0
NU00641,NU_L367,train,0.67,3.03166666666667,0.0,True,2424.08,94.3,45423.0
NU00641,NU_L367,train,1.0,3.561666666666671,0.0,True,2424.08,94.3,45423.0
NU00641,NU_L367,train,1.5,4.181666666666668,0.0,True,2424.08,94.3,45423.0
NU00641,NU_L367,train,1.88,4.5816666666666706,0.0,True,2424.08,94.3,45423.0
NU00641,NU_L367,train,3.0,5.591666666666669,0.0,True,2424.08,94.3,45423.0
NU00641,NU_L367,train,4.0,6.051666666666669,0.0,True,2424.08,94.3,45423.0
NU00641,NU_L367,train,4.85,6.42166666666667,0.0,True,2424.08,94.3,45423.0
NU00641,NU_L367,train,7.0,7.251666666666669,0.0,True,2424.08,94.3,45423.0
NU00641,NU_L367,train,11.92,8.71166666666667,0.0,False,2424.08,94.3,45423.0
NU00641,NU_L367,train,13.91,9.051666666666673,0.0,False,2424.08,94.3,45423.0
NU00641,NU_L367,train,15.95,9.511666666666667,0.0,False,2424.08,94.3,45423.0
NU00641,NU_L367,train,19.89,10.011666666666667,0.0,False,2424.08,94.3,45423.0
NU00641,NU_L367,train,23.18,10.331666666666667,0.0,False,2424.08,94.3,45423.0
NU00641,NU_L367,train,32.93,10.911666666666672,0.0,False,2424.08,94.3,45423.0
NU00641,NU_L367,train,47.23,11.251666666666669,0.0,False,2424.08,94.3,45423.0
NU00641,NU_L367,train,57.16,11.53166666666667,0.0,False,2424.08,94.3,45423.0
NU00641,NU_L367,train,82.87,11.861666666666668,0.0,False,2424.08,94.3,45423.0
NU00641,NU_L367,train,112.96,12.501666666666669,0.0,False,2424.08,94.3,45423.0
NU00642,NU_L367,train,0.0,0.0,0.0,True,2424.08,94.3,45423.0
NU00642,NU_L367,train,0.01,0.28500000000000014,0.0,True,2424.08,94.3,45423.0
NU00642,NU_L367,train,0.02,0.48499999999999943,0.0,True,2424.08,94.3,45423.0
NU00642,NU_L367,train,0.03,0.615000000000002,0.0,True,2424.08,94.3,45423.0
NU00642,NU_L367,train,0.05,0.7550000000000026,0.0,True,2424.08,94.3,45423.0
NU00642,NU_L367,train,0.09,0.8150000000000013,0.0,True,2424.08,94.3,45423.0
NU00642,NU_L367,train,0.13,0.745000000000001,0.0,True,2424.08,94.3,45423.0
NU00642,NU_L367,train,0.78,1.4649999999999999,0.0,True,2424.08,94.3,45423.0
NU00642,NU_L367,train,1.05,1.6550000000000011,0.0,True,2424.08,94.3,45423.0
NU00642,NU_L367,train,1.78,2.0450000000000017,0.0,True,2424.08,94.3,45423.0
NU00642,NU_L367,train,2.07,2.2349999999999994,0.0,True,2424.08,94.3,45423.0
NU00642,NU_L367,train,4.77,2.575000000000003,0.0,True,2424.08,94.3,45423.0
NU00642,NU_L367,train,7.79,2.8450000000000024,0.0,True,2424.08,94.3,45423.0
NU00642,NU_L367,train,8.77,2.8949999999999996,0.0,True,2424.08,94.3,45423.0
NU00642,NU_L367,train,16.0,3.775000000000002,0.0,False,2424.08,94.3,45423.0
NU00642,NU_L367,train,22.0,3.8850000000000016,0.0,False,2424.08,94.3,45423.0
NU00642,NU_L367,train,26.77,4.025000000000002,0.0,False,2424.08,94.3,45423.0
NU00642,NU_L367,train,34.79,5.005000000000003,0.0,False,2424.08,94.3,45423.0
NU00642,NU_L367,train,56.03,5.685000000000002,0.0,False,2424.08,94.3,45423.0
NU00642,NU_L367,train,68.86,6.135000000000002,0.0,False,2424.08,94.3,45423.0
NU00642,NU_L367,train,81.79,6.465,0.0,False,2424.08,94.3,45423.0
NU00642,NU_L367,train,109.97,6.875,0.0,False,2424.08,94.3,45423.0
NU00642,NU_L367,train,120.79,6.905000000000001,0.0,False,2424.08,94.3,45423.0
NU00642,NU_L367,train,133.81,7.395,0.0,False,2424.08,94.3,45423.0
NU00642,NU_L367,train,139.85,7.435000000000002,0.0,False,2424.08,94.3,45423.0
NU00642,NU_L367,train,151.8,7.405000000000001,0.0,False,2424.08,94.3,45423.0
NU00643,NU_L367,train,0.0,0.0,0.0,True,2451.6400000000003,101.8,46596.6
NU00643,NU_L367,train,0.01,0.3125,0.0,True,2451.6400000000003,101.8,46596.6
NU00643,NU_L367,train,0.02,0.3825000000000003,0.0,True,2451.6400000000003,101.8,46596.6
NU00643,NU_L367,train,0.06,0.3825000000000003,0.0,True,2451.6400000000003,101.8,46596.6
NU00643,NU_L367,train,0.14,0.5824999999999996,0.0,True,2451.6400000000003,101.8,46596.6
NU00643,NU_L367,train,0.26,0.6524999999999999,0.0,True,2451.6400000000003,101.8,46596.6
NU00643,NU_L367,train,0.93,0.9224999999999994,0.0,True,2451.6400000000003,101.8,46596.6
NU00643,NU_L367,train,1.25,1.3225000000000016,0.0,True,2451.6400000000003,101.8,46596.6
NU00643,NU_L367,train,3.25,1.7824999999999989,0.0,True,2451.6400000000003,101.8,46596.6
NU00643,NU_L367,train,6.96,2.522500000000001,0.0,True,2451.6400000000003,101.8,46596.6
NU00643,NU_L367,train,10.17,2.852499999999999,0.0,False,2451.6400000000003,101.8,46596.6
NU00643,NU_L367,train,19.92,3.522500000000001,0.0,False,2451.6400000000003,101.8,46596.6
NU00643,NU_L367,train,33.92,4.0625,0.0,False,2451.6400000000003,101.8,46596.6
NU00643,NU_L367,train,52.0,4.522500000000001,0.0,False,2451.6400000000003,101.8,46596.6
NU00643,NU_L367,train,83.13,5.192499999999999,0.0,False,2451.6400000000003,101.8,46596.6
NU00644,NU_L367,train,0.12,0.0,0.12,True,2451.6400000000003,84.0,43705.0
NU00644,NU_L367,train,0.13,0.28500000000000014,0.12,True,2451.6400000000003,84.0,43705.0
NU00644,NU_L367,train,0.21,0.48499999999999943,0.12,True,2451.6400000000003,84.0,43705.0
NU00644,NU_L367,train,0.32,0.9550000000000018,0.12,True,2451.6400000000003,84.0,43705.0
NU00644,NU_L367,train,1.0,2.2950000000000017,0.12,True,2451.6400000000003,84.0,43705.0
NU00644,NU_L367,train,1.31,2.495000000000001,0.12,True,2451.6400000000003,84.0,43705.0
NU00644,NU_L367,train,3.32,3.5549999999999997,0.12,True,2451.6400000000003,84.0,43705.0
NU00644,NU_L367,train,7.03,4.565000000000001,0.12,True,2451.6400000000003,84.0,43705.0
NU00644,NU_L367,train,10.24,5.025000000000002,0.12,False,2451.6400000000003,84.0,43705.0
NU00644,NU_L367,train,19.99,5.965,0.12,False,2451.6400000000003,84.0,43705.0
NU00644,NU_L367,train,33.99,6.835000000000001,0.12,False,2451.6400000000003,84.0,43705.0
NU00644,NU_L367,train,52.07,7.435000000000002,0.12,False,2451.6400000000003,84.0,43705.0
NU00644,NU_L367,train,83.2,8.165000000000003,0.12,False,2451.6400000000003,84.0,43705.0
NU00645,NU_L367,train,0.0,0.0,0.0,True,2451.6400000000003,78.0,42638.6
NU00645,NU_L367,train,0.09,1.8599999999999994,0.0,True,2451.6400000000003,78.0,42638.6
NU00645,NU_L367,train,0.11,2.09,0.0,True,2451.6400000000003,78.0,42638.6
NU00645,NU_L367,train,0.14,1.9200000000000017,0.0,True,2451.6400000000003,78.0,42638.6
NU00645,NU_L367,train,0.2,2.0500000000000007,0.0,True,2451.6400000000003,78.0,42638.6
NU00645,NU_L367,train,0.39,2.3200000000000003,0.0,True,2451.6400000000003,78.0,42638.6
NU00645,NU_L367,train,0.75,2.5700000000000003,0.0,True,2451.6400000000003,78.0,42638.6
NU00645,NU_L367,train,1.13,3.400000000000002,0.0,True,2451.6400000000003,78.0,42638.6
NU00645,NU_L367,train,1.36,3.080000000000002,0.0,True,2451.6400000000003,78.0,42638.6
NU00645,NU_L367,train,2.47,3.219999999999999,0.0,True,2451.6400000000003,78.0,42638.6
NU00645,NU_L367,train,2.9,3.330000000000002,0.0,True,2451.6400000000003,78.0,42638.6
NU00645,NU_L367,train,3.99,3.59,0.0,True,2451.6400000000003,78.0,42638.6
NU00645,NU_L367,train,4.59,3.710000000000001,0.0,True,2451.6400000000003,78.0,42638.6
NU00645,NU_L367,train,4.93,3.629999999999999,0.0,True,2451.6400000000003,78.0,42638.6
NU00645,NU_L367,train,4.94,3.780000000000001,0.0,True,2451.6400000000003,78.0,42638.6
NU00645,NU_L367,train,5.84,3.9800000000000004,0.0,True,2451.6400000000003,78.0,42638.6
NU00645,NU_L367,train,6.66,4.109999999999999,0.0,True,2451.6400000000003,78.0,42638.6
NU00645,NU_L367,train,7.74,4.240000000000002,0.0,True,2451.6400000000003,78.0,42638.6
NU00645,NU_L367,train,8.14,3.4299999999999997,0.0,True,2451.6400000000003,78.0,42638.6
NU00645,NU_L367,train,10.5,4.5,0.0,False,2451.6400000000003,78.0,42638.6
NU00645,NU_L367,train,12.25,4.629999999999999,0.0,False,2451.6400000000003,78.0,42638.6
NU00645,NU_L367,train,14.06,4.760000000000002,0.0,False,2451.6400000000003,78.0,42638.6
NU00645,NU_L367,train,18.09,5.010000000000002,0.0,False,2451.6400000000003,78.0,42638.6
NU00645,NU_L367,train,21.06,5.140000000000001,0.0,False,2451.6400000000003,78.0,42638.6
NU00645,NU_L367,train,22.86,4.77,0.0,False,2451.6400000000003,78.0,42638.6
NU00645,NU_L367,train,24.26,4.379999999999999,0.0,False,2451.6400000000003,78.0,42638.6
NU00645,NU_L367,train,25.15,4.93,0.0,False,2451.6400000000003,78.0,42638.6
NU00645,NU_L367,train,26.91,5.465,0.0,False,2451.6400000000003,78.0,42638.6
NU00645,NU_L367,train,29.18,5.460000000000001,0.0,False,2451.6400000000003,78.0,42638.6
NU00645,NU_L367,train,32.59,5.59,0.0,False,2451.6400000000003,78.0,42638.6
NU00645,NU_L367,train,47.14,6.02,0.0,False,2451.6400000000003,78.0,42638.6
NU00645,NU_L367,train,52.77,6.140000000000001,0.0,False,2451.6400000000003,78.0,42638.6
NU00645,NU_L367,train,53.62,6.02,0.0,False,2451.6400000000003,78.0,42638.6
NU00645,NU_L367,train,54.11,6.140000000000001,0.0,False,2451.6400000000003,78.0,42638.6
NU00645,NU_L367,train,54.18,6.27,0.0,False,2451.6400000000003,78.0,42638.6
NU00645,NU_L367,train,55.93,6.16,0.0,False,2451.6400000000003,78.0,42638.6
NU00645,NU_L367,train,61.74,6.289999999999999,0.0,False,2451.6400000000003,78.0,42638.6
NU00645,NU_L367,train,65.91,6.370000000000001,0.0,False,2451.6400000000003,78.0,42638.6
NU00645,NU_L367,train,73.48,6.5,0.0,False,2451.6400000000003,78.0,42638.6
NU00645,NU_L367,train,84.41,6.620000000000001,0.0,False,2451.6400000000003,78.0,42638.6
NU00645,NU_L367,train,110.11,6.859999999999999,0.0,False,2451.6400000000003,78.0,42638.6
NU00645,NU_L367,train,123.01,6.740000000000002,0.0,False,2451.6400000000003,78.0,42638.6
NU00645,NU_L367,train,123.03,6.609999999999999,0.0,False,2451.6400000000003,78.0,42638.6
NU00645,NU_L367,train,123.1,6.740000000000002,0.0,False,2451.6400000000003,78.0,42638.6
NU00645,NU_L367,train,123.15,6.859999999999999,0.0,False,2451.6400000000003,78.0,42638.6
NU00645,NU_L367,train,123.24,6.990000000000002,0.0,False,2451.6400000000003,78.0,42638.6
NU00646,NU_L368,train,0.0,0.0,0.0,True,2159.5,42.0,34688.7
NU00646,NU_L368,train,0.01,2.009999999999998,0.0,True,2159.5,42.0,34688.7
NU00646,NU_L368,train,0.02,4.0049999999999955,0.0,True,2159.5,42.0,34688.7
NU00646,NU_L368,train,0.19,6.310000000000002,0.0,True,2159.5,42.0,34688.7
NU00646,NU_L368,train,0.52,7.899999999999999,0.0,True,2159.5,42.0,34688.7
NU00646,NU_L368,train,0.68,9.170000000000002,0.0,True,2159.5,42.0,34688.7
NU00646,NU_L368,train,1.65,10.600000000000001,0.0,True,2159.5,42.0,34688.7
NU00646,NU_L368,train,1.82,12.299999999999997,0.0,True,2159.5,42.0,34688.7
NU00646,NU_L368,train,2.15,13.799999999999997,0.0,True,2159.5,42.0,34688.7
NU00646,NU_L368,train,2.63,15.200000000000003,0.0,True,2159.5,42.0,34688.7
NU00646,NU_L368,train,2.96,16.799999999999997,0.0,True,2159.5,42.0,34688.7
NU00646,NU_L368,train,3.46,18.4,0.0,True,2159.5,42.0,34688.7
NU00646,NU_L368,train,3.76,19.799999999999997,0.0,True,2159.5,42.0,34688.7
NU00646,NU_L368,train,4.26,21.1,0.0,True,2159.5,42.0,34688.7
NU00646,NU_L368,train,4.76,22.700000000000003,0.0,True,2159.5,42.0,34688.7
NU00646,NU_L368,train,5.56,24.6,0.0,True,2159.5,42.0,34688.7
NU00646,NU_L368,train,7.46,26.5,0.0,True,2159.5,42.0,34688.7
NU00646,NU_L368,train,9.46,28.799999999999997,0.0,True,2159.5,42.0,34688.7
NU00646,NU_L368,train,11.36,30.4,0.0,False,2159.5,42.0,34688.7
NU00646,NU_L368,train,12.16,31.700000000000003,0.0,False,2159.5,42.0,34688.7
NU00646,NU_L368,train,13.26,32.900000000000006,0.0,False,2159.5,42.0,34688.7
NU00646,NU_L368,train,14.56,33.900000000000006,0.0,False,2159.5,42.0,34688.7
NU00646,NU_L368,train,16.06,35.599999999999994,0.0,False,2159.5,42.0,34688.7
NU00646,NU_L368,train,16.66,36.400000000000006,0.0,False,2159.5,42.0,34688.7
NU00646,NU_L368,train,17.96,37.7,0.0,False,2159.5,42.0,34688.7
NU00646,NU_L368,train,19.56,38.900000000000006,0.0,False,2159.5,42.0,34688.7
NU00646,NU_L368,train,21.66,40.8,0.0,False,2159.5,42.0,34688.7
NU00646,NU_L368,train,23.56,42.7,0.0,False,2159.5,42.0,34688.7
NU00646,NU_L368,train,24.66,43.7,0.0,False,2159.5,42.0,34688.7
NU00646,NU_L368,train,25.86,44.599999999999994,0.0,False,2159.5,42.0,34688.7
NU00646,NU_L368,train,28.06,46.2,0.0,False,2159.5,42.0,34688.7
NU00646,NU_L368,train,29.86,47.400000000000006,0.0,False,2159.5,42.0,34688.7
NU00646,NU_L368,train,31.16,47.8,0.0,False,2159.5,42.0,34688.7
NU00646,NU_L368,train,32.06,48.900000000000006,0.0,False,2159.5,42.0,34688.7
NU00646,NU_L368,train,34.76,50.3,0.0,False,2159.5,42.0,34688.7
NU00646,NU_L368,train,37.86,51.7,0.0,False,2159.5,42.0,34688.7
NU00646,NU_L368,train,39.96,52.599999999999994,0.0,False,2159.5,42.0,34688.7
NU00646,NU_L368,train,43.46,55.3,0.0,False,2159.5,42.0,34688.7
NU00646,NU_L368,train,45.36,55.599999999999994,0.0,False,2159.5,42.0,34688.7
NU00646,NU_L368,train,46.36,56.2,0.0,False,2159.5,42.0,34688.7
NU00646,NU_L368,train,48.26,57.5,0.0,False,2159.5,42.0,34688.7
NU00646,NU_L368,train,49.76,57.8,0.0,False,2159.5,42.0,34688.7
NU00646,NU_L368,train,52.26,58.599999999999994,0.0,False,2159.5,42.0,34688.7
NU00646,NU_L368,train,54.56,59.5,0.0,False,2159.5,42.0,34688.7
NU00646,NU_L368,train,58.26,59.5,0.0,False,2159.5,42.0,34688.7
NU00647,NU_L368,train,0.0,0.0,0.0,True,2313.5,41.0,34411.2
NU00647,NU_L368,train,0.16,2.3299999999999983,0.0,True,2313.5,41.0,34411.2
NU00647,NU_L368,train,0.17,3.4499999999999993,0.0,True,2313.5,41.0,34411.2
NU00647,NU_L368,train,0.33,4.399999999999999,0.0,True,2313.5,41.0,34411.2
NU00647,NU_L368,train,0.66,6.225000000000001,0.0,True,2313.5,41.0,34411.2
NU00647,NU_L368,train,0.83,7.259999999999998,0.0,True,2313.5,41.0,34411.2
NU00647,NU_L368,train,0.99,8.369999999999997,0.0,True,2313.5,41.0,34411.2
NU00647,NU_L368,train,1.16,9.479999999999997,0.0,True,2313.5,41.0,34411.2
NU00647,NU_L368,train,1.32,10.799999999999997,0.0,True,2313.5,41.0,34411.2
NU00647,NU_L368,train,1.65,11.700000000000003,0.0,True,2313.5,41.0,34411.2
NU00647,NU_L368,train,2.13,13.100000000000001,0.0,True,2313.5,41.0,34411.2
NU00647,NU_L368,train,2.3,14.100000000000001,0.0,True,2313.5,41.0,34411.2
NU00647,NU_L368,train,2.95,15.700000000000003,0.0,True,2313.5,41.0,34411.2
NU00647,NU_L368,train,3.11,16.6,0.0,True,2313.5,41.0,34411.2
NU00647,NU_L368,train,3.61,18.1,0.0,True,2313.5,41.0,34411.2
NU00647,NU_L368,train,4.21,21.4,0.0,True,2313.5,41.0,34411.2
NU00647,NU_L368,train,4.61,23.299999999999997,0.0,True,2313.5,41.0,34411.2
NU00647,NU_L368,train,4.71,24.4,0.0,True,2313.5,41.0,34411.2
NU00647,NU_L368,train,5.11,25.5,0.0,True,2313.5,41.0,34411.2
NU00647,NU_L368,train,6.01,27.1,0.0,True,2313.5,41.0,34411.2
NU00647,NU_L368,train,6.81,28.9,0.0,True,2313.5,41.0,34411.2
NU00647,NU_L368,train,7.21,30.1,0.0,True,2313.5,41.0,34411.2
NU00647,NU_L368,train,7.51,31.4,0.0,True,2313.5,41.0,34411.2
NU00647,NU_L368,train,9.31,32.7,0.0,True,2313.5,41.0,34411.2
NU00647,NU_L368,train,10.21,34.0,0.0,False,2313.5,41.0,34411.2
NU00647,NU_L368,train,10.41,35.7,0.0,False,2313.5,41.0,34411.2
NU00647,NU_L368,train,11.51,36.9,0.0,False,2313.5,41.0,34411.2
NU00647,NU_L368,train,12.61,37.9,0.0,False,2313.5,41.0,34411.2
NU00647,NU_L368,train,13.61,38.699999999999996,0.0,False,2313.5,41.0,34411.2
NU00647,NU_L368,train,15.01,39.300000000000004,0.0,False,2313.5,41.0,34411.2
NU00647,NU_L368,train,17.31,40.49999999999999,0.0,False,2313.5,41.0,34411.2
NU00647,NU_L368,train,19.21,41.800000000000004,0.0,False,2313.5,41.0,34411.2
NU00647,NU_L368,train,20.81,43.199999999999996,0.0,False,2313.5,41.0,34411.2
NU00647,NU_L368,train,22.31,44.6,0.0,False,2313.5,41.0,34411.2
NU00647,NU_L368,train,23.71,46.199999999999996,0.0,False,2313.5,41.0,34411.2
NU00647,NU_L368,train,25.01,46.800000000000004,0.0,False,2313.5,41.0,34411.2
NU00647,NU_L368,train,27.61,47.49999999999999,0.0,False,2313.5,41.0,34411.2
NU00647,NU_L368,train,28.51,48.9,0.0,False,2313.5,41.0,34411.2
NU00647,NU_L368,train,29.71,49.49999999999999,0.0,False,2313.5,41.0,34411.2
NU00647,NU_L368,train,30.81,49.800000000000004,0.0,False,2313.5,41.0,34411.2
NU00647,NU_L368,train,31.61,50.1,0.0,False,2313.5,41.0,34411.2
NU00647,NU_L368,train,32.51,50.800000000000004,0.0,False,2313.5,41.0,34411.2
NU00647,NU_L368,train,33.71,50.9,0.0,False,2313.5,41.0,34411.2
NU00647,NU_L368,train,33.81,51.699999999999996,0.0,False,2313.5,41.0,34411.2
NU00647,NU_L368,train,34.51,52.199999999999996,0.0,False,2313.5,41.0,34411.2
NU00647,NU_L368,train,36.11,51.99999999999999,0.0,False,2313.5,41.0,34411.2
NU00647,NU_L368,train,36.91,53.1,0.0,False,2313.5,41.0,34411.2
NU00647,NU_L368,train,37.71,53.800000000000004,0.0,False,2313.5,41.0,34411.2
NU00647,NU_L368,train,37.81,54.699999999999996,0.0,False,2313.5,41.0,34411.2
NU00647,NU_L368,train,39.61,54.699999999999996,0.0,False,2313.5,41.0,34411.2
NU00647,NU_L368,train,40.71,54.99999999999999,0.0,False,2313.5,41.0,34411.2
NU00647,NU_L368,train,42.31,55.6,0.0,False,2313.5,41.0,34411.2
NU00647,NU_L368,train,44.71,55.6,0.0,False,2313.5,41.0,34411.2
NU00647,NU_L368,train,45.91,56.699999999999996,0.0,False,2313.5,41.0,34411.2
NU00647,NU_L368,train,46.51,58.1,0.0,False,2313.5,41.0,34411.2
NU00647,NU_L368,train,47.51,58.6,0.0,False,2313.5,41.0,34411.2
NU00647,NU_L368,train,49.61,58.800000000000004,0.0,False,2313.5,41.0,34411.2
NU00647,NU_L368,train,51.31,58.699999999999996,0.0,False,2313.5,41.0,34411.2
NU00647,NU_L368,train,53.21,58.9,0.0,False,2313.5,41.0,34411.2
NU00647,NU_L368,train,54.01,59.199999999999996,0.0,False,2313.5,41.0,34411.2
NU00647,NU_L368,train,56.61,59.199999999999996,0.0,False,2313.5,41.0,34411.2
NU00647,NU_L368,train,57.91,59.6,0.0,False,2313.5,41.0,34411.2
NU00647,NU_L368,train,58.41,60.1,0.0,False,2313.5,41.0,34411.2
NU00648,NU_L368,train,0.0,0.0,0.0,True,2180.5,48.0,36267.6
NU00648,NU_L368,train,0.04,9.170000000000002,0.0,True,2180.5,48.0,36267.6
NU00648,NU_L368,train,0.87,14.299999999999997,0.0,True,2180.5,48.0,36267.6
NU00648,NU_L368,train,1.85,20.0,0.0,True,2180.5,48.0,36267.6
NU00648,NU_L368,train,3.5,23.0,0.0,True,2180.5,48.0,36267.6
NU00648,NU_L368,train,4.9,26.0,0.0,True,2180.5,48.0,36267.6
NU00648,NU_L368,train,6.7,29.299999999999997,0.0,True,2180.5,48.0,36267.6
NU00648,NU_L368,train,8.2,31.700000000000003,0.0,True,2180.5,48.0,36267.6
NU00648,NU_L368,train,10.2,33.6,0.0,False,2180.5,48.0,36267.6
NU00648,NU_L368,train,12.8,36.1,0.0,False,2180.5,48.0,36267.6
NU00648,NU_L368,train,14.7,39.1,0.0,False,2180.5,48.0,36267.6
NU00648,NU_L368,train,17.2,41.199999999999996,0.0,False,2180.5,48.0,36267.6
NU00648,NU_L368,train,20.4,42.9,0.0,False,2180.5,48.0,36267.6
NU00648,NU_L368,train,23.9,44.800000000000004,0.0,False,2180.5,48.0,36267.6
NU00648,NU_L368,train,26.6,45.9,0.0,False,2180.5,48.0,36267.6
NU00648,NU_L368,train,28.5,47.300000000000004,0.0,False,2180.5,48.0,36267.6
NU00648,NU_L368,train,31.6,48.49999999999999,0.0,False,2180.5,48.0,36267.6
NU00648,NU_L368,train,34.6,49.6,0.0,False,2180.5,48.0,36267.6
NU00648,NU_L368,train,36.9,50.4,0.0,False,2180.5,48.0,36267.6
NU00648,NU_L368,train,39.3,51.199999999999996,0.0,False,2180.5,48.0,36267.6
NU00648,NU_L368,train,42.8,51.6,0.0,False,2180.5,48.0,36267.6
NU00648,NU_L368,train,45.2,53.699999999999996,0.0,False,2180.5,48.0,36267.6
NU00648,NU_L368,train,48.6,54.300000000000004,0.0,False,2180.5,48.0,36267.6
NU00648,NU_L368,train,50.8,54.800000000000004,0.0,False,2180.5,48.0,36267.6
NU00648,NU_L368,train,87.2,60.699999999999996,0.0,False,2180.5,48.0,36267.6
NU00648,NU_L368,train,88.8,61.199999999999996,0.0,False,2180.5,48.0,36267.6
NU00648,NU_L368,train,89.3,60.4,0.0,False,2180.5,48.0,36267.6
NU00648,NU_L368,train,89.9,61.199999999999996,0.0,False,2180.5,48.0,36267.6
NU00649,NU_L368,train,0.0,0.0,0.0,True,2376.0,53.0,37485.5
NU00649,NU_L368,train,0.04,8.86,0.0,True,2376.0,53.0,37485.5
NU00649,NU_L368,train,0.19,6.469999999999999,0.0,True,2376.0,53.0,37485.5
NU00649,NU_L368,train,0.21,9.969999999999999,0.0,True,2376.0,53.0,37485.5
NU00649,NU_L368,train,0.88,16.5,0.0,True,2376.0,53.0,37485.5
NU00649,NU_L368,train,1.37,18.700000000000003,0.0,True,2376.0,53.0,37485.5
NU00649,NU_L368,train,1.54,20.9,0.0,True,2376.0,53.0,37485.5
NU00649,NU_L368,train,2.35,22.700000000000003,0.0,True,2376.0,53.0,37485.5
NU00649,NU_L368,train,3.16,24.4,0.0,True,2376.0,53.0,37485.5
NU00649,NU_L368,train,4.56,26.200000000000003,0.0,True,2376.0,53.0,37485.5
NU00649,NU_L368,train,5.76,28.200000000000003,0.0,True,2376.0,53.0,37485.5
NU00649,NU_L368,train,6.26,29.299999999999997,0.0,True,2376.0,53.0,37485.5
NU00649,NU_L368,train,10.36,32.8,0.0,False,2376.0,53.0,37485.5
NU00649,NU_L368,train,11.36,33.7,0.0,False,2376.0,53.0,37485.5
NU00649,NU_L368,train,13.96,35.599999999999994,0.0,False,2376.0,53.0,37485.5
NU00649,NU_L368,train,15.36,36.900000000000006,0.0,False,2376.0,53.0,37485.5
NU00649,NU_L368,train,16.66,38.599999999999994,0.0,False,2376.0,53.0,37485.5
NU00649,NU_L368,train,17.16,39.7,0.0,False,2376.0,53.0,37485.5
NU00649,NU_L368,train,54.06,52.7,0.0,False,2376.0,53.0,37485.5
NU00649,NU_L368,train,55.26,52.7,0.0,False,2376.0,53.0,37485.5
NU00649,NU_L368,train,56.46,52.5,0.0,False,2376.0,53.0,37485.5
NU00649,NU_L368,train,57.86,53.8,0.0,False,2376.0,53.0,37485.5
NU00649,NU_L368,train,58.96,53.599999999999994,0.0,False,2376.0,53.0,37485.5
NU00649,NU_L368,train,59.96,53.099999999999994,0.0,False,2376.0,53.0,37485.5
NU00649,NU_L368,train,60.96,53.599999999999994,0.0,False,2376.0,53.0,37485.5
NU00649,NU_L368,train,61.86,55.3,0.0,False,2376.0,53.0,37485.5
NU00649,NU_L368,train,63.96,55.099999999999994,0.0,False,2376.0,53.0,37485.5
NU00649,NU_L368,train,66.06,55.099999999999994,0.0,False,2376.0,53.0,37485.5
NU00649,NU_L368,train,67.36,55.099999999999994,0.0,False,2376.0,53.0,37485.5
NU00649,NU_L368,train,68.16,55.099999999999994,0.0,False,2376.0,53.0,37485.5
NU00649,NU_L368,train,68.56,56.7,0.0,False,2376.0,53.0,37485.5
NU00649,NU_L368,train,69.36,55.7,0.0,False,2376.0,53.0,37485.5
NU00649,NU_L368,train,70.56,56.0,0.0,False,2376.0,53.0,37485.5
NU00649,NU_L368,train,71.46,56.0,0.0,False,2376.0,53.0,37485.5
NU00649,NU_L368,train,73.46,57.0,0.0,False,2376.0,53.0,37485.5
NU00649,NU_L368,train,75.46,57.099999999999994,0.0,False,2376.0,53.0,37485.5
NU00649,NU_L368,train,76.96,57.099999999999994,0.0,False,2376.0,53.0,37485.5
NU00649,NU_L368,train,77.86,58.400000000000006,0.0,False,2376.0,53.0,37485.5
NU00649,NU_L368,train,78.66,58.2,0.0,False,2376.0,53.0,37485.5
NU00649,NU_L368,train,79.66,58.7,0.0,False,2376.0,53.0,37485.5
NU00649,NU_L368,train,80.96,58.400000000000006,0.0,False,2376.0,53.0,37485.5
NU00649,NU_L368,train,81.86,58.7,0.0,False,2376.0,53.0,37485.5
NU00649,NU_L368,train,82.66,59.3,0.0,False,2376.0,53.0,37485.5
NU00649,NU_L368,train,85.86,59.8,0.0,False,2376.0,53.0,37485.5
NU00649,NU_L368,train,87.06,59.599999999999994,0.0,False,2376.0,53.0,37485.5
NU00649,NU_L368,train,88.26,59.099999999999994,0.0,False,2376.0,53.0,37485.5
NU00649,NU_L368,train,89.46,59.099999999999994,0.0,False,2376.0,53.0,37485.5
NU00649,NU_L368,train,90.06,59.900000000000006,0.0,False,2376.0,53.0,37485.5
NU00650,NU_L369,train,0.0,0.0,0.0,True,2451.19,61.1,39305.4
NU00650,NU_L369,train,1.25,5.259999999999998,0.0,True,2451.19,61.1,39305.4
NU00650,NU_L369,train,5.02,12.039999999999996,0.0,True,2451.19,61.1,39305.4
NU00650,NU_L369,train,7.99,14.059999999999999,0.0,True,2451.19,61.1,39305.4
NU00650,NU_L369,train,14.1,17.069999999999997,0.0,False,2451.19,61.1,39305.4
NU00650,NU_L369,train,18.2,18.219999999999995,0.0,False,2451.19,61.1,39305.4
NU00650,NU_L369,train,22.2,19.88,0.0,False,2451.19,61.1,39305.4
NU00650,NU_L369,train,29.1,20.94,0.0,False,2451.19,61.1,39305.4
NU00650,NU_L369,train,35.1,22.3,0.0,False,2451.19,61.1,39305.4
NU00650,NU_L369,train,36.2,22.279999999999998,0.0,False,2451.19,61.1,39305.4
NU00650,NU_L369,train,42.3,23.359999999999996,0.0,False,2451.19,61.1,39305.4
NU00650,NU_L369,train,48.1,23.709999999999997,0.0,False,2451.19,61.1,39305.4
NU00651,NU_L369,train,0.0,0.0,0.0,True,2439.08,68.0,40732.5
NU00651,NU_L369,train,0.2,5.0,0.0,True,2439.08,68.0,40732.5
NU00651,NU_L369,train,1.1,8.899999999999999,0.0,True,2439.08,68.0,40732.5
NU00651,NU_L369,train,4.23,12.68,0.0,True,2439.08,68.0,40732.5
NU00651,NU_L369,train,6.03,14.649999999999999,0.0,True,2439.08,68.0,40732.5
NU00651,NU_L369,train,9.33,16.35,0.0,True,2439.08,68.0,40732.5
NU00651,NU_L369,train,15.5,18.300000000000004,0.0,False,2439.08,68.0,40732.5
NU00651,NU_L369,train,21.4,20.11,0.0,False,2439.08,68.0,40732.5
NU00651,NU_L369,train,26.3,21.17,0.0,False,2439.08,68.0,40732.5
NU00651,NU_L369,train,34.3,22.770000000000003,0.0,False,2439.08,68.0,40732.5
NU00651,NU_L369,train,36.4,23.160000000000004,0.0,False,2439.08,68.0,40732.5
NU00651,NU_L369,train,48.1,24.54,0.0,False,2439.08,68.0,40732.5
NU00652,NU_L369,train,0.0,0.0,0.0,True,2444.94,71.2,41361.7
NU00652,NU_L369,train,0.2,4.329999999999998,0.0,True,2444.94,71.2,41361.7
NU00652,NU_L369,train,0.784,8.799999999999997,0.0,True,2444.94,71.2,41361.7
NU00652,NU_L369,train,4.0,14.149999999999999,0.0,True,2444.94,71.2,41361.7
NU00652,NU_L369,train,10.2,18.82,0.0,False,2444.94,71.2,41361.7
NU00652,NU_L369,train,17.2,21.29,0.0,False,2444.94,71.2,41361.7
NU00652,NU_L369,train,23.1,22.9,0.0,False,2444.94,71.2,41361.7
NU00652,NU_L369,train,29.3,24.259999999999998,0.0,False,2444.94,71.2,41361.7
NU00652,NU_L369,train,36.1,25.619999999999997,0.0,False,2444.94,71.2,41361.7
NU00652,NU_L369,train,39.4,26.53,0.0,False,2444.94,71.2,41361.7
NU00652,NU_L369,train,43.1,27.21,0.0,False,2444.94,71.2,41361.7
NU00653,NU_L369,train,0.0,0.0,0.0,True,2413.11,53.4,37579.6
NU00653,NU_L369,train,1.02,6.68,0.0,True,2413.11,53.4,37579.6
NU00653,NU_L369,train,4.0,12.219999999999999,0.0,True,2413.11,53.4,37579.6
NU00653,NU_L369,train,8.07,16.259999999999998,0.0,True,2413.11,53.4,37579.6
NU00653,NU_L369,train,14.3,18.949999999999996,0.0,False,2413.11,53.4,37579.6
NU00653,NU_L369,train,19.0,21.019999999999996,0.0,False,2413.11,53.4,37579.6
NU00653,NU_L369,train,22.2,22.29,0.0,False,2413.11,53.4,37579.6
NU00653,NU_L369,train,26.2,23.699999999999996,0.0,False,2413.11,53.4,37579.6
NU00653,NU_L369,train,33.1,25.61,0.0,False,2413.11,53.4,37579.6
NU00653,NU_L369,train,36.3,26.58,0.0,False,2413.11,53.4,37579.6
NU00653,NU_L369,train,40.1,27.559999999999995,0.0,False,2413.11,53.4,37579.6
NU00653,NU_L369,train,46.1,28.78,0.0,False,2413.11,53.4,37579.6
NU00653,NU_L369,train,48.2,29.509999999999998,0.0,False,2413.11,53.4,37579.6
NU00654,NU_L370,validation,0.0,0.0,0.0,True,2401.94,48.7,36443.1
NU00654,NU_L370,validation,0.3,2.1699999999999946,0.0,True,2401.94,48.7,36443.1
NU00654,NU_L370,validation,0.32,5.909999999999997,0.0,True,2401.94,48.7,36443.1
NU00654,NU_L370,validation,0.33,8.699999999999996,0.0,True,2401.94,48.7,36443.1
NU00654,NU_L370,validation,1.81,13.989999999999995,0.0,True,2401.94,48.7,36443.1
NU00654,NU_L370,validation,4.05,23.919999999999995,0.0,True,2401.94,48.7,36443.1
NU00654,NU_L370,validation,6.63,27.64,0.0,True,2401.94,48.7,36443.1
NU00654,NU_L370,validation,7.4,29.200000000000003,0.0,True,2401.94,48.7,36443.1
NU00654,NU_L370,validation,8.8,32.28999999999999,0.0,True,2401.94,48.7,36443.1
NU00654,NU_L370,validation,9.9,34.55,0.0,True,2401.94,48.7,36443.1
NU00654,NU_L370,validation,11.8,35.879999999999995,0.0,False,2401.94,48.7,36443.1
NU00654,NU_L370,validation,13.6,38.209999999999994,0.0,False,2401.94,48.7,36443.1
NU00654,NU_L370,validation,18.8,41.86,0.0,False,2401.94,48.7,36443.1
NU00654,NU_L370,validation,21.0,45.50999999999999,0.0,False,2401.94,48.7,36443.1
NU00654,NU_L370,validation,22.8,46.84,0.0,False,2401.94,48.7,36443.1
NU00654,NU_L370,validation,26.1,50.17,0.0,False,2401.94,48.7,36443.1
NU00654,NU_L370,validation,29.1,52.16,0.0,False,2401.94,48.7,36443.1
NU00654,NU_L370,validation,34.2,54.14999999999999,0.0,False,2401.94,48.7,36443.1
NU00654,NU_L370,validation,36.8,55.480000000000004,0.0,False,2401.94,48.7,36443.1
NU00654,NU_L370,validation,40.4,57.14,0.0,False,2401.94,48.7,36443.1
NU00654,NU_L370,validation,44.5,58.8,0.0,False,2401.94,48.7,36443.1
NU00654,NU_L370,validation,46.7,58.47,0.0,False,2401.94,48.7,36443.1
NU00654,NU_L370,validation,52.2,60.8,0.0,False,2401.94,48.7,36443.1
NU00654,NU_L370,validation,55.8,61.78999999999999,0.0,False,2401.94,48.7,36443.1
NU00654,NU_L370,validation,61.3,61.78999999999999,0.0,False,2401.94,48.7,36443.1
NU00654,NU_L370,validation,65.7,64.11999999999999,0.0,False,2401.94,48.7,36443.1
NU00654,NU_L370,validation,74.2,65.78,0.0,False,2401.94,48.7,36443.1
NU00654,NU_L370,validation,80.0,67.44,0.0,False,2401.94,48.7,36443.1
NU00654,NU_L370,validation,86.6,69.1,0.0,False,2401.94,48.7,36443.1
NU00654,NU_L370,validation,99.0,71.42999999999999,0.0,False,2401.94,48.7,36443.1
NU00654,NU_L370,validation,110.0,73.09,0.0,False,2401.94,48.7,36443.1
NU00654,NU_L370,validation,118.0,75.08,0.0,False,2401.94,48.7,36443.1
NU00654,NU_L370,validation,125.0,76.41,0.0,False,2401.94,48.7,36443.1
NU00654,NU_L370,validation,137.0,77.41,0.0,False,2401.94,48.7,36443.1
NU00654,NU_L370,validation,143.0,78.39999999999999,0.0,False,2401.94,48.7,36443.1
NU00654,NU_L370,validation,155.0,79.07,0.0,False,2401.94,48.7,36443.1
NU00655,NU_L370,validation,0.0,0.0,0.0,True,2401.94,48.7,36443.1
NU00655,NU_L370,validation,0.03,8.54,0.0,True,2401.94,48.7,36443.1
NU00655,NU_L370,validation,1.92,13.919999999999995,0.0,True,2401.94,48.7,36443.1
NU00655,NU_L370,validation,2.31,16.439999999999998,0.0,True,2401.94,48.7,36443.1
NU00655,NU_L370,validation,3.01,4.119999999999997,0.0,True,2401.94,48.7,36443.1
NU00655,NU_L370,validation,4.57,19.93,0.0,True,2401.94,48.7,36443.1
NU00655,NU_L370,validation,6.82,22.759999999999998,0.0,True,2401.94,48.7,36443.1
NU00655,NU_L370,validation,7.2,25.28,0.0,True,2401.94,48.7,36443.1
NU00655,NU_L370,validation,9.5,27.840000000000003,0.0,True,2401.94,48.7,36443.1
NU00655,NU_L370,validation,11.7,31.289999999999992,0.0,False,2401.94,48.7,36443.1
NU00655,NU_L370,validation,16.2,35.55,0.0,False,2401.94,48.7,36443.1
NU00655,NU_L370,validation,19.2,36.879999999999995,0.0,False,2401.94,48.7,36443.1
NU00655,NU_L370,validation,22.2,40.2,0.0,False,2401.94,48.7,36443.1
NU00655,NU_L370,validation,26.0,43.519999999999996,0.0,False,2401.94,48.7,36443.1
NU00655,NU_L370,validation,30.5,46.50999999999999,0.0,False,2401.94,48.7,36443.1
NU00655,NU_L370,validation,35.4,48.5,0.0,False,2401.94,48.7,36443.1
NU00655,NU_L370,validation,41.4,50.5,0.0,False,2401.94,48.7,36443.1
NU00655,NU_L370,validation,44.4,50.83,0.0,False,2401.94,48.7,36443.1
NU00655,NU_L370,validation,51.9,53.81999999999999,0.0,False,2401.94,48.7,36443.1
NU00655,NU_L370,validation,56.8,54.480000000000004,0.0,False,2401.94,48.7,36443.1
NU00655,NU_L370,validation,61.6,55.14999999999999,0.0,False,2401.94,48.7,36443.1
NU00655,NU_L370,validation,65.4,57.47,0.0,False,2401.94,48.7,36443.1
NU00655,NU_L370,validation,71.4,58.8,0.0,False,2401.94,48.7,36443.1
NU00655,NU_L370,validation,82.2,60.459999999999994,0.0,False,2401.94,48.7,36443.1
NU00655,NU_L370,validation,92.4,61.459999999999994,0.0,False,2401.94,48.7,36443.1
NU00655,NU_L370,validation,100.0,63.45,0.0,False,2401.94,48.7,36443.1
NU00655,NU_L370,validation,110.0,65.45,0.0,False,2401.94,48.7,36443.1
NU00655,NU_L370,validation,118.0,66.11,0.0,False,2401.94,48.7,36443.1
NU00655,NU_L370,validation,130.0,67.77,0.0,False,2401.94,48.7,36443.1
NU00655,NU_L370,validation,142.0,69.1,0.0,False,2401.94,48.7,36443.1
NU00655,NU_L370,validation,157.0,70.75999999999999,0.0,False,2401.94,48.7,36443.1
NU00656,NU_L370,validation,0.0,0.0,0.0,True,2401.94,48.7,36443.1
NU00656,NU_L370,validation,1.8,3.1000000000000014,0.0,True,2401.94,48.7,36443.1
NU00656,NU_L370,validation,4.8,9.0,0.0,True,2401.94,48.7,36443.1
NU00656,NU_L370,validation,7.7,13.649999999999999,0.0,True,2401.94,48.7,36443.1
NU00656,NU_L370,validation,8.8,19.229999999999997,0.0,True,2401.94,48.7,36443.1
NU00656,NU_L370,validation,12.5,23.28,0.0,False,2401.94,48.7,36443.1
NU00656,NU_L370,validation,17.3,28.569999999999993,0.0,False,2401.94,48.7,36443.1
NU00656,NU_L370,validation,21.0,34.209999999999994,0.0,False,2401.94,48.7,36443.1
NU00656,NU_L370,validation,28.3,40.86,0.0,False,2401.94,48.7,36443.1
NU00656,NU_L370,validation,33.1,44.849999999999994,0.0,False,2401.94,48.7,36443.1
NU00656,NU_L370,validation,38.2,48.5,0.0,False,2401.94,48.7,36443.1
NU00656,NU_L370,validation,46.3,53.150000000000006,0.0,False,2401.94,48.7,36443.1
NU00656,NU_L370,validation,51.4,55.480000000000004,0.0,False,2401.94,48.7,36443.1
NU00656,NU_L370,validation,57.3,59.129999999999995,0.0,False,2401.94,48.7,36443.1
NU00656,NU_L370,validation,59.9,59.459999999999994,0.0,False,2401.94,48.7,36443.1
NU00656,NU_L370,validation,65.4,61.129999999999995,0.0,False,2401.94,48.7,36443.1
NU00656,NU_L370,validation,71.6,63.120000000000005,0.0,False,2401.94,48.7,36443.1
NU00656,NU_L370,validation,78.2,64.78,0.0,False,2401.94,48.7,36443.1
NU00656,NU_L370,validation,83.0,65.44,0.0,False,2401.94,48.7,36443.1
NU00656,NU_L370,validation,86.3,67.44,0.0,False,2401.94,48.7,36443.1
NU00656,NU_L370,validation,92.5,68.77,0.0,False,2401.94,48.7,36443.1
NU00656,NU_L370,validation,100.0,69.1,0.0,False,2401.94,48.7,36443.1
NU00656,NU_L370,validation,111.0,72.09,0.0,False,2401.94,48.7,36443.1
NU00656,NU_L370,validation,121.0,73.42,0.0,False,2401.94,48.7,36443.1
NU00656,NU_L370,validation,128.0,74.08,0.0,False,2401.94,48.7,36443.1
NU00656,NU_L370,validation,136.0,74.41,0.0,False,2401.94,48.7,36443.1
NU00656,NU_L370,validation,142.0,75.41,0.0,False,2401.94,48.7,36443.1
NU00656,NU_L370,validation,149.0,76.08,0.0,False,2401.94,48.7,36443.1
NU00656,NU_L370,validation,156.0,76.08,0.0,False,2401.94,48.7,36443.1
NU00657,NU_L370,validation,0.0,0.0,0.0,True,2401.94,48.7,36443.1
NU00657,NU_L370,validation,2.75,3.780000000000001,0.0,True,2401.94,48.7,36443.1
NU00657,NU_L370,validation,5.4,9.170000000000002,0.0,True,2401.94,48.7,36443.1
NU00657,NU_L370,validation,8.8,13.879999999999995,0.0,True,2401.94,48.7,36443.1
NU00657,NU_L370,validation,15.6,20.83,0.0,False,2401.94,48.7,36443.1
NU00657,NU_L370,validation,18.9,24.65,0.0,False,2401.94,48.7,36443.1
NU00657,NU_L370,validation,28.3,31.590000000000003,0.0,False,2401.94,48.7,36443.1
NU00657,NU_L370,validation,33.2,34.209999999999994,0.0,False,2401.94,48.7,36443.1
NU00657,NU_L370,validation,41.5,38.53,0.0,False,2401.94,48.7,36443.1
NU00657,NU_L370,validation,49.7,41.19,0.0,False,2401.94,48.7,36443.1
NU00657,NU_L370,validation,57.6,43.849999999999994,0.0,False,2401.94,48.7,36443.1
NU00657,NU_L370,validation,62.8,45.510000000000005,0.0,False,2401.94,48.7,36443.1
NU00657,NU_L370,validation,72.2,47.5,0.0,False,2401.94,48.7,36443.1
NU00657,NU_L370,validation,80.8,48.5,0.0,False,2401.94,48.7,36443.1
NU00657,NU_L370,validation,85.3,50.83,0.0,False,2401.94,48.7,36443.1
NU00657,NU_L370,validation,94.0,51.81999999999999,0.0,False,2401.94,48.7,36443.1
NU00657,NU_L370,validation,105.0,53.150000000000006,0.0,False,2401.94,48.7,36443.1
NU00657,NU_L370,validation,114.0,53.81999999999999,0.0,False,2401.94,48.7,36443.1
NU00657,NU_L370,validation,124.0,55.150000000000006,0.0,False,2401.94,48.7,36443.1
NU00657,NU_L370,validation,134.0,56.14,0.0,False,2401.94,48.7,36443.1
NU00657,NU_L370,validation,145.0,57.14,0.0,False,2401.94,48.7,36443.1
NU00658,NU_L370,validation,0.0,0.0,0.0,True,2401.94,48.7,36443.1
NU00658,NU_L370,validation,0.5,4.650000000000006,0.0,True,2401.94,48.7,36443.1
NU00658,NU_L370,validation,1.0,11.790000000000006,0.0,True,2401.94,48.7,36443.1
NU00658,NU_L370,validation,5.0,18.940000000000005,0.0,True,2401.94,48.7,36443.1
NU00658,NU_L370,validation,14.2,23.92,0.0,False,2401.94,48.7,36443.1
NU00658,NU_L370,validation,24.8,27.64,0.0,False,2401.94,48.7,36443.1
NU00658,NU_L370,validation,34.4,30.43,0.0,False,2401.94,48.7,36443.1
NU00658,NU_L370,validation,43.9,30.730000000000004,0.0,False,2401.94,48.7,36443.1
NU00658,NU_L370,validation,49.8,31.660000000000004,0.0,False,2401.94,48.7,36443.1
NU00658,NU_L370,validation,54.5,32.589999999999996,0.0,False,2401.94,48.7,36443.1
NU00658,NU_L370,validation,60.4,34.550000000000004,0.0,False,2401.94,48.7,36443.1
NU00658,NU_L370,validation,68.8,35.550000000000004,0.0,False,2401.94,48.7,36443.1
NU00658,NU_L370,validation,76.0,37.21,0.0,False,2401.94,48.7,36443.1
NU00658,NU_L370,validation,83.0,37.87,0.0,False,2401.94,48.7,36443.1
NU00658,NU_L370,validation,89.0,39.53000000000001,0.0,False,2401.94,48.7,36443.1
NU00658,NU_L370,validation,105.0,40.86000000000001,0.0,False,2401.94,48.7,36443.1
NU00658,NU_L370,validation,114.0,41.53000000000001,0.0,False,2401.94,48.7,36443.1
NU00658,NU_L370,validation,125.0,42.86000000000001,0.0,False,2401.94,48.7,36443.1
NU00658,NU_L370,validation,134.0,43.52,0.0,False,2401.94,48.7,36443.1
NU00658,NU_L370,validation,143.0,43.85,0.0,False,2401.94,48.7,36443.1
NU00658,NU_L370,validation,153.0,45.18,0.0,False,2401.94,48.7,36443.1
NU00659,NU_L370,validation,0.0,0.0,0.0,True,2401.94,48.7,36443.1
NU00659,NU_L370,validation,0.8,2.1700000000000017,0.0,True,2401.94,48.7,36443.1
NU00659,NU_L370,validation,2.7,7.240000000000002,0.0,True,2401.94,48.7,36443.1
NU00659,NU_L370,validation,11.4,11.0,0.0,False,2401.94,48.7,36443.1
NU00659,NU_L370,validation,22.2,14.780000000000001,0.0,False,2401.94,48.7,36443.1
NU00659,NU_L370,validation,32.0,16.050000000000004,0.0,False,2401.94,48.7,36443.1
NU00659,NU_L370,validation,41.0,16.980000000000004,0.0,False,2401.94,48.7,36443.1
NU00659,NU_L370,validation,48.5,18.540000000000006,0.0,False,2401.94,48.7,36443.1
NU00659,NU_L370,validation,59.0,19.470000000000006,0.0,False,2401.94,48.7,36443.1
NU00659,NU_L370,validation,68.0,21.060000000000002,0.0,False,2401.94,48.7,36443.1
NU00659,NU_L370,validation,78.0,21.990000000000002,0.0,False,2401.94,48.7,36443.1
NU00659,NU_L370,validation,84.0,22.590000000000003,0.0,False,2401.94,48.7,36443.1
NU00659,NU_L370,validation,89.0,22.92,0.0,False,2401.94,48.7,36443.1
NU00659,NU_L370,validation,95.0,23.520000000000003,0.0,False,2401.94,48.7,36443.1
NU00659,NU_L370,validation,104.0,24.480000000000004,0.0,False,2401.94,48.7,36443.1
NU00659,NU_L370,validation,112.0,24.450000000000003,0.0,False,2401.94,48.7,36443.1
NU00659,NU_L370,validation,123.0,25.380000000000003,0.0,False,2401.94,48.7,36443.1
NU00659,NU_L370,validation,131.0,25.68,0.0,False,2401.94,48.7,36443.1
NU00659,NU_L370,validation,142.0,25.980000000000004,0.0,False,2401.94,48.7,36443.1
NU00659,NU_L370,validation,154.0,26.610000000000007,0.0,False,2401.94,48.7,36443.1
NU00660,NU_L370,validation,0.0,0.0,0.0,True,2401.94,48.7,36443.1
NU00660,NU_L370,validation,1.0,4.98,0.0,True,2401.94,48.7,36443.1
NU00660,NU_L370,validation,3.4,10.559999999999999,0.0,True,2401.94,48.7,36443.1
NU00660,NU_L370,validation,7.5,14.289999999999996,0.0,True,2401.94,48.7,36443.1
NU00660,NU_L370,validation,16.0,17.37,0.0,False,2401.94,48.7,36443.1
NU00660,NU_L370,validation,22.0,20.499999999999996,0.0,False,2401.94,48.7,36443.1
NU00660,NU_L370,validation,30.0,22.359999999999996,0.0,False,2401.94,48.7,36443.1
NU00660,NU_L370,validation,39.0,25.45,0.0,False,2401.94,48.7,36443.1
NU00660,NU_L370,validation,45.0,26.709999999999997,0.0,False,2401.94,48.7,36443.1
NU00660,NU_L370,validation,51.0,27.639999999999997,0.0,False,2401.94,48.7,36443.1
NU00660,NU_L370,validation,54.0,28.24,0.0,False,2401.94,48.7,36443.1
NU00660,NU_L370,validation,64.0,29.8,0.0,False,2401.94,48.7,36443.1
NU00660,NU_L370,validation,79.0,31.66,0.0,False,2401.94,48.7,36443.1
NU00660,NU_L370,validation,86.0,33.22,0.0,False,2401.94,48.7,36443.1
NU00660,NU_L370,validation,92.0,33.55,0.0,False,2401.94,48.7,36443.1
NU00660,NU_L370,validation,105.0,34.879999999999995,0.0,False,2401.94,48.7,36443.1
NU00660,NU_L370,validation,115.0,35.22,0.0,False,2401.94,48.7,36443.1
NU00660,NU_L370,validation,123.0,35.22,0.0,False,2401.94,48.7,36443.1
NU00660,NU_L370,validation,127.0,35.879999999999995,0.0,False,2401.94,48.7,36443.1
NU00661,NU_L370,validation,0.0,0.0,0.0,True,2401.94,48.7,36443.1
NU00661,NU_L370,validation,0.6,2.6999999999999993,0.0,True,2401.94,48.7,36443.1
NU00661,NU_L370,validation,5.5,6.179999999999996,0.0,True,2401.94,48.7,36443.1
NU00661,NU_L370,validation,15.0,8.999999999999996,0.0,False,2401.94,48.7,36443.1
NU00661,NU_L370,validation,25.0,10.900000000000002,0.0,False,2401.94,48.7,36443.1
NU00661,NU_L370,validation,36.0,12.760000000000002,0.0,False,2401.94,48.7,36443.1
NU00661,NU_L370,validation,44.0,14.349999999999998,0.0,False,2401.94,48.7,36443.1
NU00661,NU_L370,validation,53.0,15.580000000000002,0.0,False,2401.94,48.7,36443.1
NU00661,NU_L370,validation,64.0,16.51,0.0,False,2401.94,48.7,36443.1
NU00661,NU_L370,validation,74.0,17.139999999999997,0.0,False,2401.94,48.7,36443.1
NU00661,NU_L370,validation,86.0,18.400000000000002,0.0,False,2401.94,48.7,36443.1
NU00661,NU_L370,validation,97.0,19.63,0.0,False,2401.94,48.7,36443.1
NU00661,NU_L370,validation,109.0,19.929999999999996,0.0,False,2401.94,48.7,36443.1
NU00661,NU_L370,validation,116.0,19.929999999999996,0.0,False,2401.94,48.7,36443.1
NU00661,NU_L370,validation,126.0,20.859999999999996,0.0,False,2401.94,48.7,36443.1
NU00661,NU_L370,validation,129.0,21.16,0.0,False,2401.94,48.7,36443.1
NU00662,NU_L371,train,0.0,0.0,0.0,True,1414.2699999999998,68.0,35200.0
NU00662,NU_L371,train,1.0,26.909999999999997,0.0,True,1414.2699999999998,68.0,35200.0
NU00662,NU_L371,train,3.0,50.83999999999999,0.0,True,1414.2699999999998,68.0,35200.0
NU00662,NU_L371,train,7.0,54.86,0.0,True,1414.2699999999998,68.0,35200.0
NU00662,NU_L371,train,40.0,72.2,0.0,False,1414.2699999999998,68.0,35200.0
NU00662,NU_L371,train,84.0,78.16000000000001,0.0,False,1414.2699999999998,68.0,35200.0
NU00663,NU_L371,train,0.0,0.0,0.0,True,1414.2699999999998,69.0,35200.0
NU00663,NU_L371,train,1.0,18.72,0.0,True,1414.2699999999998,69.0,35200.0
NU00663,NU_L371,train,3.0,30.069999999999993,0.0,True,1414.2699999999998,69.0,35200.0
NU00663,NU_L371,train,4.0,34.94,0.0,True,1414.2699999999998,69.0,35200.0
NU00663,NU_L371,train,7.0,35.06999999999999,0.0,True,1414.2699999999998,69.0,35200.0
NU00663,NU_L371,train,22.0,59.95,0.0,False,1414.2699999999998,69.0,35200.0
NU00663,NU_L371,train,69.0,70.33999999999999,0.0,False,1414.2699999999998,69.0,35200.0
NU00663,NU_L371,train,149.0,77.26,0.0,False,1414.2699999999998,69.0,35200.0
NU00664,NU_L371,train,0.0,0.0,0.0,True,1414.2699999999998,50.0,35200.0
NU00664,NU_L371,train,1.0,31.11,0.0,True,1414.2699999999998,50.0,35200.0
NU00664,NU_L371,train,3.0,45.66,0.0,True,1414.2699999999998,50.0,35200.0
NU00664,NU_L371,train,4.0,58.28999999999999,0.0,True,1414.2699999999998,50.0,35200.0
NU00664,NU_L371,train,30.0,73.35,0.0,False,1414.2699999999998,50.0,35200.0
NU00664,NU_L371,train,75.0,91.64999999999999,0.0,False,1414.2699999999998,50.0,35200.0
NU00664,NU_L371,train,158.0,105.71999999999998,0.0,False,1414.2699999999998,50.0,35200.0
NU00665,NU_L371,train,0.0,0.0,0.0,True,1414.2699999999998,69.0,35200.0
NU00665,NU_L371,train,1.0,9.25,0.0,True,1414.2699999999998,69.0,35200.0
NU00665,NU_L371,train,2.0,14.979999999999997,0.0,True,1414.2699999999998,69.0,35200.0
NU00665,NU_L371,train,3.0,17.47,0.0,True,1414.2699999999998,69.0,35200.0
NU00665,NU_L371,train,6.0,23.22,0.0,True,1414.2699999999998,69.0,35200.0
NU00665,NU_L371,train,7.0,24.58,0.0,True,1414.2699999999998,69.0,35200.0
NU00665,NU_L371,train,23.0,32.28999999999999,0.0,False,1414.2699999999998,69.0,35200.0
NU00665,NU_L371,train,44.0,41.78999999999999,0.0,False,1414.2699999999998,69.0,35200.0
NU00665,NU_L371,train,126.0,51.34,0.0,False,1414.2699999999998,69.0,35200.0
NU00666,NU_L371,train,0.0,0.0,0.0,True,1414.2699999999998,50.0,35200.0
NU00666,NU_L371,train,7.0,14.099999999999994,0.0,True,1414.2699999999998,50.0,35200.0
NU00666,NU_L371,train,15.0,15.289999999999992,0.0,False,1414.2699999999998,50.0,35200.0
NU00666,NU_L371,train,38.0,27.319999999999993,0.0,False,1414.2699999999998,50.0,35200.0
NU00666,NU_L371,train,66.0,23.409999999999997,0.0,False,1414.2699999999998,50.0,35200.0
NU00666,NU_L371,train,85.0,30.30000000000001,0.0,False,1414.2699999999998,50.0,35200.0
NU00666,NU_L371,train,124.0,37.389999999999986,0.0,False,1414.2699999999998,50.0,35200.0
NU00667,NU_L371,train,0.0,0.0,0.0,True,1414.2699999999998,60.0,35200.0
NU00667,NU_L371,train,1.0,-0.7999999999999972,0.0,True,1414.2699999999998,60.0,35200.0
NU00667,NU_L371,train,14.0,8.159999999999997,0.0,False,1414.2699999999998,60.0,35200.0
NU00667,NU_L371,train,17.0,12.179999999999993,0.0,False,1414.2699999999998,60.0,35200.0
NU00667,NU_L371,train,32.0,14.129999999999995,0.0,False,1414.2699999999998,60.0,35200.0
NU00667,NU_L371,train,72.0,17.209999999999994,0.0,False,1414.2699999999998,60.0,35200.0
NU00667,NU_L371,train,110.0,18.11,0.0,False,1414.2699999999998,60.0,35200.0
NU00667,NU_L371,train,156.0,21.14999999999999,0.0,False,1414.2699999999998,60.0,35200.0
NU00668,NU_L371,train,0.0,0.0,0.0,True,1414.2699999999998,96.0,35200.0
NU00668,NU_L371,train,8.0,12.799999999999997,0.0,True,1414.2699999999998,96.0,35200.0
NU00668,NU_L371,train,28.0,18.939999999999998,0.0,False,1414.2699999999998,96.0,35200.0
NU00668,NU_L371,train,58.0,25.769999999999996,0.0,False,1414.2699999999998,96.0,35200.0
NU00668,NU_L371,train,125.0,31.730000000000004,0.0,False,1414.2699999999998,96.0,35200.0
NU00669,NU_L371,train,0.0,0.0,0.0,True,1414.2699999999998,82.0,35200.0
NU00669,NU_L371,train,4.0,1.0300000000000011,0.0,True,1414.2699999999998,82.0,35200.0
NU00669,NU_L371,train,11.0,4.020000000000003,0.0,False,1414.2699999999998,82.0,35200.0
NU00669,NU_L371,train,28.0,7.0,0.0,False,1414.2699999999998,82.0,35200.0
NU00669,NU_L371,train,63.0,10.080000000000005,0.0,False,1414.2699999999998,82.0,35200.0
NU00669,NU_L371,train,105.0,12.990000000000002,0.0,False,1414.2699999999998,82.0,35200.0
NU00670,NU_L371,train,0.0,0.0,0.0,True,1465.1999999999998,86.0,36700.0
NU00670,NU_L371,train,1.0,6.0,0.0,True,1465.1999999999998,86.0,36700.0
NU00670,NU_L371,train,2.0,22.099999999999994,0.0,True,1465.1999999999998,86.0,36700.0
NU00670,NU_L371,train,7.0,36.099999999999994,0.0,True,1465.1999999999998,86.0,36700.0
NU00670,NU_L371,train,20.0,45.900000000000006,0.0,False,1465.1999999999998,86.0,36700.0
NU00670,NU_L371,train,54.0,52.29999999999998,0.0,False,1465.1999999999998,86.0,36700.0
NU00670,NU_L371,train,108.0,60.900000000000006,0.0,False,1465.1999999999998,86.0,36700.0
NU00671,NU_L371,train,0.0,0.0,0.0,True,1465.1999999999998,87.0,36700.0
NU00671,NU_L371,train,1.0,13.090000000000003,0.0,True,1465.1999999999998,87.0,36700.0
NU00671,NU_L371,train,2.0,22.99000000000001,0.0,True,1465.1999999999998,87.0,36700.0
NU00671,NU_L371,train,13.0,56.09000000000002,0.0,False,1465.1999999999998,87.0,36700.0
NU00671,NU_L371,train,26.0,54.290000000000006,0.0,False,1465.1999999999998,87.0,36700.0
NU00671,NU_L371,train,48.0,59.290000000000006,0.0,False,1465.1999999999998,87.0,36700.0
NU00671,NU_L371,train,86.0,61.290000000000006,0.0,False,1465.1999999999998,87.0,36700.0
NU00671,NU_L371,train,129.0,64.19000000000001,0.0,False,1465.1999999999998,87.0,36700.0
NU00672,NU_L371,train,0.0,0.0,0.0,True,1465.1999999999998,83.0,36700.0
NU00672,NU_L371,train,2.0,12.870000000000005,0.0,True,1465.1999999999998,83.0,36700.0
NU00672,NU_L371,train,12.0,31.64,0.0,False,1465.1999999999998,83.0,36700.0
NU00672,NU_L371,train,37.0,38.78,0.0,False,1465.1999999999998,83.0,36700.0
NU00672,NU_L371,train,90.0,51.17999999999999,0.0,False,1465.1999999999998,83.0,36700.0
NU00672,NU_L371,train,145.0,55.480000000000004,0.0,False,1465.1999999999998,83.0,36700.0
NU00673,NU_L371,train,0.0,0.0,0.0,True,1465.1999999999998,86.0,36700.0
NU00673,NU_L371,train,2.0,3.0900000000000034,0.0,True,1465.1999999999998,86.0,36700.0
NU00673,NU_L371,train,5.0,6.93,0.0,True,1465.1999999999998,86.0,36700.0
NU00673,NU_L371,train,27.0,12.899999999999999,0.0,False,1465.1999999999998,86.0,36700.0
NU00673,NU_L371,train,81.0,21.79,0.0,False,1465.1999999999998,86.0,36700.0
NU00673,NU_L371,train,141.0,26.390000000000008,0.0,False,1465.1999999999998,86.0,36700.0
NU00674,NU_L371,train,0.0,0.0,0.0,True,1465.1999999999998,101.0,36700.0
NU00674,NU_L371,train,2.0,8.560000000000002,0.0,True,1465.1999999999998,101.0,36700.0
NU00674,NU_L371,train,6.0,15.08999999999999,0.0,True,1465.1999999999998,101.0,36700.0
NU00674,NU_L371,train,19.0,22.179999999999993,0.0,False,1465.1999999999998,101.0,36700.0
NU00674,NU_L371,train,39.0,24.679999999999993,0.0,False,1465.1999999999998,101.0,36700.0
NU00674,NU_L371,train,57.0,28.28,0.0,False,1465.1999999999998,101.0,36700.0
NU00674,NU_L371,train,112.0,29.28,0.0,False,1465.1999999999998,101.0,36700.0
NU00675,NU_L371,train,0.0,0.0,0.0,True,1465.1999999999998,108.0,36700.0
NU00675,NU_L371,train,2.0,5.670000000000002,0.0,True,1465.1999999999998,108.0,36700.0
NU00675,NU_L371,train,13.0,15.929999999999993,0.0,False,1465.1999999999998,108.0,36700.0
NU00675,NU_L371,train,33.0,18.25999999999999,0.0,False,1465.1999999999998,108.0,36700.0
NU00675,NU_L371,train,51.0,19.33,0.0,False,1465.1999999999998,108.0,36700.0
NU00675,NU_L371,train,105.0,17.47,0.0,False,1465.1999999999998,108.0,36700.0
NU00676,NU_L371,train,0.0,0.0,0.0,True,1465.1999999999998,101.0,36700.0
NU00676,NU_L371,train,2.0,6.200000000000003,0.0,True,1465.1999999999998,101.0,36700.0
NU00676,NU_L371,train,20.0,22.580000000000005,0.0,False,1465.1999999999998,101.0,36700.0
NU00676,NU_L371,train,38.0,21.589999999999996,0.0,False,1465.1999999999998,101.0,36700.0
NU00676,NU_L371,train,92.0,23.6,0.0,False,1465.1999999999998,101.0,36700.0
NU00676,NU_L371,train,145.0,27.130000000000003,0.0,False,1465.1999999999998,101.0,36700.0
NU00677,NU_L371,train,0.0,0.0,0.0,True,1465.1999999999998,101.0,36700.0
NU00677,NU_L371,train,2.0,1.1500000000000057,0.0,True,1465.1999999999998,101.0,36700.0
NU00677,NU_L371,train,14.0,7.219999999999999,0.0,False,1465.1999999999998,101.0,36700.0
NU00677,NU_L371,train,31.0,7.080000000000005,0.0,False,1465.1999999999998,101.0,36700.0
NU00677,NU_L371,train,86.0,9.090000000000003,0.0,False,1465.1999999999998,101.0,36700.0
NU00677,NU_L371,train,140.0,14.660000000000004,0.0,False,1465.1999999999998,101.0,36700.0
NU00678,NU_L371,train,0.0,0.0,0.0,True,1441.75,77.0,32500.0
NU00678,NU_L371,train,2.0,16.439999999999998,0.0,True,1441.75,77.0,32500.0
NU00678,NU_L371,train,6.0,25.579999999999984,0.0,True,1441.75,77.0,32500.0
NU00678,NU_L371,train,24.0,46.69,0.0,False,1441.75,77.0,32500.0
NU00678,NU_L371,train,68.0,50.01999999999998,0.0,False,1441.75,77.0,32500.0
NU00678,NU_L371,train,125.0,55.46000000000001,0.0,False,1441.75,77.0,32500.0
NU00679,NU_L371,train,0.0,0.0,0.0,True,1441.75,58.0,32500.0
NU00679,NU_L371,train,1.0,25.068000000000012,0.0,True,1441.75,58.0,32500.0
NU00679,NU_L371,train,7.0,46.668000000000006,0.0,True,1441.75,58.0,32500.0
NU00679,NU_L371,train,21.0,59.30800000000001,0.0,False,1441.75,58.0,32500.0
NU00679,NU_L371,train,54.0,76.528,0.0,False,1441.75,58.0,32500.0
NU00679,NU_L371,train,124.0,93.978,0.0,False,1441.75,58.0,32500.0
NU00680,NU_L371,train,0.0,0.0,0.0,True,1441.75,82.0,32500.0
NU00680,NU_L371,train,1.0,14.835,0.0,True,1441.75,82.0,32500.0
NU00680,NU_L371,train,3.0,25.898000000000003,0.0,True,1441.75,82.0,32500.0
NU00680,NU_L371,train,7.0,30.559999999999995,0.0,True,1441.75,82.0,32500.0
NU00680,NU_L371,train,27.0,49.62499999999999,0.0,False,1441.75,82.0,32500.0
NU00680,NU_L371,train,61.0,58.065000000000005,0.0,False,1441.75,82.0,32500.0
NU00680,NU_L371,train,120.0,62.995,0.0,False,1441.75,82.0,32500.0
NU00681,NU_L371,train,0.0,0.0,0.0,True,1441.75,58.0,32500.0
NU00681,NU_L371,train,3.0,10.9495,0.0,True,1441.75,58.0,32500.0
NU00681,NU_L371,train,10.0,23.148999999999994,0.0,True,1441.75,58.0,32500.0
NU00681,NU_L371,train,54.0,36.76899999999999,0.0,False,1441.75,58.0,32500.0
NU00681,NU_L371,train,92.0,46.687,0.0,False,1441.75,58.0,32500.0
NU00683,NU_L371,train,0.0,0.0,0.0,True,1441.75,79.0,32500.0
NU00683,NU_L371,train,2.0,7.950000000000003,0.0,True,1441.75,79.0,32500.0
NU00683,NU_L371,train,7.0,12.88900000000001,0.0,True,1441.75,79.0,32500.0
NU00683,NU_L371,train,25.0,18.41600000000001,0.0,False,1441.75,79.0,32500.0
NU00683,NU_L371,train,70.0,19.924000000000007,0.0,False,1441.75,79.0,32500.0
NU00683,NU_L371,train,123.0,25.67800000000001,0.0,False,1441.75,79.0,32500.0
NU00684,NU_L371,train,0.0,0.0,0.0,True,1441.75,106.0,32500.0
NU00684,NU_L371,train,1.0,10.354,0.0,True,1441.75,106.0,32500.0
NU00684,NU_L371,train,3.0,17.846000000000004,0.0,True,1441.75,106.0,32500.0
NU00684,NU_L371,train,11.0,27.986000000000004,0.0,False,1441.75,106.0,32500.0
NU00684,NU_L371,train,28.0,28.295,0.0,False,1441.75,106.0,32500.0
NU00684,NU_L371,train,35.0,29.867999999999995,0.0,False,1441.75,106.0,32500.0
NU00684,NU_L371,train,66.0,29.123999999999995,0.0,False,1441.75,106.0,32500.0
NU00684,NU_L371,train,122.0,35.58,0.0,False,1441.75,106.0,32500.0
NU00686,NU_L371,train,0.0,0.0,0.0,True,1424.55,83.0,40400.0
NU00686,NU_L371,train,1.0,33.20000000000002,0.0,True,1424.55,83.0,40400.0
NU00686,NU_L371,train,2.0,44.400000000000006,0.0,True,1424.55,83.0,40400.0
NU00686,NU_L371,train,3.0,51.30000000000001,0.0,True,1424.55,83.0,40400.0
NU00686,NU_L371,train,7.0,65.20000000000002,0.0,True,1424.55,83.0,40400.0
NU00686,NU_L371,train,20.0,77.4,0.0,False,1424.55,83.0,40400.0
NU00686,NU_L371,train,52.0,87.30000000000001,0.0,False,1424.55,83.0,40400.0
NU00686,NU_L371,train,123.0,92.90000000000003,0.0,False,1424.55,83.0,40400.0
NU00686,NU_L371,train,157.0,90.10000000000002,0.0,False,1424.55,83.0,40400.0
NU00687,NU_L371,train,0.0,0.0,0.0,True,1424.55,95.0,40400.0
NU00687,NU_L371,train,3.0,26.999999999999986,0.0,True,1424.55,95.0,40400.0
NU00687,NU_L371,train,7.0,40.999999999999986,0.0,True,1424.55,95.0,40400.0
NU00687,NU_L371,train,27.0,55.999999999999986,0.0,False,1424.55,95.0,40400.0
NU00687,NU_L371,train,60.0,63.10000000000001,0.0,False,1424.55,95.0,40400.0
NU00687,NU_L371,train,120.0,65.8,0.0,False,1424.55,95.0,40400.0
NU00687,NU_L371,train,154.0,67.3,0.0,False,1424.55,95.0,40400.0
NU00688,NU_L371,train,0.0,0.0,0.0,True,1424.55,95.0,40400.0
NU00688,NU_L371,train,3.0,26.71999999999999,0.0,True,1424.55,95.0,40400.0
NU00688,NU_L371,train,7.0,33.410000000000004,0.0,True,1424.55,95.0,40400.0
NU00688,NU_L371,train,34.0,48.71999999999999,0.0,False,1424.55,95.0,40400.0
NU00688,NU_L371,train,67.0,54.32,0.0,False,1424.55,95.0,40400.0
NU00688,NU_L371,train,126.0,57.419999999999995,0.0,False,1424.55,95.0,40400.0
NU00688,NU_L371,train,160.0,57.419999999999995,0.0,False,1424.55,95.0,40400.0
NU00689,NU_L371,train,0.0,0.0,0.0,True,1424.55,91.0,40400.0
NU00689,NU_L371,train,2.0,8.419999999999995,0.0,True,1424.55,91.0,40400.0
NU00689,NU_L371,train,5.0,10.57,0.0,True,1424.55,91.0,40400.0
NU00689,NU_L371,train,13.0,16.4,0.0,False,1424.55,91.0,40400.0
NU00689,NU_L371,train,15.0,17.54,0.0,False,1424.55,91.0,40400.0
NU00689,NU_L371,train,101.0,21.559999999999995,0.0,False,1424.55,91.0,40400.0
NU00689,NU_L371,train,138.0,21.14,0.0,False,1424.55,91.0,40400.0
NU00689,NU_L371,train,159.0,20.15,0.0,False,1424.55,91.0,40400.0
NU00690,NU_L371,train,0.0,0.0,0.0,True,1424.55,102.0,40400.0
NU00690,NU_L371,train,2.0,7.0,0.0,True,1424.55,102.0,40400.0
NU00690,NU_L371,train,13.0,19.0,0.0,False,1424.55,102.0,40400.0
NU00690,NU_L371,train,17.0,20.799999999999983,0.0,False,1424.55,102.0,40400.0
NU00690,NU_L371,train,80.0,22.799999999999983,0.0,False,1424.55,102.0,40400.0
NU00690,NU_L371,train,108.0,23.799999999999983,0.0,False,1424.55,102.0,40400.0
NU00691,NU_L371,train,0.0,0.0,0.0,True,1424.55,106.0,40400.0
NU00691,NU_L371,train,3.0,16.659999999999997,0.0,True,1424.55,106.0,40400.0
NU00691,NU_L371,train,7.0,25.659999999999997,0.0,True,1424.55,106.0,40400.0
NU00691,NU_L371,train,27.0,30.659999999999997,0.0,False,1424.55,106.0,40400.0
NU00691,NU_L371,train,61.0,31.459999999999994,0.0,False,1424.55,106.0,40400.0
NU00691,NU_L371,train,88.0,36.55999999999999,0.0,False,1424.55,106.0,40400.0
NU00691,NU_L371,train,149.0,39.760000000000005,0.0,False,1424.55,106.0,40400.0
NU00692,NU_L371,train,0.0,0.0,0.0,True,1424.55,104.0,40400.0
NU00692,NU_L371,train,1.0,4.689999999999998,0.0,True,1424.55,104.0,40400.0
NU00692,NU_L371,train,2.0,8.519999999999996,0.0,True,1424.55,104.0,40400.0
NU00692,NU_L371,train,6.0,13.649999999999999,0.0,True,1424.55,104.0,40400.0
NU00692,NU_L371,train,13.0,18.489999999999995,0.0,False,1424.55,104.0,40400.0
NU00692,NU_L371,train,17.0,19.489999999999995,0.0,False,1424.55,104.0,40400.0
NU00692,NU_L371,train,67.0,28.309999999999995,0.0,False,1424.55,104.0,40400.0
NU00692,NU_L371,train,95.0,29.309999999999995,0.0,False,1424.55,104.0,40400.0
NU00692,NU_L371,train,157.0,29.46,0.0,False,1424.55,104.0,40400.0
NU00693,NU_L371,train,0.0,0.0,0.0,True,1424.55,91.0,40400.0
NU00693,NU_L371,train,1.0,1.870000000000001,0.0,True,1424.55,91.0,40400.0
NU00693,NU_L371,train,2.0,6.860000000000003,0.0,True,1424.55,91.0,40400.0
NU00693,NU_L371,train,27.0,14.860000000000003,0.0,False,1424.55,91.0,40400.0
NU00693,NU_L371,train,58.0,15.440000000000001,0.0,False,1424.55,91.0,40400.0
NU00693,NU_L371,train,112.0,18.01,0.0,False,1424.55,91.0,40400.0
NU00693,NU_L371,train,140.0,19.150000000000002,0.0,False,1424.55,91.0,40400.0
NU00694,NU_L371,train,0.0,0.0,0.0,True,1450.35,106.0,39900.0
NU00694,NU_L371,train,1.0,18.950000000000003,0.0,True,1450.35,106.0,39900.0
NU00694,NU_L371,train,3.0,31.75,0.0,True,1450.35,106.0,39900.0
NU00694,NU_L371,train,6.0,37.95,0.0,True,1450.35,106.0,39900.0
NU00694,NU_L371,train,13.0,45.35000000000001,0.0,False,1450.35,106.0,39900.0
NU00694,NU_L371,train,42.0,53.95,0.0,False,1450.35,106.0,39900.0
NU00694,NU_L371,train,70.0,55.35000000000001,0.0,False,1450.35,106.0,39900.0
NU00694,NU_L371,train,153.0,57.45,0.0,False,1450.35,106.0,39900.0
NU00695,NU_L371,train,0.0,0.0,0.0,True,1450.35,86.0,39900.0
NU00695,NU_L371,train,2.0,8.39,0.0,True,1450.35,86.0,39900.0
NU00695,NU_L371,train,6.0,20.189999999999998,0.0,True,1450.35,86.0,39900.0
NU00695,NU_L371,train,26.0,29.58999999999999,0.0,False,1450.35,86.0,39900.0
NU00695,NU_L371,train,56.0,36.18999999999998,0.0,False,1450.35,86.0,39900.0
NU00695,NU_L371,train,87.0,37.489999999999995,0.0,False,1450.35,86.0,39900.0
NU00695,NU_L371,train,158.0,38.58999999999999,0.0,False,1450.35,86.0,39900.0
NU00696,NU_L371,train,0.0,0.0,0.0,True,1450.35,104.0,39900.0
NU00696,NU_L371,train,1.0,8.379999999999995,0.0,True,1450.35,104.0,39900.0
NU00696,NU_L371,train,3.0,17.409999999999997,0.0,True,1450.35,104.0,39900.0
NU00696,NU_L371,train,18.0,28.789999999999992,0.0,False,1450.35,104.0,39900.0
NU00696,NU_L371,train,49.0,34.06999999999999,0.0,False,1450.35,104.0,39900.0
NU00696,NU_L371,train,78.0,32.78999999999999,0.0,False,1450.35,104.0,39900.0
NU00696,NU_L371,train,154.0,33.129999999999995,0.0,False,1450.35,104.0,39900.0
NU00697,NU_L371,train,0.0,0.0,0.0,True,1450.35,106.0,39900.0
NU00697,NU_L371,train,1.0,1.3900000000000006,0.0,True,1450.35,106.0,39900.0
NU00697,NU_L371,train,5.0,3.1899999999999977,0.0,True,1450.35,106.0,39900.0
NU00697,NU_L371,train,12.0,6.93,0.0,False,1450.35,106.0,39900.0
NU00697,NU_L371,train,41.0,8.659999999999997,0.0,False,1450.35,106.0,39900.0
NU00697,NU_L371,train,120.0,10.950000000000003,0.0,False,1450.35,106.0,39900.0
NU00698,NU_L371,train,0.0,0.0,0.0,True,1450.35,126.0,39900.0
NU00698,NU_L371,train,1.0,10.899999999999991,0.0,True,1450.35,126.0,39900.0
NU00698,NU_L371,train,3.0,18.64999999999999,0.0,True,1450.35,126.0,39900.0
NU00698,NU_L371,train,18.0,20.94999999999999,0.0,False,1450.35,126.0,39900.0
NU00698,NU_L371,train,72.0,30.94999999999999,0.0,False,1450.35,126.0,39900.0
NU00698,NU_L371,train,150.0,30.849999999999994,0.0,False,1450.35,126.0,39900.0
NU00699,NU_L371,train,0.0,0.0,0.0,True,1450.35,113.0,39900.0
NU00699,NU_L371,train,1.0,7.009999999999998,0.0,True,1450.35,113.0,39900.0
NU00699,NU_L371,train,2.0,11.89,0.0,True,1450.35,113.0,39900.0
NU00699,NU_L371,train,11.0,20.25999999999999,0.0,False,1450.35,113.0,39900.0
NU00699,NU_L371,train,31.0,19.560000000000002,0.0,False,1450.35,113.0,39900.0
NU00699,NU_L371,train,85.0,20.629999999999995,0.0,False,1450.35,113.0,39900.0
NU00702,NU_L371,train,0.0,0.0,0.0,True,1492.48,98.0,41700.0
NU00702,NU_L371,train,1.0,23.450000000000017,0.0,True,1492.48,98.0,41700.0
NU00702,NU_L371,train,3.0,33.76000000000002,0.0,True,1492.48,98.0,41700.0
NU00702,NU_L371,train,4.0,35.55000000000001,0.0,True,1492.48,98.0,41700.0
NU00702,NU_L371,train,17.0,52.420000000000016,0.0,False,1492.48,98.0,41700.0
NU00702,NU_L371,train,45.0,56.23000000000002,0.0,False,1492.48,98.0,41700.0
NU00702,NU_L371,train,74.0,58.73000000000002,0.0,False,1492.48,98.0,41700.0
NU00702,NU_L371,train,107.0,59.08000000000001,0.0,False,1492.48,98.0,41700.0
NU00703,NU_L371,train,0.0,0.0,0.0,True,1492.48,111.0,41700.0
NU00703,NU_L371,train,2.0,13.079999999999998,0.0,True,1492.48,111.0,41700.0
NU00703,NU_L371,train,5.0,19.189999999999998,0.0,True,1492.48,111.0,41700.0
NU00703,NU_L371,train,23.0,29.83999999999999,0.0,False,1492.48,111.0,41700.0
NU00703,NU_L371,train,26.0,31.189999999999984,0.0,False,1492.48,111.0,41700.0
NU00703,NU_L371,train,51.0,32.27999999999999,0.0,False,1492.48,111.0,41700.0
NU00703,NU_L371,train,80.0,35.42,0.0,False,1492.48,111.0,41700.0
NU00703,NU_L371,train,113.0,36.17,0.0,False,1492.48,111.0,41700.0
NU00704,NU_L371,train,0.0,0.0,0.0,True,1492.48,108.0,41700.0
NU00704,NU_L371,train,2.0,6.977999999999994,0.0,True,1492.48,108.0,41700.0
NU00704,NU_L371,train,13.0,20.195999999999998,0.0,False,1492.48,108.0,41700.0
NU00704,NU_L371,train,31.0,26.870999999999995,0.0,False,1492.48,108.0,41700.0
NU00704,NU_L371,train,65.0,28.501999999999995,0.0,False,1492.48,108.0,41700.0
NU00704,NU_L371,train,73.0,29.983000000000004,0.0,False,1492.48,108.0,41700.0
NU00704,NU_L371,train,154.0,28.839,0.0,False,1492.48,108.0,41700.0
NU00705,NU_L371,train,0.0,0.0,0.0,True,1492.48,111.0,41700.0
NU00705,NU_L371,train,1.0,4.0,0.0,True,1492.48,111.0,41700.0
NU00705,NU_L371,train,3.0,6.0,0.0,True,1492.48,111.0,41700.0
NU00705,NU_L371,train,7.0,10.0,0.0,True,1492.48,111.0,41700.0
NU00705,NU_L371,train,24.0,13.0,0.0,False,1492.48,111.0,41700.0
NU00705,NU_L371,train,53.0,16.0,0.0,False,1492.48,111.0,41700.0
NU00705,NU_L371,train,88.0,16.0,0.0,False,1492.48,111.0,41700.0
NU00706,NU_L371,train,0.0,0.0,0.0,True,1492.48,122.0,41700.0
NU00706,NU_L371,train,2.0,6.8799999999999955,0.0,True,1492.48,122.0,41700.0
NU00706,NU_L371,train,16.0,14.829999999999998,0.0,False,1492.48,122.0,41700.0
NU00706,NU_L371,train,44.0,17.97,0.0,False,1492.48,122.0,41700.0
NU00706,NU_L371,train,73.0,19.680000000000007,0.0,False,1492.48,122.0,41700.0
NU00706,NU_L371,train,107.0,22.409999999999997,0.0,False,1492.48,122.0,41700.0
NU00707,NU_L371,train,0.0,0.0,0.0,True,1492.48,136.0,41700.0
NU00707,NU_L371,train,2.0,5.8160000000000025,0.0,True,1492.48,136.0,41700.0
NU00707,NU_L371,train,9.0,10.863,0.0,True,1492.48,136.0,41700.0
NU00707,NU_L371,train,23.0,13.189000000000007,0.0,False,1492.48,136.0,41700.0
NU00707,NU_L371,train,50.0,15.885999999999996,0.0,False,1492.48,136.0,41700.0
NU00707,NU_L371,train,80.0,15.468000000000004,0.0,False,1492.48,136.0,41700.0
NU00707,NU_L371,train,115.0,17.933000000000007,0.0,False,1492.48,136.0,41700.0
NU00709,NU_L371,train,0.0,0.0,0.0,True,1492.48,136.0,41700.0
NU00709,NU_L371,train,1.0,2.673000000000002,0.0,True,1492.48,136.0,41700.0
NU00709,NU_L371,train,3.0,5.023,0.0,True,1492.48,136.0,41700.0
NU00709,NU_L371,train,7.0,5.521000000000001,0.0,True,1492.48,136.0,41700.0
NU00709,NU_L371,train,24.0,8.592000000000002,0.0,False,1492.48,136.0,41700.0
NU00709,NU_L371,train,53.0,9.844000000000001,0.0,False,1492.48,136.0,41700.0
NU00709,NU_L371,train,88.0,11.947,0.0,False,1492.48,136.0,41700.0
NU00710,NU_L371,train,0.0,0.0,0.0,True,1465.1,109.0,47000.0
NU00710,NU_L371,train,1.0,28.900000000000006,0.0,True,1465.1,109.0,47000.0
NU00710,NU_L371,train,4.0,40.60000000000002,0.0,True,1465.1,109.0,47000.0
NU00710,NU_L371,train,7.0,54.80000000000001,0.0,True,1465.1,109.0,47000.0
NU00710,NU_L371,train,17.0,64.60000000000002,0.0,False,1465.1,109.0,47000.0
NU00710,NU_L371,train,32.0,69.70000000000002,0.0,False,1465.1,109.0,47000.0
NU00710,NU_L371,train,96.0,71.60000000000002,0.0,False,1465.1,109.0,47000.0
NU00710,NU_L371,train,139.0,73.70000000000002,0.0,False,1465.1,109.0,47000.0
NU00711,NU_L371,train,0.0,0.0,0.0,True,1465.1,110.0,47000.0
NU00711,NU_L371,train,1.0,9.270000000000003,0.0,True,1465.1,110.0,47000.0
NU00711,NU_L371,train,3.0,19.259999999999998,0.0,True,1465.1,110.0,47000.0
NU00711,NU_L371,train,5.0,27.919999999999995,0.0,True,1465.1,110.0,47000.0
NU00711,NU_L371,train,7.0,32.02,0.0,True,1465.1,110.0,47000.0
NU00711,NU_L371,train,10.0,34.660000000000004,0.0,True,1465.1,110.0,47000.0
NU00711,NU_L371,train,25.0,46.330000000000005,0.0,False,1465.1,110.0,47000.0
NU00711,NU_L371,train,87.0,51.73,0.0,False,1465.1,110.0,47000.0
NU00711,NU_L371,train,131.0,51.13,0.0,False,1465.1,110.0,47000.0
NU00712,NU_L371,train,0.0,0.0,0.0,True,1465.1,118.0,47000.0
NU00712,NU_L371,train,2.0,9.509999999999998,0.0,True,1465.1,118.0,47000.0
NU00712,NU_L371,train,6.0,15.410000000000004,0.0,True,1465.1,118.0,47000.0
NU00712,NU_L371,train,27.0,23.71,0.0,False,1465.1,118.0,47000.0
NU00712,NU_L371,train,37.0,28.169999999999995,0.0,False,1465.1,118.0,47000.0
NU00712,NU_L371,train,90.0,30.690000000000005,0.0,False,1465.1,118.0,47000.0
NU00714,NU_L371,train,0.0,0.0,0.0,True,1465.1,119.0,47000.0
NU00714,NU_L371,train,1.0,22.700000000000003,0.0,True,1465.1,119.0,47000.0
NU00714,NU_L371,train,2.0,34.8,0.0,True,1465.1,119.0,47000.0
NU00714,NU_L371,train,7.0,40.7,0.0,True,1465.1,119.0,47000.0
NU00714,NU_L371,train,45.0,45.60000000000001,0.0,False,1465.1,119.0,47000.0
NU00714,NU_L371,train,73.0,49.60000000000001,0.0,False,1465.1,119.0,47000.0
NU00714,NU_L371,train,125.0,52.60000000000001,0.0,False,1465.1,119.0,47000.0
NU00714,NU_L371,train,153.0,53.60000000000001,0.0,False,1465.1,119.0,47000.0
NU00715,NU_L371,train,0.0,0.0,0.0,True,1465.1,126.0,47000.0
NU00715,NU_L371,train,1.0,2.0400000000000063,0.0,True,1465.1,126.0,47000.0
NU00715,NU_L371,train,14.0,11.909999999999997,0.0,False,1465.1,126.0,47000.0
NU00715,NU_L371,train,18.0,13.840000000000003,0.0,False,1465.1,126.0,47000.0
NU00715,NU_L371,train,54.0,15.650000000000006,0.0,False,1465.1,126.0,47000.0
NU00715,NU_L371,train,83.0,18.290000000000006,0.0,False,1465.1,126.0,47000.0
NU00715,NU_L371,train,144.0,18.900000000000006,0.0,False,1465.1,126.0,47000.0
NU00716,NU_L371,train,0.0,0.0,0.0,True,1465.1,126.0,47000.0
NU00716,NU_L371,train,3.0,17.700000000000003,0.0,True,1465.1,126.0,47000.0
NU00716,NU_L371,train,7.0,22.870000000000005,0.0,True,1465.1,126.0,47000.0
NU00716,NU_L371,train,41.0,29.97,0.0,False,1465.1,126.0,47000.0
NU00716,NU_L371,train,72.0,37.07000000000001,0.0,False,1465.1,126.0,47000.0
NU00716,NU_L371,train,129.0,39.84,0.0,False,1465.1,126.0,47000.0
NU00717,NU_L371,train,0.0,0.0,0.0,True,1465.1,116.0,47000.0
NU00717,NU_L371,train,2.0,8.79,0.0,True,1465.1,116.0,47000.0
NU00717,NU_L371,train,6.0,9.75,0.0,True,1465.1,116.0,47000.0
NU00717,NU_L371,train,37.0,15.77,0.0,False,1465.1,116.0,47000.0
NU00717,NU_L371,train,65.0,16.970000000000002,0.0,False,1465.1,116.0,47000.0
NU00717,NU_L371,train,116.0,17.570000000000004,0.0,False,1465.1,116.0,47000.0
NU00717,NU_L371,train,146.0,18.06,0.0,False,1465.1,116.0,47000.0
NU00718,NU_L371,train,0.0,0.0,0.0,True,1427.85,107.0,41200.0
NU00718,NU_L371,train,1.0,33.75999999999999,0.0,True,1427.85,107.0,41200.0
NU00718,NU_L371,train,3.0,47.55999999999999,0.0,True,1427.85,107.0,41200.0
NU00718,NU_L371,train,27.0,65.96,0.0,False,1427.85,107.0,41200.0
NU00718,NU_L371,train,50.0,69.65999999999998,0.0,False,1427.85,107.0,41200.0
NU00718,NU_L371,train,58.0,71.86,0.0,False,1427.85,107.0,41200.0
NU00718,NU_L371,train,138.0,73.86,0.0,False,1427.85,107.0,41200.0
NU00719,NU_L371,train,0.0,0.0,0.0,True,1427.85,118.0,41200.0
NU00719,NU_L371,train,1.0,18.54,0.0,True,1427.85,118.0,41200.0
NU00719,NU_L371,train,3.0,29.550000000000004,0.0,True,1427.85,118.0,41200.0
NU00719,NU_L371,train,7.0,39.38,0.0,True,1427.85,118.0,41200.0
NU00719,NU_L371,train,10.0,41.68,0.0,True,1427.85,118.0,41200.0
NU00719,NU_L371,train,20.0,45.48,0.0,False,1427.85,118.0,41200.0
NU00719,NU_L371,train,47.0,50.48,0.0,False,1427.85,118.0,41200.0
NU00719,NU_L371,train,72.0,50.88,0.0,False,1427.85,118.0,41200.0
NU00719,NU_L371,train,78.0,52.580000000000005,0.0,False,1427.85,118.0,41200.0
NU00719,NU_L371,train,154.0,53.78000000000001,0.0,False,1427.85,118.0,41200.0
NU00720,NU_L371,train,0.0,0.0,0.0,True,1427.85,116.0,41200.0
NU00720,NU_L371,train,2.0,15.159999999999997,0.0,True,1427.85,116.0,41200.0
NU00720,NU_L371,train,6.0,24.72999999999999,0.0,True,1427.85,116.0,41200.0
NU00720,NU_L371,train,30.0,35.58999999999999,0.0,False,1427.85,116.0,41200.0
NU00720,NU_L371,train,39.0,41.67999999999999,0.0,False,1427.85,116.0,41200.0
NU00720,NU_L371,train,152.0,43.08,0.0,False,1427.85,116.0,41200.0
NU00721,NU_L371,train,0.0,0.0,0.0,True,1427.85,118.0,41200.0
NU00721,NU_L371,train,2.0,2.200000000000003,0.0,True,1427.85,118.0,41200.0
NU00721,NU_L371,train,6.0,4.759999999999998,0.0,True,1427.85,118.0,41200.0
NU00721,NU_L371,train,20.0,9.579999999999998,0.0,False,1427.85,118.0,41200.0
NU00721,NU_L371,train,45.0,12.399999999999999,0.0,False,1427.85,118.0,41200.0
NU00721,NU_L371,train,51.0,15.380000000000003,0.0,False,1427.85,118.0,41200.0
NU00721,NU_L371,train,130.0,18.92,0.0,False,1427.85,118.0,41200.0
NU00722,NU_L371,train,0.0,0.0,0.0,True,1427.85,128.0,41200.0
NU00722,NU_L371,train,1.0,16.560000000000002,0.0,True,1427.85,128.0,41200.0
NU00722,NU_L371,train,3.0,21.64,0.0,True,1427.85,128.0,41200.0
NU00722,NU_L371,train,27.0,33.239999999999995,0.0,False,1427.85,128.0,41200.0
NU00722,NU_L371,train,51.0,36.34,0.0,False,1427.85,128.0,41200.0
NU00722,NU_L371,train,58.0,36.239999999999995,0.0,False,1427.85,128.0,41200.0
NU00722,NU_L371,train,140.0,32.84,0.0,False,1427.85,128.0,41200.0
NU00723,NU_L371,train,0.0,0.0,0.0,True,1427.85,132.0,41200.0
NU00723,NU_L371,train,2.0,1.7600000000000051,0.0,True,1427.85,132.0,41200.0
NU00723,NU_L371,train,9.0,6.670000000000002,0.0,True,1427.85,132.0,41200.0
NU00723,NU_L371,train,20.0,6.710000000000001,0.0,False,1427.85,132.0,41200.0
NU00723,NU_L371,train,47.0,8.100000000000001,0.0,False,1427.85,132.0,41200.0
NU00723,NU_L371,train,72.0,9.200000000000003,0.0,False,1427.85,132.0,41200.0
NU00723,NU_L371,train,78.0,9.560000000000002,0.0,False,1427.85,132.0,41200.0
NU00723,NU_L371,train,153.0,9.230000000000004,0.0,False,1427.85,132.0,41200.0
NU00724,NU_L371,train,0.0,0.0,0.0,True,1427.85,127.0,41200.0
NU00724,NU_L371,train,2.0,1.8500000000000014,0.0,True,1427.85,127.0,41200.0
NU00724,NU_L371,train,6.0,9.619999999999997,0.0,True,1427.85,127.0,41200.0
NU00724,NU_L371,train,31.0,15.530000000000001,0.0,False,1427.85,127.0,41200.0
NU00724,NU_L371,train,40.0,12.490000000000002,0.0,False,1427.85,127.0,41200.0
NU00724,NU_L371,train,153.0,12.64,0.0,False,1427.85,127.0,41200.0
NU00725,NU_L371,train,0.0,0.0,0.0,True,1427.85,132.0,41200.0
NU00725,NU_L371,train,2.0,1.3100000000000023,0.0,True,1427.85,132.0,41200.0
NU00725,NU_L371,train,6.0,1.3500000000000014,0.0,True,1427.85,132.0,41200.0
NU00725,NU_L371,train,20.0,5.810000000000002,0.0,False,1427.85,132.0,41200.0
NU00725,NU_L371,train,44.0,8.0,0.0,False,1427.85,132.0,41200.0
NU00725,NU_L371,train,51.0,8.369999999999997,0.0,False,1427.85,132.0,41200.0
NU00725,NU_L371,train,130.0,9.850000000000001,0.0,False,1427.85,132.0,41200.0
NU00726,NU_L94,train,0.2,0.0,0.2,True,2398.96,27.9,22700.0
NU00726,NU_L94,train,0.5,5.399999999999999,0.2,True,2398.96,27.9,22700.0
NU00726,NU_L94,train,0.7,7.299999999999997,0.2,True,2398.96,27.9,22700.0
NU00726,NU_L94,train,1.0,9.199999999999996,0.2,True,2398.96,27.9,22700.0
NU00726,NU_L94,train,2.0,12.699999999999996,0.2,True,2398.96,27.9,22700.0
NU00726,NU_L94,train,3.0,17.699999999999996,0.2,True,2398.96,27.9,22700.0
NU00726,NU_L94,train,4.0,18.1,0.2,True,2398.96,27.9,22700.0
NU00726,NU_L94,train,5.0,20.499999999999993,0.2,True,2398.96,27.9,22700.0
NU00726,NU_L94,train,6.0,22.4,0.2,True,2398.96,27.9,22700.0
NU00726,NU_L94,train,7.0,23.4,0.2,True,2398.96,27.9,22700.0
NU00726,NU_L94,train,8.0,24.300000000000004,0.2,True,2398.96,27.9,22700.0
NU00726,NU_L94,train,9.0,26.199999999999996,0.2,True,2398.96,27.9,22700.0
NU00726,NU_L94,train,14.0,29.999999999999993,0.2,False,2398.96,27.9,22700.0
NU00726,NU_L94,train,20.0,33.800000000000004,0.2,False,2398.96,27.9,22700.0
NU00726,NU_L94,train,30.0,38.49999999999999,0.2,False,2398.96,27.9,22700.0
NU00726,NU_L94,train,40.0,40.99999999999999,0.2,False,2398.96,27.9,22700.0
NU00726,NU_L94,train,50.0,43.800000000000004,0.2,False,2398.96,27.9,22700.0
NU00726,NU_L94,train,60.0,44.699999999999996,0.2,False,2398.96,27.9,22700.0
NU00726,NU_L94,train,70.0,47.6,0.2,False,2398.96,27.9,22700.0
NU00727,NU_L94,train,0.31,0.0,0.31,True,2398.96,27.9,22700.0
NU00727,NU_L94,train,0.61,1.8999999999999986,0.31,True,2398.96,27.9,22700.0
NU00727,NU_L94,train,0.81,2.8999999999999986,0.31,True,2398.96,27.9,22700.0
NU00727,NU_L94,train,1.11,3.799999999999997,0.31,True,2398.96,27.9,22700.0
NU00727,NU_L94,train,2.11,5.699999999999996,0.31,True,2398.96,27.9,22700.0
NU00727,NU_L94,train,3.11,6.600000000000001,0.31,True,2398.96,27.9,22700.0
NU00727,NU_L94,train,4.11,7.600000000000001,0.31,True,2398.96,27.9,22700.0
NU00727,NU_L94,train,5.11,8.5,0.31,True,2398.96,27.9,22700.0
NU00727,NU_L94,train,6.11,9.5,0.31,True,2398.96,27.9,22700.0
NU00727,NU_L94,train,7.11,10.0,0.31,True,2398.96,27.9,22700.0
NU00727,NU_L94,train,8.11,10.0,0.31,True,2398.96,27.9,22700.0
NU00727,NU_L94,train,9.11,11.399999999999999,0.31,True,2398.96,27.9,22700.0
NU00727,NU_L94,train,14.11,13.299999999999997,0.31,False,2398.96,27.9,22700.0
NU00727,NU_L94,train,20.11,13.799999999999997,0.31,False,2398.96,27.9,22700.0
NU00727,NU_L94,train,30.11,15.699999999999996,0.31,False,2398.96,27.9,22700.0
NU00727,NU_L94,train,40.11,17.6,0.31,False,2398.96,27.9,22700.0
NU00727,NU_L94,train,50.11,18.5,0.31,False,2398.96,27.9,22700.0
NU00727,NU_L94,train,60.11,19.5,0.31,False,2398.96,27.9,22700.0
NU00727,NU_L94,train,70.11,20.4,0.31,False,2398.96,27.9,22700.0
NU00728,NU_L94,train,0.2,0.0,0.2,True,2398.96,27.9,22700.0
NU00728,NU_L94,train,0.5,1.8000000000000043,0.2,True,2398.96,27.9,22700.0
NU00728,NU_L94,train,0.7,2.3999999999999986,0.2,True,2398.96,27.9,22700.0
NU00728,NU_L94,train,1.0,4.300000000000004,0.2,True,2398.96,27.9,22700.0
NU00728,NU_L94,train,2.0,10.899999999999999,0.2,True,2398.96,27.9,22700.0
NU00728,NU_L94,train,3.0,11.899999999999999,0.2,True,2398.96,27.9,22700.0
NU00728,NU_L94,train,4.0,13.700000000000003,0.2,True,2398.96,27.9,22700.0
NU00728,NU_L94,train,5.0,16.6,0.2,True,2398.96,27.9,22700.0
NU00728,NU_L94,train,6.0,17.1,0.2,True,2398.96,27.9,22700.0
NU00728,NU_L94,train,7.0,18.5,0.2,True,2398.96,27.9,22700.0
NU00728,NU_L94,train,8.0,19.4,0.2,True,2398.96,27.9,22700.0
NU00728,NU_L94,train,9.0,21.300000000000004,0.2,True,2398.96,27.9,22700.0
NU00728,NU_L94,train,14.0,23.6,0.2,False,2398.96,27.9,22700.0
NU00728,NU_L94,train,20.0,26.000000000000007,0.2,False,2398.96,27.9,22700.0
NU00728,NU_L94,train,40.0,32.6,0.2,False,2398.96,27.9,22700.0
NU00728,NU_L94,train,50.0,36.4,0.2,False,2398.96,27.9,22700.0
NU00728,NU_L94,train,60.0,38.300000000000004,0.2,False,2398.96,27.9,22700.0
NU00728,NU_L94,train,70.0,41.1,0.2,False,2398.96,27.9,22700.0
NU00728,NU_L94,train,80.0,44.00000000000001,0.2,False,2398.96,27.9,22700.0
NU00728,NU_L94,train,90.0,46.4,0.2,False,2398.96,27.9,22700.0
NU00728,NU_L94,train,150.0,50.199999999999996,0.2,False,2398.96,27.9,22700.0
NU00729,NU_L94,train,0.32,0.0,0.32,True,2398.96,27.9,22700.0
NU00729,NU_L94,train,0.62,0.8999999999999986,0.32,True,2398.96,27.9,22700.0
NU00729,NU_L94,train,0.82,1.8999999999999986,0.32,True,2398.96,27.9,22700.0
NU00729,NU_L94,train,1.12,2.799999999999997,0.32,True,2398.96,27.9,22700.0
NU00729,NU_L94,train,2.12,4.700000000000003,0.32,True,2398.96,27.9,22700.0
NU00729,NU_L94,train,3.12,7.5,0.32,True,2398.96,27.9,22700.0
NU00729,NU_L94,train,4.12,7.5,0.32,True,2398.96,27.9,22700.0
NU00729,NU_L94,train,5.12,6.600000000000001,0.32,True,2398.96,27.9,22700.0
NU00729,NU_L94,train,6.12,7.5,0.32,True,2398.96,27.9,22700.0
NU00729,NU_L94,train,7.12,7.5,0.32,True,2398.96,27.9,22700.0
NU00729,NU_L94,train,8.12,9.399999999999999,0.32,True,2398.96,27.9,22700.0
NU00729,NU_L94,train,9.12,9.399999999999999,0.32,True,2398.96,27.9,22700.0
NU00729,NU_L94,train,14.12,11.899999999999999,0.32,False,2398.96,27.9,22700.0
NU00729,NU_L94,train,20.12,11.899999999999999,0.32,False,2398.96,27.9,22700.0
NU00729,NU_L94,train,30.12,13.799999999999997,0.32,False,2398.96,27.9,22700.0
NU00729,NU_L94,train,40.12,14.700000000000003,0.32,False,2398.96,27.9,22700.0
NU00729,NU_L94,train,50.12,15.700000000000003,0.32,False,2398.96,27.9,22700.0
NU00729,NU_L94,train,60.12,14.700000000000003,0.32,False,2398.96,27.9,22700.0
NU00729,NU_L94,train,70.12,20.6,0.32,False,2398.96,27.9,22700.0
NU00729,NU_L94,train,80.12,17.6,0.32,False,2398.96,27.9,22700.0
NU00729,NU_L94,train,90.12,16.6,0.32,False,2398.96,27.9,22700.0
NU00729,NU_L94,train,150.12,19.5,0.32,False,2398.96,27.9,22700.0
NU00730,NU_L94,train,0.2,0.0,0.2,True,2398.96,27.9,22700.0
NU00730,NU_L94,train,0.5,8.5,0.2,True,2398.96,27.9,22700.0
NU00730,NU_L94,train,0.7,11.0,0.2,True,2398.96,27.9,22700.0
NU00730,NU_L94,train,1.0,14.700000000000003,0.2,True,2398.96,27.9,22700.0
NU00730,NU_L94,train,2.0,23.200000000000003,0.2,True,2398.96,27.9,22700.0
NU00730,NU_L94,train,3.0,28.0,0.2,True,2398.96,27.9,22700.0
NU00730,NU_L94,train,4.0,31.700000000000003,0.2,True,2398.96,27.9,22700.0
NU00730,NU_L94,train,5.0,35.2,0.2,True,2398.96,27.9,22700.0
NU00730,NU_L94,train,6.0,37.400000000000006,0.2,True,2398.96,27.9,22700.0
NU00730,NU_L94,train,7.0,38.7,0.2,True,2398.96,27.9,22700.0
NU00730,NU_L94,train,8.0,41.60000000000001,0.2,True,2398.96,27.9,22700.0
NU00730,NU_L94,train,9.0,44.400000000000006,0.2,True,2398.96,27.9,22700.0
NU00730,NU_L94,train,14.0,52.0,0.2,False,2398.96,27.9,22700.0
NU00730,NU_L94,train,20.0,55.7,0.2,False,2398.96,27.9,22700.0
NU00730,NU_L94,train,30.0,65.2,0.2,False,2398.96,27.9,22700.0
NU00730,NU_L94,train,40.0,67.10000000000001,0.2,False,2398.96,27.9,22700.0
NU00730,NU_L94,train,50.0,70.89999999999999,0.2,False,2398.96,27.9,22700.0
NU00730,NU_L94,train,60.0,73.7,0.2,False,2398.96,27.9,22700.0
NU00730,NU_L94,train,70.0,74.60000000000001,0.2,False,2398.96,27.9,22700.0
NU00731,NU_L94,train,0.14,0.0,0.14,True,2398.96,27.9,22700.0
NU00731,NU_L94,train,0.44,3.3999999999999986,0.14,True,2398.96,27.9,22700.0
NU00731,NU_L94,train,0.64,4.700000000000003,0.14,True,2398.96,27.9,22700.0
NU00731,NU_L94,train,0.94,6.600000000000001,0.14,True,2398.96,27.9,22700.0
NU00731,NU_L94,train,1.94,8.5,0.14,True,2398.96,27.9,22700.0
NU00731,NU_L94,train,2.94,10.399999999999999,0.14,True,2398.96,27.9,22700.0
NU00731,NU_L94,train,3.94,11.399999999999999,0.14,True,2398.96,27.9,22700.0
NU00731,NU_L94,train,4.94,12.299999999999997,0.14,True,2398.96,27.9,22700.0
NU00731,NU_L94,train,5.94,14.200000000000003,0.14,True,2398.96,27.9,22700.0
NU00731,NU_L94,train,6.94,14.200000000000003,0.14,True,2398.96,27.9,22700.0
NU00731,NU_L94,train,7.94,16.1,0.14,True,2398.96,27.9,22700.0
NU00731,NU_L94,train,8.94,16.1,0.14,True,2398.96,27.9,22700.0
NU00731,NU_L94,train,13.94,18.0,0.14,False,2398.96,27.9,22700.0
NU00731,NU_L94,train,19.94,18.9,0.14,False,2398.96,27.9,22700.0
NU00731,NU_L94,train,29.94,21.4,0.14,False,2398.96,27.9,22700.0
NU00731,NU_L94,train,39.94,23.299999999999997,0.14,False,2398.96,27.9,22700.0
NU00731,NU_L94,train,49.94,25.099999999999994,0.14,False,2398.96,27.9,22700.0
NU00731,NU_L94,train,59.94,26.099999999999994,0.14,False,2398.96,27.9,22700.0
NU00731,NU_L94,train,69.94,28.0,0.14,False,2398.96,27.9,22700.0
NU00732,NU_L94,train,0.2,0.0,0.2,True,2398.96,27.9,22700.0
NU00732,NU_L94,train,0.5,6.299999999999997,0.2,True,2398.96,27.9,22700.0
NU00732,NU_L94,train,0.7,9.5,0.2,True,2398.96,27.9,22700.0
NU00732,NU_L94,train,1.0,11.900000000000006,0.2,True,2398.96,27.9,22700.0
NU00732,NU_L94,train,2.0,15.700000000000003,0.2,True,2398.96,27.9,22700.0
NU00732,NU_L94,train,3.0,17.599999999999994,0.2,True,2398.96,27.9,22700.0
NU00732,NU_L94,train,4.0,18.900000000000006,0.2,True,2398.96,27.9,22700.0
NU00732,NU_L94,train,5.0,21.400000000000006,0.2,True,2398.96,27.9,22700.0
NU00732,NU_L94,train,6.0,22.299999999999997,0.2,True,2398.96,27.9,22700.0
NU00732,NU_L94,train,7.0,23.299999999999997,0.2,True,2398.96,27.9,22700.0
NU00732,NU_L94,train,8.0,24.200000000000003,0.2,True,2398.96,27.9,22700.0
NU00732,NU_L94,train,9.0,27.0,0.2,True,2398.96,27.9,22700.0
NU00732,NU_L94,train,14.0,29.299999999999997,0.2,False,2398.96,27.9,22700.0
NU00732,NU_L94,train,20.0,31.200000000000003,0.2,False,2398.96,27.9,22700.0
NU00732,NU_L94,train,30.0,36.900000000000006,0.2,False,2398.96,27.9,22700.0
NU00732,NU_L94,train,40.0,37.8,0.2,False,2398.96,27.9,22700.0
NU00732,NU_L94,train,50.0,40.7,0.2,False,2398.96,27.9,22700.0
NU00732,NU_L94,train,60.0,41.2,0.2,False,2398.96,27.9,22700.0
NU00732,NU_L94,train,70.0,42.5,0.2,False,2398.96,27.9,22700.0
NU00732,NU_L94,train,80.0,45.0,0.2,False,2398.96,27.9,22700.0
NU00732,NU_L94,train,90.0,48.2,0.2,False,2398.96,27.9,22700.0
NU00732,NU_L94,train,100.0,48.2,0.2,False,2398.96,27.9,22700.0
NU00732,NU_L94,train,150.0,52.0,0.2,False,2398.96,27.9,22700.0
NU00733,NU_L94,train,0.19,0.0,0.19,True,2398.96,27.9,22700.0
NU00733,NU_L94,train,0.49,1.0,0.19,True,2398.96,27.9,22700.0
NU00733,NU_L94,train,0.69,2.0,0.19,True,2398.96,27.9,22700.0
NU00733,NU_L94,train,0.99,5.800000000000004,0.19,True,2398.96,27.9,22700.0
NU00733,NU_L94,train,1.99,4.900000000000006,0.19,True,2398.96,27.9,22700.0
NU00733,NU_L94,train,2.99,6.800000000000004,0.19,True,2398.96,27.9,22700.0
NU00733,NU_L94,train,3.99,8.700000000000003,0.19,True,2398.96,27.9,22700.0
NU00733,NU_L94,train,4.99,9.600000000000001,0.19,True,2398.96,27.9,22700.0
NU00733,NU_L94,train,5.99,9.600000000000001,0.19,True,2398.96,27.9,22700.0
NU00733,NU_L94,train,6.99,10.5,0.19,True,2398.96,27.9,22700.0
NU00733,NU_L94,train,7.99,11.5,0.19,True,2398.96,27.9,22700.0
NU00733,NU_L94,train,8.99,12.400000000000006,0.19,True,2398.96,27.9,22700.0
NU00733,NU_L94,train,13.99,14.300000000000004,0.19,False,2398.96,27.9,22700.0
NU00733,NU_L94,train,19.99,15.300000000000004,0.19,False,2398.96,27.9,22700.0
NU00733,NU_L94,train,29.99,16.200000000000003,0.19,False,2398.96,27.9,22700.0
NU00733,NU_L94,train,39.99,18.1,0.19,False,2398.96,27.9,22700.0
NU00733,NU_L94,train,49.99,19.0,0.19,False,2398.96,27.9,22700.0
NU00733,NU_L94,train,59.99,20.6,0.19,False,2398.96,27.9,22700.0
NU00733,NU_L94,train,69.99,21.900000000000006,0.19,False,2398.96,27.9,22700.0
NU00733,NU_L94,train,79.99,21.900000000000006,0.19,False,2398.96,27.9,22700.0
NU00733,NU_L94,train,89.99,22.400000000000006,0.19,False,2398.96,27.9,22700.0
NU00733,NU_L94,train,99.99,23.800000000000004,0.19,False,2398.96,27.9,22700.0
NU00733,NU_L94,train,149.99,25.700000000000003,0.19,False,2398.96,27.9,22700.0
NU00734,NU_L94,train,0.2,0.0,0.2,True,2398.96,27.9,22700.0
NU00734,NU_L94,train,0.5,11.0,0.2,True,2398.96,27.9,22700.0
NU00734,NU_L94,train,0.7,13.799999999999997,0.2,True,2398.96,27.9,22700.0
NU00734,NU_L94,train,1.0,16.599999999999994,0.2,True,2398.96,27.9,22700.0
NU00734,NU_L94,train,2.0,24.19999999999999,0.2,True,2398.96,27.9,22700.0
NU00734,NU_L94,train,3.0,28.0,0.2,True,2398.96,27.9,22700.0
NU00734,NU_L94,train,4.0,32.099999999999994,0.2,True,2398.96,27.9,22700.0
NU00734,NU_L94,train,5.0,35.89999999999999,0.2,True,2398.96,27.9,22700.0
NU00734,NU_L94,train,6.0,39.69999999999999,0.2,True,2398.96,27.9,22700.0
NU00734,NU_L94,train,7.0,40.599999999999994,0.2,True,2398.96,27.9,22700.0
NU00734,NU_L94,train,8.0,42.89999999999999,0.2,True,2398.96,27.9,22700.0
NU00734,NU_L94,train,9.0,43.5,0.2,True,2398.96,27.9,22700.0
NU00734,NU_L94,train,14.0,52.5,0.2,False,2398.96,27.9,22700.0
NU00734,NU_L94,train,20.0,58.19999999999999,0.2,False,2398.96,27.9,22700.0
NU00734,NU_L94,train,30.0,65.79999999999998,0.2,False,2398.96,27.9,22700.0
NU00734,NU_L94,train,40.0,71.4,0.2,False,2398.96,27.9,22700.0
NU00734,NU_L94,train,50.0,75.6,0.2,False,2398.96,27.9,22700.0
NU00734,NU_L94,train,60.0,79.4,0.2,False,2398.96,27.9,22700.0
NU00734,NU_L94,train,70.0,83.19999999999999,0.2,False,2398.96,27.9,22700.0
NU00735,NU_L94,train,0.7,0.0,0.7,True,2398.96,27.9,22700.0
NU00735,NU_L94,train,1.0,1.8999999999999986,0.7,True,2398.96,27.9,22700.0
NU00735,NU_L94,train,2.0,4.700000000000003,0.7,True,2398.96,27.9,22700.0
NU00735,NU_L94,train,3.0,5.700000000000003,0.7,True,2398.96,27.9,22700.0
NU00735,NU_L94,train,4.0,9.5,0.7,True,2398.96,27.9,22700.0
NU00735,NU_L94,train,5.0,12.300000000000004,0.7,True,2398.96,27.9,22700.0
NU00735,NU_L94,train,6.0,13.199999999999996,0.7,True,2398.96,27.9,22700.0
NU00735,NU_L94,train,7.0,13.199999999999996,0.7,True,2398.96,27.9,22700.0
NU00735,NU_L94,train,8.0,15.100000000000001,0.7,True,2398.96,27.9,22700.0
NU00735,NU_L94,train,9.0,16.1,0.7,True,2398.96,27.9,22700.0
NU00735,NU_L94,train,14.0,18.500000000000007,0.7,False,2398.96,27.9,22700.0
NU00735,NU_L94,train,20.0,24.199999999999996,0.7,False,2398.96,27.9,22700.0
NU00735,NU_L94,train,30.0,28.000000000000007,0.7,False,2398.96,27.9,22700.0
NU00735,NU_L94,train,40.0,32.699999999999996,0.7,False,2398.96,27.9,22700.0
NU00735,NU_L94,train,50.0,33.6,0.7,False,2398.96,27.9,22700.0
NU00735,NU_L94,train,60.0,41.6,0.7,False,2398.96,27.9,22700.0
NU00735,NU_L94,train,70.0,41.6,0.7,False,2398.96,27.9,22700.0
NU00736,NU_L94,train,0.2,0.0,0.2,True,2398.96,27.9,22700.0
NU00736,NU_L94,train,0.7,6.599999999999994,0.2,True,2398.96,27.9,22700.0
NU00736,NU_L94,train,1.0,10.399999999999991,0.2,True,2398.96,27.9,22700.0
NU00736,NU_L94,train,2.0,17.39999999999999,0.2,True,2398.96,27.9,22700.0
NU00736,NU_L94,train,3.0,21.200000000000003,0.2,True,2398.96,27.9,22700.0
NU00736,NU_L94,train,4.0,21.200000000000003,0.2,True,2398.96,27.9,22700.0
NU00736,NU_L94,train,5.0,24.0,0.2,True,2398.96,27.9,22700.0
NU00736,NU_L94,train,6.0,27.799999999999997,0.2,True,2398.96,27.9,22700.0
NU00736,NU_L94,train,7.0,27.799999999999997,0.2,True,2398.96,27.9,22700.0
NU00736,NU_L94,train,8.0,30.599999999999994,0.2,True,2398.96,27.9,22700.0
NU00736,NU_L94,train,9.0,30.099999999999994,0.2,True,2398.96,27.9,22700.0
NU00736,NU_L94,train,14.0,34.39999999999999,0.2,False,2398.96,27.9,22700.0
NU00736,NU_L94,train,20.0,38.599999999999994,0.2,False,2398.96,27.9,22700.0
NU00736,NU_L94,train,30.0,43.8,0.2,False,2398.96,27.9,22700.0
NU00736,NU_L94,train,40.0,47.2,0.2,False,2398.96,27.9,22700.0
NU00736,NU_L94,train,50.0,52.89999999999999,0.2,False,2398.96,27.9,22700.0
NU00736,NU_L94,train,60.0,54.8,0.2,False,2398.96,27.9,22700.0
NU00736,NU_L94,train,70.0,54.8,0.2,False,2398.96,27.9,22700.0
NU00736,NU_L94,train,80.0,56.7,0.2,False,2398.96,27.9,22700.0
NU00736,NU_L94,train,90.0,58.60000000000001,0.2,False,2398.96,27.9,22700.0
NU00736,NU_L94,train,100.0,58.60000000000001,0.2,False,2398.96,27.9,22700.0
NU00736,NU_L94,train,150.0,67.49999999999999,0.2,False,2398.96,27.9,22700.0
NU00737,NU_L94,train,0.27,0.0,0.27,True,2398.96,27.9,22700.0
NU00737,NU_L94,train,1.07,5.600000000000001,0.27,True,2398.96,27.9,22700.0
NU00737,NU_L94,train,2.07,6.600000000000001,0.27,True,2398.96,27.9,22700.0
NU00737,NU_L94,train,3.07,9.400000000000006,0.27,True,2398.96,27.9,22700.0
NU00737,NU_L94,train,4.07,11.300000000000004,0.27,True,2398.96,27.9,22700.0
NU00737,NU_L94,train,5.07,13.200000000000003,0.27,True,2398.96,27.9,22700.0
NU00737,NU_L94,train,6.07,13.200000000000003,0.27,True,2398.96,27.9,22700.0
NU00737,NU_L94,train,7.07,14.100000000000001,0.27,True,2398.96,27.9,22700.0
NU00737,NU_L94,train,8.07,15.100000000000001,0.27,True,2398.96,27.9,22700.0
NU00737,NU_L94,train,9.07,15.600000000000001,0.27,True,2398.96,27.9,22700.0
NU00737,NU_L94,train,14.07,18.5,0.27,False,2398.96,27.9,22700.0
NU00737,NU_L94,train,20.07,18.5,0.27,False,2398.96,27.9,22700.0
NU00737,NU_L94,train,30.07,26.0,0.27,False,2398.96,27.9,22700.0
NU00737,NU_L94,train,40.07,27.0,0.27,False,2398.96,27.9,22700.0
NU00737,NU_L94,train,50.07,30.799999999999997,0.27,False,2398.96,27.9,22700.0
NU00737,NU_L94,train,60.07,29.799999999999997,0.27,False,2398.96,27.9,22700.0
NU00737,NU_L94,train,70.07,35.5,0.27,False,2398.96,27.9,22700.0
NU00737,NU_L94,train,80.07,36.400000000000006,0.27,False,2398.96,27.9,22700.0
NU00737,NU_L94,train,90.07,39.3,0.27,False,2398.96,27.9,22700.0
NU00737,NU_L94,train,100.07,37.400000000000006,0.27,False,2398.96,27.9,22700.0
NU00737,NU_L94,train,150.07,50.0,0.27,False,2398.96,27.9,22700.0
NU00738,NU_L58,train,0.2,0.0,0.2,True,2399.3,44.5,
NU00738,NU_L58,train,1.0,1.3000000000000043,0.2,True,2399.3,44.5,
NU00738,NU_L58,train,2.0,1.8000000000000043,0.2,True,2399.3,44.5,
NU00738,NU_L58,train,3.2,4.399999999999999,0.2,True,2399.3,44.5,
NU00738,NU_L58,train,7.2,7.800000000000004,0.2,True,2399.3,44.5,
NU00738,NU_L58,train,9.0,8.700000000000003,0.2,True,2399.3,44.5,
NU00738,NU_L58,train,13.0,8.399999999999999,0.2,False,2399.3,44.5,
NU00738,NU_L58,train,15.3,10.100000000000001,0.2,False,2399.3,44.5,
NU00738,NU_L58,train,19.9,11.700000000000003,0.2,False,2399.3,44.5,
NU00738,NU_L58,train,23.3,11.600000000000001,0.2,False,2399.3,44.5,
NU00738,NU_L58,train,28.7,13.800000000000004,0.2,False,2399.3,44.5,
NU00738,NU_L58,train,35.5,15.0,0.2,False,2399.3,44.5,
NU00738,NU_L58,train,41.5,15.5,0.2,False,2399.3,44.5,
NU00738,NU_L58,train,48.1,16.5,0.2,False,2399.3,44.5,
NU00738,NU_L58,train,58.8,17.300000000000004,0.2,False,2399.3,44.5,
NU00738,NU_L58,train,69.6,17.700000000000003,0.2,False,2399.3,44.5,
NU00739,NU_L58,train,0.2,0.0,0.2,True,2399.3,44.5,
NU00739,NU_L58,train,0.9,5.900000000000006,0.2,True,2399.3,44.5,
NU00739,NU_L58,train,1.0,8.400000000000006,0.2,True,2399.3,44.5,
NU00739,NU_L58,train,1.3,9.400000000000006,0.2,True,2399.3,44.5,
NU00739,NU_L58,train,1.9,11.5,0.2,True,2399.3,44.5,
NU00739,NU_L58,train,2.2,13.100000000000001,0.2,True,2399.3,44.5,
NU00739,NU_L58,train,3.1,14.800000000000004,0.2,True,2399.3,44.5,
NU00739,NU_L58,train,6.3,19.799999999999997,0.2,True,2399.3,44.5,
NU00739,NU_L58,train,7.2,22.0,0.2,True,2399.3,44.5,
NU00739,NU_L58,train,9.2,23.400000000000006,0.2,True,2399.3,44.5,
NU00739,NU_L58,train,14.3,26.60000000000001,0.2,False,2399.3,44.5,
NU00739,NU_L58,train,15.5,27.5,0.2,False,2399.3,44.5,
NU00739,NU_L58,train,16.6,28.700000000000003,0.2,False,2399.3,44.5,
NU00739,NU_L58,train,20.9,30.700000000000003,0.2,False,2399.3,44.5,
NU00739,NU_L58,train,24.4,33.3,0.2,False,2399.3,44.5,
NU00739,NU_L58,train,27.6,33.7,0.2,False,2399.3,44.5,
NU00739,NU_L58,train,31.0,35.7,0.2,False,2399.3,44.5,
NU00739,NU_L58,train,34.6,37.5,0.2,False,2399.3,44.5,
NU00739,NU_L58,train,39.2,38.60000000000001,0.2,False,2399.3,44.5,
NU00739,NU_L58,train,46.3,40.400000000000006,0.2,False,2399.3,44.5,
NU00739,NU_L58,train,55.4,43.2,0.2,False,2399.3,44.5,
NU00739,NU_L58,train,62.4,43.7,0.2,False,2399.3,44.5,
NU00739,NU_L58,train,71.1,45.2,0.2,False,2399.3,44.5,
NU00741,NU_L58,train,0.1,0.0,0.1,True,2399.3,44.5,
NU00741,NU_L58,train,1.0,4.200000000000003,0.1,True,2399.3,44.5,
NU00741,NU_L58,train,2.0,9.5,0.1,True,2399.3,44.5,
NU00741,NU_L58,train,3.1,10.700000000000003,0.1,True,2399.3,44.5,
NU00741,NU_L58,train,4.1,11.600000000000001,0.1,True,2399.3,44.5,
NU00741,NU_L58,train,6.9,15.600000000000001,0.1,True,2399.3,44.5,
NU00741,NU_L58,train,8.0,16.800000000000004,0.1,True,2399.3,44.5,
NU00741,NU_L58,train,9.8,19.799999999999997,0.1,True,2399.3,44.5,
NU00741,NU_L58,train,11.2,19.900000000000006,0.1,False,2399.3,44.5,
NU00741,NU_L58,train,14.1,21.900000000000006,0.1,False,2399.3,44.5,
NU00741,NU_L58,train,16.9,22.400000000000006,0.1,False,2399.3,44.5,
NU00741,NU_L58,train,18.0,24.10000000000001,0.1,False,2399.3,44.5,
NU00741,NU_L58,train,21.1,24.400000000000006,0.1,False,2399.3,44.5,
NU00741,NU_L58,train,23.5,25.400000000000006,0.1,False,2399.3,44.5,
NU00741,NU_L58,train,24.9,26.900000000000006,0.1,False,2399.3,44.5,
NU00741,NU_L58,train,32.2,27.799999999999997,0.1,False,2399.3,44.5,
NU00741,NU_L58,train,35.0,28.799999999999997,0.1,False,2399.3,44.5,
NU00741,NU_L58,train,38.4,30.5,0.1,False,2399.3,44.5,
NU00741,NU_L58,train,41.0,32.10000000000001,0.1,False,2399.3,44.5,
NU00741,NU_L58,train,44.5,34.0,0.1,False,2399.3,44.5,
NU00741,NU_L58,train,48.3,34.60000000000001,0.1,False,2399.3,44.5,
NU00741,NU_L58,train,53.0,35.7,0.1,False,2399.3,44.5,
NU00741,NU_L58,train,58.8,36.400000000000006,0.1,False,2399.3,44.5,
NU00741,NU_L58,train,68.5,40.10000000000001,0.1,False,2399.3,44.5,
NU00741,NU_L58,train,81.9,41.60000000000001,0.1,False,2399.3,44.5,
NU00741,NU_L58,train,106.3,44.3,0.1,False,2399.3,44.5,
NU00741,NU_L58,train,114.1,45.0,0.1,False,2399.3,44.5,
NU00741,NU_L58,train,137.4,46.900000000000006,0.1,False,2399.3,44.5,
NU00743,NU_L58,train,0.8,0.0,0.8,True,2399.3,44.5,
NU00743,NU_L58,train,1.0,4.099999999999994,0.8,True,2399.3,44.5,
NU00743,NU_L58,train,1.7,10.299999999999997,0.8,True,2399.3,44.5,
NU00743,NU_L58,train,1.8,11.0,0.8,True,2399.3,44.5,
NU00743,NU_L58,train,7.1,28.5,0.8,True,2399.3,44.5,
NU00743,NU_L58,train,8.1,33.89999999999999,0.8,True,2399.3,44.5,
NU00743,NU_L58,train,9.1,36.19999999999999,0.8,True,2399.3,44.5,
NU00743,NU_L58,train,10.1,37.5,0.8,False,2399.3,44.5,
NU00743,NU_L58,train,13.2,42.39999999999999,0.8,False,2399.3,44.5,
NU00743,NU_L58,train,15.3,44.19999999999999,0.8,False,2399.3,44.5,
NU00743,NU_L58,train,16.9,45.099999999999994,0.8,False,2399.3,44.5,
NU00743,NU_L58,train,19.8,48.69999999999999,0.8,False,2399.3,44.5,
NU00743,NU_L58,train,22.6,49.89999999999999,0.8,False,2399.3,44.5,
NU00743,NU_L58,train,24.1,51.3,0.8,False,2399.3,44.5,
NU00743,NU_L58,train,27.7,55.19999999999999,0.8,False,2399.3,44.5,
NU00743,NU_L58,train,31.3,55.5,0.8,False,2399.3,44.5,
NU00743,NU_L58,train,34.6,57.099999999999994,0.8,False,2399.3,44.5,
NU00743,NU_L58,train,39.9,56.5,0.8,False,2399.3,44.5,
NU00743,NU_L58,train,40.0,60.29999999999998,0.8,False,2399.3,44.5,
NU00743,NU_L58,train,43.5,58.599999999999994,0.8,False,2399.3,44.5,
NU00743,NU_L58,train,48.3,60.400000000000006,0.8,False,2399.3,44.5,
NU00743,NU_L58,train,59.5,63.69999999999999,0.8,False,2399.3,44.5,
NU00743,NU_L58,train,66.3,64.0,0.8,False,2399.3,44.5,
NU00743,NU_L58,train,71.1,65.5,0.8,False,2399.3,44.5,
NU00744,NU_L58,train,0.32,0.0,0.32,True,2399.3,44.5,
NU00744,NU_L58,train,0.42,0.45000000000000284,0.32,True,2399.3,44.5,
NU00744,NU_L58,train,4.12,6.75,0.32,True,2399.3,44.5,
NU00744,NU_L58,train,5.22,7.649999999999999,0.32,True,2399.3,44.5,
NU00744,NU_L58,train,7.12,8.25,0.32,True,2399.3,44.5,
NU00744,NU_L58,train,8.02,8.649999999999999,0.32,True,2399.3,44.5,
NU00744,NU_L58,train,13.92,11.149999999999999,0.32,False,2399.3,44.5,
NU00744,NU_L58,train,15.62,11.549999999999997,0.32,False,2399.3,44.5,
NU00744,NU_L58,train,18.82,10.75,0.32,False,2399.3,44.5,
NU00744,NU_L58,train,22.32,12.149999999999999,0.32,False,2399.3,44.5,
NU00744,NU_L58,train,25.32,13.649999999999999,0.32,False,2399.3,44.5,
NU00744,NU_L58,train,30.12,14.049999999999997,0.32,False,2399.3,44.5,
NU00744,NU_L58,train,50.32,17.15,0.32,False,2399.3,44.5,
NU00744,NU_L58,train,64.62,19.049999999999997,0.32,False,2399.3,44.5,
NU00744,NU_L58,train,78.52,19.950000000000003,0.32,False,2399.3,44.5,
NU00744,NU_L58,train,93.42,21.049999999999997,0.32,False,2399.3,44.5,
NU00744,NU_L58,train,108.72,23.15,0.32,False,2399.3,44.5,
NU00744,NU_L58,train,136.72,24.25,0.32,False,2399.3,44.5,
NU00745,NU_L58,train,0.1,0.0,0.1,True,2399.3,44.5,
NU00745,NU_L58,train,0.2,3.8000000000000043,0.1,True,2399.3,44.5,
NU00745,NU_L58,train,1.2,13.800000000000004,0.1,True,2399.3,44.5,
NU00745,NU_L58,train,4.1,27.000000000000007,0.1,True,2399.3,44.5,
NU00745,NU_L58,train,5.1,28.699999999999996,0.1,True,2399.3,44.5,
NU00745,NU_L58,train,6.1,23.800000000000004,0.1,True,2399.3,44.5,
NU00745,NU_L58,train,6.9,25.9,0.1,True,2399.3,44.5,
NU00745,NU_L58,train,8.1,28.699999999999996,0.1,True,2399.3,44.5,
NU00745,NU_L58,train,11.0,32.800000000000004,0.1,False,2399.3,44.5,
NU00745,NU_L58,train,13.7,35.699999999999996,0.1,False,2399.3,44.5,
NU00745,NU_L58,train,15.0,33.699999999999996,0.1,False,2399.3,44.5,
NU00745,NU_L58,train,17.7,36.199999999999996,0.1,False,2399.3,44.5,
NU00745,NU_L58,train,19.9,37.1,0.1,False,2399.3,44.5,
NU00745,NU_L58,train,21.4,38.00000000000001,0.1,False,2399.3,44.5,
NU00745,NU_L58,train,22.6,38.00000000000001,0.1,False,2399.3,44.5,
NU00745,NU_L58,train,25.5,39.1,0.1,False,2399.3,44.5,
NU00745,NU_L58,train,30.0,44.300000000000004,0.1,False,2399.3,44.5,
NU00745,NU_L58,train,43.5,45.50000000000001,0.1,False,2399.3,44.5,
NU00745,NU_L58,train,49.7,47.6,0.1,False,2399.3,44.5,
NU00745,NU_L58,train,65.2,52.800000000000004,0.1,False,2399.3,44.5,
NU00745,NU_L58,train,71.9,51.4,0.1,False,2399.3,44.5,
NU00745,NU_L58,train,78.0,52.300000000000004,0.1,False,2399.3,44.5,
NU00745,NU_L58,train,88.8,55.199999999999996,0.1,False,2399.3,44.5,
NU00745,NU_L58,train,92.8,55.199999999999996,0.1,False,2399.3,44.5,
NU00745,NU_L58,train,99.5,54.9,0.1,False,2399.3,44.5,
NU00745,NU_L58,train,112.2,55.800000000000004,0.1,False,2399.3,44.5,
NU00745,NU_L58,train,130.0,57.00000000000001,0.1,False,2399.3,44.5,
NU00745,NU_L58,train,146.6,58.4,0.1,False,2399.3,44.5,
NU00746,NU_L58,train,0.09,0.0,0.09,True,2399.3,44.5,
NU00746,NU_L58,train,0.69,7.5,0.09,True,2399.3,44.5,
NU00746,NU_L58,train,0.89,8.600000000000001,0.09,True,2399.3,44.5,
NU00746,NU_L58,train,1.09,9.5,0.09,True,2399.3,44.5,
NU00746,NU_L58,train,1.59,11.600000000000001,0.09,True,2399.3,44.5,
NU00746,NU_L58,train,1.99,11.600000000000001,0.09,True,2399.3,44.5,
NU00746,NU_L58,train,2.99,12.5,0.09,True,2399.3,44.5,
NU00746,NU_L58,train,4.99,19.0,0.09,True,2399.3,44.5,
NU00746,NU_L58,train,6.99,20.199999999999996,0.09,True,2399.3,44.5,
NU00746,NU_L58,train,7.79,22.199999999999996,0.09,True,2399.3,44.5,
NU00746,NU_L58,train,8.79,22.4,0.09,True,2399.3,44.5,
NU00746,NU_L58,train,9.69,22.199999999999996,0.09,True,2399.3,44.5,
NU00746,NU_L58,train,12.69,25.199999999999996,0.09,False,2399.3,44.5,
NU00746,NU_L58,train,14.89,26.4,0.09,False,2399.3,44.5,
NU00746,NU_L58,train,15.99,29.500000000000007,0.09,False,2399.3,44.5,
NU00746,NU_L58,train,20.39,34.4,0.09,False,2399.3,44.5,
NU00746,NU_L58,train,23.99,35.300000000000004,0.09,False,2399.3,44.5,
NU00746,NU_L58,train,26.79,35.00000000000001,0.09,False,2399.3,44.5,
NU00746,NU_L58,train,29.39,36.199999999999996,0.09,False,2399.3,44.5,
NU00746,NU_L58,train,33.79,39.800000000000004,0.09,False,2399.3,44.5,
NU00746,NU_L58,train,39.99,41.00000000000001,0.09,False,2399.3,44.5,
NU00746,NU_L58,train,44.39,42.1,0.09,False,2399.3,44.5,
NU00746,NU_L58,train,50.99,43.6,0.09,False,2399.3,44.5,
NU00746,NU_L58,train,53.89,44.4,0.09,False,2399.3,44.5,
NU00746,NU_L58,train,58.29,47.6,0.09,False,2399.3,44.5,
NU00746,NU_L58,train,63.99,48.199999999999996,0.09,False,2399.3,44.5,
NU00746,NU_L58,train,68.39,48.199999999999996,0.09,False,2399.3,44.5,
NU00747,NU_L58,train,0.1,0.0,0.1,True,2399.3,44.5,
NU00747,NU_L58,train,0.8,15.25,0.1,True,2399.3,44.5,
NU00747,NU_L58,train,1.2,20.35000000000001,0.1,True,2399.3,44.5,
NU00747,NU_L58,train,1.7,21.950000000000003,0.1,True,2399.3,44.5,
NU00747,NU_L58,train,3.0,27.85000000000001,0.1,True,2399.3,44.5,
NU00747,NU_L58,train,6.9,40.25,0.1,True,2399.3,44.5,
NU00747,NU_L58,train,7.8,42.45,0.1,True,2399.3,44.5,
NU00747,NU_L58,train,8.9,43.45,0.1,True,2399.3,44.5,
NU00747,NU_L58,train,9.7,44.05,0.1,True,2399.3,44.5,
NU00747,NU_L58,train,13.2,48.95,0.1,False,2399.3,44.5,
NU00747,NU_L58,train,15.0,52.95,0.1,False,2399.3,44.5,
NU00747,NU_L58,train,15.7,53.650000000000006,0.1,False,2399.3,44.5,
NU00747,NU_L58,train,19.6,57.150000000000006,0.1,False,2399.3,44.5,
NU00747,NU_L58,train,23.0,62.250000000000014,0.1,False,2399.3,44.5,
NU00747,NU_L58,train,26.4,62.750000000000014,0.1,False,2399.3,44.5,
NU00747,NU_L58,train,29.0,65.75000000000001,0.1,False,2399.3,44.5,
NU00747,NU_L58,train,46.2,75.64999999999999,0.1,False,2399.3,44.5,
NU00747,NU_L58,train,50.2,78.05,0.1,False,2399.3,44.5,
NU00747,NU_L58,train,53.7,77.75000000000001,0.1,False,2399.3,44.5,
NU00747,NU_L58,train,60.6,79.25000000000001,0.1,False,2399.3,44.5,
NU00747,NU_L58,train,68.1,82.64999999999999,0.1,False,2399.3,44.5,
NU00748,NU_L58,train,0.22,0.0,0.22,True,2399.3,44.5,
NU00748,NU_L58,train,0.42,1.5,0.22,True,2399.3,44.5,
NU00748,NU_L58,train,1.02,6.299999999999997,0.22,True,2399.3,44.5,
NU00748,NU_L58,train,1.32,7.299999999999997,0.22,True,2399.3,44.5,
NU00748,NU_L58,train,2.32,10.100000000000001,0.22,True,2399.3,44.5,
NU00748,NU_L58,train,2.92,11.299999999999997,0.22,True,2399.3,44.5,
NU00748,NU_L58,train,5.62,14.899999999999999,0.22,True,2399.3,44.5,
NU00748,NU_L58,train,6.12,15.100000000000001,0.22,True,2399.3,44.5,
NU00748,NU_L58,train,7.02,16.0,0.22,True,2399.3,44.5,
NU00748,NU_L58,train,7.92,16.0,0.22,True,2399.3,44.5,
NU00748,NU_L58,train,8.92,16.6,0.22,True,2399.3,44.5,
NU00748,NU_L58,train,10.12,18.700000000000003,0.22,False,2399.3,44.5,
NU00748,NU_L58,train,12.42,19.9,0.22,False,2399.3,44.5,
NU00748,NU_L58,train,14.82,20.4,0.22,False,2399.3,44.5,
NU00748,NU_L58,train,16.82,20.5,0.22,False,2399.3,44.5,
NU00748,NU_L58,train,19.82,20.700000000000003,0.22,False,2399.3,44.5,
NU00748,NU_L58,train,21.32,25.0,0.22,False,2399.3,44.5,
NU00748,NU_L58,train,23.92,25.0,0.22,False,2399.3,44.5,
NU00748,NU_L58,train,28.02,27.099999999999994,0.22,False,2399.3,44.5,
NU00748,NU_L58,train,34.62,28.099999999999994,0.22,False,2399.3,44.5,
NU00748,NU_L58,train,40.72,30.099999999999994,0.22,False,2399.3,44.5,
NU00748,NU_L58,train,48.62,32.7,0.22,False,2399.3,44.5,
NU00748,NU_L58,train,56.22,32.7,0.22,False,2399.3,44.5,
NU00748,NU_L58,train,62.72,35.0,0.22,False,2399.3,44.5,
NU00748,NU_L58,train,76.92,38.5,0.22,False,2399.3,44.5,
NU00748,NU_L58,train,88.82,41.3,0.22,False,2399.3,44.5,
NU00748,NU_L58,train,105.72,42.099999999999994,0.22,False,2399.3,44.5,
NU00748,NU_L58,train,139.82,51.8,0.22,False,2399.3,44.5,
NU00749,NU_L58,train,0.01,0.0,0.01,True,2399.3,44.5,
NU00749,NU_L58,train,0.1,4.966666666666669,0.01,True,2399.3,44.5,
NU00749,NU_L58,train,0.2,10.75,0.01,True,2399.3,44.5,
NU00749,NU_L58,train,1.2,23.200000000000003,0.01,True,2399.3,44.5,
NU00749,NU_L58,train,2.0,26.10000000000001,0.01,True,2399.3,44.5,
NU00749,NU_L58,train,5.8,36.80000000000001,0.01,True,2399.3,44.5,
NU00749,NU_L58,train,6.8,36.400000000000006,0.01,True,2399.3,44.5,
NU00749,NU_L58,train,7.9,40.10000000000001,0.01,True,2399.3,44.5,
NU00749,NU_L58,train,8.9,38.900000000000006,0.01,True,2399.3,44.5,
NU00749,NU_L58,train,12.8,43.400000000000006,0.01,False,2399.3,44.5,
NU00749,NU_L58,train,15.1,44.10000000000001,0.01,False,2399.3,44.5,
NU00749,NU_L58,train,19.3,46.2,0.01,False,2399.3,44.5,
NU00749,NU_L58,train,23.3,49.2,0.01,False,2399.3,44.5,
NU00749,NU_L58,train,27.6,52.10000000000001,0.01,False,2399.3,44.5,
NU00749,NU_L58,train,34.0,58.0,0.01,False,2399.3,44.5,
NU00749,NU_L58,train,40.4,59.400000000000006,0.01,False,2399.3,44.5,
NU00749,NU_L58,train,48.8,60.60000000000001,0.01,False,2399.3,44.5,
NU00749,NU_L58,train,61.3,61.900000000000006,0.01,False,2399.3,44.5,
NU00749,NU_L58,train,66.6,63.70000000000002,0.01,False,2399.3,44.5,
NU00749,NU_L58,train,74.8,66.1,0.01,False,2399.3,44.5,
NU00749,NU_L58,train,97.4,66.80000000000001,0.01,False,2399.3,44.5,
NU00749,NU_L58,train,108.5,74.30000000000001,0.01,False,2399.3,44.5,
NU00749,NU_L58,train,120.2,75.1,0.01,False,2399.3,44.5,
NU00749,NU_L58,train,151.4,77.6,0.01,False,2399.3,44.5,
NU00760,NU_L119,train,0.81,0.0,0.81,True,2399.2,43.61,28028.0
NU00760,NU_L119,train,1.09,0.0,0.81,True,2399.2,43.61,28028.0
NU00760,NU_L119,train,1.28,-3.3979,0.81,True,2399.2,43.61,28028.0
NU00760,NU_L119,train,3.09,2.448999999999998,0.81,True,2399.2,43.61,28028.0
NU00760,NU_L119,train,4.04,3.1938999999999993,0.81,True,2399.2,43.61,28028.0
NU00760,NU_L119,train,7.19,4.040799999999997,0.81,True,2399.2,43.61,28028.0
NU00760,NU_L119,train,9.08,4.683699999999995,0.81,True,2399.2,43.61,28028.0
NU00760,NU_L119,train,11.06,6.989799999999995,0.81,False,2399.2,43.61,28028.0
NU00760,NU_L119,train,17.58,6.989799999999995,0.81,False,2399.2,43.61,28028.0
NU00760,NU_L119,train,25.15,8.653099999999995,0.81,False,2399.2,43.61,28028.0
NU00760,NU_L119,train,35.23,9.0,0.81,False,2399.2,43.61,28028.0
NU00760,NU_L119,train,45.67,9.244899999999994,0.81,False,2399.2,43.61,28028.0
NU00760,NU_L119,train,59.13,10.1939,0.81,False,2399.2,43.61,28028.0
NU00760,NU_L119,train,70.55,12.326499999999996,0.81,False,2399.2,43.61,28028.0
NU00760,NU_L119,train,87.67,13.510199999999998,0.81,False,2399.2,43.61,28028.0
NU00760,NU_L119,train,101.7,13.275499999999994,0.81,False,2399.2,43.61,28028.0
NU00760,NU_L119,train,120.73,14.459199999999996,0.81,False,2399.2,43.61,28028.0
NU00760,NU_L119,train,142.05,14.1021,0.81,False,2399.2,43.61,28028.0
NU00761,NU_L119,train,0.37,0.0,0.37,True,2399.2,43.61,28028.0
NU00761,NU_L119,train,0.99,1.9082000000000008,0.37,True,2399.2,43.61,28028.0
NU00761,NU_L119,train,1.99,3.3980000000000032,0.37,True,2399.2,43.61,28028.0
NU00761,NU_L119,train,2.92,5.316400000000002,0.37,True,2399.2,43.61,28028.0
NU00761,NU_L119,train,3.94,6.1633,0.37,True,2399.2,43.61,28028.0
NU00761,NU_L119,train,7.25,8.948999999999998,0.37,True,2399.2,43.61,28028.0
NU00761,NU_L119,train,8.83,9.5409,0.37,True,2399.2,43.61,28028.0
NU00761,NU_L119,train,13.08,9.6633,0.37,False,2399.2,43.61,28028.0
NU00761,NU_L119,train,17.85,12.622500000000002,0.37,False,2399.2,43.61,28028.0
NU00761,NU_L119,train,19.33,12.867400000000004,0.37,False,2399.2,43.61,28028.0
NU00761,NU_L119,train,25.89,14.051099999999998,0.37,False,2399.2,43.61,28028.0
NU00761,NU_L119,train,31.08,15.479599999999998,0.37,False,2399.2,43.61,28028.0
NU00761,NU_L119,train,35.97,16.5409,0.37,False,2399.2,43.61,28028.0
NU00761,NU_L119,train,48.58,17.867400000000004,0.37,False,2399.2,43.61,28028.0
NU00761,NU_L119,train,58.76,18.6021,0.37,False,2399.2,43.61,28028.0
NU00763,NU_L119,train,0.22,0.0,0.22,True,2399.2,43.61,28028.0
NU00763,NU_L119,train,0.94,5.918400000000005,0.22,True,2399.2,43.61,28028.0
NU00763,NU_L119,train,1.28,10.0409,0.22,True,2399.2,43.61,28028.0
NU00763,NU_L119,train,1.85,12.255100000000006,0.22,True,2399.2,43.61,28028.0
NU00763,NU_L119,train,2.24,13.4082,0.22,True,2399.2,43.61,28028.0
NU00763,NU_L119,train,3.03,15.724499999999999,0.22,True,2399.2,43.61,28028.0
NU00763,NU_L119,train,4.71,18.98980000000001,0.22,True,2399.2,43.61,28028.0
NU00763,NU_L119,train,6.04,20.0409,0.22,True,2399.2,43.61,28028.0
NU00763,NU_L119,train,9.0,23.673499999999997,0.22,True,2399.2,43.61,28028.0
NU00763,NU_L119,train,14.39,27.0409,0.22,False,2399.2,43.61,28028.0
NU00763,NU_L119,train,16.77,28.7755,0.22,False,2399.2,43.61,28028.0
NU00763,NU_L119,train,21.68,31.377600000000008,0.22,False,2399.2,43.61,28028.0
NU00763,NU_L119,train,27.69,34.1123,0.22,False,2399.2,43.61,28028.0
NU00763,NU_L119,train,35.25,37.6021,0.22,False,2399.2,43.61,28028.0
NU00763,NU_L119,train,42.7,39.57150000000001,0.22,False,2399.2,43.61,28028.0
NU00763,NU_L119,train,50.44,42.581700000000005,0.22,False,2399.2,43.61,28028.0
NU00763,NU_L119,train,62.77,44.204100000000004,0.22,False,2399.2,43.61,28028.0
NU00763,NU_L119,train,68.43,44.7858,0.22,False,2399.2,43.61,28028.0
NU00765,NU_L119,train,0.2,0.0,0.2,True,2399.2,43.61,28028.0
NU00765,NU_L119,train,0.77,4.816400000000002,0.2,True,2399.2,43.61,28028.0
NU00765,NU_L119,train,2.01,8.173499999999997,0.2,True,2399.2,43.61,28028.0
NU00765,NU_L119,train,2.98,9.551099999999998,0.2,True,2399.2,43.61,28028.0
NU00765,NU_L119,train,3.98,10.6327,0.2,True,2399.2,43.61,28028.0
NU00765,NU_L119,train,4.98,11.510199999999998,0.2,True,2399.2,43.61,28028.0
NU00765,NU_L119,train,6.01,13.275500000000001,0.2,True,2399.2,43.61,28028.0
NU00765,NU_L119,train,7.93,14.744900000000001,0.2,True,2399.2,43.61,28028.0
NU00765,NU_L119,train,8.96,14.255099999999999,0.2,True,2399.2,43.61,28028.0
NU00765,NU_L119,train,10.1,14.948999999999998,0.2,False,2399.2,43.61,28028.0
NU00765,NU_L119,train,13.03,15.8266,0.2,False,2399.2,43.61,28028.0
NU00765,NU_L119,train,17.09,17.5,0.2,False,2399.2,43.61,28028.0
NU00765,NU_L119,train,20.37,17.8878,0.2,False,2399.2,43.61,28028.0
NU00765,NU_L119,train,24.11,19.367399999999996,0.2,False,2399.2,43.61,28028.0
NU00765,NU_L119,train,29.13,19.8572,0.2,False,2399.2,43.61,28028.0
NU00765,NU_L119,train,36.89,21.204100000000004,0.2,False,2399.2,43.61,28028.0
NU00765,NU_L119,train,41.38,24.653100000000002,0.2,False,2399.2,43.61,28028.0
NU00765,NU_L119,train,46.78,24.285800000000002,0.2,False,2399.2,43.61,28028.0
NU00765,NU_L119,train,55.51,25.020400000000002,0.2,False,2399.2,43.61,28028.0
NU00765,NU_L119,train,65.25,25.877599999999994,0.2,False,2399.2,43.61,28028.0
NU00765,NU_L119,train,70.0,26.122499999999995,0.2,False,2399.2,43.61,28028.0
NU00766,NU_L119,train,0.11,0.0,0.11,True,2399.2,43.61,28028.0
NU00766,NU_L119,train,0.19,3.4388000000000005,0.11,True,2399.2,43.61,28028.0
NU00766,NU_L119,train,1.18,13.061300000000003,0.11,True,2399.2,43.61,28028.0
NU00766,NU_L119,train,2.02,21.734700000000004,0.11,True,2399.2,43.61,28028.0
NU00766,NU_L119,train,3.03,24.1837,0.11,True,2399.2,43.61,28028.0
NU00766,NU_L119,train,4.0,27.061300000000003,0.11,True,2399.2,43.61,28028.0
NU00766,NU_L119,train,5.06,28.173500000000004,0.11,True,2399.2,43.61,28028.0
NU00766,NU_L119,train,8.79,32.7551,0.11,True,2399.2,43.61,28028.0
NU00766,NU_L119,train,10.92,32.9898,0.11,False,2399.2,43.61,28028.0
NU00766,NU_L119,train,13.99,35.3368,0.11,False,2399.2,43.61,28028.0
NU00766,NU_L119,train,18.18,35.8061,0.11,False,2399.2,43.61,28028.0
NU00766,NU_L119,train,21.18,37.3266,0.11,False,2399.2,43.61,28028.0
NU00766,NU_L119,train,26.05,38.979600000000005,0.11,False,2399.2,43.61,28028.0
NU00766,NU_L119,train,29.38,44.3164,0.11,False,2399.2,43.61,28028.0
NU00766,NU_L119,train,43.72,45.7449,0.11,False,2399.2,43.61,28028.0
NU00766,NU_L119,train,49.82,47.8776,0.11,False,2399.2,43.61,28028.0
NU00766,NU_L119,train,61.32,48.2346,0.11,False,2399.2,43.61,28028.0
NU00766,NU_L119,train,72.65,51.22460000000001,0.11,False,2399.2,43.61,28028.0
NU00766,NU_L119,train,88.94,54.5916,0.11,False,2399.2,43.61,28028.0
NU00766,NU_L119,train,100.63,54.6936,0.11,False,2399.2,43.61,28028.0
NU00766,NU_L119,train,112.76,55.40860000000001,0.11,False,2399.2,43.61,28028.0
NU00766,NU_L119,train,127.38,56.53060000000001,0.11,False,2399.2,43.61,28028.0
NU00766,NU_L119,train,145.06,57.95960000000001,0.11,False,2399.2,43.61,28028.0
NU00767,NU_L119,train,0.11,0.0,0.11,True,2399.2,43.61,28028.0
NU00767,NU_L119,train,0.76,10.377500000000005,0.11,True,2399.2,43.61,28028.0
NU00767,NU_L119,train,0.97,13.928599999999996,0.11,True,2399.2,43.61,28028.0
NU00767,NU_L119,train,1.67,20.499999999999993,0.11,True,2399.2,43.61,28028.0
NU00767,NU_L119,train,1.84,21.673499999999997,0.11,True,2399.2,43.61,28028.0
NU00767,NU_L119,train,3.9,32.9694,0.11,True,2399.2,43.61,28028.0
NU00767,NU_L119,train,6.04,39.969699999999996,0.11,True,2399.2,43.61,28028.0
NU00767,NU_L119,train,7.01,40.091699999999996,0.11,True,2399.2,43.61,28028.0
NU00767,NU_L119,train,8.16,44.816700000000004,0.11,True,2399.2,43.61,28028.0
NU00767,NU_L119,train,9.13,46.75469999999999,0.11,True,2399.2,43.61,28028.0
NU00767,NU_L119,train,10.19,48.2857,0.11,False,2399.2,43.61,28028.0
NU00767,NU_L119,train,13.81,54.203700000000005,0.11,False,2399.2,43.61,28028.0
NU00767,NU_L119,train,16.94,56.1427,0.11,False,2399.2,43.61,28028.0
NU00767,NU_L119,train,19.76,59.7147,0.11,False,2399.2,43.61,28028.0
NU00767,NU_L119,train,22.41,61.448699999999995,0.11,False,2399.2,43.61,28028.0
NU00767,NU_L119,train,24.11,63.081700000000005,0.11,False,2399.2,43.61,28028.0
NU00767,NU_L119,train,28.26,65.93870000000001,0.11,False,2399.2,43.61,28028.0
NU00767,NU_L119,train,30.8,66.75469999999999,0.11,False,2399.2,43.61,28028.0
NU00767,NU_L119,train,34.45,68.3877,0.11,False,2399.2,43.61,28028.0
NU00767,NU_L119,train,38.34,68.18369999999999,0.11,False,2399.2,43.61,28028.0
NU00767,NU_L119,train,40.17,70.22469999999998,0.11,False,2399.2,43.61,28028.0
NU00767,NU_L119,train,44.09,70.32669999999999,0.11,False,2399.2,43.61,28028.0
NU00767,NU_L119,train,47.98,72.26569999999998,0.11,False,2399.2,43.61,28028.0
NU00767,NU_L119,train,51.29,75.12269999999998,0.11,False,2399.2,43.61,28028.0
NU00767,NU_L119,train,56.91,76.04069999999999,0.11,False,2399.2,43.61,28028.0
NU00767,NU_L119,train,59.81,75.7347,0.11,False,2399.2,43.61,28028.0
NU00767,NU_L119,train,65.52,76.04069999999999,0.11,False,2399.2,43.61,28028.0
NU00767,NU_L119,train,67.72,75.0207,0.11,False,2399.2,43.61,28028.0
NU00767,NU_L119,train,69.42,76.75469999999999,0.11,False,2399.2,43.61,28028.0
NU00768,NU_L119,train,0.18,0.0,0.18,True,2399.2,43.61,28028.0
NU00768,NU_L119,train,0.28,0.8673000000000002,0.18,True,2399.2,43.61,28028.0
NU00768,NU_L119,train,0.86,5.744900000000001,0.18,True,2399.2,43.61,28028.0
NU00768,NU_L119,train,0.99,6.081600000000002,0.18,True,2399.2,43.61,28028.0
NU00768,NU_L119,train,1.14,5.9694,0.18,True,2399.2,43.61,28028.0
NU00768,NU_L119,train,1.61,6.306100000000001,0.18,True,2399.2,43.61,28028.0
NU00768,NU_L119,train,2.02,8.101999999999997,0.18,True,2399.2,43.61,28028.0
NU00768,NU_L119,train,2.21,9.6734,0.18,True,2399.2,43.61,28028.0
NU00768,NU_L119,train,2.9,10.571399999999997,0.18,True,2399.2,43.61,28028.0
NU00768,NU_L119,train,5.69,15.051000000000002,0.18,True,2399.2,43.61,28028.0
NU00768,NU_L119,train,6.27,14.714300000000001,0.18,True,2399.2,43.61,28028.0
NU00768,NU_L119,train,7.02,15.724499999999999,0.18,True,2399.2,43.61,28028.0
NU00768,NU_L119,train,7.92,15.8367,0.18,True,2399.2,43.61,28028.0
NU00768,NU_L119,train,8.88,16.632599999999996,0.18,True,2399.2,43.61,28028.0
NU00768,NU_L119,train,10.19,18.5816,0.18,False,2399.2,43.61,28028.0
NU00768,NU_L119,train,12.77,19.959199999999996,0.18,False,2399.2,43.61,28028.0
NU00768,NU_L119,train,13.95,20.1836,0.18,False,2399.2,43.61,28028.0
NU00768,NU_L119,train,15.02,20.530599999999993,0.18,False,2399.2,43.61,28028.0
NU00768,NU_L119,train,17.31,20.765299999999996,0.18,False,2399.2,43.61,28028.0
NU00768,NU_L119,train,20.29,20.877499999999998,0.18,False,2399.2,43.61,28028.0
NU00768,NU_L119,train,21.52,21.448899999999995,0.18,False,2399.2,43.61,28028.0
NU00768,NU_L119,train,23.7,23.051000000000002,0.18,False,2399.2,43.61,28028.0
NU00768,NU_L119,train,24.72,25.234700000000004,0.18,False,2399.2,43.61,28028.0
NU00768,NU_L119,train,29.1,27.1734,0.18,False,2399.2,43.61,28028.0
NU00768,NU_L119,train,32.49,26.836699999999993,0.18,False,2399.2,43.61,28028.0
NU00768,NU_L119,train,35.76,27.969399999999993,0.18,False,2399.2,43.61,28028.0
NU00768,NU_L119,train,39.67,28.7551,0.18,False,2399.2,43.61,28028.0
NU00768,NU_L119,train,42.43,30.1224,0.18,False,2399.2,43.61,28028.0
NU00768,NU_L119,train,46.4,31.3673,0.18,False,2399.2,43.61,28028.0
NU00768,NU_L119,train,50.61,32.275499999999994,0.18,False,2399.2,43.61,28028.0
NU00768,NU_L119,train,54.29,32.959199999999996,0.18,False,2399.2,43.61,28028.0
NU00768,NU_L119,train,58.72,32.387699999999995,0.18,False,2399.2,43.61,28028.0
NU00768,NU_L119,train,64.3,35.22449999999999,0.18,False,2399.2,43.61,28028.0
NU00768,NU_L119,train,68.11,35.89789999999999,0.18,False,2399.2,43.61,28028.0
NU00768,NU_L119,train,73.65,38.234700000000004,0.18,False,2399.2,43.61,28028.0
NU00768,NU_L119,train,92.3,41.387699999999995,0.18,False,2399.2,43.61,28028.0
NU00768,NU_L119,train,107.38,42.142799999999994,0.18,False,2399.2,43.61,28028.0
NU00768,NU_L119,train,119.02,44.03059999999999,0.18,False,2399.2,43.61,28028.0
NU00769,NU_L119,train,0.05,0.0,0.05,True,2399.2,43.61,28028.0
NU00769,NU_L119,train,0.1,2.0611999999999995,0.05,True,2399.2,43.61,28028.0
NU00769,NU_L119,train,0.77,8.244900000000001,0.05,True,2399.2,43.61,28028.0
NU00769,NU_L119,train,0.94,9.479599999999998,0.05,True,2399.2,43.61,28028.0
NU00769,NU_L119,train,1.12,10.591900000000003,0.05,True,2399.2,43.61,28028.0
NU00769,NU_L119,train,1.63,12.5,0.05,True,2399.2,43.61,28028.0
NU00769,NU_L119,train,2.12,12.948999999999998,0.05,True,2399.2,43.61,28028.0
NU00769,NU_L119,train,3.07,13.734700000000004,0.05,True,2399.2,43.61,28028.0
NU00769,NU_L119,train,5.19,20.9184,0.05,True,2399.2,43.61,28028.0
NU00769,NU_L119,train,7.14,21.612299999999998,0.05,True,2399.2,43.61,28028.0
NU00769,NU_L119,train,8.05,23.449000000000005,0.05,True,2399.2,43.61,28028.0
NU00769,NU_L119,train,9.2,23.9082,0.05,True,2399.2,43.61,28028.0
NU00769,NU_L119,train,10.16,23.9082,0.05,False,2399.2,43.61,28028.0
NU00769,NU_L119,train,13.03,26.867399999999996,0.05,False,2399.2,43.61,28028.0
NU00769,NU_L119,train,14.36,27.887800000000006,0.05,False,2399.2,43.61,28028.0
NU00769,NU_L119,train,15.25,28.112299999999998,0.05,False,2399.2,43.61,28028.0
NU00769,NU_L119,train,16.33,30.949000000000005,0.05,False,2399.2,43.61,28028.0
NU00769,NU_L119,train,21.36,35.826600000000006,0.05,False,2399.2,43.61,28028.0
NU00769,NU_L119,train,23.82,36.4592,0.05,False,2399.2,43.61,28028.0
NU00769,NU_L119,train,27.46,36.704100000000004,0.05,False,2399.2,43.61,28028.0
NU00769,NU_L119,train,30.26,37.7143,0.05,False,2399.2,43.61,28028.0
NU00769,NU_L119,train,35.44,41.877599999999994,0.05,False,2399.2,43.61,28028.0
NU00769,NU_L119,train,41.14,42.877599999999994,0.05,False,2399.2,43.61,28028.0
NU00769,NU_L119,train,45.6,44.2653,0.05,False,2399.2,43.61,28028.0
NU00769,NU_L119,train,51.26,45.398,0.05,False,2399.2,43.61,28028.0
NU00769,NU_L119,train,56.37,46.93880000000001,0.05,False,2399.2,43.61,28028.0
NU00769,NU_L119,train,63.01,50.00000000000001,0.05,False,2399.2,43.61,28028.0
NU00769,NU_L119,train,66.2,50.56120000000001,0.05,False,2399.2,43.61,28028.0
NU00769,NU_L119,train,78.03,52.7245,0.05,False,2399.2,43.61,28028.0
NU00770,NU_L119,train,0.17,0.0,0.17,True,2399.2,43.61,28028.0
NU00770,NU_L119,train,0.27,4.081599999999995,0.17,True,2399.2,43.61,28028.0
NU00770,NU_L119,train,1.04,12.091800000000006,0.17,True,2399.2,43.61,28028.0
NU00770,NU_L119,train,2.18,20.071399999999997,0.17,True,2399.2,43.61,28028.0
NU00770,NU_L119,train,3.53,24.040800000000004,0.17,True,2399.2,43.61,28028.0
NU00770,NU_L119,train,6.25,31.510099999999994,0.17,True,2399.2,43.61,28028.0
NU00770,NU_L119,train,8.22,34.673100000000005,0.17,True,2399.2,43.61,28028.0
NU00770,NU_L119,train,10.38,36.408100000000005,0.17,False,2399.2,43.61,28028.0
NU00770,NU_L119,train,14.51,38.551100000000005,0.17,False,2399.2,43.61,28028.0
NU00770,NU_L119,train,17.43,39.8771,0.17,False,2399.2,43.61,28028.0
NU00770,NU_L119,train,20.16,41.10210000000001,0.17,False,2399.2,43.61,28028.0
NU00770,NU_L119,train,22.11,41.918099999999995,0.17,False,2399.2,43.61,28028.0
NU00770,NU_L119,train,24.45,44.061099999999996,0.17,False,2399.2,43.61,28028.0
NU00770,NU_L119,train,28.64,47.6331,0.17,False,2399.2,43.61,28028.0
NU00770,NU_L119,train,30.14,50.0821,0.17,False,2399.2,43.61,28028.0
NU00770,NU_L119,train,36.14,53.7551,0.17,False,2399.2,43.61,28028.0
NU00770,NU_L119,train,42.47,54.8771,0.17,False,2399.2,43.61,28028.0
NU00770,NU_L119,train,51.28,56.3061,0.17,False,2399.2,43.61,28028.0
NU00770,NU_L119,train,56.86,57.0201,0.17,False,2399.2,43.61,28028.0
NU00770,NU_L119,train,65.41,58.95909999999999,0.17,False,2399.2,43.61,28028.0
NU00770,NU_L119,train,71.6,60.5921,0.17,False,2399.2,43.61,28028.0
NU00770,NU_L119,train,78.37,62.1221,0.17,False,2399.2,43.61,28028.0
NU00770,NU_L119,train,84.72,62.22410000000001,0.17,False,2399.2,43.61,28028.0
NU00770,NU_L119,train,100.28,61.3061,0.17,False,2399.2,43.61,28028.0
NU00770,NU_L119,train,106.04,63.75510000000001,0.17,False,2399.2,43.61,28028.0
NU00770,NU_L119,train,113.58,68.2451,0.17,False,2399.2,43.61,28028.0
NU00770,NU_L119,train,125.89,71.4081,0.17,False,2399.2,43.61,28028.0
NU00771,NU_L119,train,0.79,0.0,0.79,True,2399.2,43.61,28028.0
NU00771,NU_L119,train,1.03,2.2653000000000105,0.79,True,2399.2,43.61,28028.0
NU00771,NU_L119,train,1.27,6.673400000000001,0.79,True,2399.2,43.61,28028.0
NU00771,NU_L119,train,1.84,9.244900000000001,0.79,True,2399.2,43.61,28028.0
NU00771,NU_L119,train,3.09,14.795900000000003,0.79,True,2399.2,43.61,28028.0
NU00771,NU_L119,train,7.22,27.224800000000002,0.79,True,2399.2,43.61,28028.0
NU00771,NU_L119,train,8.14,29.775800000000004,0.79,True,2399.2,43.61,28028.0
NU00771,NU_L119,train,9.35,30.489800000000002,0.79,True,2399.2,43.61,28028.0
NU00771,NU_L119,train,10.28,31.305800000000005,0.79,False,2399.2,43.61,28028.0
NU00771,NU_L119,train,13.42,37.326800000000006,0.79,False,2399.2,43.61,28028.0
NU00771,NU_L119,train,14.32,38.14280000000001,0.79,False,2399.2,43.61,28028.0
NU00771,NU_L119,train,15.34,41.305800000000005,0.79,False,2399.2,43.61,28028.0
NU00771,NU_L119,train,16.13,42.2248,0.79,False,2399.2,43.61,28028.0
NU00771,NU_L119,train,20.5,45.69380000000001,0.79,False,2399.2,43.61,28028.0
NU00771,NU_L119,train,22.2,50.99979999999999,0.79,False,2399.2,43.61,28028.0
NU00771,NU_L119,train,27.82,51.918800000000005,0.79,False,2399.2,43.61,28028.0
NU00771,NU_L119,train,30.72,54.6738,0.79,False,2399.2,43.61,28028.0
NU00771,NU_L119,train,47.49,64.87780000000001,0.79,False,2399.2,43.61,28028.0
NU00771,NU_L119,train,50.44,64.87780000000001,0.79,False,2399.2,43.61,28028.0
NU00771,NU_L119,train,57.56,66.9188,0.79,False,2399.2,43.61,28028.0
NU00771,NU_L119,train,64.34,67.83680000000001,0.79,False,2399.2,43.61,28028.0
NU00771,NU_L119,train,71.89,71.8158,0.79,False,2399.2,43.61,28028.0
NU00772,NU_L120,test,0.14,0.0,0.14,True,2419.05,41.65,33222.0
NU00772,NU_L120,test,1.01,0.2969999999999997,0.14,True,2419.05,41.65,33222.0
NU00772,NU_L120,test,2.21,0.5309999999999997,0.14,True,2419.05,41.65,33222.0
NU00772,NU_L120,test,5.82,0.9199999999999999,0.14,True,2419.05,41.65,33222.0
NU00772,NU_L120,test,12.74,1.245,0.14,False,2419.05,41.65,33222.0
NU00772,NU_L120,test,27.63,1.63,0.14,False,2419.05,41.65,33222.0
NU00772,NU_L120,test,65.25,2.0629999999999997,0.14,False,2419.05,41.65,33222.0
NU00772,NU_L120,test,98.07,2.2569999999999997,0.14,False,2419.05,41.65,33222.0
NU00773,NU_L120,test,0.03,0.0,0.03,True,2419.05,41.65,33222.0
NU00773,NU_L120,test,0.46,0.44499999999999984,0.03,True,2419.05,41.65,33222.0
NU00773,NU_L120,test,0.96,0.7290000000000001,0.03,True,2419.05,41.65,33222.0
NU00773,NU_L120,test,2.27,1.1,0.03,True,2419.05,41.65,33222.0
NU00773,NU_L120,test,3.01,1.267,0.03,True,2419.05,41.65,33222.0
NU00773,NU_L120,test,4.09,1.4140000000000001,0.03,True,2419.05,41.65,33222.0
NU00773,NU_L120,test,6.94,1.7730000000000001,0.03,True,2419.05,41.65,33222.0
NU00773,NU_L120,test,9.28,1.964,0.03,True,2419.05,41.65,33222.0
NU00773,NU_L120,test,20.65,2.514,0.03,False,2419.05,41.65,33222.0
NU00773,NU_L120,test,30.47,2.8080000000000003,0.03,False,2419.05,41.65,33222.0
NU00773,NU_L120,test,56.64,3.2390000000000003,0.03,False,2419.05,41.65,33222.0
NU00778,NU_L122,train,0.01,0.0,0.01,True,2343.02,46.746,
NU00778,NU_L122,train,0.5,25.696600000000004,0.01,True,2343.02,46.746,
NU00778,NU_L122,train,1.8834,42.65559999999999,0.01,True,2343.02,46.746,
NU00778,NU_L122,train,5.9193,57.70139999999999,0.01,True,2343.02,46.746,
NU00778,NU_L122,train,13.049,78.4694,0.01,False,2343.02,46.746,
NU00778,NU_L122,train,20.718,98.67840000000001,0.01,False,2343.02,46.746,
NU00778,NU_L122,train,27.309,115.5394,0.01,False,2343.02,46.746,
NU00778,NU_L122,train,41.674,125.2344,0.01,False,2343.02,46.746,
NU00778,NU_L122,train,62.857,135.5044,0.01,False,2343.02,46.746,
NU00778,NU_L122,train,83.636,141.8604,0.01,False,2343.02,46.746,
NU00778,NU_L122,train,95.696,146.57739999999998,0.01,False,2343.02,46.746,
NU00778,NU_L122,train,111.65,147.7544,0.01,False,2343.02,46.746,
NU00779,NU_L122,train,0.01,0.0,0.01,True,2343.02,46.746,
NU00779,NU_L122,train,0.5,8.468600000000002,0.01,True,2343.02,46.746,
NU00779,NU_L122,train,2.5561,10.120899999999999,0.01,True,2343.02,46.746,
NU00779,NU_L122,train,6.0538,13.2198,0.01,True,2343.02,46.746,
NU00779,NU_L122,train,11.3,16.730800000000002,0.01,False,2343.02,46.746,
NU00779,NU_L122,train,19.91,18.1766,0.01,False,2343.02,46.746,
NU00779,NU_L122,train,34.519,22.308500000000002,0.01,False,2343.02,46.746,
NU00779,NU_L122,train,45.188,24.5801,0.01,False,2343.02,46.746,
NU00779,NU_L122,train,55.732,24.5801,0.01,False,2343.02,46.746,
NU00779,NU_L122,train,76.494,26.4396,0.01,False,2343.02,46.746,
NU00779,NU_L122,train,91.646,27.679000000000002,0.01,False,2343.02,46.746,
NU00780,NU_L122,train,0.01,0.0,0.01,True,2343.02,46.746,
NU00780,NU_L122,train,0.5,16.285899999999998,0.01,True,2343.02,46.746,
NU00780,NU_L122,train,2.0359,26.021100000000004,0.01,True,2343.02,46.746,
NU00780,NU_L122,train,5.988,35.191900000000004,0.01,True,2343.02,46.746,
NU00780,NU_L122,train,13.413,42.495599999999996,0.01,False,2343.02,46.746,
NU00780,NU_L122,train,19.88,44.9328,0.01,False,2343.02,46.746,
NU00780,NU_L122,train,34.012,48.6737,0.01,False,2343.02,46.746,
NU00780,NU_L122,train,50.299,50.3579,0.01,False,2343.02,46.746,
NU00780,NU_L122,train,70.512,52.60850000000001,0.01,False,2343.02,46.746,
NU00780,NU_L122,train,87.52,53.920500000000004,0.01,False,2343.02,46.746,
NU00808,NU_L125,test,0.08,0.0,0.08,True,2354.42,39.79,27636.0
NU00808,NU_L125,test,0.12,0.48519999999999897,0.08,True,2354.42,39.79,27636.0
NU00808,NU_L125,test,0.22,0.9703000000000017,0.08,True,2354.42,39.79,27636.0
NU00808,NU_L125,test,0.35,0.9703000000000017,0.08,True,2354.42,39.79,27636.0
NU00808,NU_L125,test,1.06,2.4159000000000006,0.08,True,2354.42,39.79,27636.0
NU00808,NU_L125,test,2.02,3.3862000000000023,0.08,True,2354.42,39.79,27636.0
NU00808,NU_L125,test,3.12,5.188200000000002,0.08,True,2354.42,39.79,27636.0
NU00808,NU_L125,test,4.14,5.425800000000002,0.08,True,2354.42,39.79,27636.0
NU00808,NU_L125,test,5.26,6.326799999999999,0.08,True,2354.42,39.79,27636.0
NU00808,NU_L125,test,6.36,5.9208,0.08,True,2354.42,39.79,27636.0
NU00808,NU_L125,test,7.45,6.821800000000003,0.08,True,2354.42,39.79,27636.0
NU00808,NU_L125,test,9.41,7.475300000000004,0.08,True,2354.42,39.79,27636.0
NU00808,NU_L125,test,11.6,9.356500000000004,0.08,False,2354.42,39.79,27636.0
NU00808,NU_L125,test,13.64,9.6832,0.08,False,2354.42,39.79,27636.0
NU00808,NU_L125,test,15.43,10.2575,0.08,False,2354.42,39.79,27636.0
NU00808,NU_L125,test,18.66,10.752499999999998,0.08,False,2354.42,39.79,27636.0
NU00808,NU_L125,test,21.62,10.752499999999998,0.08,False,2354.42,39.79,27636.0
NU00808,NU_L125,test,23.35,11.485199999999999,0.08,False,2354.42,39.79,27636.0
NU00808,NU_L125,test,26.7,12.465400000000002,0.08,False,2354.42,39.79,27636.0
NU00808,NU_L125,test,30.08,12.465400000000002,0.08,False,2354.42,39.79,27636.0
NU00808,NU_L125,test,34.57,13.366399999999999,0.08,False,2354.42,39.79,27636.0
NU00808,NU_L125,test,39.47,13.9208,0.08,False,2354.42,39.79,27636.0
NU00808,NU_L125,test,43.72,15.3763,0.08,False,2354.42,39.79,27636.0
NU00808,NU_L125,test,49.9,15.613900000000001,0.08,False,2354.42,39.79,27636.0
NU00808,NU_L125,test,58.37,16.584200000000003,0.08,False,2354.42,39.79,27636.0
NU00808,NU_L125,test,64.66,17.307000000000002,0.08,False,2354.42,39.79,27636.0
NU00808,NU_L125,test,72.92,17.703000000000003,0.08,False,2354.42,39.79,27636.0
NU00808,NU_L125,test,80.27,18.277300000000004,0.08,False,2354.42,39.79,27636.0
NU00808,NU_L125,test,90.5,19.0,0.08,False,2354.42,39.79,27636.0
NU00808,NU_L125,test,102.76,19.802,0.08,False,2354.42,39.79,27636.0
NU00808,NU_L125,test,112.07,20.2872,0.08,False,2354.42,39.79,27636.0
NU00808,NU_L125,test,127.64,21.5743,0.08,False,2354.42,39.79,27636.0
NU00808,NU_L125,test,140.06,22.4555,0.08,False,2354.42,39.79,27636.0
NU00808,NU_L125,test,155.59,22.940600000000003,0.08,False,2354.42,39.79,27636.0
NU00809,NU_L125,test,0.01,0.0,0.01,True,2354.42,39.79,27636.0
NU00809,NU_L125,test,0.08,3.3774000000000015,0.01,True,2354.42,39.79,27636.0
NU00809,NU_L125,test,0.14,4.754799999999996,0.01,True,2354.42,39.79,27636.0
NU00809,NU_L125,test,0.22,3.981200000000001,0.01,True,2354.42,39.79,27636.0
NU00809,NU_L125,test,0.35,4.4529,0.01,True,2354.42,39.79,27636.0
NU00809,NU_L125,test,1.07,5.679299999999998,0.01,True,2354.42,39.79,27636.0
NU00809,NU_L125,test,2.07,7.056599999999996,0.01,True,2354.42,39.79,27636.0
NU00809,NU_L125,test,3.12,9.226500000000001,0.01,True,2354.42,39.79,27636.0
NU00809,NU_L125,test,4.1,9.226500000000001,0.01,True,2354.42,39.79,27636.0
NU00809,NU_L125,test,5.3,11.075499999999998,0.01,True,2354.42,39.79,27636.0
NU00809,NU_L125,test,6.23,10.924599999999998,0.01,True,2354.42,39.79,27636.0
NU00809,NU_L125,test,7.2,11.226500000000001,0.01,True,2354.42,39.79,27636.0
NU00809,NU_L125,test,9.47,10.6038,0.01,True,2354.42,39.79,27636.0
NU00809,NU_L125,test,11.31,13.2453,0.01,False,2354.42,39.79,27636.0
NU00809,NU_L125,test,13.39,13.547199999999997,0.01,False,2354.42,39.79,27636.0
NU00809,NU_L125,test,15.34,14.641599999999997,0.01,False,2354.42,39.79,27636.0
NU00809,NU_L125,test,18.32,14.641599999999997,0.01,False,2354.42,39.79,27636.0
NU00809,NU_L125,test,21.34,15.0944,0.01,False,2354.42,39.79,27636.0
NU00809,NU_L125,test,23.5,16.188699999999997,0.01,False,2354.42,39.79,27636.0
NU00809,NU_L125,test,26.7,15.716999999999999,0.01,False,2354.42,39.79,27636.0
NU00809,NU_L125,test,29.71,16.018899999999995,0.01,False,2354.42,39.79,27636.0
NU00809,NU_L125,test,34.57,17.113299999999995,0.01,False,2354.42,39.79,27636.0
NU00809,NU_L125,test,39.47,18.509499999999996,0.01,False,2354.42,39.79,27636.0
NU00809,NU_L125,test,42.43,19.113299999999995,0.01,False,2354.42,39.79,27636.0
NU00809,NU_L125,test,49.6,19.8868,0.01,False,2354.42,39.79,27636.0
NU00809,NU_L125,test,58.02,20.509499999999996,0.01,False,2354.42,39.79,27636.0
NU00809,NU_L125,test,63.89,21.1321,0.01,False,2354.42,39.79,27636.0
NU00809,NU_L125,test,72.05,21.6038,0.01,False,2354.42,39.79,27636.0
NU00809,NU_L125,test,79.79,21.6038,0.01,False,2354.42,39.79,27636.0
NU00809,NU_L125,test,90.5,22.5283,0.01,False,2354.42,39.79,27636.0
NU00809,NU_L125,test,102.12,23.4529,0.01,False,2354.42,39.79,27636.0
NU00809,NU_L125,test,110.01,24.075499999999998,0.01,False,2354.42,39.79,27636.0
NU00809,NU_L125,test,127.64,25.150999999999996,0.01,False,2354.42,39.79,27636.0
NU00809,NU_L125,test,140.06,26.6982,0.01,False,2354.42,39.79,27636.0
NU00809,NU_L125,test,152.73,27.150999999999996,0.01,False,2354.42,39.79,27636.0
NU00811,NU_L125,test,1.0,0.0,1.0,True,2354.42,39.79,27636.0
NU00811,NU_L125,test,1.96,3.4306100000000006,1.0,True,2354.42,39.79,27636.0
NU00811,NU_L125,test,2.98,4.28776,1.0,True,2354.42,39.79,27636.0
NU00811,NU_L125,test,5.0,7.202090000000001,1.0,True,2354.42,39.79,27636.0
NU00811,NU_L125,test,5.92,7.88779,1.0,True,2354.42,39.79,27636.0
NU00811,NU_L125,test,6.84,8.575489999999999,1.0,True,2354.42,39.79,27636.0
NU00811,NU_L125,test,7.88,9.94699,1.0,True,2354.42,39.79,27636.0
NU00811,NU_L125,test,8.88,10.118390000000002,1.0,True,2354.42,39.79,27636.0
NU00811,NU_L125,test,11.78,10.804089999999999,1.0,False,2354.42,39.79,27636.0
NU00811,NU_L125,test,13.99,12.689789999999999,1.0,False,2354.42,39.79,27636.0
NU00811,NU_L125,test,15.84,14.063289999999999,1.0,False,2354.42,39.79,27636.0
NU00811,NU_L125,test,18.64,16.10409,1.0,False,2354.42,39.79,27636.0
NU00811,NU_L125,test,22.08,16.45099,1.0,False,2354.42,39.79,27636.0
NU00811,NU_L125,test,23.64,15.606089999999998,1.0,False,2354.42,39.79,27636.0
NU00811,NU_L125,test,25.63,18.26739,1.0,False,2354.42,39.79,27636.0
NU00811,NU_L125,test,27.6,18.94079,1.0,False,2354.42,39.79,27636.0
NU00811,NU_L125,test,29.74,18.43059,1.0,False,2354.42,39.79,27636.0
NU00811,NU_L125,test,32.07,19.26739,1.0,False,2354.42,39.79,27636.0
NU00811,NU_L125,test,39.17,21.08369,1.0,False,2354.42,39.79,27636.0
NU00811,NU_L125,test,47.8,21.757189999999998,1.0,False,2354.42,39.79,27636.0
NU00811,NU_L125,test,53.27,23.57349,1.0,False,2354.42,39.79,27636.0
NU00811,NU_L125,test,68.39,25.41019,1.0,False,2354.42,39.79,27636.0
NU00811,NU_L125,test,83.36,27.879589999999997,1.0,False,2354.42,39.79,27636.0
NU00811,NU_L125,test,96.51,29.20609,1.0,False,2354.42,39.79,27636.0
NU00811,NU_L125,test,109.17,30.042889999999996,1.0,False,2354.42,39.79,27636.0
NU00811,NU_L125,test,124.1,29.879589999999997,1.0,False,2354.42,39.79,27636.0
NU00811,NU_L125,test,136.82,31.36939,1.0,False,2354.42,39.79,27636.0
NU00811,NU_L125,test,151.75,31.716289999999997,1.0,False,2354.42,39.79,27636.0
NU00812,NU_L125,test,1.0,0.0,1.0,True,2354.42,39.79,27636.0
NU00812,NU_L125,test,2.0,2.8387800000000007,1.0,True,2354.42,39.79,27636.0
NU00812,NU_L125,test,3.0,5.05404,1.0,True,2354.42,39.79,27636.0
NU00812,NU_L125,test,5.0,7.78874,1.0,True,2354.42,39.79,27636.0
NU00812,NU_L125,test,5.88,9.85004,1.0,True,2354.42,39.79,27636.0
NU00812,NU_L125,test,6.94,11.44184,1.0,True,2354.42,39.79,27636.0
NU00812,NU_L125,test,8.01,11.98264,1.0,True,2354.42,39.79,27636.0
NU00812,NU_L125,test,8.95,12.89084,1.0,True,2354.42,39.79,27636.0
NU00812,NU_L125,test,11.98,15.207139999999999,1.0,False,2354.42,39.79,27636.0
NU00812,NU_L125,test,13.91,15.98264,1.0,False,2354.42,39.79,27636.0
NU00812,NU_L125,test,16.12,17.829639999999998,1.0,False,2354.42,39.79,27636.0
NU00812,NU_L125,test,19.0,18.992839999999998,1.0,False,2354.42,39.79,27636.0
NU00812,NU_L125,test,22.11,20.30914,1.0,False,2354.42,39.79,27636.0
NU00812,NU_L125,test,23.98,20.227539999999998,1.0,False,2354.42,39.79,27636.0
NU00812,NU_L125,test,26.0,21.62554,1.0,False,2354.42,39.79,27636.0
NU00812,NU_L125,test,27.86,23.31944,1.0,False,2354.42,39.79,27636.0
NU00812,NU_L125,test,29.83,23.40104,1.0,False,2354.42,39.79,27636.0
NU00812,NU_L125,test,33.93,23.94184,1.0,False,2354.42,39.79,27636.0
NU00812,NU_L125,test,39.67,26.645939999999996,1.0,False,2354.42,39.79,27636.0
NU00812,NU_L125,test,47.4,29.196939999999998,1.0,False,2354.42,39.79,27636.0
NU00812,NU_L125,test,54.11,30.666339999999998,1.0,False,2354.42,39.79,27636.0
NU00812,NU_L125,test,68.31,32.91124,1.0,False,2354.42,39.79,27636.0
NU00812,NU_L125,test,82.73,35.40104,1.0,False,2354.42,39.79,27636.0
NU00812,NU_L125,test,97.3,37.92144,1.0,False,2354.42,39.79,27636.0
NU00812,NU_L125,test,111.28,40.19694,1.0,False,2354.42,39.79,27636.0
NU00812,NU_L125,test,126.54,39.482639999999996,1.0,False,2354.42,39.79,27636.0
NU00812,NU_L125,test,139.74,42.07454,1.0,False,2354.42,39.79,27636.0
NU00812,NU_L125,test,155.21,43.645939999999996,1.0,False,2354.42,39.79,27636.0
NU00813,NU_L125,test,1.0,0.0,1.0,True,2354.42,39.79,27636.0
NU00813,NU_L125,test,1.98,2.68572,1.0,True,2354.42,39.79,27636.0
NU00813,NU_L125,test,3.02,4.22039,1.0,True,2354.42,39.79,27636.0
NU00813,NU_L125,test,5.03,6.128589999999999,1.0,True,2354.42,39.79,27636.0
NU00813,NU_L125,test,6.0,7.72039,1.0,True,2354.42,39.79,27636.0
NU00813,NU_L125,test,7.07,8.41429,1.0,True,2354.42,39.79,27636.0
NU00813,NU_L125,test,8.06,9.01629,1.0,True,2354.42,39.79,27636.0
NU00813,NU_L125,test,9.06,9.69999,1.0,True,2354.42,39.79,27636.0
NU00813,NU_L125,test,12.05,11.383690000000001,1.0,False,2354.42,39.79,27636.0
NU00813,NU_L125,test,14.07,12.822489999999998,1.0,False,2354.42,39.79,27636.0
NU00813,NU_L125,test,16.32,13.66939,1.0,False,2354.42,39.79,27636.0
NU00813,NU_L125,test,19.34,14.73059,1.0,False,2354.42,39.79,27636.0
NU00813,NU_L125,test,22.24,16.74079,1.0,False,2354.42,39.79,27636.0
NU00813,NU_L125,test,23.98,16.89389,1.0,False,2354.42,39.79,27636.0
NU00813,NU_L125,test,25.85,18.36329,1.0,False,2354.42,39.79,27636.0
NU00813,NU_L125,test,28.02,19.05719,1.0,False,2354.42,39.79,27636.0
NU00813,NU_L125,test,29.83,19.52649,1.0,False,2354.42,39.79,27636.0
NU00813,NU_L125,test,32.99,20.37349,1.0,False,2354.42,39.79,27636.0
NU00813,NU_L125,test,40.12,22.23059,1.0,False,2354.42,39.79,27636.0
NU00813,NU_L125,test,47.4,23.46529,1.0,False,2354.42,39.79,27636.0
NU00813,NU_L125,test,54.43,24.32249,1.0,False,2354.42,39.79,27636.0
NU00813,NU_L125,test,69.51,26.16939,1.0,False,2354.42,39.79,27636.0
NU00813,NU_L125,test,84.18,28.179589999999997,1.0,False,2354.42,39.79,27636.0
NU00813,NU_L125,test,99.58,29.495890000000003,1.0,False,2354.42,39.79,27636.0
NU00813,NU_L125,test,113.91,30.965290000000003,1.0,False,2354.42,39.79,27636.0
NU00813,NU_L125,test,125.81,30.50609,1.0,False,2354.42,39.79,27636.0
NU00813,NU_L125,test,142.21,31.89389,1.0,False,2354.42,39.79,27636.0
NU00813,NU_L125,test,158.87,33.21019,1.0,False,2354.42,39.79,27636.0
NU00814,NU_L126,validation,0.18,0.0,0.18,True,2342.0,34.79,28224.0
NU00814,NU_L126,validation,0.24,0.48510000000000275,0.18,True,2342.0,34.79,28224.0
NU00814,NU_L126,validation,0.3,0.9207999999999998,0.18,True,2342.0,34.79,28224.0
NU00814,NU_L126,validation,0.44,0.9703000000000017,0.18,True,2342.0,34.79,28224.0
NU00814,NU_L126,validation,1.11,2.425699999999999,0.18,True,2342.0,34.79,28224.0
NU00814,NU_L126,validation,2.12,3.4949999999999974,0.18,True,2342.0,34.79,28224.0
NU00814,NU_L126,validation,3.12,5.009900000000002,0.18,True,2342.0,34.79,28224.0
NU00814,NU_L126,validation,4.12,5.277200000000001,0.18,True,2342.0,34.79,28224.0
NU00814,NU_L126,validation,5.12,6.0792,0.18,True,2342.0,34.79,28224.0
NU00814,NU_L126,validation,6.12,5.811799999999998,0.18,True,2342.0,34.79,28224.0
NU00814,NU_L126,validation,7.02,6.722700000000003,0.18,True,2342.0,34.79,28224.0
NU00814,NU_L126,validation,9.02,7.207900000000002,0.18,True,2342.0,34.79,28224.0
NU00814,NU_L126,validation,10.92,9.0,0.18,False,2342.0,34.79,28224.0
NU00814,NU_L126,validation,13.22,9.475200000000001,0.18,False,2342.0,34.79,28224.0
NU00814,NU_L126,validation,15.02,9.901000000000003,0.18,False,2342.0,34.79,28224.0
NU00814,NU_L126,validation,18.12,10.494999999999997,0.18,False,2342.0,34.79,28224.0
NU00814,NU_L126,validation,23.12,11.138600000000004,0.18,False,2342.0,34.79,28224.0
NU00814,NU_L126,validation,26.12,12.217800000000004,0.18,False,2342.0,34.79,28224.0
NU00814,NU_L126,validation,29.52,12.059400000000004,0.18,False,2342.0,34.79,28224.0
NU00814,NU_L126,validation,33.72,13.128700000000002,0.18,False,2342.0,34.79,28224.0
NU00814,NU_L126,validation,38.62,13.772199999999998,0.18,False,2342.0,34.79,28224.0
NU00814,NU_L126,validation,41.92,15.069299999999998,0.18,False,2342.0,34.79,28224.0
NU00814,NU_L126,validation,48.92,15.227699999999999,0.18,False,2342.0,34.79,28224.0
NU00814,NU_L126,validation,55.82,16.198,0.18,False,2342.0,34.79,28224.0
NU00814,NU_L126,validation,62.82,17.009900000000002,0.18,False,2342.0,34.79,28224.0
NU00814,NU_L126,validation,69.82,17.4356,0.18,False,2342.0,34.79,28224.0
NU00814,NU_L126,validation,77.62,18.0792,0.18,False,2342.0,34.79,28224.0
NU00814,NU_L126,validation,87.42,18.7821,0.18,False,2342.0,34.79,28224.0
NU00814,NU_L126,validation,99.52,19.534599999999998,0.18,False,2342.0,34.79,28224.0
NU00814,NU_L126,validation,109.42,20.019800000000004,0.18,False,2342.0,34.79,28224.0
NU00814,NU_L126,validation,123.32,21.4752,0.18,False,2342.0,34.79,28224.0
NU00814,NU_L126,validation,134.52,22.494999999999997,0.18,False,2342.0,34.79,28224.0
NU00816,NU_L126,validation,0.22,0.0,0.22,True,2342.0,34.79,28224.0
NU00816,NU_L126,validation,0.23,1.3584999999999994,0.22,True,2342.0,34.79,28224.0
NU00816,NU_L126,validation,0.31,0.3208000000000055,0.22,True,2342.0,34.79,28224.0
NU00816,NU_L126,validation,0.42,1.056600000000003,0.22,True,2342.0,34.79,28224.0
NU00816,NU_L126,validation,1.12,1.886800000000001,0.22,True,2342.0,34.79,28224.0
NU00816,NU_L126,validation,2.12,3.5472000000000037,0.22,True,2342.0,34.79,28224.0
NU00816,NU_L126,validation,3.12,5.434000000000005,0.22,True,2342.0,34.79,28224.0
NU00816,NU_L126,validation,4.12,5.3208000000000055,0.22,True,2342.0,34.79,28224.0
NU00816,NU_L126,validation,6.02,7.207599999999999,0.22,True,2342.0,34.79,28224.0
NU00816,NU_L126,validation,9.12,6.905700000000003,0.22,True,2342.0,34.79,28224.0
NU00816,NU_L126,validation,10.92,9.698100000000004,0.22,False,2342.0,34.79,28224.0
NU00816,NU_L126,validation,13.02,9.792500000000004,0.22,False,2342.0,34.79,28224.0
NU00816,NU_L126,validation,15.02,10.886800000000001,0.22,False,2342.0,34.79,28224.0
NU00816,NU_L126,validation,18.02,10.792500000000004,0.22,False,2342.0,34.79,28224.0
NU00816,NU_L126,validation,20.82,11.283000000000001,0.22,False,2342.0,34.79,28224.0
NU00816,NU_L126,validation,23.02,12.169800000000002,0.22,False,2342.0,34.79,28224.0
NU00816,NU_L126,validation,25.92,12.188700000000004,0.22,False,2342.0,34.79,28224.0
NU00816,NU_L126,validation,29.02,12.471700000000006,0.22,False,2342.0,34.79,28224.0
NU00816,NU_L126,validation,33.92,13.377400000000002,0.22,False,2342.0,34.79,28224.0
NU00816,NU_L126,validation,38.82,14.471700000000006,0.22,False,2342.0,34.79,28224.0
NU00816,NU_L126,validation,42.22,15.151000000000003,0.22,False,2342.0,34.79,28224.0
NU00816,NU_L126,validation,48.92,16.151000000000003,0.22,False,2342.0,34.79,28224.0
NU00816,NU_L126,validation,55.52,16.7547,0.22,False,2342.0,34.79,28224.0
NU00816,NU_L126,validation,62.52,17.2453,0.22,False,2342.0,34.79,28224.0
NU00816,NU_L126,validation,69.52,17.830200000000005,0.22,False,2342.0,34.79,28224.0
NU00816,NU_L126,validation,78.32,18.1321,0.22,False,2342.0,34.79,28224.0
NU00816,NU_L126,validation,87.42,18.924600000000005,0.22,False,2342.0,34.79,28224.0
NU00816,NU_L126,validation,99.52,19.5283,0.22,False,2342.0,34.79,28224.0
NU00816,NU_L126,validation,109.92,20.622700000000002,0.22,False,2342.0,34.79,28224.0
NU00816,NU_L126,validation,124.92,21.320800000000006,0.22,False,2342.0,34.79,28224.0
NU00816,NU_L126,validation,137.92,23.226400000000005,0.22,False,2342.0,34.79,28224.0
NU00818,NU_L126,validation,0.88,0.0,0.88,True,2342.0,34.79,28224.0
NU00818,NU_L126,validation,1.88,4.173440000000001,0.88,True,2342.0,34.79,28224.0
NU00818,NU_L126,validation,2.78,6.204040000000001,0.88,True,2342.0,34.79,28224.0
NU00818,NU_L126,validation,4.78,10.581640000000002,0.88,True,2342.0,34.79,28224.0
NU00818,NU_L126,validation,5.88,12.785739999999999,0.88,True,2342.0,34.79,28224.0
NU00818,NU_L126,validation,6.78,13.887739999999999,0.88,True,2342.0,34.79,28224.0
NU00818,NU_L126,validation,7.78,15.306140000000001,0.88,True,2342.0,34.79,28224.0
NU00818,NU_L126,validation,8.88,15.73474,0.88,True,2342.0,34.79,28224.0
NU00818,NU_L126,validation,11.68,19.561239999999998,0.88,False,2342.0,34.79,28224.0
NU00818,NU_L126,validation,13.78,21.03064,0.88,False,2342.0,34.79,28224.0
NU00818,NU_L126,validation,15.28,23.14284,0.88,False,2342.0,34.79,28224.0
NU00818,NU_L126,validation,18.48,25.632640000000002,0.88,False,2342.0,34.79,28224.0
NU00818,NU_L126,validation,21.48,27.19384,0.88,False,2342.0,34.79,28224.0
NU00818,NU_L126,validation,23.28,28.17344,0.88,False,2342.0,34.79,28224.0
NU00818,NU_L126,validation,25.78,29.46944,0.88,False,2342.0,34.79,28224.0
NU00818,NU_L126,validation,26.88,30.816340000000004,0.88,False,2342.0,34.79,28224.0
NU00818,NU_L126,validation,29.38,30.816340000000004,0.88,False,2342.0,34.79,28224.0
NU00818,NU_L126,validation,32.38,33.30614,0.88,False,2342.0,34.79,28224.0
NU00818,NU_L126,validation,39.38,36.80614,0.88,False,2342.0,34.79,28224.0
NU00818,NU_L126,validation,46.58,37.29594,0.88,False,2342.0,34.79,28224.0
NU00818,NU_L126,validation,53.88,39.69384,0.88,False,2342.0,34.79,28224.0
NU00818,NU_L126,validation,66.68,41.60204,0.88,False,2342.0,34.79,28224.0
NU00818,NU_L126,validation,82.68,44.67344,0.88,False,2342.0,34.79,28224.0
NU00818,NU_L126,validation,94.98,48.11224,0.88,False,2342.0,34.79,28224.0
NU00818,NU_L126,validation,109.58,51.07144,0.88,False,2342.0,34.79,28224.0
NU00818,NU_L126,validation,134.38,51.07144,0.88,False,2342.0,34.79,28224.0
NU00820,NU_L126,validation,0.88,0.0,0.88,True,2342.0,34.79,28224.0
NU00820,NU_L126,validation,1.88,3.0816300000000005,0.88,True,2342.0,34.79,28224.0
NU00820,NU_L126,validation,2.88,4.89796,0.88,True,2342.0,34.79,28224.0
NU00820,NU_L126,validation,4.88,8.0,0.88,True,2342.0,34.79,28224.0
NU00820,NU_L126,validation,5.98,9.3878,0.88,True,2342.0,34.79,28224.0
NU00820,NU_L126,validation,6.98,9.9184,0.88,True,2342.0,34.79,28224.0
NU00820,NU_L126,validation,7.78,10.8775,0.88,True,2342.0,34.79,28224.0
NU00820,NU_L126,validation,9.08,11.7347,0.88,True,2342.0,34.79,28224.0
NU00820,NU_L126,validation,11.78,12.7143,0.88,False,2342.0,34.79,28224.0
NU00820,NU_L126,validation,13.78,15.1633,0.88,False,2342.0,34.79,28224.0
NU00820,NU_L126,validation,15.78,15.918400000000002,0.88,False,2342.0,34.79,28224.0
NU00820,NU_L126,validation,18.78,16.7755,0.88,False,2342.0,34.79,28224.0
NU00820,NU_L126,validation,21.78,18.0408,0.88,False,2342.0,34.79,28224.0
NU00820,NU_L126,validation,23.88,18.3673,0.88,False,2342.0,34.79,28224.0
NU00820,NU_L126,validation,25.58,20.5102,0.88,False,2342.0,34.79,28224.0
NU00820,NU_L126,validation,27.78,20.9388,0.88,False,2342.0,34.79,28224.0
NU00820,NU_L126,validation,29.48,21.7959,0.88,False,2342.0,34.79,28224.0
NU00820,NU_L126,validation,32.68,22.3265,0.88,False,2342.0,34.79,28224.0
NU00820,NU_L126,validation,39.68,23.816300000000002,0.88,False,2342.0,34.79,28224.0
NU00820,NU_L126,validation,47.18,24.6735,0.88,False,2342.0,34.79,28224.0
NU00820,NU_L126,validation,54.38,26.2857,0.88,False,2342.0,34.79,28224.0
NU00820,NU_L126,validation,66.18,28.7347,0.88,False,2342.0,34.79,28224.0
NU00820,NU_L126,validation,82.68,30.7551,0.88,False,2342.0,34.79,28224.0
NU00820,NU_L126,validation,94.58,32.0408,0.88,False,2342.0,34.79,28224.0
NU00820,NU_L126,validation,109.58,33.2245,0.88,False,2342.0,34.79,28224.0
NU00820,NU_L126,validation,122.78,32.5714,0.88,False,2342.0,34.79,28224.0
NU00820,NU_L126,validation,131.78,34.0816,0.88,False,2342.0,34.79,28224.0
NU00821,NU_L126,validation,0.88,0.0,0.88,True,2342.0,34.79,28224.0
NU00821,NU_L126,validation,1.88,3.0816300000000005,0.88,True,2342.0,34.79,28224.0
NU00821,NU_L126,validation,2.88,4.89796,0.88,True,2342.0,34.79,28224.0
NU00821,NU_L126,validation,4.88,8.0,0.88,True,2342.0,34.79,28224.0
NU00821,NU_L126,validation,5.98,9.3878,0.88,True,2342.0,34.79,28224.0
NU00821,NU_L126,validation,6.98,9.9184,0.88,True,2342.0,34.79,28224.0
NU00821,NU_L126,validation,7.78,10.8775,0.88,True,2342.0,34.79,28224.0
NU00821,NU_L126,validation,9.08,11.7347,0.88,True,2342.0,34.79,28224.0
NU00821,NU_L126,validation,11.78,12.7143,0.88,False,2342.0,34.79,28224.0
NU00821,NU_L126,validation,13.78,15.1633,0.88,False,2342.0,34.79,28224.0
NU00821,NU_L126,validation,15.78,15.918400000000002,0.88,False,2342.0,34.79,28224.0
NU00821,NU_L126,validation,18.78,16.7755,0.88,False,2342.0,34.79,28224.0
NU00821,NU_L126,validation,21.78,18.0408,0.88,False,2342.0,34.79,28224.0
NU00821,NU_L126,validation,23.88,18.3673,0.88,False,2342.0,34.79,28224.0
NU00821,NU_L126,validation,25.58,20.5102,0.88,False,2342.0,34.79,28224.0
NU00821,NU_L126,validation,27.78,20.9388,0.88,False,2342.0,34.79,28224.0
NU00821,NU_L126,validation,29.48,21.7959,0.88,False,2342.0,34.79,28224.0
NU00821,NU_L126,validation,32.68,22.3265,0.88,False,2342.0,34.79,28224.0
NU00821,NU_L126,validation,39.68,23.816300000000002,0.88,False,2342.0,34.79,28224.0
NU00821,NU_L126,validation,47.18,24.6735,0.88,False,2342.0,34.79,28224.0
NU00821,NU_L126,validation,54.38,26.2857,0.88,False,2342.0,34.79,28224.0
NU00821,NU_L126,validation,66.18,28.7347,0.88,False,2342.0,34.79,28224.0
NU00821,NU_L126,validation,82.68,30.7551,0.88,False,2342.0,34.79,28224.0
NU00821,NU_L126,validation,94.58,32.0408,0.88,False,2342.0,34.79,28224.0
NU00821,NU_L126,validation,109.58,33.2245,0.88,False,2342.0,34.79,28224.0
NU00821,NU_L126,validation,122.78,32.5714,0.88,False,2342.0,34.79,28224.0
NU00821,NU_L126,validation,131.78,34.0816,0.88,False,2342.0,34.79,28224.0
NU00822,NU_L126,validation,0.88,0.0,0.88,True,2342.0,34.79,28224.0
NU00822,NU_L126,validation,1.88,3.1020499999999993,0.88,True,2342.0,34.79,28224.0
NU00822,NU_L126,validation,2.88,5.2347,0.88,True,2342.0,34.79,28224.0
NU00822,NU_L126,validation,5.78,10.46937,0.88,True,2342.0,34.79,28224.0
NU00822,NU_L126,validation,6.88,11.80617,0.88,True,2342.0,34.79,28224.0
NU00822,NU_L126,validation,7.78,12.397969999999999,0.88,True,2342.0,34.79,28224.0
NU00822,NU_L126,validation,8.78,13.193869999999999,0.88,True,2342.0,34.79,28224.0
NU00822,NU_L126,validation,11.58,15.428569999999999,0.88,False,2342.0,34.79,28224.0
NU00822,NU_L126,validation,13.58,16.193869999999997,0.88,False,2342.0,34.79,28224.0
NU00822,NU_L126,validation,15.48,17.938769999999998,0.88,False,2342.0,34.79,28224.0
NU00822,NU_L126,validation,18.68,19.081670000000003,0.88,False,2342.0,34.79,28224.0
NU00822,NU_L126,validation,21.68,20.56127,0.88,False,2342.0,34.79,28224.0
NU00822,NU_L126,validation,23.58,20.612270000000002,0.88,False,2342.0,34.79,28224.0
NU00822,NU_L126,validation,25.88,22.30617,0.88,False,2342.0,34.79,28224.0
NU00822,NU_L126,validation,27.58,23.663269999999997,0.88,False,2342.0,34.79,28224.0
NU00822,NU_L126,validation,28.98,23.77547,0.88,False,2342.0,34.79,28224.0
NU00822,NU_L126,validation,32.48,24.36737,0.88,False,2342.0,34.79,28224.0
NU00822,NU_L126,validation,39.98,27.12247,0.88,False,2342.0,34.79,28224.0
NU00822,NU_L126,validation,46.58,29.602070000000005,0.88,False,2342.0,34.79,28224.0
NU00822,NU_L126,validation,52.88,29.87757,0.88,False,2342.0,34.79,28224.0
NU00822,NU_L126,validation,66.18,33.17347,0.88,False,2342.0,34.79,28224.0
NU00822,NU_L126,validation,81.68,35.83677,0.88,False,2342.0,34.79,28224.0
NU00822,NU_L126,validation,95.38,38.34697,0.88,False,2342.0,34.79,28224.0
NU00822,NU_L126,validation,110.38,40.58167,0.88,False,2342.0,34.79,28224.0
NU00822,NU_L126,validation,123.28,40.04087,0.88,False,2342.0,34.79,28224.0
NU00822,NU_L126,validation,132.28,42.65307,0.88,False,2342.0,34.79,28224.0
NU00823,NU_L126,validation,1.1,0.0,1.1,True,2342.0,34.79,28224.0
NU00823,NU_L126,validation,2.1,0.7959185,1.1,True,2342.0,34.79,28224.0
NU00823,NU_L126,validation,3.1,2.1836735000000003,1.1,True,2342.0,34.79,28224.0
NU00823,NU_L126,validation,5.2,2.9897935,1.1,True,2342.0,34.79,28224.0
NU00823,NU_L126,validation,6.2,3.7857135000000004,1.1,True,2342.0,34.79,28224.0
NU00823,NU_L126,validation,7.2,3.7346935,1.1,True,2342.0,34.79,28224.0
NU00823,NU_L126,validation,8.0,4.0612235,1.1,True,2342.0,34.79,28224.0
NU00823,NU_L126,validation,9.2,4.5408135,1.1,True,2342.0,34.79,28224.0
NU00823,NU_L126,validation,12.1,5.0204035,1.1,False,2342.0,34.79,28224.0
NU00823,NU_L126,validation,14.2,6.142853499999999,1.1,False,2342.0,34.79,28224.0
NU00823,NU_L126,validation,15.9,6.1938735,1.1,False,2342.0,34.79,28224.0
NU00823,NU_L126,validation,19.0,7.0000035,1.1,False,2342.0,34.79,28224.0
NU00823,NU_L126,validation,22.3,7.530613499999999,1.1,False,2342.0,34.79,28224.0
NU00823,NU_L126,validation,24.1,7.9591835,1.1,False,2342.0,34.79,28224.0
NU00823,NU_L126,validation,25.8,8.2244935,1.1,False,2342.0,34.79,28224.0
NU00823,NU_L126,validation,27.6,8.275513499999999,1.1,False,2342.0,34.79,28224.0
NU00823,NU_L126,validation,29.8,9.2959135,1.1,False,2342.0,34.79,28224.0
NU00823,NU_L126,validation,32.9,9.8265335,1.1,False,2342.0,34.79,28224.0
NU00823,NU_L126,validation,40.0,10.2550735,1.1,False,2342.0,34.79,28224.0
NU00823,NU_L126,validation,47.4,10.7346735,1.1,False,2342.0,34.79,28224.0
NU00823,NU_L126,validation,54.8,11.479573499999999,1.1,False,2342.0,34.79,28224.0
NU00823,NU_L126,validation,66.6,12.4999735,1.1,False,2342.0,34.79,28224.0
NU00823,NU_L126,validation,83.3,13.6224735,1.1,False,2342.0,34.79,28224.0
NU00823,NU_L126,validation,93.6,14.2040735,1.1,False,2342.0,34.79,28224.0
NU00823,NU_L126,validation,109.8,14.9591735,1.1,False,2342.0,34.79,28224.0
NU00823,NU_L126,validation,121.6,16.2346735,1.1,False,2342.0,34.79,28224.0
NU00823,NU_L126,validation,135.2,16.0203735,1.1,False,2342.0,34.79,28224.0
NU00824,NU_L126,validation,0.88,0.0,0.88,True,2342.0,34.79,28224.0
NU00824,NU_L126,validation,1.88,3.000000000000001,0.88,True,2342.0,34.79,28224.0
NU00824,NU_L126,validation,2.88,5.24487,0.88,True,2342.0,34.79,28224.0
NU00824,NU_L126,validation,4.88,7.275470000000001,0.88,True,2342.0,34.79,28224.0
NU00824,NU_L126,validation,5.88,9.09187,0.88,True,2342.0,34.79,28224.0
NU00824,NU_L126,validation,6.88,9.999970000000001,0.88,True,2342.0,34.79,28224.0
NU00824,NU_L126,validation,7.78,10.632670000000001,0.88,True,2342.0,34.79,28224.0
NU00824,NU_L126,validation,8.78,11.22447,0.88,True,2342.0,34.79,28224.0
NU00824,NU_L126,validation,11.68,13.204069999999998,0.88,False,2342.0,34.79,28224.0
NU00824,NU_L126,validation,13.68,14.52037,0.88,False,2342.0,34.79,28224.0
NU00824,NU_L126,validation,15.48,15.55107,0.88,False,2342.0,34.79,28224.0
NU00824,NU_L126,validation,18.58,17.08167,0.88,False,2342.0,34.79,28224.0
NU00824,NU_L126,validation,21.68,18.56127,0.88,False,2342.0,34.79,28224.0
NU00824,NU_L126,validation,23.38,18.88777,0.88,False,2342.0,34.79,28224.0
NU00824,NU_L126,validation,25.28,20.571469999999998,0.88,False,2342.0,34.79,28224.0
NU00824,NU_L126,validation,27.58,21.28567,0.88,False,2342.0,34.79,28224.0
NU00824,NU_L126,validation,29.08,21.61227,0.88,False,2342.0,34.79,28224.0
NU00824,NU_L126,validation,31.88,22.54077,0.88,False,2342.0,34.79,28224.0
NU00824,NU_L126,validation,39.18,24.81637,0.88,False,2342.0,34.79,28224.0
NU00824,NU_L126,validation,46.78,26.653069999999996,0.88,False,2342.0,34.79,28224.0
NU00824,NU_L126,validation,53.28,27.622469999999996,0.88,False,2342.0,34.79,28224.0
NU00824,NU_L126,validation,65.88,29.622469999999996,0.88,False,2342.0,34.79,28224.0
NU00824,NU_L126,validation,81.08,32.05107,0.88,False,2342.0,34.79,28224.0
NU00824,NU_L126,validation,93.78,33.61227,0.88,False,2342.0,34.79,28224.0
NU00824,NU_L126,validation,108.68,35.36737,0.88,False,2342.0,34.79,28224.0
NU00824,NU_L126,validation,120.38,35.693870000000004,0.88,False,2342.0,34.79,28224.0
NU00824,NU_L126,validation,131.28,37.05107,0.88,False,2342.0,34.79,28224.0
NU00825,NU_L126,validation,0.88,0.0,0.88,True,2342.0,34.79,28224.0
NU00825,NU_L126,validation,1.88,3.000000000000001,0.88,True,2342.0,34.79,28224.0
NU00825,NU_L126,validation,2.88,5.24487,0.88,True,2342.0,34.79,28224.0
NU00825,NU_L126,validation,4.88,7.275470000000001,0.88,True,2342.0,34.79,28224.0
NU00825,NU_L126,validation,5.88,9.09187,0.88,True,2342.0,34.79,28224.0
NU00825,NU_L126,validation,6.88,9.999970000000001,0.88,True,2342.0,34.79,28224.0
NU00825,NU_L126,validation,7.78,10.632670000000001,0.88,True,2342.0,34.79,28224.0
NU00825,NU_L126,validation,8.78,11.22447,0.88,True,2342.0,34.79,28224.0
NU00825,NU_L126,validation,11.68,13.204069999999998,0.88,False,2342.0,34.79,28224.0
NU00825,NU_L126,validation,13.68,14.52037,0.88,False,2342.0,34.79,28224.0
NU00825,NU_L126,validation,15.48,15.55107,0.88,False,2342.0,34.79,28224.0
NU00825,NU_L126,validation,18.58,17.08167,0.88,False,2342.0,34.79,28224.0
NU00825,NU_L126,validation,21.68,18.56127,0.88,False,2342.0,34.79,28224.0
NU00825,NU_L126,validation,23.38,18.88777,0.88,False,2342.0,34.79,28224.0
NU00825,NU_L126,validation,25.28,20.571469999999998,0.88,False,2342.0,34.79,28224.0
NU00825,NU_L126,validation,27.58,21.28567,0.88,False,2342.0,34.79,28224.0
NU00825,NU_L126,validation,29.08,21.61227,0.88,False,2342.0,34.79,28224.0
NU00825,NU_L126,validation,31.88,22.54077,0.88,False,2342.0,34.79,28224.0
NU00825,NU_L126,validation,39.18,24.81637,0.88,False,2342.0,34.79,28224.0
NU00825,NU_L126,validation,46.78,26.653069999999996,0.88,False,2342.0,34.79,28224.0
NU00825,NU_L126,validation,53.28,27.622469999999996,0.88,False,2342.0,34.79,28224.0
NU00825,NU_L126,validation,65.88,29.622469999999996,0.88,False,2342.0,34.79,28224.0
NU00825,NU_L126,validation,81.08,32.05107,0.88,False,2342.0,34.79,28224.0
NU00825,NU_L126,validation,93.78,33.61227,0.88,False,2342.0,34.79,28224.0
NU00825,NU_L126,validation,108.68,35.36737,0.88,False,2342.0,34.79,28224.0
NU00825,NU_L126,validation,120.38,35.693870000000004,0.88,False,2342.0,34.79,28224.0
NU00825,NU_L126,validation,131.28,37.05107,0.88,False,2342.0,34.79,28224.0
NU00826,NU_L99,train,0.01,0.0,0.01,True,2338.0,57.33,
NU00826,NU_L99,train,0.5,0.5792999999999999,0.01,True,2338.0,57.33,
NU00826,NU_L99,train,8.0952,3.5203000000000024,0.01,True,2338.0,57.33,
NU00826,NU_L99,train,16.667,4.678900000000002,0.01,False,2338.0,57.33,
NU00826,NU_L99,train,27.143,6.003800000000002,0.01,False,2338.0,57.33,
NU00826,NU_L99,train,49.762,8.817200000000003,0.01,False,2338.0,57.33,
NU00826,NU_L99,train,74.524,10.794900000000002,0.01,False,2338.0,57.33,
NU00826,NU_L99,train,99.286,12.202099999999998,0.01,False,2338.0,57.33,
NU00826,NU_L99,train,123.35,13.1247,0.01,False,2338.0,57.33,
NU00826,NU_L99,train,150.47,14.575399999999998,0.01,False,2338.0,57.33,
NU00827,NU_L99,train,0.2381,0.0,0.2381,True,2338.0,55.96,
NU00827,NU_L99,train,4.0476,5.261099999999999,0.2381,True,2338.0,55.96,
NU00827,NU_L99,train,14.524,8.162500000000001,0.2381,False,2338.0,55.96,
NU00827,NU_L99,train,25.952,10.2727,0.2381,False,2338.0,55.96,
NU00827,NU_L99,train,50.0,13.159600000000005,0.2381,False,2338.0,55.96,
NU00827,NU_L99,train,74.762,16.398400000000002,0.2381,False,2338.0,55.96,
NU00827,NU_L99,train,99.762,18.2427,0.2381,False,2338.0,55.96,
NU00827,NU_L99,train,122.88,19.997100000000003,0.2381,False,2338.0,55.96,
NU00827,NU_L99,train,150.71,21.5706,0.2381,False,2338.0,55.96,
NU00831,NU_L99,train,0.7042,0.0,0.7042,True,2338.0,58.9,
NU00831,NU_L99,train,2.5822,1.810100000000002,0.7042,True,2338.0,58.9,
NU00831,NU_L99,train,8.6855,3.749100000000002,0.7042,True,2338.0,58.9,
NU00831,NU_L99,train,16.667,4.8321000000000005,0.7042,False,2338.0,58.9,
NU00831,NU_L99,train,27.465,6.126300000000004,0.7042,False,2338.0,58.9,
NU00831,NU_L99,train,52.57,7.419599999999999,0.7042,False,2338.0,58.9,
NU00831,NU_L99,train,73.598,7.464600000000001,0.7042,False,2338.0,58.9,
NU00831,NU_L99,train,97.196,8.267599999999998,0.7042,False,2338.0,58.9,
NU00831,NU_L99,train,122.75,8.490300000000001,0.7042,False,2338.0,58.9,
NU00831,NU_L99,train,146.68,9.026500000000002,0.7042,False,2338.0,58.9,
NU00834,NU_L99,train,0.8905,0.0,0.8905,True,2315.0,50.37,
NU00834,NU_L99,train,1.5676,1.983699999999999,0.8905,True,2315.0,50.37,
NU00834,NU_L99,train,1.9068,1.7714999999999996,0.8905,True,2315.0,50.37,
NU00834,NU_L99,train,3.9453,2.9755000000000003,0.8905,True,2315.0,50.37,
NU00834,NU_L99,train,6.8858,3.1888000000000005,0.8905,True,2315.0,50.37,
NU00834,NU_L99,train,9.933,3.8969999999999985,0.8905,True,2315.0,50.37,
NU00834,NU_L99,train,22.75,6.294899999999998,0.8905,False,2315.0,50.37,
NU00834,NU_L99,train,27.968,6.5040999999999976,0.8905,False,2315.0,50.37,
NU00834,NU_L99,train,41.143,7.692900000000002,0.8905,False,2315.0,50.37,
NU00834,NU_L99,train,50.556,8.3215,0.8905,False,2315.0,50.37,
NU00834,NU_L99,train,70.136,8.951,0.8905,False,2315.0,50.37,
NU00834,NU_L99,train,97.794,9.999000000000002,0.8905,False,2315.0,50.37,
NU00835,NU_L99,train,0.8853,0.0,0.8853,True,2315.0,50.37,
NU00835,NU_L99,train,1.5854,2.4091999999999985,0.8853,True,2315.0,50.37,
NU00835,NU_L99,train,1.8963,1.9132999999999996,0.8853,True,2315.0,50.37,
NU00835,NU_L99,train,3.9453,3.6143,0.8853,True,2315.0,50.37,
NU00835,NU_L99,train,6.9225,3.7561,0.8853,True,2315.0,50.37,
NU00835,NU_L99,train,13.032,5.0275,0.8853,False,2315.0,50.37,
NU00835,NU_L99,train,19.928,6.075499999999998,0.8853,False,2315.0,50.37,
NU00835,NU_L99,train,28.116,7.264300000000002,0.8853,False,2315.0,50.37,
NU00835,NU_L99,train,37.608,8.662200000000002,0.8853,False,2315.0,50.37,
NU00835,NU_L99,train,51.909,9.780599999999996,0.8853,False,2315.0,50.37,
NU00835,NU_L99,train,70.507,10.758100000000002,0.8853,False,2315.0,50.37,
NU00835,NU_L99,train,97.794,12.086699999999997,0.8853,False,2315.0,50.37,
NU00836,NU_L99,train,0.01,0.0,0.01,True,2342.85,47.14,
NU00836,NU_L99,train,1.9943,4.223500000000001,0.01,True,2342.85,47.14,
NU00836,NU_L99,train,7.265,6.844900000000003,0.01,True,2342.85,47.14,
NU00836,NU_L99,train,12.251,8.3337,0.01,False,2342.85,47.14,
NU00836,NU_L99,train,25.641,11.309199999999997,0.01,False,2342.85,47.14,
NU00836,NU_L99,train,37.892,12.798000000000002,0.01,False,2342.85,47.14,
NU00836,NU_L99,train,49.288,14.5674,0.01,False,2342.85,47.14,
NU00836,NU_L99,train,60.845,15.622500000000002,0.01,False,2342.85,47.14,
NU00836,NU_L99,train,71.127,16.749000000000002,0.01,False,2342.85,47.14,
NU00836,NU_L99,train,79.718,17.101,0.01,False,2342.85,47.14,
NU00836,NU_L99,train,87.747,17.944899999999997,0.01,False,2342.85,47.14,
NU00837,NU_L99,train,0.01,0.0,0.01,True,2342.85,47.14,
NU00837,NU_L99,train,2.5641,4.375499999999999,0.01,True,2342.85,47.14,
NU00837,NU_L99,train,7.4074,6.005100000000002,0.01,True,2342.85,47.14,
NU00837,NU_L99,train,14.245,7.918299999999999,0.01,False,2342.85,47.14,
NU00837,NU_L99,train,25.641,10.257100000000005,0.01,False,2342.85,47.14,
NU00837,NU_L99,train,34.758,12.028500000000005,0.01,False,2342.85,47.14,
NU00837,NU_L99,train,42.45,13.371400000000005,0.01,False,2342.85,47.14,
NU00837,NU_L99,train,60.704,15.130600000000005,0.01,False,2342.85,47.14,
NU00837,NU_L99,train,75.493,16.3969,0.01,False,2342.85,47.14,
NU00837,NU_L99,train,87.465,17.2418,0.01,False,2342.85,47.14,
NU00838,NU_L99,train,0.01,0.0,0.01,True,2342.85,47.14,
NU00838,NU_L99,train,0.5,5.2378,0.01,True,2342.85,47.14,
NU00838,NU_L99,train,3.5613,9.489800000000002,0.01,True,2342.85,47.14,
NU00838,NU_L99,train,8.547,12.244900000000001,0.01,True,2342.85,47.14,
NU00838,NU_L99,train,12.536,14.356200000000001,0.01,False,2342.85,47.14,
NU00838,NU_L99,train,25.641,17.664299999999997,0.01,False,2342.85,47.14,
NU00838,NU_L99,train,37.749,19.423499999999997,0.01,False,2342.85,47.14,
NU00838,NU_L99,train,42.878,20.4786,0.01,False,2342.85,47.14,
NU00838,NU_L99,train,60.845,22.0225,0.01,False,2342.85,47.14,
NU00838,NU_L99,train,75.352,22.7909,0.01,False,2342.85,47.14,
NU00838,NU_L99,train,87.465,23.839800000000004,0.01,False,2342.85,47.14,
NU00839,NU_L129,train,0.19,0.0,0.19,True,2274.88,33.32,21952.0
NU00839,NU_L129,train,0.98,4.836799999999997,0.19,True,2274.88,33.32,21952.0
NU00839,NU_L129,train,1.91,11.255099999999999,0.19,True,2274.88,33.32,21952.0
NU00839,NU_L129,train,3.04,15.102100000000007,0.19,True,2274.88,33.32,21952.0
NU00839,NU_L129,train,3.95,17.948999999999998,0.19,True,2274.88,33.32,21952.0
NU00839,NU_L129,train,5.84,23.081699999999998,0.19,True,2274.88,33.32,21952.0
NU00839,NU_L129,train,6.78,24.367400000000004,0.19,True,2274.88,33.32,21952.0
NU00839,NU_L129,train,13.75,33.0613,0.19,False,2274.88,33.32,21952.0
NU00839,NU_L129,train,20.71,35.6228,0.19,False,2274.88,33.32,21952.0
NU00839,NU_L129,train,28.19,39.540800000000004,0.19,False,2274.88,33.32,21952.0
NU00839,NU_L129,train,35.16,41.1738,0.19,False,2274.88,33.32,21952.0
NU00839,NU_L129,train,40.83,41.1738,0.19,False,2274.88,33.32,21952.0
NU00839,NU_L129,train,47.53,43.7248,0.19,False,2274.88,33.32,21952.0
NU00839,NU_L129,train,54.25,43.3168,0.19,False,2274.88,33.32,21952.0
NU00839,NU_L129,train,60.36,44.3368,0.19,False,2274.88,33.32,21952.0
NU00839,NU_L129,train,73.92,45.35680000000001,0.19,False,2274.88,33.32,21952.0
NU00839,NU_L129,train,89.03,40.5608,0.19,False,2274.88,33.32,21952.0
NU00839,NU_L129,train,101.02,48.520799999999994,0.19,False,2274.88,33.32,21952.0
NU00839,NU_L129,train,115.72,47.193799999999996,0.19,False,2274.88,33.32,21952.0
NU00839,NU_L129,train,126.04,49.23480000000001,0.19,False,2274.88,33.32,21952.0
NU00839,NU_L129,train,137.97,50.35680000000001,0.19,False,2274.88,33.32,21952.0
NU00839,NU_L129,train,153.32,51.1738,0.19,False,2274.88,33.32,21952.0
NU00840,NU_L129,train,0.22,0.0,0.22,True,2274.88,33.32,21952.0
NU00840,NU_L129,train,1.0,4.1327,0.22,True,2274.88,33.32,21952.0
NU00840,NU_L129,train,1.95,5.693899999999999,0.22,True,2274.88,33.32,21952.0
NU00840,NU_L129,train,3.95,9.122500000000002,0.22,True,2274.88,33.32,21952.0
NU00840,NU_L129,train,5.84,11.112300000000005,0.22,True,2274.88,33.32,21952.0
NU00840,NU_L129,train,6.7,12.826499999999996,0.22,True,2274.88,33.32,21952.0
NU00840,NU_L129,train,13.44,17.2449,0.22,False,2274.88,33.32,21952.0
NU00840,NU_L129,train,20.36,17.530600000000007,0.22,False,2274.88,33.32,21952.0
NU00840,NU_L129,train,27.71,21.663300000000007,0.22,False,2274.88,33.32,21952.0
NU00840,NU_L129,train,34.8,22.224500000000006,0.22,False,2274.88,33.32,21952.0
NU00840,NU_L129,train,41.03,23.08160000000001,0.22,False,2274.88,33.32,21952.0
NU00840,NU_L129,train,47.29,24.65310000000001,0.22,False,2274.88,33.32,21952.0
NU00840,NU_L129,train,56.01,25.9388,0.22,False,2274.88,33.32,21952.0
NU00840,NU_L129,train,61.67,26.785700000000006,0.22,False,2274.88,33.32,21952.0
NU00840,NU_L129,train,76.31,28.642899999999997,0.22,False,2274.88,33.32,21952.0
NU00840,NU_L129,train,89.98,30.357100000000003,0.22,False,2274.88,33.32,21952.0
NU00840,NU_L129,train,102.04,31.346900000000005,0.22,False,2274.88,33.32,21952.0
NU00840,NU_L129,train,114.56,32.6327,0.22,False,2274.88,33.32,21952.0
NU00840,NU_L129,train,128.6,33.77550000000001,0.22,False,2274.88,33.32,21952.0
NU00840,NU_L129,train,140.07,34.90820000000001,0.22,False,2274.88,33.32,21952.0
NU00840,NU_L129,train,156.43,35.90820000000001,0.22,False,2274.88,33.32,21952.0
NU00841,NU_L129,train,0.33,0.0,0.33,True,2274.88,33.32,21952.0
NU00841,NU_L129,train,1.09,1.8673000000000002,0.33,True,2274.88,33.32,21952.0
NU00841,NU_L129,train,2.04,3.4284999999999997,0.33,True,2274.88,33.32,21952.0
NU00841,NU_L129,train,4.07,5.857100000000003,0.33,True,2274.88,33.32,21952.0
NU00841,NU_L129,train,4.98,6.714199999999998,0.33,True,2274.88,33.32,21952.0
NU00841,NU_L129,train,5.96,6.714199999999998,0.33,True,2274.88,33.32,21952.0
NU00841,NU_L129,train,13.56,8.846899999999998,0.33,False,2274.88,33.32,21952.0
NU00841,NU_L129,train,20.6,9.989800000000002,0.33,False,2274.88,33.32,21952.0
NU00841,NU_L129,train,27.68,9.132600000000004,0.33,False,2274.88,33.32,21952.0
NU00841,NU_L129,train,40.74,11.693800000000003,0.33,False,2274.88,33.32,21952.0
NU00841,NU_L129,train,47.41,12.122399999999999,0.33,False,2274.88,33.32,21952.0
NU00841,NU_L129,train,55.24,12.551000000000002,0.33,False,2274.88,33.32,21952.0
NU00841,NU_L129,train,61.46,12.8367,0.33,False,2274.88,33.32,21952.0
NU00841,NU_L129,train,74.43,13.979599999999998,0.33,False,2274.88,33.32,21952.0
NU00841,NU_L129,train,89.15,13.408099999999997,0.33,False,2274.88,33.32,21952.0
NU00841,NU_L129,train,101.14,14.265300000000003,0.33,False,2274.88,33.32,21952.0
NU00841,NU_L129,train,112.4,13.550999999999995,0.33,False,2274.88,33.32,21952.0
NU00841,NU_L129,train,127.44,15.265300000000003,0.33,False,2274.88,33.32,21952.0
NU00841,NU_L129,train,137.4,17.112199999999994,0.33,False,2274.88,33.32,21952.0
NU00841,NU_L129,train,152.67,17.540799999999997,0.33,False,2274.88,33.32,21952.0
NU00843,NU_L129,train,0.32,0.0,0.32,True,2274.88,33.32,21952.0
NU00843,NU_L129,train,1.05,1.8774999999999977,0.32,True,2274.88,33.32,21952.0
NU00843,NU_L129,train,2.04,3.0305999999999997,0.32,True,2274.88,33.32,21952.0
NU00843,NU_L129,train,3.09,3.6019999999999968,0.32,True,2274.88,33.32,21952.0
NU00843,NU_L129,train,4.89,4.612199999999994,0.32,True,2274.88,33.32,21952.0
NU00843,NU_L129,train,5.86,5.183699999999995,0.32,True,2274.88,33.32,21952.0
NU00843,NU_L129,train,6.71,5.3367,0.32,True,2274.88,33.32,21952.0
NU00843,NU_L129,train,14.63,6.489799999999995,0.32,False,2274.88,33.32,21952.0
NU00843,NU_L129,train,20.33,7.346899999999998,0.32,False,2274.88,33.32,21952.0
NU00843,NU_L129,train,27.03,8.5,0.32,False,2274.88,33.32,21952.0
NU00843,NU_L129,train,34.35,9.224499999999999,0.32,False,2274.88,33.32,21952.0
NU00843,NU_L129,train,47.38,8.9388,0.32,False,2274.88,33.32,21952.0
NU00843,NU_L129,train,61.76,9.948999999999998,0.32,False,2274.88,33.32,21952.0
NU00843,NU_L129,train,72.83,10.8061,0.32,False,2274.88,33.32,21952.0
NU00843,NU_L129,train,88.65,10.377499999999998,0.32,False,2274.88,33.32,21952.0
NU00843,NU_L129,train,100.09,10.377499999999998,0.32,False,2274.88,33.32,21952.0
NU00843,NU_L129,train,115.81,11.816299999999998,0.32,False,2274.88,33.32,21952.0
NU00843,NU_L129,train,126.13,12.101999999999997,0.32,False,2274.88,33.32,21952.0
NU00843,NU_L129,train,138.06,11.673499999999997,0.32,False,2274.88,33.32,21952.0
NU00843,NU_L129,train,150.36,12.244899999999994,0.32,False,2274.88,33.32,21952.0
NU00847,NU_L129,train,0.16,0.0,0.16,True,2368.03,28.61,30184.0
NU00847,NU_L129,train,0.99,4.95920000000001,0.16,True,2368.03,28.61,30184.0
NU00847,NU_L129,train,2.02,10.489800000000002,0.16,True,2368.03,28.61,30184.0
NU00847,NU_L129,train,3.0,14.316300000000012,0.16,True,2368.03,28.61,30184.0
NU00847,NU_L129,train,4.88,18.428600000000003,0.16,True,2368.03,28.61,30184.0
NU00847,NU_L129,train,5.76,23.561700000000002,0.16,True,2368.03,28.61,30184.0
NU00847,NU_L129,train,6.91,25.8057,0.16,True,2368.03,28.61,30184.0
NU00847,NU_L129,train,13.78,36.21470000000001,0.16,False,2368.03,28.61,30184.0
NU00847,NU_L129,train,20.6,41.62270000000001,0.16,False,2368.03,28.61,30184.0
NU00847,NU_L129,train,27.79,47.234700000000004,0.16,False,2368.03,28.61,30184.0
NU00847,NU_L129,train,34.65,49.37770000000002,0.16,False,2368.03,28.61,30184.0
NU00847,NU_L129,train,41.08,50.3977,0.16,False,2368.03,28.61,30184.0
NU00847,NU_L129,train,47.5,53.8677,0.16,False,2368.03,28.61,30184.0
NU00847,NU_L129,train,53.88,55.19369999999999,0.16,False,2368.03,28.61,30184.0
NU00847,NU_L129,train,59.86,55.499700000000004,0.16,False,2368.03,28.61,30184.0
NU00847,NU_L129,train,73.08,60.60170000000001,0.16,False,2368.03,28.61,30184.0
NU00847,NU_L129,train,88.24,61.928700000000006,0.16,False,2368.03,28.61,30184.0
NU00847,NU_L129,train,99.0,62.642700000000005,0.16,False,2368.03,28.61,30184.0
NU00847,NU_L129,train,116.25,65.09170000000002,0.16,False,2368.03,28.61,30184.0
NU00847,NU_L129,train,128.93,64.98970000000001,0.16,False,2368.03,28.61,30184.0
NU00847,NU_L129,train,140.79,65.90770000000002,0.16,False,2368.03,28.61,30184.0
NU00847,NU_L129,train,155.31,64.98970000000001,0.16,False,2368.03,28.61,30184.0
NU00849,NU_L129,train,0.33,0.0,0.33,True,2368.03,28.61,30184.0
NU00849,NU_L129,train,2.2,4.112299999999998,0.33,True,2368.03,28.61,30184.0
NU00849,NU_L129,train,4.12,7.367399999999996,0.33,True,2368.03,28.61,30184.0
NU00849,NU_L129,train,5.96,8.214299999999994,0.33,True,2368.03,28.61,30184.0
NU00849,NU_L129,train,7.24,8.928599999999996,0.33,True,2368.03,28.61,30184.0
NU00849,NU_L129,train,14.14,10.204099999999997,0.33,False,2368.03,28.61,30184.0
NU00849,NU_L129,train,19.96,11.765299999999996,0.33,False,2368.03,28.61,30184.0
NU00849,NU_L129,train,27.91,14.591899999999995,0.33,False,2368.03,28.61,30184.0
NU00849,NU_L129,train,35.15,15.3061,0.33,False,2368.03,28.61,30184.0
NU00849,NU_L129,train,42.5,18.704099999999997,0.33,False,2368.03,28.61,30184.0
NU00849,NU_L129,train,48.62,18.989800000000002,0.33,False,2368.03,28.61,30184.0
NU00849,NU_L129,train,55.73,20.122500000000002,0.33,False,2368.03,28.61,30184.0
NU00849,NU_L129,train,63.88,20.551000000000002,0.33,False,2368.03,28.61,30184.0
NU00849,NU_L129,train,74.36,21.8266,0.33,False,2368.03,28.61,30184.0
NU00849,NU_L129,train,91.18,22.530599999999993,0.33,False,2368.03,28.61,30184.0
NU00849,NU_L129,train,105.48,23.663299999999992,0.33,False,2368.03,28.61,30184.0
NU00849,NU_L129,train,116.98,24.23469999999999,0.33,False,2368.03,28.61,30184.0
NU00849,NU_L129,train,132.43,25.928600000000003,0.33,False,2368.03,28.61,30184.0
NU00849,NU_L129,train,143.11,26.78569999999999,0.33,False,2368.03,28.61,30184.0
NU00849,NU_L129,train,159.5,26.928600000000003,0.33,False,2368.03,28.61,30184.0
NU00853,NU_L129,train,0.73,0.0,0.73,True,2399.2,31.46,25676.0
NU00853,NU_L129,train,1.01,0.724499999999999,0.73,True,2399.2,31.46,25676.0
NU00853,NU_L129,train,1.77,2.020400000000002,0.73,True,2399.2,31.46,25676.0
NU00853,NU_L129,train,2.89,3.4694000000000003,0.73,True,2399.2,31.46,25676.0
NU00853,NU_L129,train,3.75,3.908200000000001,0.73,True,2399.2,31.46,25676.0
NU00853,NU_L129,train,6.96,5.7856999999999985,0.73,True,2399.2,31.46,25676.0
NU00853,NU_L129,train,7.84,6.5101999999999975,0.73,True,2399.2,31.46,25676.0
NU00853,NU_L129,train,9.67,6.5101999999999975,0.73,True,2399.2,31.46,25676.0
NU00853,NU_L129,train,10.72,8.387799999999999,0.73,False,2399.2,31.46,25676.0
NU00853,NU_L129,train,13.3,8.234700000000004,0.73,False,2399.2,31.46,25676.0
NU00853,NU_L129,train,16.53,8.234700000000004,0.73,False,2399.2,31.46,25676.0
NU00853,NU_L129,train,17.47,9.398000000000003,0.73,False,2399.2,31.46,25676.0
NU00853,NU_L129,train,19.92,9.540799999999997,0.73,False,2399.2,31.46,25676.0
NU00853,NU_L129,train,21.13,8.959200000000003,0.73,False,2399.2,31.46,25676.0
NU00853,NU_L129,train,22.18,9.826500000000003,0.73,False,2399.2,31.46,25676.0
NU00853,NU_L129,train,24.04,9.398000000000003,0.73,False,2399.2,31.46,25676.0
NU00853,NU_L129,train,31.25,10.551000000000002,0.73,False,2399.2,31.46,25676.0
NU00853,NU_L129,train,34.25,10.122500000000002,0.73,False,2399.2,31.46,25676.0
NU00853,NU_L129,train,38.14,10.989800000000002,0.73,False,2399.2,31.46,25676.0
NU00853,NU_L129,train,41.7,11.857199999999999,0.73,False,2399.2,31.46,25676.0
NU00853,NU_L129,train,45.54,9.826500000000003,0.73,False,2399.2,31.46,25676.0
NU00853,NU_L129,train,47.47,10.4082,0.73,False,2399.2,31.46,25676.0
NU00853,NU_L129,train,51.35,9.398000000000003,0.73,False,2399.2,31.46,25676.0
NU00853,NU_L129,train,55.0,10.551000000000002,0.73,False,2399.2,31.46,25676.0
NU00853,NU_L129,train,63.73,12.142899999999997,0.73,False,2399.2,31.46,25676.0
NU00853,NU_L129,train,68.23,11.5612,0.73,False,2399.2,31.46,25676.0
NU00853,NU_L129,train,73.82,14.1633,0.73,False,2399.2,31.46,25676.0
NU00853,NU_L129,train,78.2,14.1633,0.73,False,2399.2,31.46,25676.0
NU00853,NU_L129,train,82.41,14.1633,0.73,False,2399.2,31.46,25676.0
NU00853,NU_L129,train,87.3,14.020400000000002,0.73,False,2399.2,31.46,25676.0
NU00853,NU_L129,train,97.43,14.020400000000002,0.73,False,2399.2,31.46,25676.0
NU00853,NU_L129,train,102.63,14.1633,0.73,False,2399.2,31.46,25676.0
NU00853,NU_L129,train,108.65,15.0306,0.73,False,2399.2,31.46,25676.0
NU00853,NU_L129,train,114.43,14.1633,0.73,False,2399.2,31.46,25676.0
NU00853,NU_L129,train,118.66,15.4694,0.73,False,2399.2,31.46,25676.0
NU00853,NU_L129,train,128.9,15.755099999999999,0.73,False,2399.2,31.46,25676.0
NU00853,NU_L129,train,133.66,15.755099999999999,0.73,False,2399.2,31.46,25676.0
NU00853,NU_L129,train,142.96,15.316299999999998,0.73,False,2399.2,31.46,25676.0
NU00853,NU_L129,train,155.28,16.040799999999997,0.73,False,2399.2,31.46,25676.0
NU00892,NU_L130,validation,0.04,0.0,0.04,True,2207.07,24.6,25088.0
NU00892,NU_L130,validation,0.05,5.102000000000004,0.04,True,2207.07,24.6,25088.0
NU00892,NU_L130,validation,0.1,7.142800000000008,0.04,True,2207.07,24.6,25088.0
NU00892,NU_L130,validation,0.2,9.183600000000013,0.04,True,2207.07,24.6,25088.0
NU00892,NU_L130,validation,0.4,11.224500000000006,0.04,True,2207.07,24.6,25088.0
NU00892,NU_L130,validation,1.0,20.408100000000005,0.04,True,2207.07,24.6,25088.0
NU00892,NU_L130,validation,2.0,25.51020000000001,0.04,True,2207.07,24.6,25088.0
NU00892,NU_L130,validation,3.1,30.611800000000002,0.04,True,2207.07,24.6,25088.0
NU00892,NU_L130,validation,4.1,34.69380000000001,0.04,True,2207.07,24.6,25088.0
NU00892,NU_L130,validation,5.2,36.73480000000001,0.04,True,2207.07,24.6,25088.0
NU00892,NU_L130,validation,6.2,36.73480000000001,0.04,True,2207.07,24.6,25088.0
NU00892,NU_L130,validation,7.2,38.775800000000004,0.04,True,2207.07,24.6,25088.0
NU00892,NU_L130,validation,8.3,42.85680000000001,0.04,True,2207.07,24.6,25088.0
NU00892,NU_L130,validation,10.2,43.87780000000001,0.04,False,2207.07,24.6,25088.0
NU00892,NU_L130,validation,12.2,43.87780000000001,0.04,False,2207.07,24.6,25088.0
NU00892,NU_L130,validation,14.4,47.95880000000001,0.04,False,2207.07,24.6,25088.0
NU00892,NU_L130,validation,17.3,47.95880000000001,0.04,False,2207.07,24.6,25088.0
NU00892,NU_L130,validation,19.5,52.040800000000004,0.04,False,2207.07,24.6,25088.0
NU00892,NU_L130,validation,21.5,55.10180000000001,0.04,False,2207.07,24.6,25088.0
NU00892,NU_L130,validation,24.9,53.0608,0.04,False,2207.07,24.6,25088.0
NU00892,NU_L130,validation,26.8,58.162800000000004,0.04,False,2207.07,24.6,25088.0
NU00892,NU_L130,validation,29.2,59.18380000000002,0.04,False,2207.07,24.6,25088.0
NU00892,NU_L130,validation,31.8,63.26480000000001,0.04,False,2207.07,24.6,25088.0
NU00892,NU_L130,validation,36.7,62.2448,0.04,False,2207.07,24.6,25088.0
NU00892,NU_L130,validation,41.6,65.3058,0.04,False,2207.07,24.6,25088.0
NU00892,NU_L130,validation,49.0,65.3058,0.04,False,2207.07,24.6,25088.0
NU00892,NU_L130,validation,56.0,67.3468,0.04,False,2207.07,24.6,25088.0
NU00892,NU_L130,validation,63.5,67.3468,0.04,False,2207.07,24.6,25088.0
NU00892,NU_L130,validation,70.5,67.3468,0.04,False,2207.07,24.6,25088.0
NU00892,NU_L130,validation,78.2,68.36780000000002,0.04,False,2207.07,24.6,25088.0
NU00892,NU_L130,validation,85.5,70.40780000000001,0.04,False,2207.07,24.6,25088.0
NU00892,NU_L130,validation,100.4,72.4488,0.04,False,2207.07,24.6,25088.0
NU00892,NU_L130,validation,116.8,72.4488,0.04,False,2207.07,24.6,25088.0
NU00892,NU_L130,validation,131.5,74.4898,0.04,False,2207.07,24.6,25088.0
NU00892,NU_L130,validation,146.5,74.4898,0.04,False,2207.07,24.6,25088.0
NU00892,NU_L130,validation,159.6,76.5308,0.04,False,2207.07,24.6,25088.0
NU00893,NU_L130,validation,0.04,0.0,0.04,True,2207.07,24.6,25088.0
NU00893,NU_L130,validation,0.07,8.163300000000007,0.04,True,2207.07,24.6,25088.0
NU00893,NU_L130,validation,0.1,10.204099999999997,0.04,True,2207.07,24.6,25088.0
NU00893,NU_L130,validation,0.2,12.244900000000001,0.04,True,2207.07,24.6,25088.0
NU00893,NU_L130,validation,0.4,14.285799999999995,0.04,True,2207.07,24.6,25088.0
NU00893,NU_L130,validation,1.0,20.408200000000008,0.04,True,2207.07,24.6,25088.0
NU00893,NU_L130,validation,2.1,23.469400000000007,0.04,True,2207.07,24.6,25088.0
NU00893,NU_L130,validation,3.1,26.530699999999996,0.04,True,2207.07,24.6,25088.0
NU00893,NU_L130,validation,4.2,30.612300000000005,0.04,True,2207.07,24.6,25088.0
NU00893,NU_L130,validation,5.2,33.673500000000004,0.04,True,2207.07,24.6,25088.0
NU00893,NU_L130,validation,6.2,37.7551,0.04,True,2207.07,24.6,25088.0
NU00893,NU_L130,validation,7.3,36.734700000000004,0.04,True,2207.07,24.6,25088.0
NU00893,NU_L130,validation,8.3,37.7551,0.04,True,2207.07,24.6,25088.0
NU00893,NU_L130,validation,10.3,40.8164,0.04,False,2207.07,24.6,25088.0
NU00893,NU_L130,validation,13.3,42.857200000000006,0.04,False,2207.07,24.6,25088.0
NU00893,NU_L130,validation,15.5,43.8776,0.04,False,2207.07,24.6,25088.0
NU00893,NU_L130,validation,17.5,45.9186,0.04,False,2207.07,24.6,25088.0
NU00893,NU_L130,validation,20.5,48.979600000000005,0.04,False,2207.07,24.6,25088.0
NU00893,NU_L130,validation,22.5,49.9996,0.04,False,2207.07,24.6,25088.0
NU00893,NU_L130,validation,25.1,51.0206,0.04,False,2207.07,24.6,25088.0
NU00893,NU_L130,validation,28.0,52.0406,0.04,False,2207.07,24.6,25088.0
NU00893,NU_L130,validation,31.9,54.081599999999995,0.04,False,2207.07,24.6,25088.0
NU00893,NU_L130,validation,34.8,56.122600000000006,0.04,False,2207.07,24.6,25088.0
NU00893,NU_L130,validation,39.0,56.122600000000006,0.04,False,2207.07,24.6,25088.0
NU00893,NU_L130,validation,44.1,58.1636,0.04,False,2207.07,24.6,25088.0
NU00893,NU_L130,validation,51.2,59.1836,0.04,False,2207.07,24.6,25088.0
NU00893,NU_L130,validation,59.0,62.244600000000005,0.04,False,2207.07,24.6,25088.0
NU00893,NU_L130,validation,65.8,63.265600000000006,0.04,False,2207.07,24.6,25088.0
NU00893,NU_L130,validation,75.1,63.265600000000006,0.04,False,2207.07,24.6,25088.0
NU00893,NU_L130,validation,80.5,65.3066,0.04,False,2207.07,24.6,25088.0
NU00893,NU_L130,validation,96.2,65.3066,0.04,False,2207.07,24.6,25088.0
NU00893,NU_L130,validation,111.0,70.4086,0.04,False,2207.07,24.6,25088.0
NU00893,NU_L130,validation,127.8,71.4286,0.04,False,2207.07,24.6,25088.0
NU00893,NU_L130,validation,142.3,73.46960000000001,0.04,False,2207.07,24.6,25088.0
NU00893,NU_L130,validation,156.8,73.46960000000001,0.04,False,2207.07,24.6,25088.0
NU00894,NU_L130,validation,0.1,0.0,0.1,True,2207.07,24.6,25088.0
NU00894,NU_L130,validation,0.15,1.020399999999995,0.1,True,2207.07,24.6,25088.0
NU00894,NU_L130,validation,0.25,2.0407999999999973,0.1,True,2207.07,24.6,25088.0
NU00894,NU_L130,validation,0.45,4.081599999999995,0.1,True,2207.07,24.6,25088.0
NU00894,NU_L130,validation,1.05,6.122399999999999,0.1,True,2207.07,24.6,25088.0
NU00894,NU_L130,validation,2.05,11.224499999999999,0.1,True,2207.07,24.6,25088.0
NU00894,NU_L130,validation,3.15,11.224499999999999,0.1,True,2207.07,24.6,25088.0
NU00894,NU_L130,validation,4.15,13.265299999999996,0.1,True,2207.07,24.6,25088.0
NU00894,NU_L130,validation,5.15,15.3061,0.1,True,2207.07,24.6,25088.0
NU00894,NU_L130,validation,6.15,15.3061,0.1,True,2207.07,24.6,25088.0
NU00894,NU_L130,validation,7.25,16.326500000000003,0.1,True,2207.07,24.6,25088.0
NU00894,NU_L130,validation,8.25,18.367299999999993,0.1,True,2207.07,24.6,25088.0
NU00894,NU_L130,validation,10.15,19.387700000000002,0.1,False,2207.07,24.6,25088.0
NU00894,NU_L130,validation,13.25,21.428599999999996,0.1,False,2207.07,24.6,25088.0
NU00894,NU_L130,validation,15.35,22.44899999999999,0.1,False,2207.07,24.6,25088.0
NU00894,NU_L130,validation,17.15,23.4694,0.1,False,2207.07,24.6,25088.0
NU00894,NU_L130,validation,20.15,24.489799999999995,0.1,False,2207.07,24.6,25088.0
NU00894,NU_L130,validation,22.35,25.51019999999999,0.1,False,2207.07,24.6,25088.0
NU00894,NU_L130,validation,24.65,27.550999999999995,0.1,False,2207.07,24.6,25088.0
NU00894,NU_L130,validation,27.45,28.571400000000004,0.1,False,2207.07,24.6,25088.0
NU00894,NU_L130,validation,31.45,28.571400000000004,0.1,False,2207.07,24.6,25088.0
NU00894,NU_L130,validation,34.85,29.5918,0.1,False,2207.07,24.6,25088.0
NU00894,NU_L130,validation,38.95,30.612199999999994,0.1,False,2207.07,24.6,25088.0
NU00894,NU_L130,validation,43.85,32.653,0.1,False,2207.07,24.6,25088.0
NU00894,NU_L130,validation,50.65,33.6735,0.1,False,2207.07,24.6,25088.0
NU00894,NU_L130,validation,58.55,34.69389999999999,0.1,False,2207.07,24.6,25088.0
NU00894,NU_L130,validation,64.95,36.7347,0.1,False,2207.07,24.6,25088.0
NU00894,NU_L130,validation,71.25,37.75509999999999,0.1,False,2207.07,24.6,25088.0
NU00894,NU_L130,validation,79.95,39.795899999999996,0.1,False,2207.07,24.6,25088.0
NU00894,NU_L130,validation,95.95,41.8367,0.1,False,2207.07,24.6,25088.0
NU00894,NU_L130,validation,108.35,43.87749999999999,0.1,False,2207.07,24.6,25088.0
NU00894,NU_L130,validation,126.95,44.8979,0.1,False,2207.07,24.6,25088.0
NU00894,NU_L130,validation,139.25,44.8979,0.1,False,2207.07,24.6,25088.0
NU00894,NU_L130,validation,152.95,45.918299999999995,0.1,False,2207.07,24.6,25088.0
NU00895,NU_L130,validation,0.07,0.0,0.07,True,2207.07,24.6,25088.0
NU00895,NU_L130,validation,0.2,2.0407999999999973,0.07,True,2207.07,24.6,25088.0
NU00895,NU_L130,validation,0.3,2.0407999999999973,0.07,True,2207.07,24.6,25088.0
NU00895,NU_L130,validation,1.0,8.163199999999996,0.07,True,2207.07,24.6,25088.0
NU00895,NU_L130,validation,2.0,11.224399999999996,0.07,True,2207.07,24.6,25088.0
NU00895,NU_L130,validation,6.9,18.3673,0.07,True,2207.07,24.6,25088.0
NU00895,NU_L130,validation,7.2,16.326499999999996,0.07,True,2207.07,24.6,25088.0
NU00895,NU_L130,validation,8.0,17.346899999999998,0.07,True,2207.07,24.6,25088.0
NU00895,NU_L130,validation,9.0,16.326499999999996,0.07,True,2207.07,24.6,25088.0
NU00895,NU_L130,validation,10.0,14.285699999999999,0.07,True,2207.07,24.6,25088.0
NU00895,NU_L130,validation,13.0,16.326499999999996,0.07,False,2207.07,24.6,25088.0
NU00895,NU_L130,validation,14.8,20.408099999999997,0.07,False,2207.07,24.6,25088.0
NU00895,NU_L130,validation,17.0,20.408099999999997,0.07,False,2207.07,24.6,25088.0
NU00895,NU_L130,validation,19.9,21.428499999999993,0.07,False,2207.07,24.6,25088.0
NU00895,NU_L130,validation,27.1,22.448900000000002,0.07,False,2207.07,24.6,25088.0
NU00895,NU_L130,validation,34.4,24.489799999999995,0.07,False,2207.07,24.6,25088.0
NU00895,NU_L130,validation,40.3,27.550999999999995,0.07,False,2207.07,24.6,25088.0
NU00895,NU_L130,validation,41.6,28.57139999999999,0.07,False,2207.07,24.6,25088.0
NU00895,NU_L130,validation,47.6,29.5918,0.07,False,2207.07,24.6,25088.0
NU00895,NU_L130,validation,54.8,36.7347,0.07,False,2207.07,24.6,25088.0
NU00895,NU_L130,validation,61.8,35.7142,0.07,False,2207.07,24.6,25088.0
NU00895,NU_L130,validation,76.7,36.7347,0.07,False,2207.07,24.6,25088.0
NU00895,NU_L130,validation,82.4,39.795899999999996,0.07,False,2207.07,24.6,25088.0
NU00895,NU_L130,validation,88.6,38.7755,0.07,False,2207.07,24.6,25088.0
NU00895,NU_L130,validation,95.2,39.795899999999996,0.07,False,2207.07,24.6,25088.0
NU00896,NU_L130,validation,0.1,0.0,0.1,True,2207.07,24.6,25088.0
NU00896,NU_L130,validation,1.0,1.6326000000000036,0.1,True,2207.07,24.6,25088.0
NU00896,NU_L130,validation,1.2,1.122399999999999,0.1,True,2207.07,24.6,25088.0
NU00896,NU_L130,validation,2.0,3.775500000000001,0.1,True,2207.07,24.6,25088.0
NU00896,NU_L130,validation,3.0,2.7550999999999988,0.1,True,2207.07,24.6,25088.0
NU00896,NU_L130,validation,4.3,3.9795000000000016,0.1,True,2207.07,24.6,25088.0
NU00896,NU_L130,validation,5.0,4.8979,0.1,True,2207.07,24.6,25088.0
NU00896,NU_L130,validation,5.9,9.081600000000002,0.1,True,2207.07,24.6,25088.0
NU00896,NU_L130,validation,6.9,7.652999999999999,0.1,True,2207.07,24.6,25088.0
NU00896,NU_L130,validation,7.9,9.5918,0.1,True,2207.07,24.6,25088.0
NU00896,NU_L130,validation,8.9,14.387700000000002,0.1,True,2207.07,24.6,25088.0
NU00896,NU_L130,validation,9.8,12.040799999999997,0.1,True,2207.07,24.6,25088.0
NU00896,NU_L130,validation,12.8,17.7551,0.1,False,2207.07,24.6,25088.0
NU00896,NU_L130,validation,13.7,13.265300000000003,0.1,False,2207.07,24.6,25088.0
NU00896,NU_L130,validation,15.9,14.693800000000003,0.1,False,2207.07,24.6,25088.0
NU00896,NU_L130,validation,16.9,14.5918,0.1,False,2207.07,24.6,25088.0
NU00896,NU_L130,validation,22.8,17.7551,0.1,False,2207.07,24.6,25088.0
NU00896,NU_L130,validation,26.5,19.0816,0.1,False,2207.07,24.6,25088.0
NU00896,NU_L130,validation,27.6,16.632600000000004,0.1,False,2207.07,24.6,25088.0
NU00896,NU_L130,validation,29.6,16.1224,0.1,False,2207.07,24.6,25088.0
NU00896,NU_L130,validation,30.8,19.387700000000002,0.1,False,2207.07,24.6,25088.0
NU00896,NU_L130,validation,35.0,21.7346,0.1,False,2207.07,24.6,25088.0
NU00896,NU_L130,validation,40.4,21.632600000000004,0.1,False,2207.07,24.6,25088.0
NU00896,NU_L130,validation,47.2,19.5918,0.1,False,2207.07,24.6,25088.0
NU00896,NU_L130,validation,54.8,22.959100000000007,0.1,False,2207.07,24.6,25088.0
NU00896,NU_L130,validation,61.6,22.040799999999997,0.1,False,2207.07,24.6,25088.0
NU00896,NU_L130,validation,68.0,20.6122,0.1,False,2207.07,24.6,25088.0
NU00896,NU_L130,validation,75.6,22.1428,0.1,False,2207.07,24.6,25088.0
NU00896,NU_L130,validation,83.0,23.3673,0.1,False,2207.07,24.6,25088.0
NU00896,NU_L130,validation,88.2,24.489800000000002,0.1,False,2207.07,24.6,25088.0
NU00896,NU_L130,validation,94.8,24.387699999999995,0.1,False,2207.07,24.6,25088.0
NU00897,NU_L130,validation,0.03,0.0,0.03,True,2177.07,24.79,26068.0
NU00897,NU_L130,validation,0.2,10.204100000000004,0.03,True,2177.07,24.79,26068.0
NU00897,NU_L130,validation,0.3,14.387700000000002,0.03,True,2177.07,24.79,26068.0
NU00897,NU_L130,validation,1.0,22.1428,0.03,True,2177.07,24.79,26068.0
NU00897,NU_L130,validation,2.0,29.5918,0.03,True,2177.07,24.79,26068.0
NU00897,NU_L130,validation,3.1,34.8979,0.03,True,2177.07,24.79,26068.0
NU00897,NU_L130,validation,4.1,37.550999999999995,0.03,True,2177.07,24.79,26068.0
NU00897,NU_L130,validation,5.1,39.99999999999999,0.03,True,2177.07,24.79,26068.0
NU00897,NU_L130,validation,6.1,42.3466,0.03,True,2177.07,24.79,26068.0
NU00897,NU_L130,validation,7.2,45.2036,0.03,True,2177.07,24.79,26068.0
NU00897,NU_L130,validation,8.2,44.999599999999994,0.03,True,2177.07,24.79,26068.0
NU00897,NU_L130,validation,11.2,47.7546,0.03,False,2177.07,24.79,26068.0
NU00897,NU_L130,validation,13.2,51.73459999999999,0.03,False,2177.07,24.79,26068.0
NU00897,NU_L130,validation,15.4,52.7546,0.03,False,2177.07,24.79,26068.0
NU00897,NU_L130,validation,18.4,54.7956,0.03,False,2177.07,24.79,26068.0
NU00897,NU_L130,validation,20.4,55.1016,0.03,False,2177.07,24.79,26068.0
NU00897,NU_L130,validation,22.3,55.1016,0.03,False,2177.07,24.79,26068.0
NU00897,NU_L130,validation,25.7,55.2036,0.03,False,2177.07,24.79,26068.0
NU00897,NU_L130,validation,27.5,62.142599999999995,0.03,False,2177.07,24.79,26068.0
NU00897,NU_L130,validation,29.6,60.510600000000004,0.03,False,2177.07,24.79,26068.0
NU00897,NU_L130,validation,32.6,61.73459999999999,0.03,False,2177.07,24.79,26068.0
NU00897,NU_L130,validation,36.3,64.18360000000001,0.03,False,2177.07,24.79,26068.0
NU00897,NU_L130,validation,41.6,64.18360000000001,0.03,False,2177.07,24.79,26068.0
NU00897,NU_L130,validation,48.5,66.7346,0.03,False,2177.07,24.79,26068.0
NU00897,NU_L130,validation,55.7,66.7346,0.03,False,2177.07,24.79,26068.0
NU00897,NU_L130,validation,62.4,70.9186,0.03,False,2177.07,24.79,26068.0
NU00897,NU_L130,validation,70.2,69.28559999999999,0.03,False,2177.07,24.79,26068.0
NU00897,NU_L130,validation,76.4,71.7346,0.03,False,2177.07,24.79,26068.0
NU00897,NU_L130,validation,83.5,74.79559999999998,0.03,False,2177.07,24.79,26068.0
NU00897,NU_L130,validation,97.6,80.10159999999999,0.03,False,2177.07,24.79,26068.0
NU00897,NU_L130,validation,115.0,82.5506,0.03,False,2177.07,24.79,26068.0
NU00897,NU_L130,validation,127.0,83.6736,0.03,False,2177.07,24.79,26068.0
NU00897,NU_L130,validation,141.0,86.53059999999999,0.03,False,2177.07,24.79,26068.0
NU00897,NU_L130,validation,151.0,84.89759999999998,0.03,False,2177.07,24.79,26068.0
NU00898,NU_L130,validation,0.03,0.0,0.03,True,2177.07,24.79,26068.0
NU00898,NU_L130,validation,0.06,1.7346999999999966,0.03,True,2177.07,24.79,26068.0
NU00898,NU_L130,validation,0.07,4.387799999999999,0.03,True,2177.07,24.79,26068.0
NU00898,NU_L130,validation,0.21,9.898000000000003,0.03,True,2177.07,24.79,26068.0
NU00898,NU_L130,validation,0.31,10.714300000000001,0.03,True,2177.07,24.79,26068.0
NU00898,NU_L130,validation,1.01,17.959200000000003,0.03,True,2177.07,24.79,26068.0
NU00898,NU_L130,validation,2.11,21.428599999999996,0.03,True,2177.07,24.79,26068.0
NU00898,NU_L130,validation,3.11,25.510200000000005,0.03,True,2177.07,24.79,26068.0
NU00898,NU_L130,validation,4.21,27.8572,0.03,True,2177.07,24.79,26068.0
NU00898,NU_L130,validation,5.21,30.7143,0.03,True,2177.07,24.79,26068.0
NU00898,NU_L130,validation,6.31,32.5511,0.03,True,2177.07,24.79,26068.0
NU00898,NU_L130,validation,7.21,33.7755,0.03,True,2177.07,24.79,26068.0
NU00898,NU_L130,validation,9.11,35.9184,0.03,True,2177.07,24.79,26068.0
NU00898,NU_L130,validation,11.21,39.898,0.03,False,2177.07,24.79,26068.0
NU00898,NU_L130,validation,14.31,41.836800000000004,0.03,False,2177.07,24.79,26068.0
NU00898,NU_L130,validation,16.71,43.3671,0.03,False,2177.07,24.79,26068.0
NU00898,NU_L130,validation,18.71,44.490100000000005,0.03,False,2177.07,24.79,26068.0
NU00898,NU_L130,validation,21.61,47.2451,0.03,False,2177.07,24.79,26068.0
NU00898,NU_L130,validation,23.61,48.571099999999994,0.03,False,2177.07,24.79,26068.0
NU00898,NU_L130,validation,29.01,51.633100000000006,0.03,False,2177.07,24.79,26068.0
NU00898,NU_L130,validation,38.01,52.5511,0.03,False,2177.07,24.79,26068.0
NU00898,NU_L130,validation,45.21,55.000099999999996,0.03,False,2177.07,24.79,26068.0
NU00898,NU_L130,validation,51.51,57.449099999999994,0.03,False,2177.07,24.79,26068.0
NU00898,NU_L130,validation,59.81,58.877100000000006,0.03,False,2177.07,24.79,26068.0
NU00898,NU_L130,validation,65.41,60.612100000000005,0.03,False,2177.07,24.79,26068.0
NU00898,NU_L130,validation,73.31,61.9391,0.03,False,2177.07,24.79,26068.0
NU00898,NU_L130,validation,80.61,63.6731,0.03,False,2177.07,24.79,26068.0
NU00898,NU_L130,validation,92.91,66.4291,0.03,False,2177.07,24.79,26068.0
NU00898,NU_L130,validation,109.81,70.30609999999999,0.03,False,2177.07,24.79,26068.0
NU00898,NU_L130,validation,120.91,71.9391,0.03,False,2177.07,24.79,26068.0
NU00898,NU_L130,validation,140.31,72.55110000000002,0.03,False,2177.07,24.79,26068.0
NU00898,NU_L130,validation,151.61,74.59210000000002,0.03,False,2177.07,24.79,26068.0
NU00899,NU_L130,validation,0.15,0.0,0.15,True,2177.07,24.79,26068.0
NU00899,NU_L130,validation,0.19,1.0204000000000022,0.15,True,2177.07,24.79,26068.0
NU00899,NU_L130,validation,0.32,1.8368000000000038,0.15,True,2177.07,24.79,26068.0
NU00899,NU_L130,validation,0.42,4.5919000000000025,0.15,True,2177.07,24.79,26068.0
NU00899,NU_L130,validation,1.12,8.061300000000003,0.15,True,2177.07,24.79,26068.0
NU00899,NU_L130,validation,2.12,10.816400000000002,0.15,True,2177.07,24.79,26068.0
NU00899,NU_L130,validation,3.22,13.775500000000008,0.15,True,2177.07,24.79,26068.0
NU00899,NU_L130,validation,4.22,15.408200000000008,0.15,True,2177.07,24.79,26068.0
NU00899,NU_L130,validation,5.22,16.9388,0.15,True,2177.07,24.79,26068.0
NU00899,NU_L130,validation,6.22,18.673500000000004,0.15,True,2177.07,24.79,26068.0
NU00899,NU_L130,validation,7.22,20.510199999999998,0.15,True,2177.07,24.79,26068.0
NU00899,NU_L130,validation,9.12,21.224500000000006,0.15,True,2177.07,24.79,26068.0
NU00899,NU_L130,validation,11.22,22.551000000000002,0.15,False,2177.07,24.79,26068.0
NU00899,NU_L130,validation,14.32,23.673500000000004,0.15,False,2177.07,24.79,26068.0
NU00899,NU_L130,validation,16.12,25.306200000000004,0.15,False,2177.07,24.79,26068.0
NU00899,NU_L130,validation,18.32,26.020399999999995,0.15,False,2177.07,24.79,26068.0
NU00899,NU_L130,validation,21.42,27.2449,0.15,False,2177.07,24.79,26068.0
NU00899,NU_L130,validation,23.62,27.551000000000002,0.15,False,2177.07,24.79,26068.0
NU00899,NU_L130,validation,25.32,28.673500000000004,0.15,False,2177.07,24.79,26068.0
NU00899,NU_L130,validation,28.52,28.673500000000004,0.15,False,2177.07,24.79,26068.0
NU00899,NU_L130,validation,32.42,30.510199999999998,0.15,False,2177.07,24.79,26068.0
NU00899,NU_L130,validation,37.32,31.6327,0.15,False,2177.07,24.79,26068.0
NU00899,NU_L130,validation,44.42,33.46940000000001,0.15,False,2177.07,24.79,26068.0
NU00899,NU_L130,validation,50.92,36.1225,0.15,False,2177.07,24.79,26068.0
NU00899,NU_L130,validation,58.02,35.8164,0.15,False,2177.07,24.79,26068.0
NU00899,NU_L130,validation,65.52,37.7551,0.15,False,2177.07,24.79,26068.0
NU00899,NU_L130,validation,72.82,38.77550000000001,0.15,False,2177.07,24.79,26068.0
NU00899,NU_L130,validation,79.32,41.4286,0.15,False,2177.07,24.79,26068.0
NU00899,NU_L130,validation,94.32,44.1837,0.15,False,2177.07,24.79,26068.0
NU00899,NU_L130,validation,108.32,47.040800000000004,0.15,False,2177.07,24.79,26068.0
NU00899,NU_L130,validation,122.42,48.16330000000001,0.15,False,2177.07,24.79,26068.0
NU00899,NU_L130,validation,136.82,48.0612,0.15,False,2177.07,24.79,26068.0
NU00899,NU_L130,validation,151.12,49.285700000000006,0.15,False,2177.07,24.79,26068.0
NU00900,NU_L130,validation,0.2,0.0,0.2,True,2177.07,24.79,26068.0
NU00900,NU_L130,validation,0.3,2.9591999999999956,0.2,True,2177.07,24.79,26068.0
NU00900,NU_L130,validation,1.0,10.816299999999998,0.2,True,2177.07,24.79,26068.0
NU00900,NU_L130,validation,2.0,15.918399999999991,0.2,True,2177.07,24.79,26068.0
NU00900,NU_L130,validation,3.1,20.204099999999997,0.2,True,2177.07,24.79,26068.0
NU00900,NU_L130,validation,4.1,23.97959999999999,0.2,True,2177.07,24.79,26068.0
NU00900,NU_L130,validation,5.1,25.408199999999994,0.2,True,2177.07,24.79,26068.0
NU00900,NU_L130,validation,6.1,27.959199999999996,0.2,True,2177.07,24.79,26068.0
NU00900,NU_L130,validation,7.1,29.591799999999992,0.2,True,2177.07,24.79,26068.0
NU00900,NU_L130,validation,9.1,32.34689999999999,0.2,True,2177.07,24.79,26068.0
NU00900,NU_L130,validation,11.1,34.081599999999995,0.2,False,2177.07,24.79,26068.0
NU00900,NU_L130,validation,14.4,36.530199999999994,0.2,False,2177.07,24.79,26068.0
NU00900,NU_L130,validation,16.3,37.7552,0.2,False,2177.07,24.79,26068.0
NU00900,NU_L130,validation,18.4,38.7752,0.2,False,2177.07,24.79,26068.0
NU00900,NU_L130,validation,25.5,42.551199999999994,0.2,False,2177.07,24.79,26068.0
NU00900,NU_L130,validation,28.7,43.3672,0.2,False,2177.07,24.79,26068.0
NU00900,NU_L130,validation,32.5,44.3882,0.2,False,2177.07,24.79,26068.0
NU00900,NU_L130,validation,51.1,51.12219999999999,0.2,False,2177.07,24.79,26068.0
NU00900,NU_L130,validation,58.3,50.6122,0.2,False,2177.07,24.79,26068.0
NU00900,NU_L130,validation,65.1,52.85719999999999,0.2,False,2177.07,24.79,26068.0
NU00900,NU_L130,validation,72.0,53.7752,0.2,False,2177.07,24.79,26068.0
NU00900,NU_L130,validation,78.9,54.8982,0.2,False,2177.07,24.79,26068.0
NU00900,NU_L130,validation,92.6,57.0412,0.2,False,2177.07,24.79,26068.0
NU00900,NU_L130,validation,109.0,61.0202,0.2,False,2177.07,24.79,26068.0
NU00900,NU_L130,validation,120.5,60.71419999999999,0.2,False,2177.07,24.79,26068.0
NU00900,NU_L130,validation,138.2,61.428200000000004,0.2,False,2177.07,24.79,26068.0
NU00900,NU_L130,validation,150.5,63.1632,0.2,False,2177.07,24.79,26068.0
NU00901,NU_L130,validation,0.02,0.0,0.02,True,2173.85,33.71,28322.0
NU00901,NU_L130,validation,0.03,5.5101999999999975,0.02,True,2173.85,33.71,28322.0
NU00901,NU_L130,validation,0.07,9.489799999999988,0.02,True,2173.85,33.71,28322.0
NU00901,NU_L130,validation,0.2,13.67349999999999,0.02,True,2173.85,33.71,28322.0
NU00901,NU_L130,validation,0.3,19.081599999999995,0.02,True,2173.85,33.71,28322.0
NU00901,NU_L130,validation,1.0,27.2449,0.02,True,2173.85,33.71,28322.0
NU00901,NU_L130,validation,2.0,34.897999999999996,0.02,True,2173.85,33.71,28322.0
NU00901,NU_L130,validation,3.0,41.9383,0.02,True,2173.85,33.71,28322.0
NU00901,NU_L130,validation,3.9,48.979299999999995,0.02,True,2173.85,33.71,28322.0
NU00901,NU_L130,validation,4.9,55.714299999999994,0.02,True,2173.85,33.71,28322.0
NU00901,NU_L130,validation,5.9,58.6733,0.02,True,2173.85,33.71,28322.0
NU00901,NU_L130,validation,7.0,63.46929999999999,0.02,True,2173.85,33.71,28322.0
NU00901,NU_L130,validation,7.9,67.3473,0.02,True,2173.85,33.71,28322.0
NU00901,NU_L130,validation,9.9,73.97929999999998,0.02,True,2173.85,33.71,28322.0
NU00901,NU_L130,validation,11.7,78.6733,0.02,False,2173.85,33.71,28322.0
NU00901,NU_L130,validation,13.9,82.9593,0.02,False,2173.85,33.71,28322.0
NU00901,NU_L130,validation,16.9,92.55129999999998,0.02,False,2173.85,33.71,28322.0
NU00901,NU_L130,validation,19.0,91.32629999999999,0.02,False,2173.85,33.71,28322.0
NU00901,NU_L130,validation,20.7,94.3873,0.02,False,2173.85,33.71,28322.0
NU00901,NU_L130,validation,23.7,98.26529999999998,0.02,False,2173.85,33.71,28322.0
NU00901,NU_L130,validation,25.4,99.89829999999999,0.02,False,2173.85,33.71,28322.0
NU00901,NU_L130,validation,27.4,100.9183,0.02,False,2173.85,33.71,28322.0
NU00901,NU_L130,validation,30.6,103.7753,0.02,False,2173.85,33.71,28322.0
NU00901,NU_L130,validation,34.2,107.65329999999999,0.02,False,2173.85,33.71,28322.0
NU00901,NU_L130,validation,39.8,109.69429999999998,0.02,False,2173.85,33.71,28322.0
NU00901,NU_L130,validation,46.8,114.79629999999999,0.02,False,2173.85,33.71,28322.0
NU00901,NU_L130,validation,53.0,117.65329999999999,0.02,False,2173.85,33.71,28322.0
NU00901,NU_L130,validation,58.7,119.4903,0.02,False,2173.85,33.71,28322.0
NU00901,NU_L130,validation,65.9,123.6733,0.02,False,2173.85,33.71,28322.0
NU00901,NU_L130,validation,73.2,125.9183,0.02,False,2173.85,33.71,28322.0
NU00901,NU_L130,validation,81.2,126.0203,0.02,False,2173.85,33.71,28322.0
NU00901,NU_L130,validation,95.7,128.1633,0.02,False,2173.85,33.71,28322.0
NU00901,NU_L130,validation,109.6,132.8573,0.02,False,2173.85,33.71,28322.0
NU00901,NU_L130,validation,123.2,133.67329999999998,0.02,False,2173.85,33.71,28322.0
NU00901,NU_L130,validation,134.4,135.6123,0.02,False,2173.85,33.71,28322.0
NU00901,NU_L130,validation,148.8,138.1633,0.02,False,2173.85,33.71,28322.0
NU00901,NU_L130,validation,160.0,139.4903,0.02,False,2173.85,33.71,28322.0
NU00902,NU_L130,validation,0.14,0.0,0.14,True,2173.85,33.71,28322.0
NU00902,NU_L130,validation,0.2,2.551000000000002,0.14,True,2173.85,33.71,28322.0
NU00902,NU_L130,validation,0.32,9.898000000000003,0.14,True,2173.85,33.71,28322.0
NU00902,NU_L130,validation,0.42,11.836800000000004,0.14,True,2173.85,33.71,28322.0
NU00902,NU_L130,validation,1.12,20.3061,0.14,True,2173.85,33.71,28322.0
NU00902,NU_L130,validation,2.12,25.612300000000005,0.14,True,2173.85,33.71,28322.0
NU00902,NU_L130,validation,3.12,29.285700000000006,0.14,True,2173.85,33.71,28322.0
NU00902,NU_L130,validation,4.02,33.265299999999996,0.14,True,2173.85,33.71,28322.0
NU00902,NU_L130,validation,5.12,35.71430000000001,0.14,True,2173.85,33.71,28322.0
NU00902,NU_L130,validation,6.12,37.65310000000001,0.14,True,2173.85,33.71,28322.0
NU00902,NU_L130,validation,7.12,40.10210000000001,0.14,True,2173.85,33.71,28322.0
NU00902,NU_L130,validation,8.12,39.285700000000006,0.14,True,2173.85,33.71,28322.0
NU00902,NU_L130,validation,10.02,41.8368,0.14,False,2173.85,33.71,28322.0
NU00902,NU_L130,validation,13.02,44.6939,0.14,False,2173.85,33.71,28322.0
NU00902,NU_L130,validation,15.12,47.449,0.14,False,2173.85,33.71,28322.0
NU00902,NU_L130,validation,17.02,48.16330000000001,0.14,False,2173.85,33.71,28322.0
NU00902,NU_L130,validation,19.82,49.7959,0.14,False,2173.85,33.71,28322.0
NU00902,NU_L130,validation,22.02,49.6939,0.14,False,2173.85,33.71,28322.0
NU00902,NU_L130,validation,23.82,51.8369,0.14,False,2173.85,33.71,28322.0
NU00902,NU_L130,validation,27.02,52.346900000000005,0.14,False,2173.85,33.71,28322.0
NU00902,NU_L130,validation,30.72,53.2649,0.14,False,2173.85,33.71,28322.0
NU00902,NU_L130,validation,33.72,54.9999,0.14,False,2173.85,33.71,28322.0
NU00902,NU_L130,validation,37.62,55.611900000000006,0.14,False,2173.85,33.71,28322.0
NU00902,NU_L130,validation,42.82,56.734899999999996,0.14,False,2173.85,33.71,28322.0
NU00902,NU_L130,validation,48.92,59.2859,0.14,False,2173.85,33.71,28322.0
NU00902,NU_L130,validation,56.22,60.4079,0.14,False,2173.85,33.71,28322.0
NU00902,NU_L130,validation,63.12,61.938900000000004,0.14,False,2173.85,33.71,28322.0
NU00902,NU_L130,validation,69.82,63.5719,0.14,False,2173.85,33.71,28322.0
NU00902,NU_L130,validation,77.82,63.8779,0.14,False,2173.85,33.71,28322.0
NU00902,NU_L130,validation,90.62,67.6529,0.14,False,2173.85,33.71,28322.0
NU00902,NU_L130,validation,107.02,69.6939,0.14,False,2173.85,33.71,28322.0
NU00902,NU_L130,validation,121.92,70.7139,0.14,False,2173.85,33.71,28322.0
NU00902,NU_L130,validation,133.02,71.8369,0.14,False,2173.85,33.71,28322.0
NU00902,NU_L130,validation,145.72,71.4289,0.14,False,2173.85,33.71,28322.0
NU00902,NU_L130,validation,158.92,72.8569,0.14,False,2173.85,33.71,28322.0
NU00903,NU_L130,validation,0.01,0.0,0.01,True,2173.85,33.71,28322.0
NU00903,NU_L130,validation,0.02,1.4284999999999997,0.01,True,2173.85,33.71,28322.0
NU00903,NU_L130,validation,0.06,3.3673,0.01,True,2173.85,33.71,28322.0
NU00903,NU_L130,validation,0.26,5.612200000000001,0.01,True,2173.85,33.71,28322.0
NU00903,NU_L130,validation,0.96,9.6939,0.01,True,2173.85,33.71,28322.0
NU00903,NU_L130,validation,1.96,13.265300000000003,0.01,True,2173.85,33.71,28322.0
NU00903,NU_L130,validation,2.96,15.3061,0.01,True,2173.85,33.71,28322.0
NU00903,NU_L130,validation,3.96,17.653,0.01,True,2173.85,33.71,28322.0
NU00903,NU_L130,validation,4.86,19.387700000000002,0.01,True,2173.85,33.71,28322.0
NU00903,NU_L130,validation,6.06,21.122400000000006,0.01,True,2173.85,33.71,28322.0
NU00903,NU_L130,validation,6.96,21.428500000000007,0.01,True,2173.85,33.71,28322.0
NU00903,NU_L130,validation,7.96,22.55100000000001,0.01,True,2173.85,33.71,28322.0
NU00903,NU_L130,validation,9.96,23.673400000000008,0.01,True,2173.85,33.71,28322.0
NU00903,NU_L130,validation,12.76,25.510200000000005,0.01,False,2173.85,33.71,28322.0
NU00903,NU_L130,validation,14.76,27.040799999999997,0.01,False,2173.85,33.71,28322.0
NU00903,NU_L130,validation,16.86,28.061200000000007,0.01,False,2173.85,33.71,28322.0
NU00903,NU_L130,validation,19.76,29.2857,0.01,False,2173.85,33.71,28322.0
NU00903,NU_L130,validation,21.86,30.91830000000001,0.01,False,2173.85,33.71,28322.0
NU00903,NU_L130,validation,23.66,30.7143,0.01,False,2173.85,33.71,28322.0
NU00903,NU_L130,validation,26.86,32.3469,0.01,False,2173.85,33.71,28322.0
NU00903,NU_L130,validation,30.66,34.3877,0.01,False,2173.85,33.71,28322.0
NU00903,NU_L130,validation,33.56,35.102,0.01,False,2173.85,33.71,28322.0
NU00903,NU_L130,validation,37.96,36.7347,0.01,False,2173.85,33.71,28322.0
NU00903,NU_L130,validation,42.56,38.36730000000001,0.01,False,2173.85,33.71,28322.0
NU00903,NU_L130,validation,48.96,39.3877,0.01,False,2173.85,33.71,28322.0
NU00903,NU_L130,validation,56.66,40.4081,0.01,False,2173.85,33.71,28322.0
NU00903,NU_L130,validation,63.66,41.93880000000001,0.01,False,2173.85,33.71,28322.0
NU00903,NU_L130,validation,69.16,43.571400000000004,0.01,False,2173.85,33.71,28322.0
NU00903,NU_L130,validation,78.56,44.8979,0.01,False,2173.85,33.71,28322.0
NU00903,NU_L130,validation,89.86,46.7347,0.01,False,2173.85,33.71,28322.0
NU00903,NU_L130,validation,104.16,47.755100000000006,0.01,False,2173.85,33.71,28322.0
NU00903,NU_L130,validation,120.86,49.0816,0.01,False,2173.85,33.71,28322.0
NU00903,NU_L130,validation,132.96,49.693900000000006,0.01,False,2173.85,33.71,28322.0
NU00903,NU_L130,validation,146.06,50.91830000000001,0.01,False,2173.85,33.71,28322.0
NU00903,NU_L130,validation,158.16,50.91830000000001,0.01,False,2173.85,33.71,28322.0
NU00904,NU_L130,validation,0.05,0.0,0.05,True,2173.85,33.71,28322.0
NU00904,NU_L130,validation,0.1,6.122500000000002,0.05,True,2173.85,33.71,28322.0
NU00904,NU_L130,validation,1.0,17.449000000000005,0.05,True,2173.85,33.71,28322.0
NU00904,NU_L130,validation,2.0,22.959200000000003,0.05,True,2173.85,33.71,28322.0
NU00904,NU_L130,validation,2.9,26.5306,0.05,True,2173.85,33.71,28322.0
NU00904,NU_L130,validation,3.9,28.1633,0.05,True,2173.85,33.71,28322.0
NU00904,NU_L130,validation,4.9,28.1633,0.05,True,2173.85,33.71,28322.0
NU00904,NU_L130,validation,5.9,32.244899999999994,0.05,True,2173.85,33.71,28322.0
NU00904,NU_L130,validation,6.9,33.4694,0.05,True,2173.85,33.71,28322.0
NU00904,NU_L130,validation,7.8,34.795899999999996,0.05,True,2173.85,33.71,28322.0
NU00904,NU_L130,validation,9.7,37.755100000000006,0.05,True,2173.85,33.71,28322.0
NU00904,NU_L130,validation,12.5,39.898,0.05,False,2173.85,33.71,28322.0
NU00904,NU_L130,validation,14.7,41.8367,0.05,False,2173.85,33.71,28322.0
NU00904,NU_L130,validation,16.5,43.1633,0.05,False,2173.85,33.71,28322.0
NU00904,NU_L130,validation,19.5,43.877599999999994,0.05,False,2173.85,33.71,28322.0
NU00904,NU_L130,validation,21.4,44.0816,0.05,False,2173.85,33.71,28322.0
NU00904,NU_L130,validation,23.4,45.7143,0.05,False,2173.85,33.71,28322.0
NU00904,NU_L130,validation,26.3,46.0204,0.05,False,2173.85,33.71,28322.0
NU00904,NU_L130,validation,30.1,47.244899999999994,0.05,False,2173.85,33.71,28322.0
NU00904,NU_L130,validation,32.8,48.1633,0.05,False,2173.85,33.71,28322.0
NU00904,NU_L130,validation,37.7,49.38740000000001,0.05,False,2173.85,33.71,28322.0
NU00904,NU_L130,validation,41.7,50.714400000000005,0.05,False,2173.85,33.71,28322.0
NU00904,NU_L130,validation,47.7,51.0204,0.05,False,2173.85,33.71,28322.0
NU00904,NU_L130,validation,55.7,52.551399999999994,0.05,False,2173.85,33.71,28322.0
NU00904,NU_L130,validation,62.1,53.8774,0.05,False,2173.85,33.71,28322.0
NU00904,NU_L130,validation,67.2,55.102399999999996,0.05,False,2173.85,33.71,28322.0
NU00904,NU_L130,validation,75.4,55.000400000000006,0.05,False,2173.85,33.71,28322.0
NU00904,NU_L130,validation,88.9,57.551399999999994,0.05,False,2173.85,33.71,28322.0
NU00904,NU_L130,validation,103.1,58.571400000000004,0.05,False,2173.85,33.71,28322.0
NU00904,NU_L130,validation,118.8,59.2854,0.05,False,2173.85,33.71,28322.0
NU00904,NU_L130,validation,131.5,61.224399999999996,0.05,False,2173.85,33.71,28322.0
NU00904,NU_L130,validation,144.0,61.224399999999996,0.05,False,2173.85,33.71,28322.0
NU00904,NU_L130,validation,157.7,61.7344,0.05,False,2173.85,33.71,28322.0
NU00905,NU_L130,validation,0.04,0.0,0.04,True,2173.85,33.71,28322.0
NU00905,NU_L130,validation,0.1,9.285700000000006,0.04,True,2173.85,33.71,28322.0
NU00905,NU_L130,validation,0.4,16.224400000000003,0.04,True,2173.85,33.71,28322.0
NU00905,NU_L130,validation,1.0,24.286100000000005,0.04,True,2173.85,33.71,28322.0
NU00905,NU_L130,validation,2.0,30.3061,0.04,True,2173.85,33.71,28322.0
NU00905,NU_L130,validation,3.0,37.95910000000001,0.04,True,2173.85,33.71,28322.0
NU00905,NU_L130,validation,3.9,40.10210000000001,0.04,True,2173.85,33.71,28322.0
NU00905,NU_L130,validation,5.0,41.7351,0.04,True,2173.85,33.71,28322.0
NU00905,NU_L130,validation,6.0,43.265100000000004,0.04,True,2173.85,33.71,28322.0
NU00905,NU_L130,validation,8.0,43.673100000000005,0.04,True,2173.85,33.71,28322.0
NU00905,NU_L130,validation,9.9,45.51010000000001,0.04,True,2173.85,33.71,28322.0
NU00905,NU_L130,validation,12.8,47.4491,0.04,False,2173.85,33.71,28322.0
NU00905,NU_L130,validation,17.0,48.8771,0.04,False,2173.85,33.71,28322.0
NU00905,NU_L130,validation,20.1,48.4691,0.04,False,2173.85,33.71,28322.0
NU00905,NU_L130,validation,24.1,48.265100000000004,0.04,False,2173.85,33.71,28322.0
NU00905,NU_L130,validation,27.1,51.02010000000001,0.04,False,2173.85,33.71,28322.0
NU00905,NU_L130,validation,31.0,50.6121,0.04,False,2173.85,33.71,28322.0
NU00905,NU_L130,validation,38.1,53.06110000000001,0.04,False,2173.85,33.71,28322.0
NU00905,NU_L130,validation,43.7,54.38810000000001,0.04,False,2173.85,33.71,28322.0
NU00905,NU_L130,validation,49.9,54.592100000000016,0.04,False,2173.85,33.71,28322.0
NU00905,NU_L130,validation,57.6,56.22409999999999,0.04,False,2173.85,33.71,28322.0
NU00905,NU_L130,validation,63.3,57.24510000000001,0.04,False,2173.85,33.71,28322.0
NU00905,NU_L130,validation,70.3,57.7551,0.04,False,2173.85,33.71,28322.0
NU00905,NU_L130,validation,77.6,58.163100000000014,0.04,False,2173.85,33.71,28322.0
NU00905,NU_L130,validation,92.1,59.592100000000016,0.04,False,2173.85,33.71,28322.0
NU00905,NU_L130,validation,107.8,60.40809999999999,0.04,False,2173.85,33.71,28322.0
NU00905,NU_L130,validation,123.7,60.40809999999999,0.04,False,2173.85,33.71,28322.0
NU00905,NU_L130,validation,133.6,61.939099999999996,0.04,False,2173.85,33.71,28322.0
NU00905,NU_L130,validation,141.9,60.20410000000001,0.04,False,2173.85,33.71,28322.0
NU00906,NU_L130,validation,0.05,0.0,0.05,True,2173.85,33.71,28322.0
NU00906,NU_L130,validation,0.1,9.38770000000001,0.05,True,2173.85,33.71,28322.0
NU00906,NU_L130,validation,0.3,16.93870000000001,0.05,True,2173.85,33.71,28322.0
NU00906,NU_L130,validation,1.0,28.469800000000006,0.05,True,2173.85,33.71,28322.0
NU00906,NU_L130,validation,2.0,42.040800000000004,0.05,True,2173.85,33.71,28322.0
NU00906,NU_L130,validation,3.0,50.71380000000002,0.05,True,2173.85,33.71,28322.0
NU00906,NU_L130,validation,3.9,58.46979999999999,0.05,True,2173.85,33.71,28322.0
NU00906,NU_L130,validation,5.0,61.6328,0.05,True,2173.85,33.71,28322.0
NU00906,NU_L130,validation,6.0,64.08180000000002,0.05,True,2173.85,33.71,28322.0
NU00906,NU_L130,validation,7.0,67.4488,0.05,True,2173.85,33.71,28322.0
NU00906,NU_L130,validation,8.0,70.8158,0.05,True,2173.85,33.71,28322.0
NU00906,NU_L130,validation,9.9,74.4898,0.05,True,2173.85,33.71,28322.0
NU00906,NU_L130,validation,13.0,82.4488,0.05,False,2173.85,33.71,28322.0
NU00906,NU_L130,validation,14.8,84.08180000000002,0.05,False,2173.85,33.71,28322.0
NU00906,NU_L130,validation,17.3,84.79580000000001,0.05,False,2173.85,33.71,28322.0
NU00906,NU_L130,validation,20.1,87.9588,0.05,False,2173.85,33.71,28322.0
NU00906,NU_L130,validation,22.1,89.9998,0.05,False,2173.85,33.71,28322.0
NU00906,NU_L130,validation,24.4,92.75480000000002,0.05,False,2173.85,33.71,28322.0
NU00906,NU_L130,validation,27.3,95.1018,0.05,False,2173.85,33.71,28322.0
NU00906,NU_L130,validation,31.4,97.55080000000001,0.05,False,2173.85,33.71,28322.0
NU00906,NU_L130,validation,33.9,98.46979999999999,0.05,False,2173.85,33.71,28322.0
NU00906,NU_L130,validation,38.3,100.71380000000002,0.05,False,2173.85,33.71,28322.0
NU00906,NU_L130,validation,43.4,103.87780000000001,0.05,False,2173.85,33.71,28322.0
NU00906,NU_L130,validation,49.5,106.7348,0.05,False,2173.85,33.71,28322.0
NU00906,NU_L130,validation,57.1,109.2858,0.05,False,2173.85,33.71,28322.0
NU00906,NU_L130,validation,63.8,110.1018,0.05,False,2173.85,33.71,28322.0
NU00906,NU_L130,validation,70.3,111.93880000000001,0.05,False,2173.85,33.71,28322.0
NU00906,NU_L130,validation,79.0,113.97980000000001,0.05,False,2173.85,33.71,28322.0
NU00906,NU_L130,validation,92.0,119.3878,0.05,False,2173.85,33.71,28322.0
NU00906,NU_L130,validation,108.5,120.8158,0.05,False,2173.85,33.71,28322.0
NU00906,NU_L130,validation,121.9,121.83680000000001,0.05,False,2173.85,33.71,28322.0
NU00906,NU_L130,validation,133.6,124.08180000000002,0.05,False,2173.85,33.71,28322.0
NU00906,NU_L130,validation,145.4,124.2858,0.05,False,2173.85,33.71,28322.0
NU00908,NU_L130,validation,0.22,0.0,0.22,True,2173.85,33.71,28322.0
NU00908,NU_L130,validation,0.42,0.0,0.22,True,2173.85,33.71,28322.0
NU00908,NU_L130,validation,1.12,-1.2245000000000061,0.22,True,2173.85,33.71,28322.0
NU00908,NU_L130,validation,1.32,3.775499999999994,0.22,True,2173.85,33.71,28322.0
NU00908,NU_L130,validation,2.12,5.306099999999994,0.22,True,2173.85,33.71,28322.0
NU00908,NU_L130,validation,3.12,6.938799999999993,0.22,True,2173.85,33.71,28322.0
NU00908,NU_L130,validation,5.92,13.469399999999993,0.22,True,2173.85,33.71,28322.0
NU00908,NU_L130,validation,7.02,13.0612,0.22,True,2173.85,33.71,28322.0
NU00908,NU_L130,validation,8.02,17.857099999999996,0.22,True,2173.85,33.71,28322.0
NU00908,NU_L130,validation,9.02,12.959199999999996,0.22,True,2173.85,33.71,28322.0
NU00908,NU_L130,validation,9.92,15.510199999999998,0.22,True,2173.85,33.71,28322.0
NU00908,NU_L130,validation,13.02,16.836699999999993,0.22,False,2173.85,33.71,28322.0
NU00908,NU_L130,validation,13.82,15.612199999999994,0.22,False,2173.85,33.71,28322.0
NU00908,NU_L130,validation,14.92,16.2245,0.22,False,2173.85,33.71,28322.0
NU00908,NU_L130,validation,15.72,18.265299999999996,0.22,False,2173.85,33.71,28322.0
NU00908,NU_L130,validation,17.02,16.2245,0.22,False,2173.85,33.71,28322.0
NU00908,NU_L130,validation,20.82,18.1633,0.22,False,2173.85,33.71,28322.0
NU00908,NU_L130,validation,26.62,20.714299999999994,0.22,False,2173.85,33.71,28322.0
NU00908,NU_L130,validation,27.62,22.7551,0.22,False,2173.85,33.71,28322.0
NU00908,NU_L130,validation,29.92,21.938799999999993,0.22,False,2173.85,33.71,28322.0
NU00908,NU_L130,validation,32.12,20.612199999999994,0.22,False,2173.85,33.71,28322.0
NU00908,NU_L130,validation,33.32,19.6939,0.22,False,2173.85,33.71,28322.0
NU00908,NU_L130,validation,34.62,23.877499999999998,0.22,False,2173.85,33.71,28322.0
NU00908,NU_L130,validation,37.52,20.612199999999994,0.22,False,2173.85,33.71,28322.0
NU00908,NU_L130,validation,40.52,23.265299999999996,0.22,False,2173.85,33.71,28322.0
NU00908,NU_L130,validation,41.12,25.0,0.22,False,2173.85,33.71,28322.0
NU00908,NU_L130,validation,48.42,23.673499999999997,0.22,False,2173.85,33.71,28322.0
NU00908,NU_L130,validation,55.22,22.653099999999995,0.22,False,2173.85,33.71,28322.0
NU00908,NU_L130,validation,62.82,22.857099999999996,0.22,False,2173.85,33.71,28322.0
NU00908,NU_L130,validation,68.72,26.020399999999995,0.22,False,2173.85,33.71,28322.0
NU00908,NU_L130,validation,74.42,26.5306,0.22,False,2173.85,33.71,28322.0
NU00908,NU_L130,validation,79.82,26.632599999999996,0.22,False,2173.85,33.71,28322.0
NU00908,NU_L130,validation,87.52,26.326499999999996,0.22,False,2173.85,33.71,28322.0
NU00908,NU_L130,validation,94.82,28.469399999999993,0.22,False,2173.85,33.71,28322.0
NU00909,NU_L131,test,0.01,0.0,0.01,True,2207.07,24.89,25480.0
NU00909,NU_L131,test,0.15,12.663299999999992,0.01,True,2207.07,24.89,25480.0
NU00909,NU_L131,test,1.04,22.765299999999996,0.01,True,2207.07,24.89,25480.0
NU00909,NU_L131,test,2.06,28.010199999999998,0.01,True,2207.07,24.89,25480.0
NU00909,NU_L131,test,3.06,31.41839999999999,0.01,True,2207.07,24.89,25480.0
NU00909,NU_L131,test,4.08,34.520399999999995,0.01,True,2207.07,24.89,25480.0
NU00909,NU_L131,test,9.14,43.5004,0.01,True,2207.07,24.89,25480.0
NU00909,NU_L131,test,19.2,52.5814,0.01,False,2207.07,24.89,25480.0
NU00909,NU_L131,test,29.62,57.78539999999998,0.01,False,2207.07,24.89,25480.0
NU00909,NU_L131,test,39.98,61.357399999999984,0.01,False,2207.07,24.89,25480.0
NU00909,NU_L131,test,50.25,64.5204,0.01,False,2207.07,24.89,25480.0
NU00909,NU_L131,test,100.4,73.8064,0.01,False,2207.07,24.89,25480.0
NU00910,NU_L131,test,0.35,0.0,0.35,True,2207.07,24.89,25480.0
NU00910,NU_L131,test,1.02,5.091800000000006,0.35,True,2207.07,24.89,25480.0
NU00910,NU_L131,test,2.07,10.051000000000002,0.35,True,2207.07,24.89,25480.0
NU00910,NU_L131,test,3.06,13.5,0.35,True,2207.07,24.89,25480.0
NU00910,NU_L131,test,4.1,16.397900000000007,0.35,True,2207.07,24.89,25480.0
NU00910,NU_L131,test,9.14,25.4795,0.35,True,2207.07,24.89,25480.0
NU00910,NU_L131,test,19.1,34.1122,0.35,False,2207.07,24.89,25480.0
NU00910,NU_L131,test,29.31,38.90820000000001,0.35,False,2207.07,24.89,25480.0
NU00910,NU_L131,test,39.78,43.092200000000005,0.35,False,2207.07,24.89,25480.0
NU00910,NU_L131,test,50.0,45.8472,0.35,False,2207.07,24.89,25480.0
NU00910,NU_L131,test,99.9,54.5202,0.35,False,2207.07,24.89,25480.0
NU00912,NU_L131,test,0.18,0.0,0.18,True,2158.24,24.79,29106.0
NU00912,NU_L131,test,1.01,9.142899999999997,0.18,True,2158.24,24.79,29106.0
NU00912,NU_L131,test,2.05,14.724499999999992,0.18,True,2158.24,24.79,29106.0
NU00912,NU_L131,test,3.1,18.530599999999993,0.18,True,2158.24,24.79,29106.0
NU00912,NU_L131,test,4.12,22.204099999999997,0.18,True,2158.24,24.79,29106.0
NU00912,NU_L131,test,9.19,31.86739999999999,0.18,True,2158.24,24.79,29106.0
NU00912,NU_L131,test,19.5,41.56139999999999,0.18,False,2158.24,24.79,29106.0
NU00912,NU_L131,test,29.78,47.58139999999999,0.18,False,2158.24,24.79,29106.0
NU00912,NU_L131,test,39.96,51.255399999999995,0.18,False,2158.24,24.79,29106.0
NU00912,NU_L131,test,49.5,54.82639999999999,0.18,False,2158.24,24.79,29106.0
NU00912,NU_L131,test,100.0,64.4184,0.18,False,2158.24,24.79,29106.0
NU00913,NU_L131,test,0.15,0.0,0.15,True,2158.24,24.79,29106.0
NU00913,NU_L131,test,1.04,7.5,0.15,True,2158.24,24.79,29106.0
NU00913,NU_L131,test,2.05,12.326499999999996,0.15,True,2158.24,24.79,29106.0
NU00913,NU_L131,test,3.08,16.632599999999996,0.15,True,2158.24,24.79,29106.0
NU00913,NU_L131,test,4.12,19.081599999999995,0.15,True,2158.24,24.79,29106.0
NU00913,NU_L131,test,9.19,28.571399999999997,0.15,True,2158.24,24.79,29106.0
NU00913,NU_L131,test,19.29,37.897499999999994,0.15,False,2158.24,24.79,29106.0
NU00913,NU_L131,test,29.78,43.918499999999995,0.15,False,2158.24,24.79,29106.0
NU00913,NU_L131,test,39.76,47.183499999999995,0.15,False,2158.24,24.79,29106.0
NU00913,NU_L131,test,49.75,50.5505,0.15,False,2158.24,24.79,29106.0
NU00913,NU_L131,test,99.0,60.040499999999994,0.15,False,2158.24,24.79,29106.0
NU00914,NU_L131,test,0.06,0.0,0.06,True,2158.24,24.79,29106.0
NU00914,NU_L131,test,1.03,13.898000000000003,0.06,True,2158.24,24.79,29106.0
NU00914,NU_L131,test,2.05,18.734699999999997,0.06,True,2158.24,24.79,29106.0
NU00914,NU_L131,test,3.06,21.989799999999995,0.06,True,2158.24,24.79,29106.0
NU00914,NU_L131,test,4.12,24.571400000000004,0.06,True,2158.24,24.79,29106.0
NU00914,NU_L131,test,9.19,33.010200000000005,0.06,True,2158.24,24.79,29106.0
NU00914,NU_L131,test,19.29,41.0405,0.06,False,2158.24,24.79,29106.0
NU00914,NU_L131,test,29.31,46.6535,0.06,False,2158.24,24.79,29106.0
NU00914,NU_L131,test,39.57,49.4085,0.06,False,2158.24,24.79,29106.0
NU00914,NU_L131,test,50.0,51.755500000000005,0.06,False,2158.24,24.79,29106.0
NU00914,NU_L131,test,101.0,60.83650000000001,0.06,False,2158.24,24.79,29106.0
NU00915,NU_L131,test,0.21,0.0,0.21,True,2158.24,24.79,29106.0
NU00915,NU_L131,test,1.0,5.173500000000004,0.21,True,2158.24,24.79,29106.0
NU00915,NU_L131,test,2.02,9.255099999999999,0.21,True,2158.24,24.79,29106.0
NU00915,NU_L131,test,3.04,11.8061,0.21,True,2158.24,24.79,29106.0
NU00915,NU_L131,test,4.12,14.673499999999997,0.21,True,2158.24,24.79,29106.0
NU00915,NU_L131,test,9.24,21.347,0.21,True,2158.24,24.79,29106.0
NU00915,NU_L131,test,19.19,27.520400000000002,0.21,False,2158.24,24.79,29106.0
NU00915,NU_L131,test,29.46,31.428599999999996,0.21,False,2158.24,24.79,29106.0
NU00915,NU_L131,test,39.76,34.428599999999996,0.21,False,2158.24,24.79,29106.0
NU00915,NU_L131,test,49.5,36.7347,0.21,False,2158.24,24.79,29106.0
NU00915,NU_L131,test,100.0,43.37760000000001,0.21,False,2158.24,24.79,29106.0
NU00916,NU_L131,test,0.27,0.0,0.27,True,2149.8,39.69,28616.0
NU00916,NU_L131,test,1.02,11.704000000000008,0.27,True,2149.8,39.69,28616.0
NU00916,NU_L131,test,2.09,22.55080000000001,0.27,True,2149.8,39.69,28616.0
NU00916,NU_L131,test,3.04,30.509800000000013,0.27,True,2149.8,39.69,28616.0
NU00916,NU_L131,test,4.12,36.73480000000001,0.27,True,2149.8,39.69,28616.0
NU00916,NU_L131,test,9.05,53.97980000000001,0.27,True,2149.8,39.69,28616.0
NU00916,NU_L131,test,19.09,72.2448,0.27,False,2149.8,39.69,28616.0
NU00916,NU_L131,test,28.85,82.4488,0.27,False,2149.8,39.69,28616.0
NU00916,NU_L131,test,49.0,95.71380000000002,0.27,False,2149.8,39.69,28616.0
NU00916,NU_L131,test,100.5,114.79580000000001,0.27,False,2149.8,39.69,28616.0
NU00916,NU_L131,test,138.3,123.6738,0.27,False,2149.8,39.69,28616.0
NU00917,NU_L131,test,0.11,0.0,0.11,True,2149.8,39.69,28616.0
NU00917,NU_L131,test,1.0,9.9388,0.11,True,2149.8,39.69,28616.0
NU00917,NU_L131,test,2.04,14.969399999999993,0.11,True,2149.8,39.69,28616.0
NU00917,NU_L131,test,3.04,18.102000000000004,0.11,True,2149.8,39.69,28616.0
NU00917,NU_L131,test,4.1,20.948999999999998,0.11,True,2149.8,39.69,28616.0
NU00917,NU_L131,test,9.0,28.734700000000004,0.11,True,2149.8,39.69,28616.0
NU00917,NU_L131,test,19.0,36.8571,0.11,False,2149.8,39.69,28616.0
NU00917,NU_L131,test,28.85,41.4692,0.11,False,2149.8,39.69,28616.0
NU00917,NU_L131,test,39.18,44.7342,0.11,False,2149.8,39.69,28616.0
NU00917,NU_L131,test,49.5,48.102199999999996,0.11,False,2149.8,39.69,28616.0
NU00917,NU_L131,test,97.99,56.26519999999999,0.11,False,2149.8,39.69,28616.0
NU00918,NU_L131,test,0.33,0.0,0.33,True,2149.8,39.69,28616.0
NU00918,NU_L131,test,1.0,6.5,0.33,True,2149.8,39.69,28616.0
NU00918,NU_L131,test,2.06,11.489800000000002,0.33,True,2149.8,39.69,28616.0
NU00918,NU_L131,test,2.98,14.346900000000005,0.33,True,2149.8,39.69,28616.0
NU00918,NU_L131,test,4.07,16.653000000000006,0.33,True,2149.8,39.69,28616.0
NU00918,NU_L131,test,9.1,23.38770000000001,0.33,True,2149.8,39.69,28616.0
NU00918,NU_L131,test,19.19,30.32650000000001,0.33,False,2149.8,39.69,28616.0
NU00918,NU_L131,test,29.0,34.58160000000001,0.33,False,2149.8,39.69,28616.0
NU00918,NU_L131,test,39.94,37.4179,0.33,False,2149.8,39.69,28616.0
NU00918,NU_L131,test,49.5,39.754900000000006,0.33,False,2149.8,39.69,28616.0
NU00918,NU_L131,test,96.99,46.7959,0.33,False,2149.8,39.69,28616.0
NU00919,NU_L131,test,0.31,0.0,0.31,True,2149.8,39.69,28616.0
NU00919,NU_L131,test,1.01,4.551000000000002,0.31,True,2149.8,39.69,28616.0
NU00919,NU_L131,test,2.01,8.6633,0.31,True,2149.8,39.69,28616.0
NU00919,NU_L131,test,3.02,11.357199999999999,0.31,True,2149.8,39.69,28616.0
NU00919,NU_L131,test,4.1,13.316299999999998,0.31,True,2149.8,39.69,28616.0
NU00919,NU_L131,test,9.05,19.8061,0.31,True,2149.8,39.69,28616.0
NU00919,NU_L131,test,18.9,26.3878,0.31,False,2149.8,39.69,28616.0
NU00919,NU_L131,test,28.41,30.1939,0.31,False,2149.8,39.69,28616.0
NU00919,NU_L131,test,39.75,33.3266,0.31,False,2149.8,39.69,28616.0
NU00919,NU_L131,test,49.5,35.3368,0.31,False,2149.8,39.69,28616.0
NU00919,NU_L131,test,99.0,42.3164,0.31,False,2149.8,39.69,28616.0
NU00920,NU_L131,test,0.34,0.0,0.34,True,2149.8,39.69,28616.0
NU00920,NU_L131,test,1.06,7.040999999999997,0.34,True,2149.8,39.69,28616.0
NU00920,NU_L131,test,2.03,9.591999999999999,0.34,True,2149.8,39.69,28616.0
NU00920,NU_L131,test,3.0,11.632999999999996,0.34,True,2149.8,39.69,28616.0
NU00920,NU_L131,test,4.07,13.572000000000003,0.34,True,2149.8,39.69,28616.0
NU00920,NU_L131,test,9.2,18.674000000000007,0.34,True,2149.8,39.69,28616.0
NU00920,NU_L131,test,19.5,23.265,0.34,False,2149.8,39.69,28616.0
NU00920,NU_L131,test,29.3,25.50999999999999,0.34,False,2149.8,39.69,28616.0
NU00920,NU_L131,test,39.58,27.754999999999995,0.34,False,2149.8,39.69,28616.0
NU00920,NU_L131,test,49.5,28.878000000000014,0.34,False,2149.8,39.69,28616.0
NU00920,NU_L131,test,101.0,34.59200000000001,0.34,False,2149.8,39.69,28616.0
NU00921,NU_L131,test,0.25,0.0,0.25,True,2149.8,39.69,28616.0
NU00921,NU_L131,test,1.05,15.0,0.25,True,2149.8,39.69,28616.0
NU00921,NU_L131,test,2.05,23.878,0.25,True,2149.8,39.69,28616.0
NU00921,NU_L131,test,3.02,29.49000000000001,0.25,True,2149.8,39.69,28616.0
NU00921,NU_L131,test,4.07,34.591999999999985,0.25,True,2149.8,39.69,28616.0
NU00921,NU_L131,test,9.25,49.184,0.25,True,2149.8,39.69,28616.0
NU00921,NU_L131,test,19.7,62.653999999999996,0.25,False,2149.8,39.69,28616.0
NU00921,NU_L131,test,29.92,70.40899999999999,0.25,False,2149.8,39.69,28616.0
NU00921,NU_L131,test,39.98,77.96000000000001,0.25,False,2149.8,39.69,28616.0
NU00921,NU_L131,test,50.01,82.143,0.25,False,2149.8,39.69,28616.0
NU00921,NU_L131,test,102.0,95.81700000000001,0.25,False,2149.8,39.69,28616.0
NU00922,NU_L131,test,0.2,0.0,0.2,True,2149.8,39.69,28616.0
NU00922,NU_L131,test,1.03,8.010200000000005,0.2,True,2149.8,39.69,28616.0
NU00922,NU_L131,test,2.03,12.653100000000002,0.2,True,2149.8,39.69,28616.0
NU00922,NU_L131,test,3.02,15.500000000000007,0.2,True,2149.8,39.69,28616.0
NU00922,NU_L131,test,4.07,18.3367,0.2,True,2149.8,39.69,28616.0
NU00922,NU_L131,test,9.2,26.5306,0.2,True,2149.8,39.69,28616.0
NU00922,NU_L131,test,19.4,34.4694,0.2,False,2149.8,39.69,28616.0
NU00922,NU_L131,test,29.45,39.5204,0.2,False,2149.8,39.69,28616.0
NU00922,NU_L131,test,39.98,42.88740000000001,0.2,False,2149.8,39.69,28616.0
NU00922,NU_L131,test,50.01,45.438399999999994,0.2,False,2149.8,39.69,28616.0
NU00922,NU_L131,test,101.0,54.316399999999994,0.2,False,2149.8,39.69,28616.0
NU00924,NU_L132,train,0.06,0.0,0.06,True,2207.37,23.23,25480.0
NU00924,NU_L132,train,0.14,0.20410000000000394,0.06,True,2207.37,23.23,25480.0
NU00924,NU_L132,train,0.17,1.0204000000000022,0.06,True,2207.37,23.23,25480.0
NU00924,NU_L132,train,0.29,2.142800000000001,0.06,True,2207.37,23.23,25480.0
NU00924,NU_L132,train,1.07,3.1835999999999984,0.06,True,2207.37,23.23,25480.0
NU00924,NU_L132,train,1.26,2.979600000000005,0.06,True,2207.37,23.23,25480.0
NU00924,NU_L132,train,2.1,6.306100000000001,0.06,True,2207.37,23.23,25480.0
NU00924,NU_L132,train,3.08,6.204100000000004,0.06,True,2207.37,23.23,25480.0
NU00924,NU_L132,train,3.41,5.163200000000003,0.06,True,2207.37,23.23,25480.0
NU00924,NU_L132,train,5.42,6.9285,0.06,True,2207.37,23.23,25480.0
NU00924,NU_L132,train,6.39,12.346899999999998,0.06,True,2207.37,23.23,25480.0
NU00924,NU_L132,train,7.45,10.581600000000002,0.06,True,2207.37,23.23,25480.0
NU00924,NU_L132,train,8.43,12.346899999999998,0.06,True,2207.37,23.23,25480.0
NU00924,NU_L132,train,9.76,17.2449,0.06,True,2207.37,23.23,25480.0
NU00924,NU_L132,train,10.62,14.183599999999998,0.06,False,2207.37,23.23,25480.0
NU00924,NU_L132,train,13.97,20.0,0.06,False,2207.37,23.23,25480.0
NU00924,NU_L132,train,15.16,15.714300000000001,0.06,False,2207.37,23.23,25480.0
NU00924,NU_L132,train,15.92,16.8367,0.06,False,2207.37,23.23,25480.0
NU00924,NU_L132,train,17.0,16.938700000000004,0.06,False,2207.37,23.23,25480.0
NU00924,NU_L132,train,18.14,16.734700000000004,0.06,False,2207.37,23.23,25480.0
NU00924,NU_L132,train,24.83,20.408100000000005,0.06,False,2207.37,23.23,25480.0
NU00924,NU_L132,train,28.66,21.5306,0.06,False,2207.37,23.23,25480.0
NU00924,NU_L132,train,30.3,19.387700000000002,0.06,False,2207.37,23.23,25480.0
NU00924,NU_L132,train,31.53,20.0,0.06,False,2207.37,23.23,25480.0
NU00924,NU_L132,train,31.78,18.6734,0.06,False,2207.37,23.23,25480.0
NU00924,NU_L132,train,32.8,21.938700000000004,0.06,False,2207.37,23.23,25480.0
NU00924,NU_L132,train,35.51,22.765300000000003,0.06,False,2207.37,23.23,25480.0
NU00924,NU_L132,train,38.73,24.1836,0.06,False,2207.37,23.23,25480.0
NU00924,NU_L132,train,43.93,23.857100000000003,0.06,False,2207.37,23.23,25480.0
NU00924,NU_L132,train,51.41,22.663200000000003,0.06,False,2207.37,23.23,25480.0
NU00924,NU_L132,train,59.19,24.826500000000003,0.06,False,2207.37,23.23,25480.0
NU00924,NU_L132,train,67.61,24.1836,0.06,False,2207.37,23.23,25480.0
NU00924,NU_L132,train,79.03,23.5306,0.06,False,2207.37,23.23,25480.0
NU00924,NU_L132,train,82.81,24.2857,0.06,False,2207.37,23.23,25480.0
NU00924,NU_L132,train,92.34,25.377499999999998,0.06,False,2207.37,23.23,25480.0
NU00924,NU_L132,train,99.04,27.1122,0.06,False,2207.37,23.23,25480.0
NU00924,NU_L132,train,104.58,27.0,0.06,False,2207.37,23.23,25480.0
NU00954,NU_L136,train,1.0,0.0,1.0,True,2337.8,34.3,
NU00954,NU_L136,train,3.0,27.68589999999999,1.0,True,2337.8,34.3,
NU00954,NU_L136,train,5.0,38.29209999999999,1.0,True,2337.8,34.3,
NU00954,NU_L136,train,7.0,45.59209999999999,1.0,True,2337.8,34.3,
NU00954,NU_L136,train,10.0,61.84609999999999,1.0,True,2337.8,34.3,
NU00954,NU_L136,train,14.0,72.7271,1.0,False,2337.8,34.3,
NU00954,NU_L136,train,20.0,89.8071,1.0,False,2337.8,34.3,
NU00954,NU_L136,train,30.0,115.9781,1.0,False,2337.8,34.3,
NU00954,NU_L136,train,40.0,138.2921,1.0,False,2337.8,34.3,
NU00954,NU_L136,train,50.0,154.2701,1.0,False,2337.8,34.3,
NU00954,NU_L136,train,60.0,165.97809999999998,1.0,False,2337.8,34.3,
NU00954,NU_L136,train,70.0,174.79309999999998,1.0,False,2337.8,34.3,
NU00954,NU_L136,train,80.0,190.90910000000002,1.0,False,2337.8,34.3,
NU00954,NU_L136,train,90.0,199.17310000000003,1.0,False,2337.8,34.3,
NU00954,NU_L136,train,100.0,202.0661,1.0,False,2337.8,34.3,
NU00954,NU_L136,train,120.0,215.8401,1.0,False,2337.8,34.3,
NU00954,NU_L136,train,140.0,228.37510000000003,1.0,False,2337.8,34.3,
NU00954,NU_L136,train,160.0,245.7301,1.0,False,2337.8,34.3,
NU00955,NU_L136,train,1.0,0.0,1.0,True,2337.8,34.3,
NU00955,NU_L136,train,3.0,13.732,1.0,True,2337.8,34.3,
NU00955,NU_L136,train,5.0,18.604699999999994,1.0,True,2337.8,34.3,
NU00955,NU_L136,train,7.0,24.5848,1.0,True,2337.8,34.3,
NU00955,NU_L136,train,10.0,32.8904,1.0,True,2337.8,34.3,
NU00955,NU_L136,train,14.0,41.971199999999996,1.0,False,2337.8,34.3,
NU00955,NU_L136,train,20.0,52.9346,1.0,False,2337.8,34.3,
NU00955,NU_L136,train,30.0,70.98559999999999,1.0,False,2337.8,34.3,
NU00955,NU_L136,train,40.0,86.6006,1.0,False,2337.8,34.3,
NU00955,NU_L136,train,50.0,94.4626,1.0,False,2337.8,34.3,
NU00955,NU_L136,train,60.0,102.2146,1.0,False,2337.8,34.3,
NU00955,NU_L136,train,70.0,107.97359999999999,1.0,False,2337.8,34.3,
NU00955,NU_L136,train,80.0,119.9336,1.0,False,2337.8,34.3,
NU00955,NU_L136,train,90.0,125.8026,1.0,False,2337.8,34.3,
NU00955,NU_L136,train,100.0,130.1216,1.0,False,2337.8,34.3,
NU00955,NU_L136,train,120.0,137.43059999999997,1.0,False,2337.8,34.3,
NU00955,NU_L136,train,140.0,147.5086,1.0,False,2337.8,34.3,
NU00955,NU_L136,train,160.0,157.5856,1.0,False,2337.8,34.3,
NU00956,NU_L136,train,1.0,0.0,1.0,True,2337.8,34.3,
NU00956,NU_L136,train,3.0,9.126199999999997,1.0,True,2337.8,34.3,
NU00956,NU_L136,train,5.0,15.048499999999997,1.0,True,2337.8,34.3,
NU00956,NU_L136,train,7.0,19.4174,1.0,True,2337.8,34.3,
NU00956,NU_L136,train,10.0,26.2136,1.0,True,2337.8,34.3,
NU00956,NU_L136,train,14.0,34.3689,1.0,False,2337.8,34.3,
NU00956,NU_L136,train,20.0,41.262100000000004,1.0,False,2337.8,34.3,
NU00956,NU_L136,train,30.0,53.10679999999999,1.0,False,2337.8,34.3,
NU00956,NU_L136,train,40.0,62.912099999999995,1.0,False,2337.8,34.3,
NU00956,NU_L136,train,50.0,68.0581,1.0,False,2337.8,34.3,
NU00956,NU_L136,train,60.0,74.5631,1.0,False,2337.8,34.3,
NU00956,NU_L136,train,70.0,78.4461,1.0,False,2337.8,34.3,
NU00956,NU_L136,train,80.0,84.7571,1.0,False,2337.8,34.3,
NU00956,NU_L136,train,90.0,89.12610000000001,1.0,False,2337.8,34.3,
NU00956,NU_L136,train,100.0,92.23310000000001,1.0,False,2337.8,34.3,
NU00956,NU_L136,train,120.0,100.9711,1.0,False,2337.8,34.3,
NU00956,NU_L136,train,140.0,106.99010000000001,1.0,False,2337.8,34.3,
NU00956,NU_L136,train,160.0,115.0481,1.0,False,2337.8,34.3,
NU00957,NU_L136,train,1.0,0.0,1.0,True,2337.8,34.3,
NU00957,NU_L136,train,3.0,9.252300000000005,1.0,True,2337.8,34.3,
NU00957,NU_L136,train,5.0,13.3645,1.0,True,2337.8,34.3,
NU00957,NU_L136,train,7.0,15.327100000000002,1.0,True,2337.8,34.3,
NU00957,NU_L136,train,10.0,21.7757,1.0,True,2337.8,34.3,
NU00957,NU_L136,train,14.0,28.1308,1.0,False,2337.8,34.3,
NU00957,NU_L136,train,20.0,32.8037,1.0,False,2337.8,34.3,
NU00957,NU_L136,train,30.0,41.6822,1.0,False,2337.8,34.3,
NU00957,NU_L136,train,40.0,46.0747,1.0,False,2337.8,34.3,
NU00957,NU_L136,train,50.0,51.5888,1.0,False,2337.8,34.3,
NU00957,NU_L136,train,60.0,55.514,1.0,False,2337.8,34.3,
NU00957,NU_L136,train,70.0,56.168200000000006,1.0,False,2337.8,34.3,
NU00957,NU_L136,train,80.0,63.55140000000001,1.0,False,2337.8,34.3,
NU00957,NU_L136,train,90.0,66.3553,1.0,False,2337.8,34.3,
NU00957,NU_L136,train,100.0,68.31729999999999,1.0,False,2337.8,34.3,
NU00957,NU_L136,train,120.0,73.2713,1.0,False,2337.8,34.3,
NU00957,NU_L136,train,140.0,77.10230000000001,1.0,False,2337.8,34.3,
NU00957,NU_L136,train,160.0,79.53229999999999,1.0,False,2337.8,34.3,
NU00962,NU_L388,test,1.0,0.0,1.0,True,2421.84,50.67,34300.0
NU00962,NU_L388,test,2.0,2.1089000000000055,1.0,True,2421.84,50.67,34300.0
NU00962,NU_L388,test,3.0,2.9524000000000044,1.0,True,2421.84,50.67,34300.0
NU00962,NU_L388,test,3.9,3.3470000000000013,1.0,True,2421.84,50.67,34300.0
NU00962,NU_L388,test,4.9,3.891200000000005,1.0,True,2421.84,50.67,34300.0
NU00962,NU_L388,test,6.0,4.176900000000003,1.0,True,2421.84,50.67,34300.0
NU00962,NU_L388,test,7.0,4.680300000000003,1.0,True,2421.84,50.67,34300.0
NU00962,NU_L388,test,8.0,5.4558000000000035,1.0,True,2421.84,50.67,34300.0
NU00962,NU_L388,test,8.9,5.959200000000003,1.0,True,2421.84,50.67,34300.0
NU00962,NU_L388,test,15.0,7.0748999999999995,1.0,False,2421.84,50.67,34300.0
NU00962,NU_L388,test,19.9,8.136099999999999,1.0,False,2421.84,50.67,34300.0
NU00962,NU_L388,test,29.8,10.231300000000005,1.0,False,2421.84,50.67,34300.0
NU00962,NU_L388,test,40.3,12.4082,1.0,False,2421.84,50.67,34300.0
NU00962,NU_L388,test,49.8,13.551000000000002,1.0,False,2421.84,50.67,34300.0
NU00962,NU_L388,test,59.3,17.551000000000002,1.0,False,2421.84,50.67,34300.0
NU00962,NU_L388,test,74.1,20.231300000000005,1.0,False,2421.84,50.67,34300.0
NU00962,NU_L388,test,80.8,20.013600000000004,1.0,False,2421.84,50.67,34300.0
NU00962,NU_L388,test,94.8,23.142900000000004,1.0,False,2421.84,50.67,34300.0
NU00962,NU_L388,test,149.9,29.836800000000004,1.0,False,2421.84,50.67,34300.0
NU00965,NU_L388,test,0.5,0.0,0.5,True,2277.0,30.76,22932.0
NU00965,NU_L388,test,1.9,17.3469,0.5,True,2277.0,30.76,22932.0
NU00965,NU_L388,test,6.0,26.5306,0.5,True,2277.0,30.76,22932.0
NU00965,NU_L388,test,8.0,30.6122,0.5,True,2277.0,30.76,22932.0
NU00965,NU_L388,test,9.8,34.6939,0.5,True,2277.0,30.76,22932.0
NU00965,NU_L388,test,12.1,38.7755,0.5,False,2277.0,30.76,22932.0
NU00965,NU_L388,test,13.9,43.8776,0.5,False,2277.0,30.76,22932.0
NU00965,NU_L388,test,16.0,47.9592,0.5,False,2277.0,30.76,22932.0
NU00965,NU_L388,test,18.0,47.9592,0.5,False,2277.0,30.76,22932.0
NU00965,NU_L388,test,20.1,52.0408,0.5,False,2277.0,30.76,22932.0
NU00965,NU_L388,test,22.1,57.1429,0.5,False,2277.0,30.76,22932.0
NU00965,NU_L388,test,23.9,57.1429,0.5,False,2277.0,30.76,22932.0
NU00965,NU_L388,test,26.0,57.1429,0.5,False,2277.0,30.76,22932.0
NU00965,NU_L388,test,28.0,61.2245,0.5,False,2277.0,30.76,22932.0
NU00965,NU_L388,test,30.0,61.2245,0.5,False,2277.0,30.76,22932.0
NU00965,NU_L388,test,32.1,61.2245,0.5,False,2277.0,30.76,22932.0
NU00965,NU_L388,test,34.1,65.3061,0.5,False,2277.0,30.76,22932.0
NU00965,NU_L388,test,36.2,65.3061,0.5,False,2277.0,30.76,22932.0
NU00965,NU_L388,test,37.9,65.3061,0.5,False,2277.0,30.76,22932.0
NU00965,NU_L388,test,40.0,65.3061,0.5,False,2277.0,30.76,22932.0
NU00965,NU_L388,test,42.0,65.3061,0.5,False,2277.0,30.76,22932.0
NU00965,NU_L388,test,44.1,65.3061,0.5,False,2277.0,30.76,22932.0
NU00965,NU_L388,test,46.1,69.3878,0.5,False,2277.0,30.76,22932.0
NU00965,NU_L388,test,48.1,69.3878,0.5,False,2277.0,30.76,22932.0
NU00965,NU_L388,test,49.9,69.3878,0.5,False,2277.0,30.76,22932.0
NU00965,NU_L388,test,52.0,69.3878,0.5,False,2277.0,30.76,22932.0
NU00965,NU_L388,test,54.0,69.3878,0.5,False,2277.0,30.76,22932.0
NU00965,NU_L388,test,56.1,69.3878,0.5,False,2277.0,30.76,22932.0
NU00965,NU_L388,test,58.0,69.3878,0.5,False,2277.0,30.76,22932.0
NU00965,NU_L388,test,59.9,69.3878,0.5,False,2277.0,30.76,22932.0
NU00965,NU_L388,test,62.1,69.3878,0.5,False,2277.0,30.76,22932.0
NU00965,NU_L388,test,64.1,74.4898,0.5,False,2277.0,30.76,22932.0
NU00965,NU_L388,test,66.0,74.4898,0.5,False,2277.0,30.76,22932.0
NU00965,NU_L388,test,68.1,74.4898,0.5,False,2277.0,30.76,22932.0
NU00965,NU_L388,test,69.8,78.5714,0.5,False,2277.0,30.76,22932.0
NU00965,NU_L388,test,72.4,78.5714,0.5,False,2277.0,30.76,22932.0
NU00965,NU_L388,test,75.9,86.7347,0.5,False,2277.0,30.76,22932.0
NU00965,NU_L388,test,79.5,86.7347,0.5,False,2277.0,30.76,22932.0
NU00965,NU_L388,test,82.6,91.8367,0.5,False,2277.0,30.76,22932.0
NU00965,NU_L388,test,86.4,91.8367,0.5,False,2277.0,30.76,22932.0
NU00965,NU_L388,test,89.2,100.0,0.5,False,2277.0,30.76,22932.0
NU00965,NU_L388,test,94.3,100.0,0.5,False,2277.0,30.76,22932.0
NU00965,NU_L388,test,97.4,105.102,0.5,False,2277.0,30.76,22932.0
NU00965,NU_L388,test,100.7,109.184,0.5,False,2277.0,30.76,22932.0
NU00965,NU_L388,test,106.1,109.184,0.5,False,2277.0,30.76,22932.0
NU00965,NU_L388,test,114.5,113.265,0.5,False,2277.0,30.76,22932.0
NU00965,NU_L388,test,120.9,122.449,0.5,False,2277.0,30.76,22932.0
NU00965,NU_L388,test,128.3,126.531,0.5,False,2277.0,30.76,22932.0
NU00965,NU_L388,test,134.9,126.531,0.5,False,2277.0,30.76,22932.0
NU00965,NU_L388,test,141.8,130.612,0.5,False,2277.0,30.76,22932.0
NU00965,NU_L388,test,148.4,134.694,0.5,False,2277.0,30.76,22932.0
NU00965,NU_L388,test,156.1,139.796,0.5,False,2277.0,30.76,22932.0
NU00966,NU_L388,test,0.2,0.0,0.2,True,2263.0,33.76,23716.0
NU00966,NU_L388,test,2.1,21.4286,0.2,True,2263.0,33.76,23716.0
NU00966,NU_L388,test,4.9,25.5102,0.2,True,2263.0,33.76,23716.0
NU00966,NU_L388,test,7.0,29.5918,0.2,True,2263.0,33.76,23716.0
NU00966,NU_L388,test,9.8,33.6735,0.2,True,2263.0,33.76,23716.0
NU00966,NU_L388,test,10.6,33.6735,0.2,False,2263.0,33.76,23716.0
NU00966,NU_L388,test,13.7,41.8367,0.2,False,2263.0,33.76,23716.0
NU00966,NU_L388,test,17.2,41.8367,0.2,False,2263.0,33.76,23716.0
NU00966,NU_L388,test,19.8,45.9184,0.2,False,2263.0,33.76,23716.0
NU00966,NU_L388,test,22.9,51.0204,0.2,False,2263.0,33.76,23716.0
NU00966,NU_L388,test,25.9,51.0204,0.2,False,2263.0,33.76,23716.0
NU00966,NU_L388,test,29.0,55.102,0.2,False,2263.0,33.76,23716.0
NU00966,NU_L388,test,30.3,55.102,0.2,False,2263.0,33.76,23716.0
NU00966,NU_L388,test,33.1,55.102,0.2,False,2263.0,33.76,23716.0
NU00966,NU_L388,test,34.9,55.102,0.2,False,2263.0,33.76,23716.0
NU00966,NU_L388,test,36.9,55.102,0.2,False,2263.0,33.76,23716.0
NU00966,NU_L388,test,40.7,59.1837,0.2,False,2263.0,33.76,23716.0
NU00966,NU_L388,test,44.5,59.1837,0.2,False,2263.0,33.76,23716.0
NU00966,NU_L388,test,47.3,59.1837,0.2,False,2263.0,33.76,23716.0
NU00966,NU_L388,test,51.7,59.1837,0.2,False,2263.0,33.76,23716.0
NU00966,NU_L388,test,54.2,59.1837,0.2,False,2263.0,33.76,23716.0
NU00966,NU_L388,test,56.8,63.2653,0.2,False,2263.0,33.76,23716.0
NU00966,NU_L388,test,62.1,63.2653,0.2,False,2263.0,33.76,23716.0
NU00966,NU_L388,test,65.2,63.2653,0.2,False,2263.0,33.76,23716.0
NU00966,NU_L388,test,70.5,67.3469,0.2,False,2263.0,33.76,23716.0
NU00966,NU_L388,test,72.8,71.4286,0.2,False,2263.0,33.76,23716.0
NU00966,NU_L388,test,75.4,71.4286,0.2,False,2263.0,33.76,23716.0
NU00966,NU_L388,test,77.4,75.5102,0.2,False,2263.0,33.76,23716.0
NU00966,NU_L388,test,80.0,75.5102,0.2,False,2263.0,33.76,23716.0
NU00966,NU_L388,test,82.8,80.6122,0.2,False,2263.0,33.76,23716.0
NU00966,NU_L388,test,86.9,80.6122,0.2,False,2263.0,33.76,23716.0
NU00966,NU_L388,test,91.0,88.7755,0.2,False,2263.0,33.76,23716.0
NU00966,NU_L388,test,94.3,84.6939,0.2,False,2263.0,33.76,23716.0
NU00966,NU_L388,test,97.9,92.8571,0.2,False,2263.0,33.76,23716.0
NU00966,NU_L388,test,100.9,92.8571,0.2,False,2263.0,33.76,23716.0
NU00966,NU_L388,test,105.8,92.8571,0.2,False,2263.0,33.76,23716.0
NU00966,NU_L388,test,113.7,96.9388,0.2,False,2263.0,33.76,23716.0
NU00966,NU_L388,test,120.8,101.02,0.2,False,2263.0,33.76,23716.0
NU00966,NU_L388,test,128.2,105.102,0.2,False,2263.0,33.76,23716.0
NU00966,NU_L388,test,134.3,105.102,0.2,False,2263.0,33.76,23716.0
NU00966,NU_L388,test,141.4,105.102,0.2,False,2263.0,33.76,23716.0
NU00966,NU_L388,test,148.8,109.184,0.2,False,2263.0,33.76,23716.0
NU00966,NU_L388,test,155.2,114.286,0.2,False,2263.0,33.76,23716.0
NU00967,NU_L388,test,1.3,0.0,1.3,True,2292.0,37.04,26852.0
NU00967,NU_L388,test,5.4,11.2245,1.3,True,2292.0,37.04,26852.0
NU00967,NU_L388,test,7.0,11.2245,1.3,True,2292.0,37.04,26852.0
NU00967,NU_L388,test,9.5,15.306099999999999,1.3,True,2292.0,37.04,26852.0
NU00967,NU_L388,test,13.1,18.3673,1.3,False,2292.0,37.04,26852.0
NU00967,NU_L388,test,15.4,22.448999999999998,1.3,False,2292.0,37.04,26852.0
NU00967,NU_L388,test,19.3,22.448999999999998,1.3,False,2292.0,37.04,26852.0
NU00967,NU_L388,test,22.6,25.510199999999998,1.3,False,2292.0,37.04,26852.0
NU00967,NU_L388,test,25.4,29.5918,1.3,False,2292.0,37.04,26852.0
NU00967,NU_L388,test,29.7,29.5918,1.3,False,2292.0,37.04,26852.0
NU00967,NU_L388,test,32.8,29.5918,1.3,False,2292.0,37.04,26852.0
NU00967,NU_L388,test,35.6,29.5918,1.3,False,2292.0,37.04,26852.0
NU00967,NU_L388,test,38.9,33.673500000000004,1.3,False,2292.0,37.04,26852.0
NU00967,NU_L388,test,42.7,33.673500000000004,1.3,False,2292.0,37.04,26852.0
NU00967,NU_L388,test,45.0,33.673500000000004,1.3,False,2292.0,37.04,26852.0
NU00967,NU_L388,test,47.1,33.673500000000004,1.3,False,2292.0,37.04,26852.0
NU00967,NU_L388,test,52.7,36.734700000000004,1.3,False,2292.0,37.04,26852.0
NU00967,NU_L388,test,56.5,36.734700000000004,1.3,False,2292.0,37.04,26852.0
NU00967,NU_L388,test,62.1,36.734700000000004,1.3,False,2292.0,37.04,26852.0
NU00967,NU_L388,test,67.4,40.8163,1.3,False,2292.0,37.04,26852.0
NU00967,NU_L388,test,69.7,40.8163,1.3,False,2292.0,37.04,26852.0
NU00967,NU_L388,test,72.5,40.8163,1.3,False,2292.0,37.04,26852.0
NU00967,NU_L388,test,75.9,44.8979,1.3,False,2292.0,37.04,26852.0
NU00967,NU_L388,test,77.6,44.8979,1.3,False,2292.0,37.04,26852.0
NU00967,NU_L388,test,79.4,44.8979,1.3,False,2292.0,37.04,26852.0
NU00967,NU_L388,test,83.0,47.9592,1.3,False,2292.0,37.04,26852.0
NU00967,NU_L388,test,86.6,47.9592,1.3,False,2292.0,37.04,26852.0
NU00967,NU_L388,test,90.9,52.040800000000004,1.3,False,2292.0,37.04,26852.0
NU00967,NU_L388,test,94.2,52.040800000000004,1.3,False,2292.0,37.04,26852.0
NU00967,NU_L388,test,98.1,56.122400000000006,1.3,False,2292.0,37.04,26852.0
NU00967,NU_L388,test,101.1,56.122400000000006,1.3,False,2292.0,37.04,26852.0
NU00967,NU_L388,test,105.9,56.122400000000006,1.3,False,2292.0,37.04,26852.0
NU00967,NU_L388,test,114.1,59.183699999999995,1.3,False,2292.0,37.04,26852.0
NU00967,NU_L388,test,121.2,63.2653,1.3,False,2292.0,37.04,26852.0
NU00967,NU_L388,test,127.4,63.2653,1.3,False,2292.0,37.04,26852.0
NU00967,NU_L388,test,134.5,67.34689999999999,1.3,False,2292.0,37.04,26852.0
NU00967,NU_L388,test,142.1,67.34689999999999,1.3,False,2292.0,37.04,26852.0
NU00967,NU_L388,test,148.8,70.4082,1.3,False,2292.0,37.04,26852.0
NU00967,NU_L388,test,155.4,70.4082,1.3,False,2292.0,37.04,26852.0
NU01117,NU_L74,test,0.01,0.0,0.01,True,2395.56,31.9,31900.0
NU01117,NU_L74,test,0.02,1.1000000000000014,0.01,True,2395.56,31.9,31900.0
NU01117,NU_L74,test,0.18,2.700000000000003,0.01,True,2395.56,31.9,31900.0
NU01117,NU_L74,test,0.48,4.5,0.01,True,2395.56,31.9,31900.0
NU01117,NU_L74,test,0.98,6.100000000000001,0.01,True,2395.56,31.9,31900.0
NU01117,NU_L74,test,1.98,8.100000000000001,0.01,True,2395.56,31.9,31900.0
NU01117,NU_L74,test,3.98,10.100000000000001,0.01,True,2395.56,31.9,31900.0
NU01117,NU_L74,test,7.98,12.5,0.01,True,2395.56,31.9,31900.0
NU01117,NU_L74,test,10.98,13.700000000000003,0.01,False,2395.56,31.9,31900.0
NU01117,NU_L74,test,13.98,14.700000000000003,0.01,False,2395.56,31.9,31900.0
NU01117,NU_L74,test,20.98,16.5,0.01,False,2395.56,31.9,31900.0
NU01117,NU_L74,test,27.98,17.9,0.01,False,2395.56,31.9,31900.0
NU01117,NU_L74,test,39.98,19.800000000000004,0.01,False,2395.56,31.9,31900.0
NU01117,NU_L74,test,52.98,21.4,0.01,False,2395.56,31.9,31900.0
NU01117,NU_L74,test,74.98,23.4,0.01,False,2395.56,31.9,31900.0
NU01117,NU_L74,test,96.98,25.4,0.01,False,2395.56,31.9,31900.0
NU01117,NU_L74,test,124.98,27.300000000000004,0.01,False,2395.56,31.9,31900.0
NU01117,NU_L74,test,152.98,29.0,0.01,False,2395.56,31.9,31900.0
NU01118,NU_L74,test,0.026,0.0,0.026,True,2443.9,31.9,31900.0
NU01118,NU_L74,test,1.0,32.05,0.026,True,2443.9,31.9,31900.0
NU01118,NU_L74,test,3.0,44.74999999999999,0.026,True,2443.9,31.9,31900.0
NU01118,NU_L74,test,7.0,54.74999999999999,0.026,True,2443.9,31.9,31900.0
NU01118,NU_L74,test,14.0,63.85,0.026,False,2443.9,31.9,31900.0
NU01118,NU_L74,test,18.0,65.65,0.026,False,2443.9,31.9,31900.0
NU01118,NU_L74,test,31.0,73.75,0.026,False,2443.9,31.9,31900.0
NU01118,NU_L74,test,50.0,79.25,0.026,False,2443.9,31.9,31900.0
NU01118,NU_L74,test,66.0,87.35,0.026,False,2443.9,31.9,31900.0
NU01118,NU_L74,test,85.0,91.85,0.026,False,2443.9,31.9,31900.0
NU01118,NU_L74,test,107.0,96.44999999999999,0.026,False,2443.9,31.9,31900.0
NU01118,NU_L74,test,144.0,97.35,0.026,False,2443.9,31.9,31900.0
NU01120,NU_L74,test,0.11868,0.0,0.11868,True,2332.6,15.2,15200.0
NU01120,NU_L74,test,0.23484,13.413600000000002,0.11868,True,2332.6,15.2,15200.0
NU01120,NU_L74,test,0.73077,32.63420000000001,0.11868,True,2332.6,15.2,15200.0
NU01120,NU_L74,test,1.16308,40.794200000000004,0.11868,True,2332.6,15.2,15200.0
NU01120,NU_L74,test,2.78446,47.833200000000005,0.11868,True,2332.6,15.2,15200.0
NU01120,NU_L74,test,3.91809,52.3202,0.11868,True,2332.6,15.2,15200.0
NU01120,NU_L74,test,4.96811,64.75919999999999,0.11868,True,2332.6,15.2,15200.0
NU01120,NU_L74,test,6.1041,66.2242,0.11868,True,2332.6,15.2,15200.0
NU01120,NU_L74,test,8.23936,73.44720000000001,0.11868,True,2332.6,15.2,15200.0
NU01120,NU_L74,test,9.09415,75.1592,0.11868,True,2332.6,15.2,15200.0
NU01120,NU_L74,test,10.197,82.35820000000001,0.11868,False,2332.6,15.2,15200.0
NU01120,NU_L74,test,11.2465,89.68520000000001,0.11868,False,2332.6,15.2,15200.0
NU01120,NU_L74,test,13.6487,90.8862,0.11868,False,2332.6,15.2,15200.0
NU01120,NU_L74,test,14.5162,92.4622,0.11868,False,2332.6,15.2,15200.0
NU01120,NU_L74,test,15.434,96.38820000000001,0.11868,False,2332.6,15.2,15200.0
NU01120,NU_L74,test,16.4114,99.66220000000001,0.11868,False,2332.6,15.2,15200.0
NU01120,NU_L74,test,17.6641,104.5042,0.11868,False,2332.6,15.2,15200.0
NU01120,NU_L74,test,18.4767,107.25319999999999,0.11868,False,2332.6,15.2,15200.0
NU01120,NU_L74,test,19.2499,108.9572,0.11868,False,2332.6,15.2,15200.0
NU01120,NU_L74,test,20.1362,111.4442,0.11868,False,2332.6,15.2,15200.0
NU01120,NU_L74,test,21.5035,113.41220000000001,0.11868,False,2332.6,15.2,15200.0
NU01120,NU_L74,test,24.7254,117.4802,0.11868,False,2332.6,15.2,15200.0
NU01120,NU_L74,test,25.432,122.5772,0.11868,False,2332.6,15.2,15200.0
NU01120,NU_L74,test,26.9387,123.7612,0.11868,False,2332.6,15.2,15200.0
NU01120,NU_L74,test,28.1814,125.5952,0.11868,False,2332.6,15.2,15200.0
NU01120,NU_L74,test,28.7578,128.34120000000001,0.11868,False,2332.6,15.2,15200.0
NU01124,NU_L291,train,1.01156,0.0,1.01156,True,2444.16,64.9,37000.0
NU01124,NU_L291,train,6.85759,7.9210199999999995,1.01156,True,2444.16,64.9,37000.0
NU01124,NU_L291,train,14.1789,12.31392,1.01156,False,2444.16,64.9,37000.0
NU01124,NU_L291,train,27.5235,16.26772,1.01156,False,2444.16,64.9,37000.0
NU01124,NU_L291,train,54.2481,20.951320000000003,1.01156,False,2444.16,64.9,37000.0
NU01124,NU_L291,train,110.233,27.09432,1.01156,False,2444.16,64.9,37000.0
NU01125,NU_L291,train,1.01118,0.0,1.01118,True,2444.16,65.4,36000.0
NU01125,NU_L291,train,6.84729,9.16328,1.01118,True,2444.16,65.4,36000.0
NU01125,NU_L291,train,14.1576,13.522680000000001,1.01118,False,2444.16,65.4,36000.0
NU01125,NU_L291,train,27.0527,17.30108,1.01118,False,2444.16,65.4,36000.0
NU01125,NU_L291,train,54.9851,23.10768,1.01118,False,2444.16,65.4,36000.0
NU01125,NU_L291,train,111.632,30.216980000000003,1.01118,False,2444.16,65.4,36000.0
NU01167,NU_L304,validation,0.134933,0.0,0.134933,True,2221.5,19.58,16547.0
NU01167,NU_L304,validation,1.10263,58.45810907,0.134933,True,2221.5,19.58,16547.0
NU01167,NU_L304,validation,2.87293,99.29720907,0.134933,True,2221.5,19.58,16547.0
NU01167,NU_L304,validation,6.66687,139.22960906999998,0.134933,True,2221.5,19.58,16547.0
NU01167,NU_L304,validation,13.8352,181.98060906999999,0.134933,False,2221.5,19.58,16547.0
NU01167,NU_L304,validation,28.1551,224.80460907,0.134933,False,2221.5,19.58,16547.0
NU01167,NU_L304,validation,45.4375,252.81460907,0.134933,False,2221.5,19.58,16547.0
NU01167,NU_L304,validation,60.2857,266.88360907,0.134933,False,2221.5,19.58,16547.0
NU01167,NU_L304,validation,90.1114,281.10660907,0.134933,False,2221.5,19.58,16547.0
NU01168,NU_L304,validation,0.134933,0.0,0.134933,True,2259.7,15.79,16892.0
NU01168,NU_L304,validation,1.07946,35.698010000000004,0.134933,True,2259.7,15.79,16892.0
NU01168,NU_L304,validation,2.83358,57.59261,0.134933,True,2259.7,15.79,16892.0
NU01168,NU_L304,validation,6.88156,85.27211,0.134933,True,2259.7,15.79,16892.0
NU01168,NU_L304,validation,13.7631,121.04611,0.134933,False,2259.7,15.79,16892.0
NU01168,NU_L304,validation,28.066,152.31010999999998,0.134933,False,2259.7,15.79,16892.0
NU01168,NU_L304,validation,45.2024,175.55310999999998,0.134933,False,2259.7,15.79,16892.0
NU01168,NU_L304,validation,60.3148,189.56010999999998,0.134933,False,2259.7,15.79,16892.0
NU01168,NU_L304,validation,90.1349,196.84811,0.134933,False,2259.7,15.79,16892.0
NU01169,NU_L304,validation,0.0,0.0,0.0,True,2221.5,15.51,17926.0
NU01169,NU_L304,validation,0.944528,30.4635999999999,0.0,True,2221.5,15.51,17926.0
NU01169,NU_L304,validation,2.69865,52.7390999999999,0.0,True,2221.5,15.51,17926.0
NU01169,NU_L304,validation,6.88156,82.0734999999999,0.0,True,2221.5,15.51,17926.0
NU01169,NU_L304,validation,14.033,109.1039999999999,0.0,False,2221.5,15.51,17926.0
NU01169,NU_L304,validation,28.2009,137.3969999999999,0.0,False,2221.5,15.51,17926.0
NU01169,NU_L304,validation,45.2024,155.18699999999993,0.0,False,2221.5,15.51,17926.0
NU01169,NU_L304,validation,60.3148,167.0949999999999,0.0,False,2221.5,15.51,17926.0
NU01169,NU_L304,validation,90.1349,170.99699999999993,0.0,False,2221.5,15.51,17926.0
NU01170,NU_L304,validation,0.0,0.0,0.0,True,2259.7,16.62,17236.0
NU01170,NU_L304,validation,0.944528,42.66329999999991,0.0,True,2259.7,16.62,17236.0
NU01170,NU_L304,validation,2.96852,67.84149999999991,0.0,True,2259.7,16.62,17236.0
NU01170,NU_L304,validation,6.74663,112.72599999999991,0.0,True,2259.7,16.62,17236.0
NU01170,NU_L304,validation,13.8981,152.1839999999999,0.0,False,2259.7,16.62,17236.0
NU01170,NU_L304,validation,28.2009,184.07399999999993,0.0,False,2259.7,16.62,17236.0
NU01170,NU_L304,validation,45.2024,203.96499999999992,0.0,False,2259.7,16.62,17236.0
NU01170,NU_L304,validation,60.4498,209.61899999999991,0.0,False,2259.7,16.62,17236.0
NU01170,NU_L304,validation,90.0,219.8209999999999,0.0,False,2259.7,16.62,17236.0
NU01171,NU_L306,train,0.743613,0.0,0.743613,True,2487.04,167.0,45000.0
NU01171,NU_L306,train,2.21957,0.7246399999999997,0.743613,True,2487.04,167.0,45000.0
NU01171,NU_L306,train,5.41699,2.1739100000000002,0.743613,True,2487.04,167.0,45000.0
NU01171,NU_L306,train,8.86169,4.05797,0.743613,True,2487.04,167.0,45000.0
NU01171,NU_L306,train,13.283,4.63768,0.743613,False,2487.04,167.0,45000.0
NU01171,NU_L306,train,20.8965,5.3623199999999995,0.743613,False,2487.04,167.0,45000.0
NU01171,NU_L306,train,28.0213,6.666669999999999,0.743613,False,2487.04,167.0,45000.0
NU01171,NU_L306,train,41.774,7.82609,0.743613,False,2487.04,167.0,45000.0
NU01171,NU_L306,train,55.0357,8.985470000000001,0.743613,False,2487.04,167.0,45000.0
NU01171,NU_L306,train,60.9265,8.69567,0.743613,False,2487.04,167.0,45000.0
NU01171,NU_L306,train,72.7122,9.13047,0.743613,False,2487.04,167.0,45000.0
NU01171,NU_L306,train,90.1427,9.13047,0.743613,False,2487.04,167.0,45000.0
NU01171,NU_L306,train,119.853,10.43477,0.743613,False,2487.04,167.0,45000.0
NU01185,NU_L310,train,0.037183,0.0,0.037183,True,2308.36,83.3,
NU01185,NU_L310,train,0.047274,0.9634999999999962,0.037183,True,2308.36,83.3,
NU01185,NU_L310,train,0.073222,3.2774999999999963,0.037183,True,2308.36,83.3,
NU01185,NU_L310,train,0.237564,4.626399999999997,0.037183,True,2308.36,83.3,
NU01185,NU_L310,train,0.244772,8.095199999999998,0.037183,True,2308.36,83.3,
NU01185,NU_L310,train,0.76663,10.595599999999997,0.037183,True,2308.36,83.3,
NU01185,NU_L310,train,0.77384,11.5591,0.037183,True,2308.36,83.3,
NU01185,NU_L310,train,0.7796,12.329999999999998,0.037183,True,2308.36,83.3,
NU01185,NU_L310,train,0.80411,15.605799999999995,0.037183,True,2308.36,83.3,
NU01185,NU_L310,train,1.05927,19.6511,0.037183,True,2308.36,83.3,
NU01185,NU_L310,train,1.29425,20.998399999999997,0.037183,True,2308.36,83.3,
NU01185,NU_L310,train,1.52635,21.960299999999997,0.037183,True,2308.36,83.3,
NU01185,NU_L310,train,1.75844,22.922399999999996,0.037183,True,2308.36,83.3,
NU01185,NU_L310,train,2.66376,23.686999999999998,0.037183,True,2308.36,83.3,
NU01185,NU_L310,train,3.12939,25.8035,0.037183,True,2308.36,83.3,
NU01185,NU_L310,train,4.71082,26.756299999999996,0.037183,True,2308.36,83.3,
NU01185,NU_L310,train,5.37827,25.7881,0.037183,True,2308.36,83.3,
NU01185,NU_L310,train,5.40422,29.256699999999995,0.037183,True,2308.36,83.3,
NU01185,NU_L310,train,6.52434,28.670999999999992,0.037183,True,2308.36,83.3,
NU01185,NU_L310,train,6.75932,30.018299999999996,0.037183,True,2308.36,83.3,
NU01185,NU_L310,train,6.97844,29.245999999999995,0.037183,True,2308.36,83.3,
NU01185,NU_L310,train,7.44119,30.977199999999996,0.037183,True,2308.36,83.3,
NU01185,NU_L310,train,8.34651,31.7419,0.037183,True,2308.36,83.3,
NU01185,NU_L310,train,9.24029,30.964799999999997,0.037183,True,2308.36,83.3,
NU01185,NU_L310,train,12.1754,32.4863,0.037183,False,2308.36,83.3,
NU01185,NU_L310,train,13.3229,35.5617,0.037183,False,2308.36,83.3,
NU01185,NU_L310,train,15.3526,36.3186,0.037183,False,2308.36,83.3,
NU01185,NU_L310,train,16.2594,37.275999999999996,0.037183,False,2308.36,83.3,
NU01185,NU_L310,train,17.6087,37.2667,0.037183,False,2308.36,83.3,
NU01185,NU_L310,train,19.8576,37.2512,0.037183,False,2308.36,83.3,
NU01185,NU_L310,train,21.439,38.2038,0.037183,False,2308.36,83.3,
NU01185,NU_L310,train,22.562,38.0034,0.037183,False,2308.36,83.3,
NU01185,NU_L310,train,23.4846,41.080600000000004,0.037183,False,2308.36,83.3,
NU01185,NU_L310,train,26.6403,42.0223,0.037183,False,2308.36,83.3,
NU01185,NU_L310,train,28.8877,41.814099999999996,0.037183,False,2308.36,83.3,
NU01185,NU_L310,train,30.6897,42.1871,0.037183,False,2308.36,83.3,
NU01185,NU_L310,train,33.619,42.9379,0.037183,False,2308.36,83.3,
NU01185,NU_L310,train,37.2143,42.527699999999996,0.037183,False,2308.36,83.3,
NU01185,NU_L310,train,40.8198,43.466499999999996,0.037183,False,2308.36,83.3,
NU01185,NU_L310,train,44.1945,43.635999999999996,0.037183,False,2308.36,83.3,
NU01185,NU_L310,train,48.2411,43.41539999999999,0.037183,False,2308.36,83.3,
NU01185,NU_L310,train,51.1704,44.166,0.037183,False,2308.36,83.3,
NU01185,NU_L310,train,51.401,44.9353,0.037183,False,2308.36,83.3,
NU01185,NU_L310,train,55.4562,45.87089999999999,0.037183,False,2308.36,83.3,
NU01185,NU_L310,train,57.029,45.667500000000004,0.037183,False,2308.36,83.3,
NU01185,NU_L310,train,59.0573,46.231700000000004,0.037183,False,2308.36,83.3,
NU01185,NU_L310,train,64.6824,46.5784,0.037183,False,2308.36,83.3,
NU01185,NU_L310,train,70.7573,46.921899999999994,0.037183,False,2308.36,83.3,
NU01185,NU_L310,train,72.7798,46.7153,0.037183,False,2308.36,83.3,
NU01185,NU_L310,train,77.9493,46.29429999999999,0.037183,False,2308.36,83.3,
NU01185,NU_L310,train,85.1515,47.01559999999999,0.037183,False,2308.36,83.3,
NU01185,NU_L310,train,92.3465,46.773399999999995,0.037183,False,2308.36,83.3,
NU01185,NU_L310,train,97.9774,47.8908,0.037183,False,2308.36,83.3,
NU01185,NU_L310,train,100.899,47.6781,0.037183,False,2308.36,83.3,
NU01185,NU_L310,train,112.147,47.98609999999999,0.037183,False,2308.36,83.3,
NU01185,NU_L310,train,126.994,48.462,0.037183,False,2308.36,83.3,
NU01185,NU_L310,train,131.95,49.584199999999996,0.037183,False,2308.36,83.3,
NU01185,NU_L310,train,135.994,48.978300000000004,0.037183,False,2308.36,83.3,
NU01185,NU_L310,train,136.012,51.4834,0.037183,False,2308.36,83.3,
NU01185,NU_L310,train,140.964,52.0274,0.037183,False,2308.36,83.3,
NU01185,NU_L310,train,146.811,51.98729999999999,0.037183,False,2308.36,83.3,
NU01203,NU_L312,train,0.11864,0.0,0.11864,True,2308.0,35.18,
NU01203,NU_L312,train,0.5,10.148000000000003,0.11864,True,2308.0,35.18,
NU01203,NU_L312,train,2.78814,25.3699,0.11864,True,2308.0,35.18,
NU01203,NU_L312,train,5.3305,29.429100000000005,0.11864,True,2308.0,35.18,
NU01203,NU_L312,train,7.8729,33.9957,0.11864,True,2308.0,35.18,
NU01203,NU_L312,train,10.2881,36.0253,0.11864,False,2308.0,35.18,
NU01203,NU_L312,train,12.5763,38.56230000000001,0.11864,False,2308.0,35.18,
NU01203,NU_L312,train,15.3729,38.56230000000001,0.11864,False,2308.0,35.18,
NU01203,NU_L312,train,18.0424,40.59190000000001,0.11864,False,2308.0,35.18,
NU01203,NU_L312,train,20.9661,41.0993,0.11864,False,2308.0,35.18,
NU01203,NU_L312,train,23.8898,41.606700000000004,0.11864,False,2308.0,35.18,
NU01203,NU_L312,train,26.5593,42.6215,0.11864,False,2308.0,35.18,
NU01203,NU_L312,train,28.8475,43.1289,0.11864,False,2308.0,35.18,
NU01245,NU_L319,test,5.85366,0.0,5.85366,True,2525.0,58.0,34400.0
NU01245,NU_L319,test,11.7073,2.7671799999999998,5.85366,False,2525.0,58.0,34400.0
NU01245,NU_L319,test,17.561,5.7857400000000005,5.85366,False,2525.0,58.0,34400.0
NU01245,NU_L319,test,20.4878,8.37154,5.85366,False,2525.0,58.0,34400.0
NU01245,NU_L319,test,35.122,13.11894,5.85366,False,2525.0,58.0,34400.0
NU01245,NU_L319,test,38.0488,16.13534,5.85366,False,2525.0,58.0,34400.0
NU01245,NU_L319,test,55.6098,18.731740000000002,5.85366,False,2525.0,58.0,34400.0
NU01245,NU_L319,test,67.3171,20.46264,5.85366,False,2525.0,58.0,34400.0
NU01245,NU_L319,test,70.2439,23.479039999999998,5.85366,False,2525.0,58.0,34400.0
NU01245,NU_L319,test,81.9512,26.50184,5.85366,False,2525.0,58.0,34400.0
NU01245,NU_L319,test,102.439,29.10024,5.85366,False,2525.0,58.0,34400.0
NU01245,NU_L319,test,114.146,30.831140000000005,5.85366,False,2525.0,58.0,34400.0
NU01245,NU_L319,test,134.634,36.01334,5.85366,False,2525.0,58.0,34400.0
NU01245,NU_L319,test,149.268,38.17694,5.85366,False,2525.0,58.0,34400.0
NU01247,NU_L319,test,2.83019,0.0,2.83019,True,2525.0,65.0,35500.0
NU01247,NU_L319,test,8.49057,13.32361,2.83019,True,2525.0,65.0,35500.0
NU01247,NU_L319,test,19.8113,17.554409999999997,2.83019,False,2525.0,65.0,35500.0
NU01247,NU_L319,test,28.3019,19.86211,2.83019,False,2525.0,65.0,35500.0
NU01247,NU_L319,test,36.7925,22.16981,2.83019,False,2525.0,65.0,35500.0
NU01247,NU_L319,test,45.283,24.477510000000002,2.83019,False,2525.0,65.0,35500.0
NU01247,NU_L319,test,96.2264,29.092910000000003,2.83019,False,2525.0,65.0,35500.0
NU01247,NU_L319,test,104.717,31.40061,2.83019,False,2525.0,65.0,35500.0
NU01247,NU_L319,test,113.208,32.939009999999996,2.83019,False,2525.0,65.0,35500.0
NU01247,NU_L319,test,135.849,34.477509999999995,2.83019,False,2525.0,65.0,35500.0
NU01247,NU_L319,test,155.66,36.01601,2.83019,False,2525.0,65.0,35500.0
NU01251,NU_L319,test,3.23327,0.0,3.23327,True,2520.0,70.0,38100.0
NU01251,NU_L319,test,12.1976,2.63474,3.23327,False,2520.0,70.0,38100.0
NU01251,NU_L319,test,12.267,4.51274,3.23327,False,2520.0,70.0,38100.0
NU01251,NU_L319,test,18.2478,6.394339999999999,3.23327,False,2520.0,70.0,38100.0
NU01251,NU_L319,test,21.2868,8.649839999999998,3.23327,False,2520.0,70.0,38100.0
NU01251,NU_L319,test,36.1765,11.66384,3.23327,False,2520.0,70.0,38100.0
NU01251,NU_L319,test,36.2736,14.292939999999998,3.23327,False,2520.0,70.0,38100.0
NU01251,NU_L319,test,54.0913,16.55764,3.23327,False,2520.0,70.0,38100.0
NU01251,NU_L319,test,60.0444,17.688139999999997,3.23327,False,2520.0,70.0,38100.0
NU01251,NU_L319,test,83.7735,19.95654,3.23327,False,2520.0,70.0,38100.0
NU01251,NU_L319,test,107.461,21.098139999999997,3.23327,False,2520.0,70.0,38100.0
NU01251,NU_L319,test,113.414,22.22864,3.23327,False,2520.0,70.0,38100.0
NU01251,NU_L319,test,140.071,23.747639999999997,3.23327,False,2520.0,70.0,38100.0
NU01251,NU_L319,test,154.919,25.63484,3.23327,False,2520.0,70.0,38100.0
NU01253,NU_L319,test,0.0,0.0,0.0,True,2525.0,58.0,34400.0
NU01253,NU_L319,test,9.85222,2.7006000000000143,0.0,True,2525.0,58.0,34400.0
NU01253,NU_L319,test,13.7931,4.723140000000014,0.0,False,2525.0,58.0,34400.0
NU01253,NU_L319,test,17.734,7.755310000000014,0.0,False,2525.0,58.0,34400.0
NU01253,NU_L319,test,23.6453,10.452600000000015,0.0,False,2525.0,58.0,34400.0
NU01253,NU_L319,test,31.5271,11.805400000000015,0.0,False,2525.0,58.0,34400.0
NU01253,NU_L319,test,43.3498,13.161500000000014,0.0,False,2525.0,58.0,34400.0
NU01253,NU_L319,test,47.2906,14.847500000000014,0.0,False,2525.0,58.0,34400.0
NU01253,NU_L319,test,55.1724,15.863700000000014,0.0,False,2525.0,58.0,34400.0
NU01253,NU_L319,test,63.0542,15.870400000000014,0.0,False,2525.0,58.0,34400.0
NU01253,NU_L319,test,70.936,17.896200000000015,0.0,False,2525.0,58.0,34400.0
NU01253,NU_L319,test,76.8473,19.583900000000014,0.0,False,2525.0,58.0,34400.0
NU01253,NU_L319,test,82.7586,20.598500000000016,0.0,False,2525.0,58.0,34400.0
NU01253,NU_L319,test,96.5517,21.619700000000016,0.0,False,2525.0,58.0,34400.0
NU01253,NU_L319,test,116.256,23.319000000000013,0.0,False,2525.0,58.0,34400.0
NU01253,NU_L319,test,130.049,24.340200000000014,0.0,False,2525.0,58.0,34400.0
NU01253,NU_L319,test,143.842,25.361400000000014,0.0,False,2525.0,58.0,34400.0
NU01255,NU_L319,test,5.94059,0.0,5.94059,True,2525.0,65.0,35500.0
NU01255,NU_L319,test,13.8614,1.4550200000000002,5.94059,False,2525.0,65.0,35500.0
NU01255,NU_L319,test,21.7822,8.41723,5.94059,False,2525.0,65.0,35500.0
NU01255,NU_L319,test,27.7228,10.74043,5.94059,False,2525.0,65.0,35500.0
NU01255,NU_L319,test,43.5644,14.520029999999998,5.94059,False,2525.0,65.0,35500.0
NU01255,NU_L319,test,51.4851,15.97503,5.94059,False,2525.0,65.0,35500.0
NU01255,NU_L319,test,57.4257,16.26923,5.94059,False,2525.0,65.0,35500.0
NU01255,NU_L319,test,63.3663,17.14303,5.94059,False,2525.0,65.0,35500.0
NU01255,NU_L319,test,73.2673,18.01983,5.94059,False,2525.0,65.0,35500.0
NU01255,NU_L319,test,81.1881,18.895129999999998,5.94059,False,2525.0,65.0,35500.0
NU01255,NU_L319,test,89.1089,21.79943,5.94059,False,2525.0,65.0,35500.0
NU01255,NU_L319,test,97.0297,22.38483,5.94059,False,2525.0,65.0,35500.0
NU01255,NU_L319,test,120.792,23.56153,5.94059,False,2525.0,65.0,35500.0
NU01255,NU_L319,test,128.713,24.43683,5.94059,False,2525.0,65.0,35500.0
NU01255,NU_L319,test,144.554,25.60773,5.94059,False,2525.0,65.0,35500.0
NU01257,NU_L319,test,3.44129,0.0,3.44129,True,2525.0,67.5,37000.0
NU01257,NU_L319,test,3.50443,1.6080400000000008,3.44129,True,2525.0,67.5,37000.0
NU01257,NU_L319,test,13.1179,6.4322099999999995,3.44129,False,2525.0,67.5,37000.0
NU01257,NU_L319,test,19.5427,10.050210000000002,3.44129,False,2525.0,67.5,37000.0
NU01257,NU_L319,test,22.7472,11.658310000000002,3.44129,False,2525.0,67.5,37000.0
NU01257,NU_L319,test,29.0931,13.266309999999999,3.44129,False,2525.0,67.5,37000.0
NU01257,NU_L319,test,38.6119,15.678410000000001,3.44129,False,2525.0,67.5,37000.0
NU01257,NU_L319,test,54.3819,17.286410000000004,3.44129,False,2525.0,67.5,37000.0
NU01257,NU_L319,test,76.403,18.09041,3.44129,False,2525.0,67.5,37000.0
NU01257,NU_L319,test,95.3143,19.69851,3.44129,False,2525.0,67.5,37000.0
NU01257,NU_L319,test,111.1,21.708509999999997,3.44129,False,2525.0,67.5,37000.0
NU01257,NU_L319,test,133.153,23.316609999999997,3.44129,False,2525.0,67.5,37000.0
NU01257,NU_L319,test,155.205,24.92461,3.44129,False,2525.0,67.5,37000.0
NU01259,NU_L319,test,2.95567,0.0,2.95567,True,2520.0,70.0,38100.0
NU01259,NU_L319,test,5.91133,1.8797800000000002,2.95567,True,2520.0,70.0,38100.0
NU01259,NU_L319,test,8.867,3.75957,2.95567,True,2520.0,70.0,38100.0
NU01259,NU_L319,test,14.7783,6.39237,2.95567,False,2520.0,70.0,38100.0
NU01259,NU_L319,test,23.6453,9.02707,2.95567,False,2520.0,70.0,38100.0
NU01259,NU_L319,test,26.601,11.28237,2.95567,False,2520.0,70.0,38100.0
NU01259,NU_L319,test,35.468,15.41937,2.95567,False,2520.0,70.0,38100.0
NU01259,NU_L319,test,47.2906,17.30477,2.95567,False,2520.0,70.0,38100.0
NU01259,NU_L319,test,56.1576,18.06147,2.95567,False,2520.0,70.0,38100.0
NU01259,NU_L319,test,67.9803,20.69797,2.95567,False,2520.0,70.0,38100.0
NU01259,NU_L319,test,79.803,20.70537,2.95567,False,2520.0,70.0,38100.0
NU01259,NU_L319,test,103.448,22.22257,2.95567,False,2520.0,70.0,38100.0
NU01259,NU_L319,test,112.315,23.73047,2.95567,False,2520.0,70.0,38100.0
NU01259,NU_L319,test,141.872,25.25127,2.95567,False,2520.0,70.0,38100.0
NU01259,NU_L319,test,156.65,26.01167,2.95567,False,2520.0,70.0,38100.0
NU01317,NU_L332,train,0.0319996,0.0,0.0319996,True,2412.0,85.0,
NU01317,NU_L332,train,0.0379951,0.0,0.0319996,True,2412.0,85.0,
NU01317,NU_L332,train,0.09675,1.9046999999999983,0.0319996,True,2412.0,85.0,
NU01317,NU_L332,train,0.75266,5.7143000000000015,0.0319996,True,2412.0,85.0,
NU01317,NU_L332,train,6.60933,8.380899999999997,0.0319996,True,2412.0,85.0,
NU01317,NU_L332,train,29.9864,16.761899999999997,0.0319996,False,2412.0,85.0,
NU01317,NU_L332,train,119.806,24.761899999999997,0.0319996,False,2412.0,85.0,
NU01318,NU_L332,train,0.0576562,0.0,0.0576562,True,2412.0,85.0,
NU01318,NU_L332,train,0.11675,1.5238000000000014,0.0576562,True,2412.0,85.0,
NU01318,NU_L332,train,1.11712,8.381000000000004,0.0576562,True,2412.0,85.0,
NU01318,NU_L332,train,7.22463,17.523799999999998,0.0576562,True,2412.0,85.0,
NU01318,NU_L332,train,31.3322,30.857200000000002,0.0576562,False,2412.0,85.0,
NU01318,NU_L332,train,114.749,40.0,0.0576562,False,2412.0,85.0,
NU01319,NU_L332,train,0.00191484,0.0,0.00191484,True,2412.0,85.0,
NU01319,NU_L332,train,0.0054143,1.1427999999999976,0.00191484,True,2412.0,85.0,
NU01319,NU_L332,train,0.0166944,0.7618999999999971,0.00191484,True,2412.0,85.0,
NU01319,NU_L332,train,0.72266,3.4284999999999997,0.00191484,True,2412.0,85.0,
NU01319,NU_L332,train,1.06712,3.8095,0.00191484,True,2412.0,85.0,
NU01319,NU_L332,train,1.95675,9.142800000000001,0.00191484,True,2412.0,85.0,
NU01319,NU_L332,train,5.07375,11.4285,0.00191484,True,2412.0,85.0,
NU01319,NU_L332,train,20.2866,15.238099999999996,0.00191484,False,2412.0,85.0,
NU01319,NU_L332,train,48.2376,20.190399999999997,0.00191484,False,2412.0,85.0,
NU01319,NU_L332,train,125.077,27.047599999999996,0.00191484,False,2412.0,85.0,
NU01322,NU_L332,train,0.0120881,0.0,0.0120881,True,2412.0,85.0,
NU01322,NU_L332,train,0.0167234,1.9047999999999945,0.0120881,True,2412.0,85.0,
NU01322,NU_L332,train,0.0965574,4.952399999999997,0.0120881,True,2412.0,85.0,
NU01322,NU_L332,train,0.234438,5.333299999999994,0.0120881,True,2412.0,85.0,
NU01322,NU_L332,train,1.03189,10.666699999999999,0.0120881,True,2412.0,85.0,
NU01322,NU_L332,train,2.05336,12.1905,0.0120881,True,2412.0,85.0,
NU01322,NU_L332,train,6.58933,16.761899999999997,0.0120881,True,2412.0,85.0,
NU01322,NU_L332,train,7.50218,18.2857,0.0120881,True,2412.0,85.0,
NU01322,NU_L332,train,8.91929,20.1905,0.0120881,True,2412.0,85.0,
NU01322,NU_L332,train,13.7482,22.0952,0.0120881,False,2412.0,85.0,
NU01322,NU_L332,train,25.2015,24.761899999999997,0.0120881,False,2412.0,85.0,
NU01322,NU_L332,train,50.3826,29.714299999999994,0.0120881,False,2412.0,85.0,
NU01322,NU_L332,train,130.623,38.09519999999999,0.0120881,False,2412.0,85.0,
NU01323,NU_L332,train,0.00199959,0.0,0.00199959,True,2412.0,85.0,
NU01323,NU_L332,train,0.00702094,3.428600000000003,0.00199959,True,2412.0,85.0,
NU01323,NU_L332,train,0.0865574,7.238100000000003,0.00199959,True,2412.0,85.0,
NU01323,NU_L332,train,0.224438,10.666699999999999,0.00199959,True,2412.0,85.0,
NU01323,NU_L332,train,0.978578,15.619100000000003,0.00199959,True,2412.0,85.0,
NU01323,NU_L332,train,2.1338,19.0477,0.00199959,True,2412.0,85.0,
NU01323,NU_L332,train,6.57933,30.0953,0.00199959,True,2412.0,85.0,
NU01323,NU_L332,train,8.90929,30.0953,0.00199959,True,2412.0,85.0,
NU01323,NU_L332,train,14.3463,40.00000000000001,0.00199959,False,2412.0,85.0,
NU01323,NU_L332,train,25.1915,47.619099999999996,0.00199959,False,2412.0,85.0,
NU01323,NU_L332,train,52.6021,58.2858,0.00199959,False,2412.0,85.0,
NU01323,NU_L332,train,136.394,70.857,0.00199959,False,2412.0,85.0,
NU01324,NU_L332,train,0.00191484,0.0,0.00191484,True,2412.0,85.0,
NU01324,NU_L332,train,0.00496506,0.7619000000000007,0.00191484,True,2412.0,85.0,
NU01324,NU_L332,train,0.0174333,1.142900000000001,0.00191484,True,2412.0,85.0,
NU01324,NU_L332,train,0.72266,3.047599999999999,0.00191484,True,2412.0,85.0,
NU01324,NU_L332,train,0.978578,4.571400000000001,0.00191484,True,2412.0,85.0,
NU01324,NU_L332,train,1.95675,6.476199999999999,0.00191484,True,2412.0,85.0,
NU01324,NU_L332,train,5.07375,7.9999999999999964,0.00191484,True,2412.0,85.0,
NU01324,NU_L332,train,20.2866,9.142900000000001,0.00191484,False,2412.0,85.0,
NU01324,NU_L332,train,48.2376,11.4286,0.00191484,False,2412.0,85.0,
NU01324,NU_L332,train,119.776,13.714299999999998,0.00191484,False,2412.0,85.0,
NU01325,NU_L341,train,0.0381,0.0,0.0381,True,2562.82,77.7,14535.0
NU01325,NU_L341,train,0.818,17.237099999999998,0.0381,True,2562.82,77.7,14535.0
NU01325,NU_L341,train,1.8579,24.4191,0.0381,True,2562.82,77.7,14535.0
NU01325,NU_L341,train,3.6776,36.6281,0.0381,True,2562.82,77.7,14535.0
NU01325,NU_L341,train,4.9775,43.0921,0.0381,True,2562.82,77.7,14535.0
NU01325,NU_L341,train,6.0173,45.96409999999999,0.0381,True,2562.82,77.7,14535.0
NU01325,NU_L341,train,7.0572,48.83710000000001,0.0381,True,2562.82,77.7,14535.0
NU01325,NU_L341,train,13.8163,67.51010000000001,0.0381,False,2562.82,77.7,14535.0
NU01325,NU_L341,train,20.5754,76.8471,0.0381,False,2562.82,77.7,14535.0
NU01325,NU_L341,train,27.8544,85.46509999999999,0.0381,False,2562.82,77.7,14535.0
NU01325,NU_L341,train,34.8735,99.8291,0.0381,False,2562.82,77.7,14535.0
NU01325,NU_L341,train,41.6326,105.5741,0.0381,False,2562.82,77.7,14535.0
NU01325,NU_L341,train,73.8683,123.52910000000001,0.0381,False,2562.82,77.7,14535.0
NU01325,NU_L341,train,106.364,135.73809999999997,0.0381,False,2562.82,77.7,14535.0
NU01325,NU_L341,train,123.002,137.1751,0.0381,False,2562.82,77.7,14535.0
NU01326,NU_L343,train,0.32094,0.0,0.32094,True,2300.011,59.8,
NU01326,NU_L343,train,1.51968,7.572399999999995,0.32094,True,2300.011,59.8,
NU01326,NU_L343,train,2.20634,9.465499999999999,0.32094,True,2300.011,59.8,
NU01326,NU_L343,train,3.06467,11.831799999999994,0.32094,True,2300.011,59.8,
NU01326,NU_L343,train,3.75101,14.1984,0.32094,True,2300.011,59.8,
NU01326,NU_L343,train,4.78165,16.0914,0.32094,True,2300.011,59.8,
NU01326,NU_L343,train,5.81262,17.5111,0.32094,True,2300.011,59.8,
NU01326,NU_L343,train,7.0159,18.4576,0.32094,True,2300.011,59.8,
NU01326,NU_L343,train,13.718,26.5036,0.32094,False,2300.011,59.8,
NU01326,NU_L343,train,20.768,28.869799999999998,0.32094,False,2300.011,59.8,
NU01326,NU_L343,train,28.504,34.0759,0.32094,False,2300.011,59.8,
NU01326,NU_L343,train,34.695,35.0224,0.32094,False,2300.011,59.8,
NU01326,NU_L343,train,41.9153,39.7553,0.32094,False,2300.011,59.8,
NU01326,NU_L343,train,48.106,41.175000000000004,0.32094,False,2300.011,59.8,
NU01326,NU_L343,train,54.9846,42.594699999999996,0.32094,False,2300.011,59.8,
NU01326,NU_L343,train,59.972,43.06799999999999,0.32094,False,2300.011,59.8,
NU01327,NU_L343,train,0.986834,0.0,0.986834,True,2300.011,62.1,
NU01327,NU_L343,train,2.0178,0.9117000000000033,0.986834,True,2300.011,62.1,
NU01327,NU_L343,train,3.21849,3.9498000000000033,0.986834,True,2300.011,62.1,
NU01327,NU_L343,train,3.9032,6.988199999999999,0.986834,True,2300.011,62.1,
NU01327,NU_L343,train,4.41755,8.5075,0.986834,True,2300.011,62.1,
NU01327,NU_L343,train,5.44819,9.7228,0.986834,True,2300.011,62.1,
NU01327,NU_L343,train,5.62018,9.7228,0.986834,True,2300.011,62.1,
NU01327,NU_L343,train,6.65083,10.938000000000002,0.986834,True,2300.011,62.1,
NU01327,NU_L343,train,13.8663,18.5338,0.986834,False,2300.011,62.1,
NU01327,NU_L343,train,20.9163,20.0529,0.986834,False,2300.011,62.1,
NU01327,NU_L343,train,27.964,23.698899999999995,0.986834,False,2300.011,62.1,
NU01327,NU_L343,train,35.0156,23.698899999999995,0.986834,False,2300.011,62.1,
NU01327,NU_L343,train,42.0643,26.433499999999995,0.986834,False,2300.011,62.1,
NU01327,NU_L343,train,48.9445,25.8258,0.986834,False,2300.011,62.1,
NU01327,NU_L343,train,60.2923,29.168000000000006,0.986834,False,2300.011,62.1,
NU01328,NU_L343,train,0.294007,0.0,0.294007,True,2300.011,64.6,
NU01328,NU_L343,train,2.00191,9.256799999999998,0.294007,True,2300.011,64.6,
NU01328,NU_L343,train,2.86057,10.255000000000003,0.294007,True,2300.011,64.6,
NU01328,NU_L343,train,3.88894,13.005299999999998,0.294007,True,2300.011,64.6,
NU01328,NU_L343,train,4.91894,14.503599999999999,0.294007,True,2300.011,64.6,
NU01328,NU_L343,train,5.94797,16.753,0.294007,True,2300.011,64.6,
NU01328,NU_L343,train,7.15028,18.000500000000002,0.294007,True,2300.011,64.6,
NU01328,NU_L343,train,14.1951,23.2327,0.294007,False,2300.011,64.6,
NU01328,NU_L343,train,20.8966,27.9653,0.294007,False,2300.011,64.6,
NU01328,NU_L343,train,28.2889,30.442300000000003,0.294007,False,2300.011,64.6,
NU01328,NU_L343,train,35.1666,31.92,0.294007,False,2300.011,64.6,
NU01328,NU_L343,train,42.2163,33.3968,0.294007,False,2300.011,64.6,
NU01328,NU_L343,train,49.266,34.87350000000001,0.294007,False,2300.011,64.6,
NU01328,NU_L343,train,56.1443,35.850300000000004,0.294007,False,2300.011,64.6,
NU01328,NU_L343,train,60.2712,36.58670000000001,0.294007,False,2300.011,64.6,
NU01329,NU_L343,train,0.627397,0.0,0.627397,True,2300.011,64.6,
NU01329,NU_L343,train,1.14046,2.245200000000004,0.627397,True,2300.011,64.6,
NU01329,NU_L343,train,1.82616,3.989600000000003,0.627397,True,2300.011,64.6,
NU01329,NU_L343,train,3.02686,6.479600000000005,0.627397,True,2300.011,64.6,
NU01329,NU_L343,train,3.88358,8.972300000000004,0.627397,True,2300.011,64.6,
NU01329,NU_L343,train,4.91359,10.464100000000002,0.627397,True,2300.011,64.6,
NU01329,NU_L343,train,5.94359,11.956200000000003,0.627397,True,2300.011,64.6,
NU01329,NU_L343,train,6.97263,14.197700000000005,0.627397,True,2300.011,64.6,
NU01329,NU_L343,train,10.0643,17.42410000000001,0.627397,False,2300.011,64.6,
NU01329,NU_L343,train,13.8436,20.89540000000001,0.627397,False,2300.011,64.6,
NU01329,NU_L343,train,20.72,23.345,0.627397,False,2300.011,64.6,
NU01329,NU_L343,train,24.6751,23.8164,0.627397,False,2300.011,64.6,
NU01329,NU_L343,train,27.7697,24.793900000000008,0.627397,False,2300.011,64.6,
NU01329,NU_L343,train,29.8317,26.278400000000005,0.627397,False,2300.011,64.6,
NU01330,NU_L343,train,0.114877,0.0,0.114877,True,2300.011,62.3,
NU01330,NU_L343,train,0.452044,4.769100000000002,0.114877,True,2300.011,62.3,
NU01330,NU_L343,train,2.6743,14.3018,0.114877,True,2300.011,62.3,
NU01330,NU_L343,train,3.188,15.890099999999997,0.114877,True,2300.011,62.3,
NU01330,NU_L343,train,6.96336,21.783499999999997,0.114877,True,2300.011,62.3,
NU01330,NU_L343,train,13.6619,28.121799999999993,0.114877,False,2300.011,62.3,
NU01330,NU_L343,train,20.7084,31.733199999999997,0.114877,False,2300.011,62.3,
NU01330,NU_L343,train,28.2701,35.797200000000004,0.114877,False,2300.011,62.3,
NU01330,NU_L343,train,34.9749,37.8197,0.114877,False,2300.011,62.3,
NU01330,NU_L343,train,42.0223,40.7496,0.114877,False,2300.011,62.3,
NU01330,NU_L343,train,49.0697,43.67959999999999,0.114877,False,2300.011,62.3,
NU01330,NU_L343,train,56.2926,44.110600000000005,0.114877,False,2300.011,62.3,
NU01330,NU_L343,train,60.2449,46.5963,0.114877,False,2300.011,62.3,
NU01333,NU_L343,train,0.131368,0.0,0.131368,True,2299.974,38.4,
NU01333,NU_L343,train,2.08395,21.1836,0.131368,True,2299.974,38.4,
NU01333,NU_L343,train,4.25902,30.660600000000002,0.131368,True,2299.974,38.4,
NU01333,NU_L343,train,6.83735,37.9076,0.131368,True,2299.974,38.4,
NU01333,NU_L343,train,13.79,51.8447,0.131368,False,2299.974,38.4,
NU01333,NU_L343,train,20.964,54.632000000000005,0.131368,False,2299.974,38.4,
NU01333,NU_L343,train,27.9407,56.3043,0.131368,False,2299.974,38.4,
NU01333,NU_L343,train,34.717,58.5339,0.131368,False,2299.974,38.4,
NU01333,NU_L343,train,41.6915,61.321200000000005,0.131368,False,2299.974,38.4,
NU01333,NU_L343,train,48.6639,65.2236,0.131368,False,2299.974,38.4,
NU01333,NU_L343,train,56.0428,65.2236,0.131368,False,2299.974,38.4,
NU01333,NU_L343,train,60.0259,68.0111,0.131368,False,2299.974,38.4,
NU01334,NU_L343,train,0.08132,0.0,0.08132,True,2299.974,38.5,
NU01334,NU_L343,train,2.03959,18.063799999999993,0.08132,True,2299.974,38.5,
NU01334,NU_L343,train,3.21434,28.997399999999992,0.08132,True,2299.974,38.5,
NU01334,NU_L343,train,5.77811,44.6787,0.08132,True,2299.974,38.5,
NU01334,NU_L343,train,6.96494,50.37839999999999,0.08132,True,2299.974,38.5,
NU01334,NU_L343,train,13.9299,65.55439999999999,0.08132,False,2299.974,38.5,
NU01334,NU_L343,train,20.9058,75.9734,0.08132,False,2299.974,38.5,
NU01334,NU_L343,train,34.4742,89.6764,0.08132,False,2299.974,38.5,
NU01334,NU_L343,train,48.6579,96.71540000000002,0.08132,False,2299.974,38.5,
NU01334,NU_L343,train,55.6481,100.9494,0.08132,False,2299.974,38.5,
NU01334,NU_L343,train,59.8471,101.3964,0.08132,False,2299.974,38.5,
NU01335,NU_L343,train,0.86789,0.0,0.86789,True,2299.974,38.4,
NU01335,NU_L343,train,1.45468,5.734000000000002,0.86789,True,2299.974,38.4,
NU01335,NU_L343,train,4.81505,22.936,0.86789,True,2299.974,38.4,
NU01335,NU_L343,train,6.99853,30.1034,0.86789,True,2299.974,38.4,
NU01335,NU_L343,train,13.771,42.0491,0.86789,False,2299.974,38.4,
NU01335,NU_L343,train,21.1567,48.26069999999999,0.86789,False,2299.974,38.4,
NU01335,NU_L343,train,27.938,56.3837,0.86789,False,2299.974,38.4,
NU01335,NU_L343,train,34.9303,59.728699999999996,0.86789,False,2299.974,38.4,
NU01335,NU_L343,train,42.1237,62.5957,0.86789,False,2299.974,38.4,
NU01335,NU_L343,train,49.1127,67.37369999999999,0.86789,False,2299.974,38.4,
NU01335,NU_L343,train,56.1083,69.28569999999999,0.86789,False,2299.974,38.4,
NU01335,NU_L343,train,60.1061,70.2407,0.86789,False,2299.974,38.4,
NU01338,NU_L343,train,0.877966,0.0,0.877966,True,2299.974,34.5,
NU01338,NU_L343,train,1.86981,7.431899999999999,0.877966,True,2299.974,34.5,
NU01338,NU_L343,train,2.86166,14.864100000000008,0.877966,True,2299.974,34.5,
NU01338,NU_L343,train,3.45603,19.819500000000005,0.877966,True,2299.974,34.5,
NU01338,NU_L343,train,4.65212,24.7735,0.877966,True,2299.974,34.5,
NU01338,NU_L343,train,6.04952,29.233500000000006,0.877966,True,2299.974,34.5,
NU01338,NU_L343,train,6.84593,33.1965,0.877966,True,2299.974,34.5,
NU01338,NU_L343,train,13.8395,51.034499999999994,0.877966,False,2299.974,34.5,
NU01338,NU_L343,train,21.0389,65.40249999999999,0.877966,False,2299.974,34.5,
NU01338,NU_L343,train,27.851,70.3575,0.877966,False,2299.974,34.5,
NU01338,NU_L343,train,35.0606,77.7905,0.877966,False,2299.974,34.5,
NU01338,NU_L343,train,41.4709,83.24050000000001,0.877966,False,2299.974,34.5,
NU01338,NU_L343,train,49.0868,87.20450000000001,0.877966,False,2299.974,34.5,
NU01338,NU_L343,train,55.8989,92.15849999999999,0.877966,False,2299.974,34.5,
NU01338,NU_L343,train,60.3086,94.14050000000002,0.877966,False,2299.974,34.5,
NU01345,NU_L343,train,0.759518,0.0,0.759518,True,2299.995,22.8,
NU01345,NU_L343,train,2.16176,35.256,0.759518,True,2299.995,22.8,
NU01345,NU_L343,train,4.58009,59.078,0.759518,True,2299.995,22.8,
NU01345,NU_L343,train,6.99992,79.089,0.759518,True,2299.995,22.8,
NU01345,NU_L343,train,14.273,104.816,0.759518,False,2299.995,22.8,
NU01345,NU_L343,train,21.1441,123.874,0.759518,False,2299.995,22.8,
NU01345,NU_L343,train,31.2506,146.74300000000002,0.759518,False,2299.995,22.8,
NU01345,NU_L343,train,37.9235,155.319,0.759518,False,2299.995,22.8,
NU01345,NU_L343,train,45.4042,167.70700000000002,0.759518,False,2299.995,22.8,
NU01345,NU_L343,train,53.0864,181.99999999999997,0.759518,False,2299.995,22.8,
NU01345,NU_L343,train,60.5659,197.246,0.759518,False,2299.995,22.8,
NU01350,NU_L343,train,0.0625119,0.0,0.0625119,True,2300.011,59.8,
NU01350,NU_L343,train,1.58003,7.282299999999999,0.0625119,True,2300.011,59.8,
NU01350,NU_L343,train,2.63832,11.433399999999999,0.0625119,True,2300.011,59.8,
NU01350,NU_L343,train,5.1937,14.191400000000002,0.0625119,True,2300.011,59.8,
NU01350,NU_L343,train,7.17564,16.9794,0.0625119,True,2300.011,59.8,
NU01350,NU_L343,train,14.3825,22.122,0.0625119,False,2300.011,59.8,
NU01350,NU_L343,train,21.1302,24.133699999999997,0.0625119,False,2300.011,59.8,
NU01350,NU_L343,train,28.273,25.016599999999997,0.0625119,False,2300.011,59.8,
NU01350,NU_L343,train,36.7474,26.65,0.0625119,False,2300.011,59.8,
NU01350,NU_L343,train,39.3336,28.8339,0.0625119,False,2300.011,59.8,
NU01350,NU_L343,train,41.7363,29.301299999999998,0.0625119,False,2300.011,59.8,
NU01350,NU_L343,train,47.8593,29.360300000000002,0.0625119,False,2300.011,59.8,
NU01350,NU_L343,train,55.741,30.506200000000007,0.0625119,False,2300.011,59.8,
NU01350,NU_L343,train,59.9461,30.7273,0.0625119,False,2300.011,59.8,
NU01353,NU_L344,train,0.800164,0.0,0.800164,True,2451.0,71.4,33564.0
NU01353,NU_L344,train,1.6787,5.787293,0.800164,True,2451.0,71.4,33564.0
NU01353,NU_L344,train,11.195,10.072483,0.800164,False,2451.0,71.4,33564.0
NU01353,NU_L344,train,29.3709,14.244383000000001,0.800164,False,2451.0,71.4,33564.0
NU01353,NU_L344,train,48.3124,17.027683,0.800164,False,2451.0,71.4,33564.0
NU01353,NU_L344,train,75.9099,19.466182999999997,0.800164,False,2451.0,71.4,33564.0
NU01353,NU_L344,train,101.933,21.904283,0.800164,False,2451.0,71.4,33564.0
NU01353,NU_L344,train,138.972,23.882583,0.800164,False,2451.0,71.4,33564.0
NU01354,NU_L344,train,3.0888,0.0,3.0888,True,2451.0,85.2,34610.0
NU01354,NU_L344,train,6.94981,4.20237,3.0888,True,2451.0,85.2,34610.0
NU01354,NU_L344,train,18.5328,8.05937,3.0888,False,2451.0,85.2,34610.0
NU01354,NU_L344,train,35.5212,10.89067,3.0888,False,2451.0,85.2,34610.0
NU01354,NU_L344,train,54.0541,13.38017,3.0888,False,2451.0,85.2,34610.0
NU01354,NU_L344,train,77.9923,15.525569999999998,3.0888,False,2451.0,85.2,34610.0
NU01354,NU_L344,train,99.6139,17.44517,3.0888,False,2451.0,85.2,34610.0
NU01354,NU_L344,train,123.552,19.02247,3.0888,False,2451.0,85.2,34610.0
NU01354,NU_L344,train,149.807,20.71207,3.0888,False,2451.0,85.2,34610.0
NU01355,NU_L344,train,3.74125,0.0,3.74125,True,2451.0,87.9,34782.0
NU01355,NU_L344,train,12.8361,6.563690000000001,3.74125,False,2451.0,87.9,34782.0
NU01355,NU_L344,train,23.4946,11.091590000000002,3.74125,False,2451.0,87.9,34782.0
NU01355,NU_L344,train,40.2904,15.16869,3.74125,False,2451.0,87.9,34782.0
NU01355,NU_L344,train,63.2355,18.00329,3.74125,False,2451.0,87.9,34782.0
NU01355,NU_L344,train,85.409,21.176990000000004,3.74125,False,2451.0,87.9,34782.0
NU01355,NU_L344,train,109.133,23.21989,3.74125,False,2451.0,87.9,34782.0
NU01355,NU_L344,train,136.687,25.263890000000004,3.74125,False,2451.0,87.9,34782.0
NU01356,NU_L344,train,0.753364,0.0,0.753364,True,2451.0,82.3,41627.0
NU01356,NU_L344,train,2.32095,5.4203529999999995,0.753364,True,2451.0,82.3,41627.0
NU01356,NU_L344,train,6.86252,10.840683,0.753364,True,2451.0,82.3,41627.0
NU01356,NU_L344,train,13.6115,14.712382999999999,0.753364,False,2451.0,82.3,41627.0
NU01356,NU_L344,train,25.565,18.584083000000003,0.753364,False,2451.0,82.3,41627.0
NU01356,NU_L344,train,42.7263,22.676983,0.753364,False,2451.0,82.3,41627.0
NU01356,NU_L344,train,62.8417,25.442483000000003,0.753364,False,2451.0,82.3,41627.0
NU01356,NU_L344,train,84.4376,27.765483000000003,0.753364,False,2451.0,82.3,41627.0
NU01356,NU_L344,train,106.774,29.867283,0.753364,False,2451.0,82.3,41627.0
NU01356,NU_L344,train,132.08,31.747783,0.753364,False,2451.0,82.3,41627.0
NU01357,NU_L344,train,2.85065,0.0,2.85065,True,2452.0,76.3,39444.0
NU01357,NU_L344,train,4.25402,4.746160000000001,2.85065,True,2452.0,76.3,39444.0
NU01357,NU_L344,train,7.14207,8.719660000000001,2.85065,True,2452.0,76.3,39444.0
NU01357,NU_L344,train,12.9686,13.245060000000002,2.85065,False,2452.0,76.3,39444.0
NU01357,NU_L344,train,22.4897,16.99776,2.85065,False,2452.0,76.3,39444.0
NU01357,NU_L344,train,34.2241,20.52976,2.85065,False,2452.0,76.3,39444.0
NU01357,NU_L344,train,51.1231,23.50996,2.85065,False,2452.0,76.3,39444.0
NU01357,NU_L344,train,73.9234,25.93816,2.85065,False,2452.0,76.3,39444.0
NU01357,NU_L344,train,99.6817,27.593860000000003,2.85065,False,2452.0,76.3,39444.0
NU01357,NU_L344,train,126.918,28.918360000000003,2.85065,False,2452.0,76.3,39444.0
NU01357,NU_L344,train,152.685,30.02206,2.85065,False,2452.0,76.3,39444.0
NU01358,NU_L344,train,1.33835,0.0,1.33835,True,2452.0,74.5,39163.0
NU01358,NU_L344,train,2.68336,5.11041,1.33835,True,2452.0,74.5,39163.0
NU01358,NU_L344,train,4.04834,9.55401,1.33835,True,2452.0,74.5,39163.0
NU01358,NU_L344,train,7.65722,14.107610000000001,1.33835,True,2452.0,74.5,39163.0
NU01358,NU_L344,train,14.2691,18.43731,1.33835,False,2452.0,74.5,39163.0
NU01358,NU_L344,train,22.3957,22.21051,1.33835,False,2452.0,74.5,39163.0
NU01358,NU_L344,train,33.522,25.871010000000002,1.33835,False,2452.0,74.5,39163.0
NU01358,NU_L344,train,47.6546,29.19651,1.33835,False,2452.0,74.5,39163.0
NU01358,NU_L344,train,69.2979,31.851110000000002,1.33835,False,2452.0,74.5,39163.0
NU01358,NU_L344,train,95.4523,33.94771,1.33835,False,2452.0,74.5,39163.0
NU01358,NU_L344,train,122.369,35.599410000000006,1.33835,False,2452.0,74.5,39163.0
NU01358,NU_L344,train,149.289,37.140010000000004,1.33835,False,2452.0,74.5,39163.0
NU01359,NU_L344,train,0.0,0.0,0.0,True,2451.5,90.7,39467.0
NU01359,NU_L344,train,0.759013,3.1180399999999997,0.0,True,2451.5,90.7,39467.0
NU01359,NU_L344,train,3.79507,7.0155899999999995,0.0,True,2451.5,90.7,39467.0
NU01359,NU_L344,train,8.34915,10.91311,0.0,True,2451.5,90.7,39467.0
NU01359,NU_L344,train,13.6622,13.474409999999999,0.0,False,2451.5,90.7,39467.0
NU01359,NU_L344,train,20.4934,16.14701,0.0,False,2451.5,90.7,39467.0
NU01359,NU_L344,train,34.9146,18.93091,0.0,False,2451.5,90.7,39467.0
NU01359,NU_L344,train,48.5769,21.15811,0.0,False,2451.5,90.7,39467.0
NU01359,NU_L344,train,66.0342,22.93991,0.0,False,2451.5,90.7,39467.0
NU01359,NU_L344,train,86.5275,24.498910000000002,0.0,False,2451.5,90.7,39467.0
NU01359,NU_L344,train,105.503,25.94651,0.0,False,2451.5,90.7,39467.0
NU01359,NU_L344,train,122.96,27.06011,0.0,False,2451.5,90.7,39467.0
NU01359,NU_L344,train,143.454,28.841910000000002,0.0,False,2451.5,90.7,39467.0
NU01360,NU_L344,train,0.784627,0.0,0.784627,True,2452.0,86.7,40597.0
NU01360,NU_L344,train,2.44032,4.8449029999999995,0.784627,True,2452.0,86.7,40597.0
NU01360,NU_L344,train,4.10267,9.910043,0.784627,True,2452.0,86.7,40597.0
NU01360,NU_L344,train,14.0435,14.199743,0.784627,False,2452.0,86.7,40597.0
NU01360,NU_L344,train,26.9932,18.157343,0.784627,False,2452.0,86.7,40597.0
NU01360,NU_L344,train,48.2246,21.449643000000002,0.784627,False,2452.0,86.7,40597.0
NU01360,NU_L344,train,70.1908,24.080743000000002,0.784627,False,2452.0,86.7,40597.0
NU01360,NU_L344,train,94.4045,26.159943000000002,0.784627,False,2452.0,86.7,40597.0
NU01360,NU_L344,train,119.356,27.688043,0.784627,False,2452.0,86.7,40597.0
NU01360,NU_L344,train,146.576,29.325043,0.784627,False,2452.0,86.7,40597.0
NU01361,NU_L344,train,3.19423,0.0,3.19423,True,2452.0,89.5,41307.0
NU01361,NU_L344,train,10.8016,3.9886,3.19423,False,2452.0,89.5,41307.0
NU01361,NU_L344,train,25.2015,7.982900000000001,3.19423,False,2452.0,89.5,41307.0
NU01361,NU_L344,train,46.3806,11.0978,3.19423,False,2452.0,89.5,41307.0
NU01361,NU_L344,train,69.0625,13.7715,3.19423,False,2452.0,89.5,41307.0
NU01361,NU_L344,train,97.0174,15.785800000000002,3.19423,False,2452.0,89.5,41307.0
NU01361,NU_L344,train,124.957,16.8046,3.19423,False,2452.0,89.5,41307.0
NU01361,NU_L344,train,157.427,17.9377,3.19423,False,2452.0,89.5,41307.0
NU01372,NU_L352,train,0.131926,0.0,0.131926,True,1922.0,90.0,45000.0
NU01372,NU_L352,train,1.05541,5.372009999999995,0.131926,True,1922.0,90.0,45000.0
NU01372,NU_L352,train,2.90237,9.065289999999994,0.131926,True,1922.0,90.0,45000.0
NU01372,NU_L352,train,5.14512,11.146899999999995,0.131926,True,1922.0,90.0,45000.0
NU01372,NU_L352,train,6.99208,12.288499999999996,0.131926,True,1922.0,90.0,45000.0
NU01372,NU_L352,train,13.9842,14.370099999999995,0.131926,False,1922.0,90.0,45000.0
NU01372,NU_L352,train,21.1082,15.713099999999995,0.131926,False,1922.0,90.0,45000.0
NU01372,NU_L352,train,35.0923,17.526199999999992,0.131926,False,1922.0,90.0,45000.0
NU01372,NU_L352,train,42.0844,18.063399999999994,0.131926,False,1922.0,90.0,45000.0
NU01372,NU_L352,train,48.9446,18.734899999999993,0.131926,False,1922.0,90.0,45000.0
NU01372,NU_L352,train,56.0686,19.13779999999999,0.131926,False,1922.0,90.0,45000.0
NU01372,NU_L352,train,63.0607,19.13779999999999,0.131926,False,1922.0,90.0,45000.0
NU01372,NU_L352,train,70.0528,19.27209999999999,0.131926,False,1922.0,90.0,45000.0
NU01372,NU_L352,train,77.0449,20.682299999999994,0.131926,False,1922.0,90.0,45000.0
NU01372,NU_L352,train,84.0369,21.152299999999993,0.131926,False,1922.0,90.0,45000.0
NU01372,NU_L352,train,90.8971,21.152299999999993,0.131926,False,1922.0,90.0,45000.0
NU01372,NU_L352,train,97.8892,20.950799999999994,0.131926,False,1922.0,90.0,45000.0
NU01373,NU_L352,train,0.0,0.0,0.0,True,1922.0,86.0,47000.0
NU01373,NU_L352,train,1.05541,5.2837686,0.0,True,1922.0,86.0,47000.0
NU01373,NU_L352,train,2.90237,9.1976786,0.0,True,1922.0,86.0,47000.0
NU01373,NU_L352,train,5.01319,11.2197686,0.0,True,1922.0,86.0,47000.0
NU01373,NU_L352,train,6.86016,12.1982686,0.0,True,1922.0,86.0,47000.0
NU01373,NU_L352,train,13.9842,15.0032686,0.0,False,1922.0,86.0,47000.0
NU01373,NU_L352,train,20.9763,16.373068600000003,0.0,False,1922.0,86.0,47000.0
NU01373,NU_L352,train,35.2243,18.525768600000003,0.0,False,1922.0,86.0,47000.0
NU01373,NU_L352,train,42.0844,18.9171686,0.0,False,1922.0,86.0,47000.0
NU01373,NU_L352,train,48.9446,20.2217686,0.0,False,1922.0,86.0,47000.0
NU01373,NU_L352,train,56.0686,20.156568600000003,0.0,False,1922.0,86.0,47000.0
NU01373,NU_L352,train,62.9288,19.9608686,0.0,False,1922.0,86.0,47000.0
NU01373,NU_L352,train,70.0528,20.4827686,0.0,False,1922.0,86.0,47000.0
NU01373,NU_L352,train,76.9129,20.9393686,0.0,False,1922.0,86.0,47000.0
NU01373,NU_L352,train,84.0369,21.2002686,0.0,False,1922.0,86.0,47000.0
NU01373,NU_L352,train,90.8971,21.2002686,0.0,False,1922.0,86.0,47000.0
NU01373,NU_L352,train,97.8892,21.591668600000002,0.0,False,1922.0,86.0,47000.0
NU01374,NU_L352,train,6.20737,0.0,6.20737,True,1922.0,44.0,20000.0
NU01374,NU_L352,train,13.8472,16.266399999999997,6.20737,False,1922.0,44.0,20000.0
NU01374,NU_L352,train,21.487,25.025100000000002,6.20737,False,1922.0,44.0,20000.0
NU01374,NU_L352,train,49.1814,51.302,6.20737,False,1922.0,44.0,20000.0
NU01374,NU_L352,train,76.8759,62.562999999999995,6.20737,False,1922.0,44.0,20000.0
NU01374,NU_L352,train,105.048,73.82399999999998,6.20737,False,1922.0,44.0,20000.0
NU01374,NU_L352,train,133.22,81.33099999999999,6.20737,False,1922.0,44.0,20000.0
NU01375,NU_L352,train,7.11e-15,0.0,7.11e-15,True,1922.0,44.0,19000.0
NU01375,NU_L352,train,7.36842,77.16052,7.11e-15,True,1922.0,44.0,19000.0
NU01375,NU_L352,train,13.8158,96.15362,7.11e-15,False,1922.0,44.0,19000.0
NU01375,NU_L352,train,21.1842,109.21192,7.11e-15,False,1922.0,44.0,19000.0
NU01375,NU_L352,train,27.6316,125.83092,7.11e-15,False,1922.0,44.0,19000.0
NU01375,NU_L352,train,56.1842,154.32092,7.11e-15,False,1922.0,44.0,19000.0
NU01375,NU_L352,train,84.7368,172.12691999999998,7.11e-15,False,1922.0,44.0,19000.0
NU01375,NU_L352,train,111.908,185.18492,7.11e-15,False,1922.0,44.0,19000.0
NU01375,NU_L352,train,140.0,195.86892,7.11e-15,False,1922.0,44.0,19000.0
NU01376,NU_L359,train,0.60302,0.0,0.60302,True,2440.75,79.8,47600.0
NU01376,NU_L359,train,2.58533,6.610799999999999,0.60302,True,2440.75,79.8,47600.0
NU01376,NU_L359,train,7.49192,13.051900000000002,0.60302,True,2440.75,79.8,47600.0
NU01376,NU_L359,train,13.7623,19.2365,0.60302,False,2440.75,79.8,47600.0
NU01376,NU_L359,train,27.6192,21.5636,0.60302,False,2440.75,79.8,47600.0
NU01376,NU_L359,train,30.1594,22.595399999999998,0.60302,False,2440.75,79.8,47600.0
NU01376,NU_L359,train,35.43,23.7149,0.60302,False,2440.75,79.8,47600.0
NU01376,NU_L359,train,43.8225,25.179900000000004,0.60302,False,2440.75,79.8,47600.0
NU01376,NU_L359,train,56.3022,25.016800000000003,0.60302,False,2440.75,79.8,47600.0
NU01376,NU_L359,train,72.4967,26.8305,0.60302,False,2440.75,79.8,47600.0
NU01376,NU_L359,train,90.2592,30.276199999999996,0.60302,False,2440.75,79.8,47600.0
NU01376,NU_L359,train,105.864,31.231099999999998,0.60302,False,2440.75,79.8,47600.0
NU01376,NU_L359,train,124.391,31.4155,0.60302,False,2440.75,79.8,47600.0
NU01377,NU_L359,train,1.36505,0.0,1.36505,True,2500.0,79.7,45500.0
NU01377,NU_L359,train,2.73011,4.53964,1.36505,True,2500.0,79.7,45500.0
NU01377,NU_L359,train,6.63027,11.30624,1.36505,True,2500.0,79.7,45500.0
NU01377,NU_L359,train,13.8456,15.160639999999999,1.36505,False,2500.0,79.7,45500.0
NU01377,NU_L359,train,27.3011,17.901539999999997,1.36505,False,2500.0,79.7,45500.0
NU01377,NU_L359,train,30.4212,18.67234,1.36505,False,2500.0,79.7,45500.0
NU01377,NU_L359,train,35.1014,19.52894,1.36505,False,2500.0,79.7,45500.0
NU01377,NU_L359,train,44.0718,20.128439999999998,1.36505,False,2500.0,79.7,45500.0
NU01377,NU_L359,train,55.3822,20.299840000000003,1.36505,False,2500.0,79.7,45500.0
NU01377,NU_L359,train,71.9579,20.042839999999998,1.36505,False,2500.0,79.7,45500.0
NU01377,NU_L359,train,89.8986,23.12634,1.36505,False,2500.0,79.7,45500.0
NU01377,NU_L359,train,106.279,23.897240000000004,1.36505,False,2500.0,79.7,45500.0
NU01377,NU_L359,train,123.635,25.096339999999998,1.36505,False,2500.0,79.7,45500.0
NU01378,NU_L359,train,0.619195,0.0,0.619195,True,2440.75,79.8,47600.0
NU01378,NU_L359,train,7.73994,2.7718599999999993,0.619195,True,2440.75,79.8,47600.0
NU01378,NU_L359,train,13.9319,5.6503000000000005,0.619195,False,2440.75,79.8,47600.0
NU01378,NU_L359,train,22.1362,6.5032000000000005,0.619195,False,2440.75,79.8,47600.0
NU01378,NU_L359,train,30.9598,7.0362,0.619195,False,2440.75,79.8,47600.0
NU01378,NU_L359,train,50.9288,9.8081,0.619195,False,2440.75,79.8,47600.0
NU01378,NU_L359,train,62.2291,10.660999999999998,0.619195,False,2440.75,79.8,47600.0
NU01378,NU_L359,train,78.0186,12.313399999999998,0.619195,False,2440.75,79.8,47600.0
NU01378,NU_L359,train,95.5108,13.6461,0.619195,False,2440.75,79.8,47600.0
NU01379,NU_L359,train,0.931677,0.0,0.931677,True,2500.0,79.7,45500.0
NU01379,NU_L359,train,2.95031,2.78372,0.931677,True,2500.0,79.7,45500.0
NU01379,NU_L359,train,8.07453,6.049239999999999,0.931677,True,2500.0,79.7,45500.0
NU01379,NU_L359,train,13.8199,8.94004,0.931677,False,2500.0,79.7,45500.0
NU01379,NU_L359,train,21.8944,9.743039999999999,0.931677,False,2500.0,79.7,45500.0
NU01379,NU_L359,train,30.7453,10.97434,0.931677,False,2500.0,79.7,45500.0
NU01379,NU_L359,train,50.9317,13.65094,0.931677,False,2500.0,79.7,45500.0
NU01379,NU_L359,train,61.9565,14.828639999999998,0.931677,False,2500.0,79.7,45500.0
NU01379,NU_L359,train,78.2609,16.48824,0.931677,False,2500.0,79.7,45500.0
NU01379,NU_L359,train,96.118,17.82654,0.931677,False,2500.0,79.7,45500.0
NU01404,NU_L373,test,0.81513,0.0,0.81513,True,1106.4,29.6,29800.0
NU01404,NU_L373,test,2.808,4.927,0.81513,True,1106.4,29.6,29800.0
NU01404,NU_L373,test,5.7452,7.084999999999999,0.81513,True,1106.4,29.6,29800.0
NU01404,NU_L373,test,6.7162,9.254,0.81513,True,1106.4,29.6,29800.0
NU01404,NU_L373,test,8.5334,12.013,0.81513,True,1106.4,29.6,29800.0
NU01404,NU_L373,test,12.626,13.973999999999998,0.81513,False,1106.4,29.6,29800.0
NU01404,NU_L373,test,19.277,17.512999999999998,0.81513,False,1106.4,29.6,29800.0
NU01404,NU_L373,test,32.493,22.427,0.81513,False,1106.4,29.6,29800.0
NU01404,NU_L373,test,53.826,26.352000000000004,0.81513,False,1106.4,29.6,29800.0
NU01404,NU_L373,test,73.645,27.519000000000005,0.81513,False,1106.4,29.6,29800.0
NU01404,NU_L373,test,100.89,29.279000000000003,0.81513,False,1106.4,29.6,29800.0
NU01404,NU_L373,test,127.83,31.043,0.81513,False,1106.4,29.6,29800.0
NU01405,NU_L373,test,0.6219,0.0,0.6219,True,1106.4,35.2,29800.0
NU01405,NU_L373,test,2.7487,3.1527000000000003,0.6219,True,1106.4,35.2,29800.0
NU01405,NU_L373,test,6.7275,7.683700000000001,0.6219,True,1106.4,35.2,29800.0
NU01405,NU_L373,test,13.131,10.037700000000001,0.6219,False,1106.4,35.2,29800.0
NU01405,NU_L373,test,26.707,16.7297,0.6219,False,1106.4,35.2,29800.0
NU01405,NU_L373,test,46.983,20.8527,0.6219,False,1106.4,35.2,29800.0
NU01405,NU_L373,test,67.383,23.6007,0.6219,False,1106.4,35.2,29800.0
NU01405,NU_L373,test,93.549,25.9537,0.6219,False,1106.4,35.2,29800.0
NU01405,NU_L373,test,121.41,27.321699999999996,0.6219,False,1106.4,35.2,29800.0
NU01406,NU_L373,test,0.408,0.0,0.408,True,1106.4,38.4,29800.0
NU01406,NU_L373,test,2.8509,4.7357,0.408,True,1106.4,38.4,29800.0
NU01406,NU_L373,test,6.0375,6.505699999999999,0.408,True,1106.4,38.4,29800.0
NU01406,NU_L373,test,19.562,12.9997,0.408,False,1106.4,38.4,29800.0
NU01406,NU_L373,test,39.244,18.7047,0.408,False,1106.4,38.4,29800.0
NU01406,NU_L373,test,60.19,21.8467,0.408,False,1106.4,38.4,29800.0
NU01406,NU_L373,test,87.376,24.9897,0.408,False,1106.4,38.4,29800.0
NU01406,NU_L373,test,114.04,24.9757,0.408,False,1106.4,38.4,29800.0
NU01406,NU_L373,test,155.95,29.107699999999998,0.408,False,1106.4,38.4,29800.0
NU01407,NU_L373,test,0.5255,0.0,0.5255,True,1106.4,40.0,29800.0
NU01407,NU_L373,test,7.5989,2.5543999999999993,0.5255,True,1106.4,40.0,29800.0
NU01407,NU_L373,test,13.159,5.3116,0.5255,False,1106.4,40.0,29800.0
NU01407,NU_L373,test,26.947,8.6516,0.5255,False,1106.4,40.0,29800.0
NU01407,NU_L373,test,33.116,10.620600000000001,0.5255,False,1106.4,40.0,29800.0
NU01407,NU_L373,test,54.355,13.565599999999998,0.5255,False,1106.4,40.0,29800.0
NU01407,NU_L373,test,79.861,16.907600000000002,0.5255,False,1106.4,40.0,29800.0
NU01407,NU_L373,test,106.4,16.8926,0.5255,False,1106.4,40.0,29800.0
NU01407,NU_L373,test,149.84,21.419600000000003,0.5255,False,1106.4,40.0,29800.0
NU01408,NU_L373,test,0.8966,0.0,0.8966,True,1106.4,44.6,29800.0
NU01408,NU_L373,test,4.3123,1.9734000000000007,0.8966,True,1106.4,44.6,29800.0
NU01408,NU_L373,test,7.8437,3.5515999999999996,0.8966,True,1106.4,44.6,29800.0
NU01408,NU_L373,test,13.314,4.338,0.8966,False,1106.4,44.6,29800.0
NU01408,NU_L373,test,24.252,6.505,0.8966,False,1106.4,44.6,29800.0
NU01408,NU_L373,test,52.279,7.675999999999999,0.8966,False,1106.4,44.6,29800.0
NU01408,NU_L373,test,91.231,12.204,0.8966,False,1106.4,44.6,29800.0
NU01408,NU_L373,test,122.59,15.552,0.8966,False,1106.4,44.6,29800.0
NU01409,NU_L373,test,0.419,0.0,0.419,True,1106.4,45.9,29800.0
NU01409,NU_L373,test,7.871,2.9613000000000005,0.419,True,1106.4,45.9,29800.0
NU01409,NU_L373,test,23.164,4.537400000000001,0.419,False,1106.4,45.9,29800.0
NU01409,NU_L373,test,62.14,7.489400000000001,0.419,False,1106.4,45.9,29800.0
NU01409,NU_L373,test,111.24,10.046399999999998,0.419,False,1106.4,45.9,29800.0
NU01410,NU_L373,test,6.4204,0.0,6.4204,True,1106.4,29.6,29800.0
NU01410,NU_L373,test,8.6567,6.253999999999998,6.4204,True,1106.4,29.6,29800.0
NU01410,NU_L373,test,12.671,13.760999999999996,6.4204,False,1106.4,29.6,29800.0
NU01410,NU_L373,test,19.297,25.851999999999997,6.4204,False,1106.4,29.6,29800.0
NU01410,NU_L373,test,33.219,44.82,6.4204,False,1106.4,29.6,29800.0
NU01410,NU_L373,test,53.6,62.955,6.4204,False,1106.4,29.6,29800.0
NU01410,NU_L373,test,75.005,73.79899999999999,6.4204,False,1106.4,29.6,29800.0
NU01410,NU_L373,test,101.61,85.681,6.4204,False,1106.4,29.6,29800.0
NU01410,NU_L373,test,129.44,94.231,6.4204,False,1106.4,29.6,29800.0
NU01413,NU_L373,test,6.697,0.0,6.697,True,1106.4,29.6,29800.0
NU01413,NU_L373,test,8.795,3.548,6.697,True,1106.4,29.6,29800.0
NU01413,NU_L373,test,12.836,9.598,6.697,False,1106.4,29.6,29800.0
NU01413,NU_L373,test,19.772,16.902,6.697,False,1106.4,29.6,29800.0
NU01413,NU_L373,test,33.406,22.964999999999996,6.697,False,1106.4,29.6,29800.0
NU01413,NU_L373,test,54.404,31.942999999999998,6.697,False,1106.4,29.6,29800.0
NU01413,NU_L373,test,75.166,38.623,6.697,False,1106.4,29.6,29800.0
NU01413,NU_L373,test,102.84,45.510999999999996,6.697,False,1106.4,29.6,29800.0
NU01413,NU_L373,test,129.46,49.687999999999995,6.697,False,1106.4,29.6,29800.0
NU01414,NU_L373,test,6.5388,0.0,6.5388,True,1106.4,29.6,29800.0
NU01414,NU_L373,test,8.7861,3.9644999999999992,6.5388,True,1106.4,29.6,29800.0
NU01414,NU_L373,test,12.606,8.1405,6.5388,False,1106.4,29.6,29800.0
NU01414,NU_L373,test,19.454,13.363499999999998,6.5388,False,1106.4,29.6,29800.0
NU01414,NU_L373,test,32.966,23.5895,6.5388,False,1106.4,29.6,29800.0
NU01414,NU_L373,test,54.33,29.0295,6.5388,False,1106.4,29.6,29800.0
NU01414,NU_L373,test,75.058,35.0855,6.5388,False,1106.4,29.6,29800.0
NU01414,NU_L373,test,101.53,40.0995,6.5388,False,1106.4,29.6,29800.0
NU01414,NU_L373,test,130.63,43.8615,6.5388,False,1106.4,29.6,29800.0
NU01415,NU_L373,test,6.6887,0.0,6.6887,True,1106.4,29.6,29800.0
NU01415,NU_L373,test,8.6108,2.297699999999999,6.6887,True,1106.4,29.6,29800.0
NU01415,NU_L373,test,12.602,6.8917,6.6887,False,1106.4,29.6,29800.0
NU01415,NU_L373,test,19.714,9.200700000000001,6.6887,False,1106.4,29.6,29800.0
NU01415,NU_L373,test,33.324,15.680699999999998,6.6887,False,1106.4,29.6,29800.0
NU01415,NU_L373,test,53.592,20.0787,6.6887,False,1106.4,29.6,29800.0
NU01415,NU_L373,test,74.859,22.5957,6.6887,False,1106.4,29.6,29800.0
NU01415,NU_L373,test,102.33,24.904700000000002,6.6887,False,1106.4,29.6,29800.0
NU01415,NU_L373,test,130.16,26.168699999999998,6.6887,False,1106.4,29.6,29800.0
NU01416,NU_L373,test,0.94589,0.0,0.94589,True,1106.4,35.2,29800.0
NU01416,NU_L373,test,2.8718,7.479999999999999,0.94589,True,1106.4,35.2,29800.0
NU01416,NU_L373,test,5.9654,11.604000000000001,0.94589,True,1106.4,35.2,29800.0
NU01416,NU_L373,test,6.9479,13.769,0.94589,True,1106.4,35.2,29800.0
NU01416,NU_L373,test,8.9499,16.717999999999996,0.94589,True,1106.4,35.2,29800.0
NU01416,NU_L373,test,12.964,21.436999999999998,0.94589,False,1106.4,35.2,29800.0
NU01416,NU_L373,test,20.002,27.135999999999996,0.94589,False,1106.4,35.2,29800.0
NU01416,NU_L373,test,33.582,34.603,0.94589,False,1106.4,35.2,29800.0
NU01416,NU_L373,test,55.02,44.434999999999995,0.94589,False,1106.4,35.2,29800.0
NU01416,NU_L373,test,75.313,48.754,0.94589,False,1106.4,35.2,29800.0
NU01416,NU_L373,test,104.43,55.83299999999999,0.94589,False,1106.4,35.2,29800.0
NU01416,NU_L373,test,133.89,62.522,0.94589,False,1106.4,35.2,29800.0
NU01417,NU_L373,test,0.834,0.0,0.834,True,1106.4,38.4,29800.0
NU01417,NU_L373,test,2.9893,3.7375999999999987,0.834,True,1106.4,38.4,29800.0
NU01417,NU_L373,test,6.8314,10.0336,0.834,True,1106.4,38.4,29800.0
NU01417,NU_L373,test,13.566,16.1276,0.834,False,1106.4,38.4,29800.0
NU01417,NU_L373,test,27.742,24.3826,0.834,False,1106.4,38.4,29800.0
NU01417,NU_L373,test,48.079,34.6096,0.834,False,1106.4,38.4,29800.0
NU01417,NU_L373,test,68.892,39.717600000000004,0.834,False,1106.4,38.4,29800.0
NU01417,NU_L373,test,96.813,46.9936,0.834,False,1106.4,38.4,29800.0
NU01417,NU_L373,test,127.08,52.30159999999999,0.834,False,1106.4,38.4,29800.0
NU01418,NU_L373,test,0.0007,0.0,0.0007,True,1106.4,40.0,29800.0
NU01418,NU_L373,test,0.7087,8.278929999999999,0.0007,True,1106.4,40.0,29800.0
NU01418,NU_L373,test,2.7452,15.174529999999999,0.0007,True,1106.4,40.0,29800.0
NU01418,NU_L373,test,6.7165,18.713530000000002,0.0007,True,1106.4,40.0,29800.0
NU01418,NU_L373,test,20.979,27.361530000000002,0.0007,False,1106.4,40.0,29800.0
NU01418,NU_L373,test,41.533,40.54653,0.0007,False,1106.4,40.0,29800.0
NU01418,NU_L373,test,62.524,46.245529999999995,0.0007,False,1106.4,40.0,29800.0
NU01418,NU_L373,test,89.67,54.705529999999996,0.0007,False,1106.4,40.0,29800.0
NU01418,NU_L373,test,118.49,59.028529999999996,0.0007,False,1106.4,40.0,29800.0
NU01419,NU_L373,test,0.8714,0.0,0.8714,True,1106.4,44.6,29800.0
NU01419,NU_L373,test,8.8415,9.4488,0.8714,True,1106.4,44.6,29800.0
NU01419,NU_L373,test,14.204,13.579799999999999,0.8714,False,1106.4,44.6,29800.0
NU01419,NU_L373,test,27.938,22.6318,0.8714,False,1106.4,44.6,29800.0
NU01419,NU_L373,test,35.45,26.172800000000002,0.8714,False,1106.4,44.6,29800.0
NU01419,NU_L373,test,56.722,31.2808,0.8714,False,1106.4,44.6,29800.0
NU01419,NU_L373,test,84.257,39.7408,0.8714,False,1106.4,44.6,29800.0
NU01419,NU_L373,test,110.77,43.4738,0.8714,False,1106.4,44.6,29800.0
NU01419,NU_L373,test,152.35,51.5408,0.8714,False,1106.4,44.6,29800.0
NU01420,NU_L373,test,1.7849,0.0,1.7849,True,1106.4,45.9,29800.0
NU01420,NU_L373,test,3.7023,5.5192,1.7849,True,1106.4,45.9,29800.0
NU01420,NU_L373,test,6.425,9.066200000000002,1.7849,True,1106.4,45.9,29800.0
NU01420,NU_L373,test,10.055,11.232199999999999,1.7849,False,1106.4,45.9,29800.0
NU01420,NU_L373,test,14.769,13.3982,1.7849,False,1106.4,45.9,29800.0
NU01420,NU_L373,test,22.802,16.7452,1.7849,False,1106.4,45.9,29800.0
NU01420,NU_L373,test,29.267,19.502200000000002,1.7849,False,1106.4,45.9,29800.0
NU01420,NU_L373,test,56.168,25.206200000000003,1.7849,False,1106.4,45.9,29800.0
NU01420,NU_L373,test,98.27,34.2592,1.7849,False,1106.4,45.9,29800.0
NU01420,NU_L373,test,126.85,38.7842,1.7849,False,1106.4,45.9,29800.0
NU01421,NU_L373,test,0.292,0.0,0.292,True,1106.4,29.6,29800.0
NU01421,NU_L373,test,4.306,4.9279,0.292,True,1106.4,29.6,29800.0
NU01421,NU_L373,test,6.235,6.3069,0.292,True,1106.4,29.6,29800.0
NU01421,NU_L373,test,14.024,10.6419,0.292,False,1106.4,29.6,29800.0
NU01421,NU_L373,test,23.738,11.8219,0.292,False,1106.4,29.6,29800.0
NU01421,NU_L373,test,32.159,15.3689,0.292,False,1106.4,29.6,29800.0
NU01421,NU_L373,test,68.515,22.8509,0.292,False,1106.4,29.6,29800.0
NU01421,NU_L373,test,119.62,30.7259,0.292,False,1106.4,29.6,29800.0
NU01428,NU_L373,test,1.08,0.0,1.08,True,1106.4,29.6,29800.0
NU01428,NU_L373,test,3.0666,10.497999999999998,1.08,True,1106.4,29.6,29800.0
NU01428,NU_L373,test,6.0974,14.059999999999999,1.08,True,1106.4,29.6,29800.0
NU01428,NU_L373,test,7.2548,17.823,1.08,True,1106.4,29.6,29800.0
NU01428,NU_L373,test,9.3098,20.595000000000002,1.08,True,1106.4,29.6,29800.0
NU01428,NU_L373,test,13.256,27.328,1.08,False,1106.4,29.6,29800.0
NU01428,NU_L373,test,19.943,35.644999999999996,1.08,False,1106.4,29.6,29800.0
NU01428,NU_L373,test,34.096,47.327,1.08,False,1106.4,29.6,29800.0
NU01428,NU_L373,test,56.086,60.595,1.08,False,1106.4,29.6,29800.0
NU01428,NU_L373,test,76.198,67.92099999999999,1.08,False,1106.4,29.6,29800.0
NU01428,NU_L373,test,105.03,79.40899999999999,1.08,False,1106.4,29.6,29800.0
NU01428,NU_L373,test,133.64,88.121,1.08,False,1106.4,29.6,29800.0
NU01429,NU_L373,test,0.0271,0.0,0.0271,True,1106.4,35.2,29800.0
NU01429,NU_L373,test,0.9582,12.08698,0.0271,True,1106.4,35.2,29800.0
NU01429,NU_L373,test,2.9955,17.23598,0.0271,True,1106.4,35.2,29800.0
NU01429,NU_L373,test,7.0811,24.76198,0.0271,True,1106.4,35.2,29800.0
NU01429,NU_L373,test,13.992,33.87098,0.0271,False,1106.4,35.2,29800.0
NU01429,NU_L373,test,28.202,46.94098,0.0271,False,1106.4,35.2,29800.0
NU01429,NU_L373,test,49.101,62.388980000000004,0.0271,False,1106.4,35.2,29800.0
NU01429,NU_L373,test,70.567,70.90398,0.0271,False,1106.4,35.2,29800.0
NU01429,NU_L373,test,98.436,82.39098,0.0271,False,1106.4,35.2,29800.0
NU01429,NU_L373,test,126.84,90.31198,0.0271,False,1106.4,35.2,29800.0
NU01430,NU_L373,test,0.0011,0.0,0.0011,True,1106.4,38.4,29800.0
NU01430,NU_L373,test,0.9644,11.69034,0.0011,True,1106.4,38.4,29800.0
NU01430,NU_L373,test,2.8247,19.81334,0.0011,True,1106.4,38.4,29800.0
NU01430,NU_L373,test,6.6066,25.75534,0.0011,True,1106.4,38.4,29800.0
NU01430,NU_L373,test,21.406,37.83434,0.0011,False,1106.4,38.4,29800.0
NU01430,NU_L373,test,42.502,56.05634,0.0011,False,1106.4,38.4,29800.0
NU01430,NU_L373,test,64.095,64.37234,0.0011,False,1106.4,38.4,29800.0
NU01430,NU_L373,test,91.142,77.24734,0.0011,False,1106.4,38.4,29800.0
NU01430,NU_L373,test,119.34,83.38534,0.0011,False,1106.4,38.4,29800.0
NU01431,NU_L373,test,1.0155,0.0,1.0155,True,1106.4,40.0,29800.0
NU01431,NU_L373,test,9.1073,10.696000000000002,1.0155,True,1106.4,40.0,29800.0
NU01431,NU_L373,test,14.157,15.646999999999998,1.0155,False,1106.4,40.0,29800.0
NU01431,NU_L373,test,28.609,27.728,1.0155,False,1106.4,40.0,29800.0
NU01431,NU_L373,test,34.478,32.482,1.0155,False,1106.4,40.0,29800.0
NU01431,NU_L373,test,56.605,42.384,1.0155,False,1106.4,40.0,29800.0
NU01431,NU_L373,test,85.671,55.456,1.0155,False,1106.4,40.0,29800.0
NU01431,NU_L373,test,112.86,61.19799999999999,1.0155,False,1106.4,40.0,29800.0
NU01431,NU_L373,test,155.53,70.903,1.0155,False,1106.4,40.0,29800.0
NU01432,NU_L373,test,0.5341,0.0,0.5341,True,1106.4,44.6,29800.0
NU01432,NU_L373,test,0.9775,9.5117,0.5341,True,1106.4,44.6,29800.0
NU01432,NU_L373,test,3.7575,15.6543,0.5341,True,1106.4,44.6,29800.0
NU01432,NU_L373,test,6.5989,21.2023,0.5341,True,1106.4,44.6,29800.0
NU01432,NU_L373,test,9.3896,23.9753,0.5341,True,1106.4,44.6,29800.0
NU01432,NU_L373,test,14.144,26.947300000000002,0.5341,False,1106.4,44.6,29800.0
NU01432,NU_L373,test,22.282,32.097300000000004,0.5341,False,1106.4,44.6,29800.0
NU01432,NU_L373,test,27.766,36.2573,0.5341,False,1106.4,44.6,29800.0
NU01432,NU_L373,test,56.125,45.7643,0.5341,False,1106.4,44.6,29800.0
NU01432,NU_L373,test,98.838,58.045300000000005,0.5341,False,1106.4,44.6,29800.0
NU01432,NU_L373,test,127.7,62.5993,0.5341,False,1106.4,44.6,29800.0
NU01433,NU_L373,test,2.85,0.0,2.85,True,1106.4,45.9,29800.0
NU01433,NU_L373,test,5.123,4.7555,2.85,True,1106.4,45.9,29800.0
NU01433,NU_L373,test,8.981,6.935500000000001,2.85,True,1106.4,45.9,29800.0
NU01433,NU_L373,test,18.879,11.491500000000002,2.85,False,1106.4,45.9,29800.0
NU01433,NU_L373,test,31.468,17.2375,2.85,False,1106.4,45.9,29800.0
NU01433,NU_L373,test,70.452,25.358500000000003,2.85,False,1106.4,45.9,29800.0
NU01433,NU_L373,test,125.15,32.685500000000005,2.85,False,1106.4,45.9,29800.0
NU01434,NU_L375,train,0.0493806,0.0,0.0493806,True,2355.0,18.3,33853.0
NU01434,NU_L375,train,0.202161,3.043999999999997,0.0493806,True,2355.0,18.3,33853.0
NU01434,NU_L375,train,0.500777,6.1059999999999945,0.0493806,True,2355.0,18.3,33853.0
NU01434,NU_L375,train,0.799394,9.5,0.0493806,True,2355.0,18.3,33853.0
NU01434,NU_L375,train,1.00079,12.000999999999998,0.0493806,True,2355.0,18.3,33853.0
NU01434,NU_L375,train,2.0008,17.015,0.0493806,True,2355.0,18.3,33853.0
NU01434,NU_L375,train,3.00082,21.445999999999998,0.0493806,True,2355.0,18.3,33853.0
NU01434,NU_L375,train,5.06427,27.766999999999996,0.0493806,True,2355.0,18.3,33853.0
NU01434,NU_L375,train,7.00529,31.346000000000004,0.0493806,True,2355.0,18.3,33853.0
NU01434,NU_L375,train,11.0048,36.641999999999996,0.0493806,False,2355.0,18.3,33853.0
NU01434,NU_L375,train,14.9979,40.275999999999996,0.0493806,False,2355.0,18.3,33853.0
NU01434,NU_L375,train,20.008,43.56,0.0493806,False,2355.0,18.3,33853.0
NU01434,NU_L375,train,26.0081,45.601,0.0493806,False,2355.0,18.3,33853.0
NU01434,NU_L375,train,50.0001,50.907,0.0493806,False,2355.0,18.3,33853.0
NU01434,NU_L375,train,100.001,54.30499999999999,0.0493806,False,2355.0,18.3,33853.0
NU01434,NU_L375,train,149.998,59.06999999999999,0.0493806,False,2355.0,18.3,33853.0
NU01435,NU_L375,train,0.0525747,0.0,0.0525747,True,2355.0,29.0,33853.0
NU01435,NU_L375,train,0.202577,3.7730000000000032,0.0525747,True,2355.0,29.0,33853.0
NU01435,NU_L375,train,0.494249,6.499000000000002,0.0525747,True,2355.0,29.0,33853.0
NU01435,NU_L375,train,0.79981,8.809000000000005,0.0525747,True,2355.0,29.0,33853.0
NU01435,NU_L375,train,1.0012,9.902000000000001,0.0525747,True,2355.0,29.0,33853.0
NU01435,NU_L375,train,2.00027,13.972000000000001,0.0525747,True,2355.0,29.0,33853.0
NU01435,NU_L375,train,2.99973,16.798000000000002,0.0525747,True,2355.0,29.0,33853.0
NU01435,NU_L375,train,10.0,26.677,0.0525747,True,2355.0,29.0,33853.0
NU01435,NU_L375,train,15.0029,31.177000000000007,0.0525747,False,2355.0,29.0,33853.0
NU01435,NU_L375,train,21.003,34.96000000000001,0.0525747,False,2355.0,29.0,33853.0
NU01435,NU_L375,train,45.009,43.17,0.0525747,False,2355.0,29.0,33853.0
NU01435,NU_L375,train,94.996,51.245000000000005,0.0525747,False,2355.0,29.0,33853.0
NU01435,NU_L375,train,145.0,54.587,0.0525747,False,2355.0,29.0,33853.0
NU01436,NU_L375,train,0.0484981,0.0,0.0484981,True,2355.0,35.9,33853.0
NU01436,NU_L375,train,0.201288,1.7340000000000018,0.0484981,True,2355.0,35.9,33853.0
NU01436,NU_L375,train,0.499899,3.914999999999999,0.0484981,True,2355.0,35.9,33853.0
NU01436,NU_L375,train,0.805455,5.145000000000003,0.0484981,True,2355.0,35.9,33853.0
NU01436,NU_L375,train,0.9999,5.7989999999999995,0.0484981,True,2355.0,35.9,33853.0
NU01436,NU_L375,train,1.9999,8.636000000000003,0.0484981,True,2355.0,35.9,33853.0
NU01436,NU_L375,train,2.9999,11.190000000000005,0.0484981,True,2355.0,35.9,33853.0
NU01436,NU_L375,train,4.9999,14.273000000000003,0.0484981,True,2355.0,35.9,33853.0
NU01436,NU_L375,train,12.0018,20.268,0.0484981,False,2355.0,35.9,33853.0
NU01436,NU_L375,train,23.9985,26.781,0.0484981,False,2355.0,35.9,33853.0
NU01436,NU_L375,train,40.0007,32.989,0.0484981,False,2355.0,35.9,33853.0
NU01436,NU_L375,train,73.9958,40.068000000000005,0.0484981,False,2355.0,35.9,33853.0
NU01436,NU_L375,train,123.995,45.755,0.0484981,False,2355.0,35.9,33853.0
NU01437,NU_L375,train,0.0493806,0.0,0.0493806,True,2355.0,18.3,33853.0
NU01437,NU_L375,train,0.202161,3.1799999999999997,0.0493806,True,2355.0,18.3,33853.0
NU01437,NU_L375,train,0.500777,6.994,0.0493806,True,2355.0,18.3,33853.0
NU01437,NU_L375,train,0.799394,10.067,0.0493806,True,2355.0,18.3,33853.0
NU01437,NU_L375,train,1.00079,12.079999999999998,0.0493806,True,2355.0,18.3,33853.0
NU01437,NU_L375,train,2.0008,16.988999999999997,0.0493806,True,2355.0,18.3,33853.0
NU01437,NU_L375,train,3.00082,20.538000000000004,0.0493806,True,2355.0,18.3,33853.0
NU01437,NU_L375,train,5.06427,27.017999999999994,0.0493806,True,2355.0,18.3,33853.0
NU01437,NU_L375,train,7.00529,29.910999999999994,0.0493806,True,2355.0,18.3,33853.0
NU01437,NU_L375,train,11.0048,34.62499999999999,0.0493806,False,2355.0,18.3,33853.0
NU01437,NU_L375,train,14.9979,38.213,0.0493806,False,2355.0,18.3,33853.0
NU01437,NU_L375,train,20.008,40.74999999999999,0.0493806,False,2355.0,18.3,33853.0
NU01437,NU_L375,train,26.0081,43.13699999999999,0.0493806,False,2355.0,18.3,33853.0
NU01437,NU_L375,train,50.0001,49.546,0.0493806,False,2355.0,18.3,33853.0
NU01437,NU_L375,train,100.001,54.531,0.0493806,False,2355.0,18.3,33853.0
NU01437,NU_L375,train,149.998,57.921,0.0493806,False,2355.0,18.3,33853.0
NU01438,NU_L375,train,0.0525747,0.0,0.0525747,True,2355.0,29.0,33853.0
NU01438,NU_L375,train,0.202577,3.1129999999999995,0.0525747,True,2355.0,29.0,33853.0
NU01438,NU_L375,train,0.494249,5.273000000000003,0.0525747,True,2355.0,29.0,33853.0
NU01438,NU_L375,train,0.79981,6.994,0.0525747,True,2355.0,29.0,33853.0
NU01438,NU_L375,train,1.0012,7.689,0.0525747,True,2355.0,29.0,33853.0
NU01438,NU_L375,train,2.00027,11.21,0.0525747,True,2355.0,29.0,33853.0
NU01438,NU_L375,train,2.99973,13.753,0.0525747,True,2355.0,29.0,33853.0
NU01438,NU_L375,train,10.0,22.107,0.0525747,True,2355.0,29.0,33853.0
NU01438,NU_L375,train,15.0029,25.647000000000006,0.0525747,False,2355.0,29.0,33853.0
NU01438,NU_L375,train,21.003,28.254999999999995,0.0525747,False,2355.0,29.0,33853.0
NU01438,NU_L375,train,45.009,35.528999999999996,0.0525747,False,2355.0,29.0,33853.0
NU01438,NU_L375,train,94.996,42.367999999999995,0.0525747,False,2355.0,29.0,33853.0
NU01438,NU_L375,train,145.0,45.010999999999996,0.0525747,False,2355.0,29.0,33853.0
NU01439,NU_L375,train,0.138498,0.0,0.138498,True,2355.0,35.9,33853.0
NU01439,NU_L375,train,0.291288,1.9450000000000003,0.138498,True,2355.0,35.9,33853.0
NU01439,NU_L375,train,0.589899,4.119999999999997,0.138498,True,2355.0,35.9,33853.0
NU01439,NU_L375,train,0.895455,5.527999999999999,0.138498,True,2355.0,35.9,33853.0
NU01439,NU_L375,train,1.0899,6.408999999999999,0.138498,True,2355.0,35.9,33853.0
NU01439,NU_L375,train,2.0899,10.171,0.138498,True,2355.0,35.9,33853.0
NU01439,NU_L375,train,3.0899,13.317,0.138498,True,2355.0,35.9,33853.0
NU01439,NU_L375,train,5.0899,15.006999999999998,0.138498,True,2355.0,35.9,33853.0
NU01439,NU_L375,train,12.0918,20.314999999999998,0.138498,False,2355.0,35.9,33853.0
NU01439,NU_L375,train,24.0885,25.139000000000003,0.138498,False,2355.0,35.9,33853.0
NU01439,NU_L375,train,40.0907,28.786,0.138498,False,2355.0,35.9,33853.0
NU01439,NU_L375,train,74.0858,32.715,0.138498,False,2355.0,35.9,33853.0
NU01439,NU_L375,train,124.085,35.396,0.138498,False,2355.0,35.9,33853.0
