curve_id,family,normalized_rmse,noise_fraction,extrapolated_to_160,params
NU00017,weibull,0.02326570576149786,0.022166884576275938,True,"[60.87508280758047, 0.010000000009225036, 0.18180341814955517]"
NU00019,weibull,0.026440237306803664,0.02532702479972201,True,"[43.846048861528445, 0.12983181025982093, 0.14212004838521494]"
NU00020,weibull,0.022288376834542052,0.02162533576090959,True,"[41.22641531389489, 0.01000000000008411, 0.11605295542112769]"
NU00022,weibull,0.004663227466470192,0.003839851255898304,True,"[68.00803487405891, 0.010000000038950019, 0.14010261128165144]"
NU00024,weibull,0.014982372478993155,0.011996963038003515,True,"[41.211954245468206, 0.010000000000000241, 0.2173927340425462]"
NU00025,weibull,0.005860354989251426,0.004849601020363673,True,"[94.98181401335565, 0.010000000011585818, 0.13516369231240175]"
NU00026,weibull,0.018434846956820836,0.01723394125870053,True,"[99.58744931972868, 3.587004079195233, 0.6276243139521598]"
NU00027,weibull,0.004523134177425505,0.0037546003203084957,True,"[45.53732949467068, 0.01000000013965945, 0.15779342764125787]"
NU00029,weibull,0.040202352074432644,0.03932102734166619,True,"[75.04515628808382, 2.318637025170152, 0.5657978528825812]"
NU00030,weibull,0.030525050976736294,0.029397579026701884,True,"[66.35072757664024, 0.8355110982053814, 0.48402596434091]"
NU00031,weibull,0.012853727026648087,0.012746463947770958,True,"[63.832677370033245, 0.9622011069239033, 0.40513809206141416]"
NU00032,weibull,0.01646436578850292,0.01663985052856773,True,"[57.19043815577959, 2.673959560435747, 0.5183225203391251]"
NU00033,weibull,0.030943940374231184,0.03042741224912312,True,"[46.88258204715282, 0.8794841008096441, 0.45023674332184405]"
NU00034,weibull,0.008611822660966953,0.008401658181724595,True,"[43.9731281807095, 0.010000000000000002, 0.36277667242697986]"
NU00035,weibull,0.022576484624530154,0.022614510286633895,True,"[29.650060286507784, 0.010000000000496296, 0.23237215235529662]"
NU00036,weibull,0.02599341327166946,0.025328721799945237,True,"[36.842109279077455, 0.7539075308915593, 0.2842847818843834]"
NU00037,weibull,0.0151082988070228,0.015106995877300402,True,"[72.60626151609587, 0.010000000000013639, 0.3504575791508426]"
NU00056,weibull,0.00944413616411094,0.008595299547032038,True,"[53.179785979745766, 0.010000000000000002, 0.11652481074247989]"
NU00057,weibull,0.003559410337984502,0.0032290459678479028,True,"[66.57953666653732, 0.8704194799667434, 0.16683491801998798]"
NU00058,weibull,0.005889276231408733,0.005255067616079149,True,"[81.13760474734306, 0.010000000034631713, 0.10538923054206734]"
NU00059,weibull,0.01611137617587436,0.014399920320945628,True,"[94.43108843219625, 0.010000000001605659, 0.13376728972445182]"
NU00060,weibull,0.0144846595863507,0.01294674577363434,True,"[64.21841247162595, 0.010000000000002486, 0.1449165610919353]"
NU00061,weibull,0.003447486515426252,0.003117308620499744,True,"[63.47967111249424, 0.9965095046537312, 0.18714493165255178]"
NU00062,weibull,0.011674852295271508,0.010289758281572128,True,"[79.87647319753542, 0.010000000020801942, 0.13026286022889366]"
NU00063,weibull,0.0036326490732298228,0.0032092407018093723,True,"[86.4797673288527, 0.010000000000792354, 0.11225953851626884]"
NU00064,weibull,0.049089482558134695,0.04804289690352722,True,"[54.15457316834123, 0.010000000000014346, 0.21158898914379629]"
NU00068,weibull,0.012657815261994358,0.012490044883447562,True,"[71.95369528196079, 0.7730360666139118, 0.18435126955476233]"
NU00069,weibull,0.04441023457607876,0.04265950115488638,True,"[44.76470739397405, 3.5356422382604267, 0.6418162304263367]"
NU00070,weibull,0.02397160000111034,0.023932132580840888,True,"[54.08905352196889, 1.207052646079895, 0.5222114288902863]"
NU00079,weibull,0.04670027364620383,0.048186232339855126,True,"[20.352405634319176, 2.6650956410396716, 0.5915263929033457]"
NU00082,weibull,0.05616894424678269,0.05477443086782567,True,"[13.330969644763393, 4.233045963016953, 0.9560102436003123]"
NU00085,weibull,0.039415502235974495,0.040306195338260034,True,"[23.469643952363782, 5.072469348834504, 0.7350489035836413]"
NU00086,weibull,0.05395994650453915,0.05636985434297289,True,"[14.35872430401246, 3.9962957114439948, 0.8866181989929809]"
NU00090,weibull,0.031270542230177535,0.03069083647228035,True,"[51.96331664597865, 0.010000000216161273, 0.4302511200865796]"
NU00091,weibull,0.04665800800434915,0.046466412083173717,True,"[42.17317947154956, 0.6535823562257363, 0.311631729924136]"
NU00092,weibull,0.052175346988037434,0.05223088874853317,True,"[23.974478660351437, 0.010000000000020577, 0.40900114543271315]"
NU00093,weibull,0.05479563895107564,0.053855166361699285,True,"[15.261944949643272, 2.4898441229403496, 0.6522155210081232]"
NU00150,weibull,0.02837279334081196,0.026930930156409995,True,"[15.276319869102341, 0.7638770286221361, 0.4093702249056001]"
NU00151,weibull,0.05568109816370437,0.05662325726952596,True,"[7.670215148690088, 3.01901010082868, 0.46415129049799037]"
NU00152,weibull,0.056711482702871865,0.05446902035013859,True,"[16.1381272555286, 0.010000000000027197, 0.34964302888150195]"
NU00153,weibull,0.04210372899552544,0.0400224752120277,True,"[19.356839111361353, 0.010000000000118215, 0.3073639598973156]"
NU00155,weibull,0.04809680458067494,0.047739089525551,True,"[20.754358413802784, 0.010000000000000002, 0.4535282273019158]"
NU00156,weibull,0.032113958037644726,0.030638608018446045,True,"[15.407853479151651, 0.654303466890068, 0.3233088596287456]"
NU00157,weibull,0.05361118202082102,0.05375163390115318,True,"[10.37282502038653, 0.010000000000000873, 0.17896314517703263]"
NU00158,weibull,0.014804104138730598,0.014287555724826793,True,"[23.520689642192703, 0.010000000000000012, 0.2087779389252345]"
NU00159,weibull,0.016752817813023242,0.016189038159506806,True,"[27.733304039768896, 0.01000000000020456, 0.15122744970065166]"
NU00160,weibull,0.01368495092593909,0.012478900948268177,True,"[25.33254873163045, 0.010000000000000285, 0.23777066978487196]"
NU00161,weibull,0.005803058168989915,0.005224099148828728,True,"[31.76958532081505, 0.14239033490933628, 0.31271241587042725]"
NU00162,weibull,0.004698646430886352,0.003961408163017697,True,"[27.51763835250025, 0.23601947651613386, 0.28505666778952804]"
NU00163,weibull,0.008649198647656653,0.0076176283531582435,True,"[16.46357298843878, 1.577755069071685, 0.5199803410459524]"
NU00183,weibull,0.00921917858899071,0.008846235669189014,True,"[24.07385846020638, 0.355099111960312, 0.30412780059432054]"
NU00184,weibull,0.011703159904273355,0.01065669634915804,True,"[18.889001221227957, 0.010000000000000016, 0.3208190170802928]"
NU00185,weibull,0.01216208698596945,0.012057483753464404,True,"[20.879580330119236, 0.010000000000000002, 0.2696172961689803]"
NU00186,weibull,0.015545030440851147,0.01576380804583347,True,"[25.737771820524813, 0.010000000000000136, 0.206132377481668]"
NU00187,weibull,0.011852131706721851,0.011509312517278443,True,"[13.490199794728543, 0.010000000000000411, 0.3086354302248198]"
NU00188,weibull,0.01393904656670617,0.01395427918925847,True,"[29.967251717529003, 0.010000000000000049, 0.1659076396998729]"
NU00189,weibull,0.005565790610111065,0.005539209826704705,True,"[29.84252019545512, 0.06790592916013849, 0.2530878488400216]"
NU00190,weibull,0.031237315777532797,0.03186168598712307,True,"[25.68657771914906, 0.01000000000054818, 0.2114006334287005]"
NU00191,weibull,0.032115021710232325,0.03413354148394585,True,"[40.45715368238292, 0.010000000000061238, 0.2510998993271033]"
NU00192,weibull,0.009657260376361892,0.009526477867705468,True,"[60.92507185545419, 0.010000000000000064, 0.3711175753440105]"
NU00193,weibull,0.023562670408866178,0.021712455118212355,True,"[64.24469644774673, 0.010000000000000028, 0.3518362898909806]"
NU00194,weibull,0.03107125657550389,0.03159409185080215,True,"[83.29834085350872, 0.010000000000000021, 0.27151035506114995]"
NU00195,weibull,0.012933501980782722,0.012107621262520747,True,"[53.090118571405874, 0.010000000000000033, 0.36172616965593457]"
NU00196,weibull,0.008518603698142963,0.008371752535895222,True,"[23.403449184291595, 0.31127798375924043, 0.29018103513580185]"
NU00197,weibull,0.01276642200767464,0.01249161653160614,True,"[17.37398627162019, 0.010000000000000094, 0.29658104658769646]"
NU00198,weibull,0.013234807936462917,0.012831557520436729,True,"[18.978246845175608, 0.010000000000000004, 0.2662597648052689]"
NU00199,weibull,0.011537380549567445,0.011372342713395914,True,"[24.449744283299587, 0.010000000000000005, 0.18640308870724376]"
NU00200,weibull,0.01517167989448466,0.015050622769492119,True,"[13.406976288427376, 0.010000000000000406, 0.3102675733407251]"
NU00201,weibull,0.018731641572438493,0.01818056903848895,True,"[30.291145511662332, 0.9288277120272359, 0.2482612298625494]"
NU00202,weibull,0.0051751671931778214,0.005000770933360813,True,"[29.07995588403496, 0.19521920896938935, 0.23995623403010113]"
NU00203,weibull,0.006782370528623708,0.0063720373559740225,True,"[28.525810508110332, 0.5361917247085991, 0.2663427503206721]"
NU00204,weibull,0.018723155185894846,0.01799762939615689,True,"[43.589085263446506, 0.010000000000000385, 0.3051630111575165]"
NU00205,weibull,0.016097812424372495,0.015937403420730325,True,"[48.88714307916574, 0.010000000000000047, 0.3362442800216572]"
NU00206,weibull,0.020127210391751856,0.01976634973732252,True,"[61.095378739802314, 0.01000000000000061, 0.291899559955493]"
NU00207,weibull,0.02046675906018416,0.020260686390922718,True,"[74.65164137900301, 0.010000000000005707, 0.2053635392516718]"
NU00208,weibull,0.02911176954878465,0.028935155971322228,True,"[43.46368292446525, 0.010000000000029655, 0.29261908568068645]"
NU00209,weibull,0.010821239700168007,0.008486111508198745,True,"[58.65784649739844, 0.010000000000002358, 0.3357094260773266]"
NU00210,weibull,0.01768576562345173,0.01372946374790137,True,"[52.81461853689365, 0.010000000000010676, 0.36985424418123025]"
NU00211,weibull,0.010023748427687258,0.008470202713484613,True,"[53.253587252147184, 1.4191991155296066, 0.481527119214775]"
NU00212,weibull,0.012759691138345365,0.010316073221769063,True,"[66.79123990867639, 0.010000000000001447, 0.2753336134808423]"
NU00214,weibull,0.012389466631125154,0.009740003174017246,True,"[52.1527686183105, 0.38480485915645446, 0.40557420812865824]"
NU00215,weibull,0.016377736325587065,0.012028529842370204,True,"[57.730747589686985, 0.010000000000000002, 0.4780429248969188]"
NU00216,weibull,0.00871640557006344,0.006641273865291793,True,"[30.055331492595037, 0.35041069843599976, 0.49172629782247534]"
NU00217,weibull,0.006774605765771121,0.005530683077323794,True,"[73.49478179519093, 0.010000000000000002, 0.2627862189190827]"
NU00218,weibull,0.003704161526717862,0.0029315846249417855,True,"[38.03242144388776, 0.22331074238573878, 0.36622027932053997]"
NU00219,weibull,0.006356318362927073,0.0056884176407468005,True,"[55.870707500412955, 2.808944432910377, 0.6786402334990194]"
NU00220,weibull,0.006870009589178061,0.005460051019742797,True,"[49.825977586609916, 0.010000000000000049, 0.30050517284844785]"
NU00221,weibull,0.007507401408177863,0.0061148774481290975,True,"[29.2199075174108, 0.010007926837254613, 0.24130392874437967]"
NU00224,weibull,0.014833409648983728,0.013510515134103573,True,"[48.08871728254759, 3.481491028204932, 0.8495121528672847]"
NU00226,weibull,0.0069036849660684164,0.0059054727702615665,True,"[27.12153580985747, 1.4720147509427361, 0.4595679033872121]"
NU00227,weibull,0.02060065461251481,0.018502387719799684,True,"[36.96505248366378, 2.843665608617219, 0.6834740069214938]"
NU00228,weibull,0.018271382568774277,0.017191696245496903,True,"[26.676349786971166, 3.497341837175237, 0.502970798973594]"
NU00229,weibull,0.023967071497336383,0.020766813124121312,True,"[23.3129099468737, 0.010000000000023558, 0.10444146613212654]"
NU00230,weibull,0.028482675441842683,0.024782789417509693,True,"[54.82125501239956, 0.010000000000004429, 0.12508260727300236]"
NU00231,weibull,0.020087832603464608,0.016042694992192248,True,"[54.09280478697714, 0.010000000000003456, 0.31975235857985834]"
NU00232,weibull,0.01140991791579124,0.009734764499735942,True,"[34.22472142496529, 1.7702582963848488, 0.5764511999175648]"
NU00233,weibull,0.020472590601839487,0.017408401150353837,True,"[45.27668746620074, 0.010000000000000606, 0.17561633889718523]"
NU00234,weibull,0.04259056334940544,0.04188748325768337,True,"[29.791799580335926, 6.615718932747496, 0.9209191053815177]"
NU00235,weibull,0.006805122274557883,0.005798119720979545,True,"[33.332439117830646, 1.3405909815609152, 0.43997730683203284]"
NU00237,weibull,0.0007696846146668494,0.002,True,"[44.46691720373247, 1.966472681896496, 0.43065588004040006]"
NU00238,weibull,0.011489072851070216,0.009965059646559169,True,"[36.432767587013664, 1.6702406949440052, 0.46790834300641754]"
NU00240,weibull,0.03092447433519957,0.029348936022900462,True,"[27.07965255689312, 3.6126941494292524, 0.5229117701391771]"
NU00274,weibull,0.03073339052964284,0.029061022459040794,True,"[9.729430314133774, 2.179283116560029, 0.7704869804956259]"
NU00275,weibull,0.01890065473762597,0.018078767935374215,True,"[9.827337524812725, 0.010000000000000158, 0.23397341691092907]"
NU00276,weibull,0.04691886626783813,0.036437956116622254,True,"[33.22103868383592, 0.01000000000013802, 0.22065479940995478]"
NU00277,weibull,0.02111067602090517,0.017930337752059947,True,"[24.37159855410603, 2.354721533229554, 0.3784580682505842]"
NU00278,weibull,0.0251128231706002,0.012259534646741274,True,"[52.849545800150516, 0.010000000000015372, 0.7024570057780978]"
NU00279,weibull,0.07201482540132485,0.07585151148404219,True,"[107.94887917102696, 0.010000000000448978, 0.18971788770733106]"
NU00280,weibull,0.032163729699752584,0.032675573708728006,True,"[125.10905183423297, 0.01000000000000029, 0.26092530074766657]"
NU00282,weibull,0.03673065462430411,0.037915376109487,True,"[75.36902499711282, 0.010000000000041231, 0.15869963885171215]"
NU00283,weibull,0.06873368939052153,0.06908182561867937,True,"[63.677473511990144, 0.010000000000001306, 0.24309794332571422]"
NU00284,weibull,0.014241989240977818,0.013872844828811175,True,"[70.52804763037356, 1.964402029640572, 0.469962772214746]"
NU00285,weibull,0.028340731191740107,0.02754234071458751,True,"[152.0843893968916, 0.01000000000000001, 0.2569543311276072]"
NU00286,weibull,0.029259988981278944,0.028456955910361306,True,"[144.87608795714857, 0.010000000000000094, 0.39552720842800154]"
NU00287,weibull,0.020509112529077667,0.02039719665934898,True,"[98.63825763430839, 1.6906937478469082, 0.5051192447112601]"
NU00288,weibull,0.016944569187810312,0.01658882307860668,True,"[126.76131551002587, 1.2526351872872317, 0.44403273796888526]"
NU00335,weibull,0.019121858341950695,0.01825524332689053,True,"[45.98402585930481, 1.5705499825660716, 0.41074282776336485]"
NU00339,weibull,0.025438904958908572,0.02467452087305076,True,"[318.778607850715, 0.010000000000000042, 0.18390961348174673]"
NU00341,weibull,0.0316063952556457,0.030579359933025456,True,"[235.65758518393713, 4.135224489561568, 0.41484651735398564]"
NU00342,weibull,0.026793554253696915,0.027395729893608962,True,"[341.52436097618477, 47.6260711990741, 0.7849370931250267]"
NU00343,weibull,0.01754265917127146,0.017200225983898428,True,"[214.69076970322956, 4.374731356643525, 0.3928742833534729]"
NU00344,weibull,0.03555023873116897,0.03515266632164835,True,"[298.2352833749464, 0.6388182790465737, 0.24285375919457414]"
NU00345,weibull,0.037086811423023155,0.038693736964171596,True,"[373.61186142554135, 1.6171624775234938, 0.10001000000000096]"
NU00346,weibull,0.030223592833009197,0.029042771558353764,True,"[167.54593948919594, 3.13528228819144, 0.3568848729614597]"
NU00358,weibull,0.012022585566016283,0.011189048802521565,True,"[95.09287530792236, 0.6102388191920445, 0.4668803753524344]"
NU00359,weibull,0.005565493162612024,0.005069123787439494,True,"[86.62590004571479, 1.1417596165522677, 0.655031042947429]"
NU00360,weibull,0.026281028105768794,0.023492517325268997,True,"[94.5299664650576, 0.010000000000000009, 0.3478410797226316]"
NU00361,weibull,0.02252140805497515,0.021932952958159162,True,"[85.84296501194636, 0.010000000000002287, 0.4040481224857181]"
NU00362,weibull,0.014305623236880062,0.013298804655930436,True,"[68.19985229377298, 0.010000000000000042, 0.292414127594218]"
NU00363,weibull,0.026380405122792994,0.024811696748573375,True,"[44.12381884599882, 0.01000000000000004, 0.2660338904751033]"
NU00364,weibull,0.017231281869593298,0.017162325265611896,True,"[31.325358656879125, 3.3124267883001193, 0.6125843871596989]"
NU00365,weibull,0.018719464049348922,0.017924500665239495,True,"[28.09303267811605, 2.6185315273576104, 0.6609948551450965]"
NU00366,weibull,0.03709088635414423,0.0332406438669322,True,"[27.78415105060441, 1.562074254579854, 0.47914217889808963]"
NU00367,weibull,0.031690419662551324,0.03173182707682486,True,"[24.10849929321299, 0.892897911315944, 0.535985393575003]"
NU00368,weibull,0.039939714715373484,0.03868758171817625,True,"[17.8599187100737, 0.010000000004946445, 0.3203494753891852]"
NU00369,weibull,0.0799553199057748,0.07666968716529031,True,"[12.8271090075121, 0.0100000000000002, 0.21116680470893512]"
NU00370,weibull,0.005998592607050788,0.005648989302528413,True,"[99.81744961180831, 2.1593879719258826, 0.8097788119732457]"
NU00371,weibull,0.004463415219320735,0.004098509978812293,True,"[67.41118199156324, 1.0890742779674434, 0.5815918635730811]"
NU00372,weibull,0.012860363754648335,0.01155979079196897,True,"[55.95916989330128, 0.5122396866730592, 0.4712443988131173]"
NU00373,weibull,0.016353892930062782,0.015235870784238062,True,"[47.336098371343326, 1.589953523474727, 0.6382259435900092]"
NU00457,weibull,0.02958138736352263,0.029455483150473128,True,"[29.726521934378987, 4.566642392422868, 0.4500812902637657]"
NU00458,weibull,0.011128492792315836,0.010868939341354246,True,"[24.982679137730262, 4.54497401801909, 0.405311481481974]"
NU00459,weibull,0.015229870003434733,0.015147192260212555,True,"[24.935365551363326, 5.4821488310907664, 0.5038656882542307]"
NU00462,weibull,0.022396278913936703,0.022594747154926934,True,"[25.969863859139913, 6.255733898731875, 0.5649278526510483]"
NU00464,weibull,0.014226127580914892,0.013946586380427464,True,"[26.113118732948237, 4.559580355673741, 0.4553340122055827]"
NU00496,weibull,0.011017792512597172,0.010356514331378516,True,"[23.235578937841744, 0.010000000000000002, 0.23645347364174882]"
NU00497,weibull,0.011452519390808867,0.011279634289619169,True,"[16.659996201918702, 0.010000000000000002, 0.27905822409610054]"
NU00498,weibull,0.012628889992619317,0.01235111250752966,True,"[12.933374749056702, 0.08717542915537202, 0.3428421261136538]"
NU00507,weibull,0.05177446356821148,0.04890661455536372,True,"[16.059028665926085, 0.01000000000000098, 0.3788814516466801]"
NU00508,weibull,0.03466278902342928,0.03425467327940933,True,"[14.600707067957783, 1.5772436510746883, 0.5388869638477073]"
NU00522,weibull,0.02899572870176437,0.027513483895179144,True,"[71.41140978266475, 3.46411642250806, 0.49397602164996357]"
NU00523,weibull,0.024999669339538746,0.025027639580298557,True,"[39.86999247845369, 0.9102973486701035, 0.26530699575855665]"
NU00524,weibull,0.08305551522790099,0.09008438790314023,True,"[20.824731917157504, 0.01000000000000155, 0.5005071167321101]"
NU00526,weibull,0.017545120796001637,0.015529405602859004,True,"[110.37693039394942, 1.587105467123221, 0.3263134000216645]"
NU00527,weibull,0.01768038662808984,0.01666975204573009,True,"[82.82604783913388, 2.6429465749148413, 0.4205977071694628]"
NU00528,weibull,0.024168940892514947,0.023956786993923923,True,"[45.22064482848164, 1.8883126053410673, 0.33998714919527984]"
NU00529,weibull,0.056785100384665076,0.054594900222018745,True,"[24.85651528721614, 0.010000000000076784, 0.2129429278204136]"
NU00573,weibull,0.015553023149749374,0.015833016925885075,True,"[34.2711328795247, 0.010000000000000002, 0.26072198875478786]"
NU00574,weibull,0.02183825108958515,0.02202620616650018,True,"[28.586861717409803, 0.010000000000000033, 0.2902732072267935]"
NU00575,weibull,0.021191634005938376,0.021225898044310975,True,"[22.47895453647426, 1.5347912318682422, 0.5295718005184856]"
NU00576,weibull,0.04759473161471892,0.04398094771072704,True,"[15.672051162949504, 0.01000000000000273, 0.26601057347090284]"
NU00577,weibull,0.02024716395251742,0.020490286566259258,True,"[32.94292997065843, 0.010000000000000002, 0.2467349592214252]"
NU00578,weibull,0.018790953748066525,0.01959088182407722,True,"[20.59468725957873, 0.5076046776328299, 0.27944864894263216]"
NU00580,weibull,0.03535580487979602,0.036111319274478276,True,"[22.575095216530965, 0.4348025905018228, 0.30133038478154794]"
NU00581,weibull,0.034190335329795346,0.03531220759636071,True,"[23.07543598222556, 1.9618136598717069, 0.44986859126948664]"
NU00582,weibull,0.04213006993436981,0.043362362910110704,True,"[26.355605769080654, 1.3698660163623522, 0.42198376823926503]"
NU00583,weibull,0.019264014457950257,0.019136247632978425,True,"[19.895555463288506, 0.3664840098174981, 0.34785249211990216]"
NU00584,weibull,0.0217333112756407,0.02163466295061885,True,"[17.518014934890367, 0.407682994732028, 0.3894613019660709]"
NU00585,weibull,0.028107574167131312,0.02598242987186028,True,"[19.13732597368573, 0.010000000000001254, 0.34104930035823616]"
NU00586,weibull,0.028302810197016217,0.028382465934723607,True,"[20.094545691441784, 0.5646767206858818, 0.38214356805915495]"
NU00587,weibull,0.017604323070040527,0.01767475624826837,True,"[24.401272889003476, 2.75335940507573, 0.5811613467912613]"
NU00588,weibull,0.01437948162921708,0.01423103499569382,True,"[26.104691886399028, 2.0300643635603635, 0.5187662997508277]"
NU00589,weibull,0.012129745204975558,0.011986275626578318,True,"[24.341306874873474, 2.5688259721505524, 0.5473746793599386]"
NU00590,weibull,0.0135456268458027,0.01350706968514579,True,"[25.68551292860916, 2.187037284349367, 0.47008662298278653]"
NU00591,weibull,0.013484992574532,0.013008598836427014,True,"[21.35585311824926, 2.658092593280959, 0.5875755839937999]"
NU00592,weibull,0.01345468554110236,0.01259555033037043,True,"[23.695662329609352, 2.2487448371309307, 0.592784574834997]"
NU00593,weibull,0.015197454447561121,0.01435432139202127,True,"[22.943259236447545, 2.243467278529799, 0.5736811127064514]"
NU00594,weibull,0.01600956778820519,0.015093734587389373,True,"[21.11902136801179, 2.4276887144112016, 0.5826534058506767]"
NU00599,weibull,0.02112342389253386,0.02119912862702307,True,"[37.302975657001845, 2.4192823422228336, 0.31642896277968463]"
NU00600,weibull,0.022266641500732213,0.02119837137068945,True,"[31.4330396075017, 4.459908450187829, 0.42107067864076597]"
NU00601,weibull,0.017625964276796822,0.017783966733903638,True,"[25.578212098555014, 3.5260455589204267, 0.4409903129877922]"
NU00602,weibull,0.013266508407595573,0.013020539907244128,True,"[22.085477122423438, 2.044020636052575, 0.39020265758782985]"
NU00603,weibull,0.015622461085813583,0.015409142470661927,True,"[18.157939585518157, 0.010000000121044461, 0.2794471225865099]"
NU00604,weibull,0.045295720378371554,0.04809588104742064,True,"[49.014920108606155, 10.443687022109176, 0.3352613510182599]"
NU00605,weibull,0.02129717429982462,0.02169783024725618,True,"[28.940551984903497, 4.866849259241842, 0.3370301268879768]"
NU00607,weibull,0.019829553403816026,0.020379029850387833,True,"[13.418182486906705, 1.8506713380350954, 0.358333175484237]"
NU00608,weibull,0.026401165619499702,0.026138269547512246,True,"[8.852147425777746, 0.2009179336012911, 0.225768497024333]"
NU00610,weibull,0.016536524928005336,0.01640226844030116,True,"[14.316230394127377, 4.268022521227654, 0.3950237018992991]"
NU00611,weibull,0.019136009116468258,0.019083622509447614,True,"[10.689262852509454, 3.3703667652850773, 0.44080550277375896]"
NU00612,weibull,0.01210428205954422,0.011996998410799181,True,"[7.155924971202735, 0.751872572841154, 0.33124704782747755]"
NU00614,weibull,0.01407795307316515,0.013846972318308224,True,"[24.532511501184153, 3.4038300982893186, 0.39719132939646556]"
NU00615,weibull,0.008529557485041268,0.008527692179108029,True,"[13.00284355680562, 3.082369097951886, 0.41042420147714076]"
NU00616,weibull,0.02233492347231346,0.02171628537864664,True,"[7.6930849203693885, 0.655069136404449, 0.3285292856453762]"
NU00618,weibull,0.009396670489657446,0.009223880834742468,True,"[13.555259415802379, 3.9755463824930715, 0.5025868166666418]"
NU00619,weibull,0.009859700445820059,0.009019577463600752,True,"[10.62973598509117, 2.053602782242283, 0.39499496185192357]"
NU00621,weibull,0.006451127860884642,0.006376625672048078,True,"[14.881866321491923, 3.8174448760841555, 0.46774416909379785]"
NU00622,weibull,0.030183600995675287,0.030841279109607232,True,"[10.65777504476175, 0.01000000000000019, 0.15893930217088928]"
NU00624,weibull,0.011569909175186046,0.011426809244136672,True,"[13.59143608480251, 6.0599061425533725, 0.5803406987438399]"
NU00625,weibull,0.005981800931890192,0.005864252562211072,True,"[10.837977086950314, 4.040298928454508, 0.49938879200606245]"
NU00626,weibull,0.0205011005204405,0.020353085054758552,True,"[5.3821921092633405, 0.8160207073133956, 0.3710110830806364]"
NU00628,weibull,0.02312441685994993,0.02247542592708308,True,"[18.0876326756527, 2.805577412204905, 0.30891379539880837]"
NU00629,weibull,0.01571026336565615,0.015621416587602285,True,"[12.359899352351219, 4.067376496477475, 0.44289446365828217]"
NU00630,weibull,0.019650801146816912,0.019867480818826916,True,"[8.156067079380227, 0.6475823018183936, 0.3593664489298679]"
NU00632,weibull,0.016703004521673767,0.01644611987680342,True,"[10.737640040826433, 2.947991546100423, 0.3802902254437432]"
NU00633,weibull,0.011162307875847903,0.01092445743511342,True,"[11.008574638026106, 2.8204510237970775, 0.4553089139304371]"
NU00634,weibull,0.019146727075489395,0.01927870126041944,True,"[10.686341395581316, 0.010000000000000068, 0.15339519909166466]"
NU00636,weibull,0.011474735438222057,0.01150312842624987,True,"[24.59913211616693, 2.7676713957648853, 0.33559726802618656]"
NU00637,weibull,0.006708650829121663,0.006808068899643615,True,"[11.144840335170205, 3.8653628643512294, 0.4848027529397324]"
NU00638,weibull,0.014927985058708322,0.014767599230226445,True,"[7.962212440852033, 0.04211684722489869, 0.24446733482759628]"
NU00640,weibull,0.009628391441186768,0.009613921880452663,True,"[13.853318787727146, 5.227751575874307, 0.5698385429967614]"
NU00641,weibull,0.008836929916974403,0.00885191809590202,True,"[12.480498687606834, 4.291618672513219, 0.5041431580030611]"
NU00642,weibull,0.021714439145764302,0.020944221034008146,True,"[7.7084201311000555, 0.010000000000000002, 0.3129138250083597]"
NU00643,weibull,0.017724844625408104,0.015495938440387004,True,"[5.939379281319151, 1.4502036647511052, 0.42835448224420064]"
NU00644,weibull,0.00921608923438681,0.00814271191985514,True,"[9.241315343022357, 0.26527227959847555, 0.10001000000000002]"
NU00645,weibull,0.0335280451587549,0.032060426818223214,True,"[7.30997865338728, 0.04103382181067194, 0.18942900989509823]"
NU00646,weibull,0.014836883991492463,0.010011518357642128,True,"[88.17789329826627, 0.6805990242881932, 0.4786503529705482]"
NU00647,weibull,0.01860317219880228,0.016797603025728736,True,"[66.56013048025417, 4.068657832534461, 0.6519490303641547]"
NU00648,weibull,0.01843500737971292,0.016411509958461655,True,"[68.74580428577369, 1.536256114057529, 0.40651876804482195]"
NU00649,weibull,0.014516663974861175,0.012572622284511469,True,"[69.16203735519859, 0.4653360471364239, 0.3115162244240021]"
NU00650,weibull,0.013470469701303467,0.011973432173417679,True,"[26.674459920270333, 4.192332583112356, 0.588727099219704]"
NU00651,weibull,0.007354225143387177,0.005677176773411337,True,"[31.78916074340905, 1.0223832609544876, 0.33474895186749104]"
NU00652,weibull,0.01340966788440594,0.010652553629133995,True,"[34.252544116442856, 1.7014993405760308, 0.3867266025857868]"
NU00653,weibull,0.009370123850399276,0.006487988785654312,True,"[42.61911725813756, 0.6213999113994441, 0.40505694449458457]"
NU00662,weibull,0.043519134425051585,0.04431404322779951,True,"[76.7579597550286, 6.942854642890966, 0.517741133569905]"
NU00663,weibull,0.03164592016449602,0.03158237939568394,True,"[77.41543983361471, 3.388746673589507, 0.5051373576731208]"
NU00664,weibull,0.0405486332159466,0.0408549623002474,True,"[104.92731512235211, 0.9113479535262963, 0.2718764022762095]"
NU00665,weibull,0.02310856975228633,0.022301283109448553,True,"[53.19846240505022, 1.939517427748125, 0.451051121471954]"
NU00666,weibull,0.07605935623820113,0.07391739666491458,True,"[38.47347793697661, 0.010000000000000897, 0.3485661219497015]"
NU00667,weibull,0.06281609114779828,0.07060113075547401,True,"[19.52961922762499, 5.38827324535941, 0.8871075775929151]"
NU00668,weibull,0.016178289205316516,0.01498193880188145,True,"[34.26373070087749, 0.6974153643875345, 0.41203129756033996]"
NU00669,weibull,0.031858809361025975,0.028923264030047816,True,"[14.308410460513413, 2.3485072045443083, 0.8247634727413455]"
NU00670,weibull,0.0628217287162266,0.06584165980965305,True,"[58.10672589176272, 6.457503946292486, 0.648538085872649]"
NU00671,weibull,0.04017198579383832,0.04264426848878552,True,"[60.46861300445584, 18.732988192887827, 0.8412058720913757]"
NU00672,weibull,0.031909307266032756,0.0315597576375894,True,"[56.094485497915855, 2.0277088347182755, 0.4765097084610799]"
NU00673,weibull,0.022315351474660367,0.021248417319102705,True,"[27.71510539219567, 0.7795590843440829, 0.5292982455533047]"
NU00674,weibull,0.0221085616406471,0.021744770594971995,True,"[29.76985579180266, 4.4064966207716605, 0.5757513236373955]"
NU00675,weibull,0.030712218722257257,0.03226125376662892,True,"[18.401863492215632, 20.002536392121602, 0.9124704320569738]"
NU00676,weibull,0.061123678519153006,0.06669822969987987,True,"[24.86250992996907, 9.90438357520146, 0.7918435775850633]"
NU00677,weibull,0.09928987242857511,0.10180913597621276,True,"[14.297238807163666, 0.010000000000000002, 0.41533800109183105]"
NU00678,weibull,0.03229431989591245,0.03308868671954857,True,"[54.12856051398282, 6.169809656607001, 0.6641959413992505]"
NU00679,weibull,0.010603254771727456,0.010027258957102991,True,"[99.37637805110569, 0.5864611428883716, 0.3079177912243456]"
NU00680,weibull,0.01978636442810669,0.01920855524260839,True,"[64.88994156019214, 3.012838072588937, 0.4886394641144322]"
NU00681,weibull,0.038533959894514726,0.03349102916334204,True,"[53.716921532060944, 0.9559725249685657, 0.4543034365818296]"
NU00683,weibull,0.04669156570043845,0.0462868664586197,True,"[25.902510059256496, 1.1341732895097916, 0.33967442526535296]"
NU00684,weibull,0.05654715509638985,0.06206242320291265,True,"[32.41813120560088, 6.3736944869605825, 0.5285009914249312]"
NU00686,weibull,0.013217192437475123,0.013447482961822405,True,"[91.30907106760426, 5.316609818386473, 0.47707985254039337]"
NU00687,weibull,0.014932190341975503,0.015081943869954734,True,"[66.63175640223143, 5.0238877544789045, 0.5571694218054762]"
NU00688,weibull,0.007820583124943414,0.0077491895096066165,False,"[57.9490129229072, 3.3149930552899693, 0.4413002491857355]"
NU00689,weibull,0.03208311558773275,0.03293363457724737,True,"[21.003207843612742, 7.701450901177014, 0.6481932130579786]"
NU00690,weibull,0.013893620676312881,0.014178671845471471,True,"[23.321519511847544, 14.270041659049411, 0.8425151342126789]"
NU00691,weibull,0.04860326852860649,0.04935444516712764,True,"[39.15485120243043, 1.6231369289729396, 0.30199539468864056]"
NU00692,weibull,0.017032580085130367,0.01678052080842078,True,"[29.902517033686948, 4.320248796043836, 0.6102163584913968]"
NU00693,weibull,0.06285114388039473,0.06465480768035678,True,"[18.61577581763085, 3.598731132461209, 0.550583850703956]"
NU00694,weibull,0.012735814274549118,0.012867152423186647,True,"[56.863593902437245, 5.937694131099542, 0.5159679073626158]"
NU00695,weibull,0.033872319426833136,0.03399513145995451,True,"[38.45058837972911, 5.158936693485245, 0.6441203736717914]"
NU00696,weibull,0.02500727359296349,0.02556515198791581,True,"[33.32653025943245, 9.457885687256718, 0.6640176002770766]"
NU00697,weibull,0.05309635404812335,0.05353039703522628,True,"[10.861213609985944, 4.795824115004046, 0.6956310207630585]"
NU00698,weibull,0.06237727168933546,0.060649164659848515,True,"[31.831873853705833, 1.9820427482624134, 0.31307737425278837]"
NU00699,weibull,0.020447564118396145,0.020816326412651978,True,"[20.264538487738445, 49.99999999999999, 0.9287867288897622]"
NU00702,weibull,0.012915357224458007,0.01285522803900054,True,"[59.35634144381179, 5.985598206157954, 0.49546819066821923]"
NU00703,weibull,0.0179592767406844,0.017974082147566524,True,"[36.1402064582475, 4.822393715458422, 0.5394245632886804]"
NU00704,weibull,0.015937486115972784,0.0162901721146183,True,"[29.333861106746742, 8.963314690505158, 0.8036903015822725]"
NU00705,weibull,0.03007206783817703,0.029078081079771268,True,"[16.546933894670097, 5.117797795923475, 0.5847124867394452]"
NU00706,weibull,0.024657939784545408,0.023797942545922445,True,"[23.219840517950267, 1.9157216945054463, 0.41841158147674434]"
NU00707,weibull,0.03429691011275347,0.034945683391438075,True,"[17.600070433955192, 3.3499891171936818, 0.4800235656913511]"
NU00709,weibull,0.03321813436268456,0.029549320839145677,True,"[13.43032732939341, 0.9456539407876312, 0.36115776230173663]"
NU00710,weibull,0.0279812325366371,0.028139369323783685,True,"[73.28582294156635, 6.632630814072755, 0.5276659636664537]"
NU00711,weibull,0.017692188450639516,0.017825444999340516,True,"[51.34328531969004, 9.570272033540741, 0.7460647753301793]"
NU00712,weibull,0.026821710841801096,0.025475966263466127,True,"[32.31117113368642, 3.6964441935365175, 0.545642770606671]"
NU00714,weibull,0.04795204752088554,0.049330653904898686,True,"[52.102081437526486, 3.8329802790169807, 0.33767813370472477]"
NU00715,weibull,0.04211487662750813,0.04337121683306368,True,"[18.352521012348035, 5.9127302385344604, 0.7170432248929326]"
NU00716,weibull,0.028594779817990024,0.027094003254432147,True,"[42.046796010566105, 0.010000000000007937, 0.21043355023532764]"
NU00717,weibull,0.029552174907285116,0.02913785995804294,True,"[18.31679744477076, 2.427059243416277, 0.352022699203436]"
NU00718,weibull,0.012600036364901462,0.012610718505053863,True,"[73.79743553380085, 4.5162629092544435, 0.38883400606694607]"
NU00719,weibull,0.017608356684142682,0.018014067487234497,True,"[52.56877288509441, 6.571072251394264, 0.5238008758256321]"
NU00720,weibull,0.03354036618754453,0.03332397624647566,True,"[43.359740886630625, 5.256834877931572, 0.5686808134659418]"
NU00721,weibull,0.03550498189982705,0.03410746158517165,True,"[19.69522873659925, 2.394226774335837, 0.6949569407652814]"
NU00722,weibull,0.03869378398724959,0.039958153384563495,True,"[35.19011743520316, 7.60589268800885, 0.5029588633603568]"
NU00723,weibull,0.06783315159190534,0.07027011811226265,True,"[9.228459359960146, 6.9245008428896, 0.7077271245003603]"
NU00724,weibull,0.09636461386152112,0.10976487916483411,True,"[13.634073709697823, 26.124782775029935, 0.9999899999999997]"
NU00725,weibull,0.04297048333363524,0.043109447617107624,True,"[9.818248301292089, 6.3018231049273545, 0.9999899999999999]"
NU00726,weibull,0.01147253455047976,0.009477087554075168,True,"[57.62241210571233, 0.6017089717864195, 0.21663959718926146]"
NU00727,weibull,0.014465881754757852,0.011885712467238137,True,"[24.828464310447263, 0.01000000000007622, 0.13297465803248582]"
NU00728,weibull,0.0232729478925525,0.02250321649707785,True,"[51.917110798709366, 0.6976906275553203, 0.3236668863013355]"
NU00729,weibull,0.05263939575612559,0.054638415220360954,True,"[19.846321460877533, 1.677018501353311, 0.3022769395292941]"
NU00730,weibull,0.011002366104891104,0.009608224665606395,True,"[85.42436714275931, 2.2547149933877733, 0.3599491201344038]"
NU00731,weibull,0.01791202467470281,0.01526240101569957,True,"[32.860929966115826, 0.010000000000995102, 0.1357866369379381]"
NU00732,weibull,0.020032701855585845,0.019995058882180908,True,"[52.09789591661573, 0.1719906109721596, 0.10001000000000856]"
NU00733,weibull,0.027516173304957862,0.02726594559771305,True,"[25.935856557886304, 0.8207813057929291, 0.2537733463871275]"
NU00734,weibull,0.011336756826176266,0.009267920671840488,True,"[101.77236095726686, 0.010000000000008785, 0.15697233555391985]"
NU00735,weibull,0.02837014023376944,0.02034782631430794,True,"[58.00117494097791, 0.010000000000000002, 0.3227658761202951]"
NU00736,weibull,0.01630630165925061,0.016310442288438996,True,"[67.48286420041384, 0.2011299372196674, 0.16310013352417096]"
NU00737,weibull,0.03242412561286968,0.03426376218601215,True,"[47.31547784630975, 0.010000000000000075, 0.3069036076777735]"
NU00738,weibull,0.033663852771245374,0.029140174101491015,True,"[20.447722514484067, 3.2354322877214896, 0.653363158032002]"
NU00739,weibull,0.012212288703000151,0.009587960290096474,True,"[57.571728780079525, 0.010000000002094394, 0.2066774334383439]"
NU00741,weibull,0.01825009214453417,0.01717533102383747,True,"[49.83480786429775, 0.8711827892311543, 0.4171377453615223]"
NU00743,weibull,0.016349668293390646,0.015003555934794145,True,"[71.37663083813341, 3.3486962515795757, 0.42100174187967176]"
NU00744,weibull,0.021378977281167534,0.020441523209947812,True,"[25.362111900546395, 0.010000000000000132, 0.2485481558478949]"
NU00745,weibull,0.026295478320094778,0.02542553572443813,True,"[60.39817412450887, 0.836356193713257, 0.21248458534214226]"
NU00746,weibull,0.023090694294854306,0.016926165171671108,True,"[65.75449629161893, 0.010000000000011413, 0.3022008854861458]"
NU00747,weibull,0.011812203808619734,0.009351299722403424,True,"[104.40031586662721, 0.524418788667319, 0.2762424574350365]"
NU00748,weibull,0.02599063054606004,0.02692118162421666,True,"[50.009493679684816, 0.010000000000000031, 0.2890111006744228]"
NU00749,weibull,0.020457111050174667,0.020271376045188715,True,"[78.31100434202298, 0.415597017467348, 0.22775487577057518]"
NU00760,weibull,0.06511681412579912,0.07780218749859948,True,"[14.945562572347198, 1.4344415212953967, 0.42966393652924345]"
NU00761,weibull,0.024199339664120124,0.018262778789541814,True,"[24.648961779228927, 1.1965419671427786, 0.3734382361692328]"
NU00763,weibull,0.015512097072300456,0.012235411968910625,True,"[56.779590162217325, 0.010000000000917782, 0.18235478089990573]"
NU00765,weibull,0.025015299891104605,0.02038358428002137,True,"[32.05825641007896, 0.010000000000239677, 0.14373499561780634]"
NU00766,weibull,0.0237152817212595,0.023310956225359884,True,"[58.964901703867866, 0.3709912332581629, 0.10001000000000002]"
NU00767,weibull,0.011144038650613941,0.010491597068792276,True,"[81.52784917375223, 4.094825006039572, 0.5284994644026373]"
NU00768,weibull,0.02108964820972863,0.019367235547074008,True,"[47.94643315026796, 0.010000000000000061, 0.28516615981067545]"
NU00769,weibull,0.01853154548233159,0.014312627939218088,True,"[68.26604268150703, 0.029413640549206005, 0.3169930725669233]"
NU00770,weibull,0.023360683417286743,0.023008613191158482,True,"[72.50076324334795, 0.010000001706314446, 0.13327143929821006]"
NU00771,weibull,0.01672392722108956,0.014119603626500022,True,"[85.06203462186274, 2.070570500739144, 0.46323438383920695]"
NU00778,weibull,0.028713840673670117,0.026774606227096456,True,"[158.4559737106471, 2.2386936574877407, 0.4764108965899667]"
NU00779,weibull,0.03205206582850798,0.028090108074313242,True,"[31.582973184732477, 0.010000000000001511, 0.19553199846680663]"
NU00780,weibull,0.005946727377684679,0.005769456276821285,True,"[55.57724994929869, 3.40168184208178, 0.3567346144064597]"
NU00826,weibull,0.013423059459911622,0.013132789121087942,True,"[14.897555960739293, 0.7518183029738209, 0.6072710081464677]"
NU00827,weibull,0.02003139665229767,0.01971048301422737,True,"[21.92179888824452, 0.010000000000000018, 0.3437231879647223]"
NU00831,weibull,0.018681970347829424,0.01870697103511354,True,"[9.014436651885202, 1.9300901395053365, 0.33927290072145305]"
NU00834,weibull,0.04381484362365667,0.03883496471187358,True,"[11.281190150251252, 0.01000000000002282, 0.11735795692405326]"
NU00835,weibull,0.05060543357495884,0.04435274940037046,True,"[13.790637610063154, 0.01000000000001605, 0.18347827449103152]"
NU00836,weibull,0.00798897872825469,0.006397787125902217,True,"[22.407970374669308, 0.010000000000000002, 0.36179581139963907]"
NU00837,weibull,0.01560042552872246,0.012084852497398125,True,"[22.25756722633051, 0.01000000000000001, 0.3977131571331467]"
NU00838,weibull,0.012604336174434261,0.010907636424970807,True,"[27.548117834527307, 0.6499125216513644, 0.2907289724706451]"
NU00839,weibull,0.03505032645459544,0.03672991082301654,True,"[48.833725858059864, 4.010611956807545, 0.5265642360437506]"
NU00840,weibull,0.01496767922914418,0.014911969289506216,True,"[36.04235019945862, 0.09944481932674154, 0.2454775002401426]"
NU00841,weibull,0.04316344062042,0.04641079940993248,True,"[16.31347205522665, 0.010000000000236455, 0.11061048538466456]"
NU00843,weibull,0.027728576937813918,0.027715387534072117,True,"[12.250727193636722, 0.5385572655475193, 0.12600482036819724]"
NU00847,weibull,0.01628106294442574,0.0162730606038507,True,"[65.94011036672555, 3.4680183432595175, 0.619564235766905]"
NU00849,weibull,0.026681815273624353,0.02627398991133858,True,"[27.346586232312188, 0.3161935819656616, 0.3023966992502288]"
NU00853,weibull,0.04965399133919889,0.050158809765139326,True,"[15.879358940199307, 0.17988535552774798, 0.10001000000069935]"
NU00924,weibull,0.05486315390759349,0.05740609087361875,True,"[25.91120173376979, 5.6355370742882975, 0.7218855885859928]"
NU00954,weibull,0.012510581428024185,0.012673628933846956,False,"[242.56875764733113, 1.0356606894933373, 0.526940454073074]"
NU00955,weibull,0.011282043112092185,0.011423786758073859,False,"[155.630315121943, 1.279338686763253, 0.6440573047357181]"
NU00956,weibull,0.008290327765960587,0.0084031585591154,False,"[113.50332748587516, 0.6885683174291515, 0.5011113136621224]"
NU00957,weibull,0.013679811946366428,0.013553943300728153,False,"[80.27087641745919, 0.8911245766932612, 0.4558340784566017]"
NU01124,weibull,0.00595151932350711,0.005294088529838488,True,"[30.45894833991464, 0.010000000000001308, 0.20229036368753608]"
NU01125,weibull,0.010772094782959896,0.009665065390520412,True,"[33.678010387188614, 0.010000000000010476, 0.20770759240737882]"
NU01171,weibull,0.030892288795319037,0.03077252371646498,True,"[10.475381587901882, 3.2639493222546285, 0.6630198761778405]"
NU01185,weibull,0.027800715476158977,0.028535637983137015,True,"[50.687457740354546, 2.53790894142436, 0.30623388793566836]"
NU01203,weibull,0.011870851325673285,0.010356178354087385,True,"[49.43684264937009, 3.979099224596467, 0.33281590649614573]"
NU01317,weibull,0.03870972188710919,0.035679613852951035,True,"[26.864816036038178, 0.010000000000022704, 0.25719611375402746]"
NU01318,weibull,0.015614754371309431,0.014820406597509463,True,"[42.143929772975206, 2.2244663293868068, 0.4483159634509063]"
NU01319,weibull,0.04440629056186974,0.04218483286518252,True,"[28.471929435864816, 0.8297603982927931, 0.37137631080885875]"
NU01322,weibull,0.01996265108890754,0.01923638943684029,True,"[39.53346797532212, 0.010000000000000746, 0.19702767882123934]"
NU01323,weibull,0.024555296745951805,0.02336764676042933,True,"[74.45827469774453, 0.9443644606385474, 0.3594046276626826]"
NU01324,weibull,0.04563537118590005,0.04415906367603657,True,"[14.172790792084156, 1.0946635617004778, 0.25399780264632127]"
NU01325,weibull,0.013643576701907233,0.01276104199694017,True,"[146.66192610999596, 1.87763850579407, 0.5296247273356929]"
NU01326,weibull,0.015727122652821245,0.011552119892312874,True,"[58.633023611746324, 0.6412926556867532, 0.3209421151495568]"
NU01327,weibull,0.035286863525913405,0.034602547784717996,True,"[29.744839649593754, 5.711252806836242, 0.7044896127789997]"
NU01328,weibull,0.01049803656772906,0.00908712177284277,True,"[42.267345381064096, 2.799777695219852, 0.4749024318555196]"
NU01329,weibull,0.016572971981408374,0.016133203427110433,True,"[26.994712419258505, 13.01813606703073, 0.8828163639265388]"
NU01330,weibull,0.009891252084265344,0.007428366176942623,True,"[62.0453729010636, 0.010000000000005272, 0.25431181080977827]"
NU01333,weibull,0.02304057322028506,0.021944786498880552,True,"[71.40715310317856, 4.051521925084149, 0.4909731576368843]"
NU01334,weibull,0.019119665437266047,0.017937934764590123,True,"[108.07627912496208, 5.293261319758794, 0.6975991604258298]"
NU01335,weibull,0.010568955748156741,0.00831718954492788,True,"[89.25741634351445, 1.5480842592284636, 0.3370158504374869]"
NU01338,weibull,0.010006114092515934,0.008327679044759641,True,"[113.11441983577123, 2.8738515355892456, 0.5851658017100494]"
NU01345,weibull,0.019835303493247622,0.014965003736845808,True,"[261.43891051601895, 0.010000000000000002, 0.2138026394378903]"
NU01350,weibull,0.021321656203995232,0.018912793650949684,True,"[34.640938761795496, 3.1277025050857152, 0.4931423089227867]"
NU01353,weibull,0.053343297653850034,0.05279851012792782,True,"[24.129009144860476, 0.01000000000005662, 0.10353614661372804]"
NU01354,weibull,0.021097162495252744,0.02103955522845294,True,"[20.76878059723034, 0.010000000000190827, 0.16617603088662633]"
NU01355,weibull,0.01024296820434315,0.009694378072864522,True,"[26.693535164712085, 0.671958944305084, 0.2951679828393204]"
NU01356,weibull,0.006053755865020644,0.005768175308296015,True,"[33.319605813858104, 0.010000000000007175, 0.14617624320193728]"
NU01357,weibull,0.013305281773806374,0.013215028243778076,True,"[30.227099054305246, 2.943835929027414, 0.10001000000000712]"
NU01358,weibull,0.010663922644803505,0.010504333682777098,True,"[37.70426622267394, 1.6380050574321163, 0.17402048486736496]"
NU01359,weibull,0.013153335630988592,0.013210135918740698,True,"[28.717896984736758, 1.7879203352234918, 0.5311481248271701]"
NU01360,weibull,0.024143942396539702,0.02398081634253247,True,"[29.52452238718408, 0.4041160867922344, 0.10001000000000002]"
NU01361,weibull,0.007860367906771578,0.007813171122227834,True,"[18.046055717399017, 1.9639000749032116, 0.610378677967827]"
NU01372,weibull,0.015228362039584163,0.014142262155447019,True,"[22.77675797756518, 1.3327069023761837, 0.1711013863241055]"
NU01373,weibull,0.013520923192125788,0.013216161915704986,True,"[22.089566894872696, 3.644193186294655, 0.4971420035666703]"
NU01374,weibull,0.0120360751400138,0.011292166037443277,True,"[86.68895090335582, 1.4194895723973904, 0.5400623096335692]"
NU01375,weibull,0.007991638730275892,0.007763681547534474,True,"[201.62002234962995, 1.309953619472804, 0.45443711824267946]"
NU01376,weibull,0.02830991375655617,0.026953828374727203,True,"[32.99605841717806, 1.4564897388380196, 0.24054685818617022]"
NU01377,weibull,0.031035990219492573,0.03148204569290054,True,"[24.740760825485562, 3.6586665770595994, 0.10001000000000003]"
NU01378,weibull,0.030812361923674626,0.024117605700377978,True,"[17.434092640467483, 0.010000000000000004, 0.4483242899546849]"
NU01379,weibull,0.021871987226387418,0.018789661027731414,True,"[20.750872226765207, 0.010000000000004762, 0.21786858510501358]"
NU01434,weibull,0.015701528885347617,0.01623965755444908,True,"[57.112615099656765, 4.44330659987675, 0.5425073246472826]"
NU01435,weibull,0.00472849435101746,0.004630335610977302,True,"[55.74419282418087, 1.8680542433422758, 0.4164131843242472]"
NU01436,weibull,0.0054376319067433385,0.005099895271640442,True,"[48.78508962263697, 1.3952163206196222, 0.4756502960120181]"
NU01437,weibull,0.01042089899662491,0.010540717862674676,True,"[57.26259811211307, 3.3477704217406825, 0.4786088527339875]"
NU01438,weibull,0.005291755966815521,0.005178159504479924,True,"[45.99843392546404, 1.89573670093689, 0.42597813254537553]"
NU01439,weibull,0.012122236958932563,0.011725824391198623,True,"[36.59262539531485, 2.2465832851590783, 0.3847014967941408]"
NU00017,kelvin_log,0.006561300435979023,0.006311411827973457,True,"[5.971592896888402, 4.433388118842391, 22.368979482003407, 13.827520749589384, 13.694920835025808]"
NU00019,kelvin_log,0.014104340159064073,0.013865834112522433,True,"[4.356425412297472, 3.701869720744598, 19.71053935328629, 5.3738616273685675, 9.579745383400043]"
NU00020,kelvin_log,0.012072734127299312,0.01183741453172969,True,"[4.189672791851738, 4.338931941918746, 14.807499466440934, 5.862816979948913, 11.596251093105444]"
NU00022,kelvin_log,0.0023419413827549347,0.002,True,"[1.822989146116446, 13.529144122494191, 22.814656971687114, 10.749296055140116, 16.83345567003206]"
NU00024,kelvin_log,0.008271500371755879,0.007084283086042807,True,"[2.3967712016770024, 3.9801340126691906, 16.31637501836056, 6.01955490013726, 9.817459175371702]"
NU00025,kelvin_log,0.003032821154384364,0.0025688303480614107,True,"[4.010149969832202, 17.52045727837512, 30.652186571170613, 16.133156747519322, 24.481046679147557]"
NU00026,kelvin_log,0.023628710725010355,0.02138169924637472,True,"[1e-06, 20.402570261736308, 51.16316942272305, 1e-06, 31.318175218050037]"
NU00027,kelvin_log,0.0026711229813061693,0.002252224520279793,True,"[0.7205238308592009, 9.446986134104089, 13.411279510188288, 9.566146469812693, 11.685607273182535]"
NU00029,kelvin_log,0.031872883375912195,0.03141169995035744,True,"[8.689536854382265, 1e-06, 43.730785963445996, 6.1387716793188725, 15.918555934937604]"
NU00030,kelvin_log,0.0232786981363754,0.02248266380773695,True,"[6.0693523089759545, 1e-06, 25.95656339190107, 26.256082029159767, 7.880481998892334]"
NU00031,kelvin_log,0.014730270958910989,0.014637213289728515,True,"[1e-06, 9.348101398931052, 17.227505164476383, 13.73827330524932, 23.388555738821267]"
NU00032,kelvin_log,0.018345231475917417,0.018555055175018285,True,"[1e-06, 12.199622675609312, 26.313310639123713, 0.476970013873509, 18.156483505132776]"
NU00033,kelvin_log,0.02587924979503132,0.025639071119872202,True,"[4.17934979907047, 1e-06, 16.6617072018919, 12.34905123232084, 13.34174092513588]"
NU00034,kelvin_log,0.008115736184988837,0.007909171452556625,True,"[1e-06, 5.235900550405678, 6.69794835436163, 18.34609363374533, 13.740480651871723]"
NU00035,kelvin_log,0.015778132007059104,0.015806820227739788,True,"[3.4003961023384757, 1.1559958955483876, 7.896544789449329, 8.379396268099095, 8.81376362043371]"
NU00036,kelvin_log,0.02282171646876306,0.02219975210239564,True,"[1e-06, 8.040927465129815, 9.392871615809186, 8.53767206147946, 10.934328312001066]"
NU00037,kelvin_log,0.009976792738039128,0.009866607528862805,True,"[0.32123572929502936, 10.70047832725928, 8.19044440771049, 34.53156591011993, 19.667035166095634]"
NU00056,kelvin_log,0.0012903494718052124,0.002,True,"[15.700216657817535, 8.701541970769407, 13.62234110082604, 4.841249789244525, 9.690940333979764]"
NU00057,kelvin_log,0.0021608821595677516,0.0020273495177426846,True,"[13.749585459742304, 15.650019875684995, 20.377292268650976, 1.8935526311798698, 12.70783347736695]"
NU00058,kelvin_log,0.0022419038495519457,0.0020823450693495124,True,"[14.288434705435092, 17.37360858131096, 26.206186857802205, 3.499714191592053, 16.57967399892499]"
NU00059,kelvin_log,0.002291687714493145,0.002106013218480705,True,"[20.941745440932646, 13.55301296222615, 30.940058257866504, 6.4272530617756205, 19.97896973788919]"
NU00060,kelvin_log,0.0005018243421470887,0.002,True,"[12.941891537661268, 11.23617988890286, 15.402169898914225, 11.798083691491806, 13.449386981232774]"
NU00061,kelvin_log,0.002243105862161751,0.0020977159994438666,True,"[10.912511005682472, 15.534510734131647, 20.344926434790388, 1.8943189050967773, 12.692049395083194]"
NU00062,kelvin_log,0.0021514338529415853,0.002,True,"[11.374937110962685, 14.535236799639502, 27.261053042177334, 6.066649153003402, 17.94588276718742]"
NU00063,kelvin_log,0.001572610746184457,0.002,True,"[10.271683132595992, 19.963508424527262, 27.268332840758625, 7.538068050404106, 18.838729754933585]"
NU00064,kelvin_log,0.03960436264130813,0.03751607708868629,True,"[13.057052779275852, 0.7992379899836634, 7.160726810165535, 24.51429595566336, 10.418865238329644]"
NU00068,kelvin_log,0.013426027055725511,0.013297792661792335,True,"[1e-06, 19.10541898088277, 20.28418278991641, 11.098988260982207, 21.196082146754115]"
NU00069,kelvin_log,0.04465164663864106,0.04300554170627489,True,"[1e-06, 8.386267457655595, 29.427597096899174, 1e-06, 6.832026260263968]"
NU00070,kelvin_log,0.02482069058777219,0.02480246816728131,True,"[1e-06, 5.1789300194361365, 14.405264762463702, 12.29033646397869, 22.16514165672951]"
NU00079,kelvin_log,0.047569793934431795,0.04900013523691873,True,"[1e-06, 3.139988550547983, 8.896732078273311, 1e-06, 8.350275647673373]"
NU00082,kelvin_log,0.05752858344496185,0.05583740798296833,True,"[0.1815281810865138, 1e-06, 11.142269578116924, 1.672005172837525, 0.39793356044117034]"
NU00085,kelvin_log,0.04197804894741475,0.042510449109998634,True,"[1e-06, 6.021358832366991, 17.678062563998466, 1e-06, 1e-06]"
NU00086,kelvin_log,0.05231560794243077,0.053808508175886303,True,"[0.22845825742584053, 1e-06, 9.825696446101174, 0.2772362608019893, 4.252437726160942]"
NU00090,kelvin_log,0.030818270150758408,0.03031883483558535,True,"[1e-06, 3.7926796696946456, 0.3773548368896173, 18.53130289877889, 29.138773070290597]"
NU00091,kelvin_log,0.04722401804967192,0.04710922802228186,True,"[1e-06, 7.582002097617239, 9.089778335029814, 8.375980998685948, 17.054578051684516]"
NU00092,kelvin_log,0.0496196243094806,0.04903518000445452,True,"[1.879018447738909, 0.6767324877264794, 1.1531712740299442, 11.238961990235024, 9.338168860936532]"
NU00093,kelvin_log,0.05488996163200165,0.05398554965132067,True,"[0.8969404780720721, 0.16153449915041596, 6.691493764557999, 1e-06, 7.501323054122035]"
NU00150,kelvin_log,0.027623111029662924,0.026605451014674274,True,"[1.1829103859794756, 1.093050744686534, 3.724727174956782, 1.8978552877355916, 7.156082231597437]"
NU00151,kelvin_log,0.05083695433380583,0.052061304175963025,True,"[1.3982415486750843, 1.2015302214163364, 5.016790011396878, 1e-06, 1e-06]"
NU00152,kelvin_log,0.04835021146631729,0.0438303039661196,True,"[0.7635757903829206, 3.1092303262665784, 1.6480944639701907, 11.577503173935938, 1e-06]"
NU00153,kelvin_log,0.03697397706633443,0.03406958707215339,True,"[0.6304976541246358, 4.948561674878669, 3.4476970140842673, 10.941819809895025, 1e-06]"
NU00155,kelvin_log,0.047807248204653985,0.04669451581979735,True,"[0.6099230444153961, 1.8771309048378684, 1e-06, 10.343727049850905, 8.260116915374523]"
NU00156,kelvin_log,0.03125178386767779,0.029783931923032372,True,"[0.8662010873381936, 3.435576890388469, 3.917577209542958, 3.9962043154734816, 3.2089057438888102]"
NU00157,kelvin_log,0.04642028982662675,0.04348007108065655,True,"[0.35527370577904205, 3.3972434423751903, 1e-06, 5.374926422903154, 1.975826472390695]"
NU00158,kelvin_log,0.013571345920529693,0.012955312168769465,True,"[1.4913099321980492, 5.505403002890133, 4.808077151160409, 7.283671875100091, 4.690938209236742]"
NU00159,kelvin_log,0.01518691171721493,0.014499520265891094,True,"[2.0279663173312024, 7.824634132454887, 5.584741224141625, 7.5400271685958655, 5.0931622204120215]"
NU00160,kelvin_log,0.009219752040307134,0.008122668965490016,True,"[1.712438722115669, 5.163176565020796, 4.068977228491103, 9.576092582910393, 5.699301587604999]"
NU00161,kelvin_log,0.004879766565781989,0.0044897581754804764,True,"[2.5263979629741464, 4.349027369439321, 8.181614009187589, 7.6149943370243705, 8.412340652165692]"
NU00162,kelvin_log,0.004767850755962968,0.004073469170781214,True,"[2.17703172564918, 5.225623075694309, 6.665301431763159, 6.765152205387858, 6.321666251288438]"
NU00163,kelvin_log,0.01027267769432831,0.008962405193100955,True,"[0.9174176455732697, 2.651876228476442, 4.464476923547888, 2.763230370944317, 5.822848454238093]"
NU00183,kelvin_log,0.012197903590019016,0.011677395310598531,True,"[2.800667765991646, 4.491313068890402, 3.745191517628117, 5.466413541094744, 7.62607362675922]"
NU00184,kelvin_log,0.010788783894913868,0.010102770183851877,True,"[2.6312943583791117, 1.5643409544392974, 5.441819017803904, 4.605636434876484, 4.124849870142537]"
NU00185,kelvin_log,0.017905590778636606,0.017656718090662216,True,"[4.274392077475576, 1.813214216563136, 3.7052994797128678, 4.908395000465158, 6.290467187112064]"
NU00186,kelvin_log,0.02308686494495507,0.022958752725819855,True,"[7.115433031949189, 2.1076900706059853, 4.04402371752105, 5.080806299062236, 7.897687585274403]"
NU00187,kelvin_log,0.014156807628267869,0.01380523962048209,True,"[2.0406062580805666, 1.4309812058235754, 2.4352934958178243, 3.562989343731224, 3.9637378792806124]"
NU00188,kelvin_log,0.011955206409857257,0.011700064097876385,True,"[7.081646211648077, 4.901874326327703, 5.551371430033356, 7.426224359650504, 5.69309114465801]"
NU00189,kelvin_log,0.011234801278516698,0.011150491792699396,True,"[5.358030989058018, 5.144584050971755, 4.580215732864456, 7.115463961303048, 7.726268610211741]"
NU00190,kelvin_log,0.03047012996788959,0.03183349624161197,True,"[6.42102405974602, 1.0944295231636976, 9.311852136252245, 2.6699418603721927, 5.580657753250688]"
NU00191,kelvin_log,0.03026930285548583,0.03135076693403409,True,"[4.137960648934301, 8.455867470402714, 0.4115186034717781, 13.369896068295002, 15.14144563711159]"
NU00192,kelvin_log,0.009794518708028076,0.009663950068567592,True,"[7.413337854924592, 4.3385779162550175, 11.972105865316085, 21.961872945459593, 15.226110361768315]"
NU00193,kelvin_log,0.016836852444649313,0.014558176700685108,True,"[10.948817776362933, 2.0346623209953343, 3.2157256797443567, 26.888041134658597, 25.378858783764013]"
NU00194,kelvin_log,0.024526345636690868,0.023160428835894486,True,"[19.268167496907118, 4.392076051119112, 4.839507883950466, 34.55467203707451, 26.640870609793748]"
NU00195,kelvin_log,0.011904169303432707,0.010918504843520586,True,"[7.118352841681633, 4.416961926563026, 4.286430439113108, 20.206589564485753, 18.158316501357437]"
NU00196,kelvin_log,0.013966502777096995,0.013856362533715092,True,"[4.334095313676823, 3.022583366917119, 6.106209492419626, 4.638013915238767, 5.081918301414859]"
NU00197,kelvin_log,0.019336043136642375,0.018937821494157847,True,"[3.0399205890037218, 1.3816848577366352, 3.319599327963326, 4.186636679703544, 5.429631971156817]"
NU00198,kelvin_log,0.022858481612209842,0.022164324187142065,True,"[3.828117672410732, 1.618155648352577, 4.1082431185098525, 4.181525027183498, 5.240222285751796]"
NU00199,kelvin_log,0.028433114788504646,0.027715093777693017,True,"[7.1662558941660155, 2.10550147737928, 4.318493994205544, 3.879239999480434, 7.254872618501228]"
NU00200,kelvin_log,0.015877167210031524,0.015526050986851784,True,"[2.475883503438662, 1.0363116641273171, 2.1839980958505656, 4.712154648296988, 3.1924269454761793]"
NU00201,kelvin_log,0.025088208665047112,0.022960480599482667,True,"[8.277005785226665, 6.573892546064767, 1.1648810422405762, 7.808078972593904, 8.300614465170733]"
NU00202,kelvin_log,0.015058437402075351,0.014536911631567818,True,"[6.257102952939642, 4.662139113794698, 5.129827036805539, 5.765210988224565, 7.293834597427012]"
NU00203,kelvin_log,0.019393410992736854,0.01821508208239911,True,"[5.903373425556853, 5.04521761588195, 4.400588875737478, 4.0357287747753405, 9.148776319963092]"
NU00204,kelvin_log,0.015729326359987635,0.015374350723215633,True,"[8.235509587461815, 1.5897512647599206, 15.824183270698832, 10.503005432734222, 6.714972057687719]"
NU00205,kelvin_log,0.012417453809433057,0.012175165091835517,True,"[7.767820418977906, 3.307796791439288, 9.35497862431895, 17.543006594874136, 11.389569227058665]"
NU00206,kelvin_log,0.018299681409848147,0.017391865958058236,True,"[12.798829168764009, 4.70296421193844, 7.03478979534869, 23.26908505137559, 15.326193945312554]"
NU00207,kelvin_log,0.02877998216239898,0.027610725843802583,True,"[23.050179662497232, 2.845557533756142, 16.765100952524545, 17.903960601573967, 16.464711224615613]"
NU00208,kelvin_log,0.017372418586586478,0.01646611365164168,True,"[4.886626623932276, 7.001749942348903, 2.154967936530379, 20.725158232884297, 10.809251603787374]"
NU00209,kelvin_log,0.009050863467131272,0.007259398653956177,True,"[1.2186345037383917, 5.535398594476749, 14.4578240860992, 20.232770943592932, 15.9071911252129]"
NU00210,kelvin_log,0.004694277416654524,0.0037329922613626425,True,"[2.824915256764212, 1.6683320218005544, 13.434693059180812, 19.45027461671131, 14.179720505227262]"
NU00211,kelvin_log,0.008807374226002668,0.007612880048633828,True,"[0.9604104139008907, 5.858744567989733, 21.290896072283, 8.477179158489678, 15.473466611430737]"
NU00212,kelvin_log,0.00698217473873197,0.005643585564283613,True,"[1.9157288850699767, 8.344705146557574, 16.604298140210222, 23.563934386041318, 16.379470148273054]"
NU00214,kelvin_log,0.008682826835616692,0.007135151776372572,True,"[1.5590422858276267, 3.1543062678831566, 16.85243469740305, 14.501960071758525, 13.825505120578194]"
NU00215,kelvin_log,0.005244824130357139,0.004011060470097371,True,"[2.525145835063802, 1e-06, 12.635411877079937, 25.94566532180588, 14.335608564935198]"
NU00216,kelvin_log,0.005621784461653482,0.004460161447167029,True,"[0.8095323390758927, 0.7390660135939288, 7.477640961467736, 10.577026599722318, 9.260905416448391]"
NU00217,kelvin_log,0.002630761416995911,0.0021322663793241392,True,"[0.6296949364294259, 11.92293778392662, 15.55195680640278, 25.725163532342886, 20.197435358973305]"
NU00218,kelvin_log,0.0038475964143462778,0.003105311296613705,True,"[0.018802397129806626, 4.634208782296173, 9.054489829484444, 12.749704889310628, 10.837815762929274]"
NU00219,kelvin_log,0.007064250901779579,0.006272671520512112,True,"[1e-06, 5.814603422669599, 28.704429917000247, 3.7367997103362494, 18.05391275148784]"
NU00220,kelvin_log,0.001309372505852445,0.002,True,"[1.348602351866552, 4.754926891508872, 14.904370908480228, 13.522258463114232, 13.390659197113687]"
NU00221,kelvin_log,0.004160491270532665,0.0034568040962844482,True,"[0.12268741616462013, 4.997376351404837, 8.15553280027717, 8.11561350393311, 7.2536565392928845]"
NU00224,kelvin_log,0.014404787597141392,0.012562056878544062,True,"[1e-06, 1.0878777801764103, 24.917763465299505, 3.761640338717242, 20.457748464059623]"
NU00226,kelvin_log,0.007426221516053434,0.006392012886234922,True,"[1e-06, 4.339446076297851, 9.624002370675061, 4.760734005760374, 8.229507385947487]"
NU00227,kelvin_log,0.0107448546263623,0.009794604404875867,True,"[2.389174582374372, 1e-06, 23.067138454358243, 1e-06, 10.964673381915954]"
NU00228,kelvin_log,0.02104699944494103,0.02008840971921504,True,"[1.3967978881013836, 6.072822965150245, 18.82811267942758, 1e-06, 1e-06]"
NU00229,kelvin_log,0.003740670878043026,0.0033399745362468237,True,"[3.1490089572750013, 1.3829748014800638, 9.781540188223557, 2.1512644174575617, 6.158603196320661]"
NU00230,kelvin_log,0.004111882540558704,0.0033522991887838687,True,"[4.036363025739006, 9.997835166178403, 9.207464603252745, 21.411383753470094, 13.855095517224639]"
NU00231,kelvin_log,0.0016230565202582125,0.002,True,"[4.900716209485178, 1e-06, 16.451664480495406, 16.369159029573375, 15.051051477467814]"
NU00232,kelvin_log,0.003906596186085985,0.0033993751109830045,True,"[1.6393243160951194, 0.9471980050172364, 16.133887299278072, 4.395385695417746, 10.441139388206928]"
NU00233,kelvin_log,0.0035392806303664124,0.0028931244743750704,True,"[2.1808552222812314, 7.876739451500587, 8.894186300695088, 16.48768451318663, 11.659200842114835]"
NU00234,kelvin_log,0.052067584745606854,0.049072624344783,True,"[1e-06, 3.8676507540821907, 27.22055995805991, 1e-06, 1e-06]"
NU00235,kelvin_log,0.004678144445727084,0.004026250942273709,True,"[1e-06, 5.296985940563026, 12.06673298502992, 6.107892055167335, 9.526654685554545]"
NU00237,kelvin_log,0.0032353387306693253,0.0029256474311521977,True,"[0.17993784239411245, 9.188752603806165, 19.63505614331341, 2.564537039173937, 12.112946891665594]"
NU00238,kelvin_log,0.009509931427830734,0.008294657007229974,True,"[1e-06, 6.112714524316133, 14.06452745280349, 5.2847994181344315, 10.76776588464354]"
NU00240,kelvin_log,0.029765526187861473,0.02787039860550242,True,"[1e-06, 8.257099239795107, 14.10370810312554, 1e-06, 5.086735769584926]"
NU00274,kelvin_log,0.024847033519923272,0.023072350705657642,True,"[0.5085318249827162, 1e-06, 5.425648487267969, 3.973464780129898, 1e-06]"
NU00275,kelvin_log,0.006097961900669501,0.005728838707424832,True,"[1.4012484836428076, 1.2201123233350029, 2.2071485090301364, 3.0279631391414012, 2.14919270557562]"
NU00276,kelvin_log,0.030419481137542833,0.017878398081848084,True,"[1e-06, 8.010659543050851, 1e-06, 32.171221567463206, 3.7159319932582715]"
NU00277,kelvin_log,0.019445070958130552,0.015791650541348592,True,"[1e-06, 7.087624873393863, 7.973401660024271, 2.1093446704239747, 8.318601718128189]"
NU00278,kelvin_log,0.02416570557957043,0.013135677893991338,True,"[0.7447422524402187, 1e-06, 6.6761981960055445, 33.601124342544324, 6.442192162389977]"
NU00279,kelvin_log,0.04365994755511651,0.04366495428800661,True,"[7.171808095632581, 39.56893898460363, 1e-06, 66.94621379333397, 1e-06]"
NU00280,kelvin_log,0.007575912095441192,0.00739997608867365,True,"[15.49181737855106, 24.095888261995928, 1e-06, 60.491621500957486, 30.042501414726235]"
NU00282,kelvin_log,0.007545221385998802,0.00738981063474871,True,"[13.067201126460075, 18.76691733466033, 1e-06, 35.1433387192347, 12.458707757429897]"
NU00283,kelvin_log,0.05607061446747812,0.05422448948515263,True,"[2.072908694340003, 24.186847485453036, 1e-06, 39.91918347536414, 1e-06]"
NU00284,kelvin_log,0.001992911724168707,0.002,True,"[5.452669995582809, 10.563976198141189, 32.48390854612322, 3.4412630828364557, 17.87246555879661]"
NU00285,kelvin_log,0.004339436274074968,0.004227087857393509,True,"[21.497786006844585, 5.466579512679053, 55.3567133232014, 30.558265698296903, 38.84891447457344]"
NU00286,kelvin_log,0.01700521425830853,0.01627843761648098,True,"[14.322863796396398, 7.14332836938835, 9.433317204843453, 64.47470852255941, 51.81648587372824]"
NU00287,kelvin_log,0.019356632386692718,0.019352186695104127,True,"[5.878000947873129, 11.70799126776307, 35.40087661331147, 8.833262617355638, 36.30240462942355]"
NU00288,kelvin_log,0.011088445608818973,0.010984706273704339,True,"[10.466190797389462, 10.237736486038406, 45.144357042832326, 14.584136046513176, 44.83957741824128]"
NU00335,kelvin_log,0.018209957464549825,0.017267695026423415,True,"[1.6285884871442415, 11.115092568436209, 11.31753266306287, 5.616110635939366, 16.618207936811814]"
NU00339,kelvin_log,0.0228820393710784,0.021524204533748766,True,"[82.69417961653328, 44.4317112895392, 15.880572264856653, 69.22928508725434, 116.4698521018221]"
NU00341,kelvin_log,0.03864624920474298,0.03700847317979793,True,"[85.79243037567623, 61.953951238142, 90.34354719400851, 1e-06, 1e-06]"
NU00342,kelvin_log,0.043512647133973195,0.043924995930548195,True,"[145.5563952583443, 200.36546370854893, 1e-06, 1e-06, 1e-06]"
NU00343,kelvin_log,0.026651079380326275,0.025918566536797243,True,"[70.80187540970083, 69.17079387353597, 76.47649852690486, 1e-06, 1e-06]"
NU00344,kelvin_log,0.026975106142899292,0.025151756890532635,True,"[50.902554838197595, 90.91617414327014, 6.928398801891335, 111.58034799570922, 55.95097888965215]"
NU00345,kelvin_log,0.027199906011156773,0.025859710973037728,True,"[90.97212659222541, 146.75928988494022, 1e-06, 137.33462022764377, 34.93558119199439]"
NU00346,kelvin_log,0.0264524481016265,0.02583806885457957,True,"[41.92549959513788, 51.576392530087766, 71.32637413008646, 1e-06, 1e-06]"
NU00358,kelvin_log,0.01030902079691983,0.009686881020442998,True,"[5.19086534901081, 1.9553209032680403, 23.659302048371487, 29.311137210903738, 34.06728555352492]"
NU00359,kelvin_log,0.005261554133532377,0.0047537393993832945,True,"[1e-06, 3.7218806690220503, 21.7643837742613, 35.719861853345925, 26.12230749084783]"
NU00360,kelvin_log,0.015159951568172765,0.013355909782611797,True,"[11.001270523531655, 5.902257547090498, 20.743937313923723, 41.51264832127087, 16.753674898712983]"
NU00361,kelvin_log,0.008853111167169555,0.008709541292837367,True,"[10.683998895411387, 1e-06, 22.53563287384547, 33.647325603554854, 18.111121263143584]"
NU00362,kelvin_log,0.008767850828113996,0.00810407989849061,True,"[6.569077688437179, 8.179390666221416, 12.454079378706329, 21.69845786690989, 19.69182041640362]"
NU00363,kelvin_log,0.01841661346368748,0.016657460248135136,True,"[6.331031309794487, 6.770337759540244, 4.976537316693018, 17.451811004598603, 10.352995061207091]"
NU00364,kelvin_log,0.020399631899022774,0.020324951546650177,True,"[1e-06, 5.974491503186015, 18.7892977923244, 1e-06, 6.550847452270959]"
NU00365,kelvin_log,0.01724734450115064,0.016438373082153325,True,"[0.29933749066010173, 2.689832233475705, 14.87281619712346, 3.1499058748972866, 7.2119211543265695]"
NU00366,kelvin_log,0.021243829393901827,0.01944993728238175,True,"[3.235401706941934, 1e-06, 15.695516558903531, 5.48562376291546, 2.7800152031934355]"
NU00367,kelvin_log,0.023047180977325565,0.02331550080480126,True,"[2.665309945550151, 1e-06, 9.822251995540306, 8.295476358551962, 3.0791523577664814]"
NU00368,kelvin_log,0.02754984621197886,0.025028786645495852,True,"[1e-06, 3.9445710867795003, 1e-06, 11.86350322525282, 3.234490401963972]"
NU00369,kelvin_log,0.060845408213517596,0.051778014993767094,True,"[0.16695217561811254, 3.778843293320641, 1e-06, 10.508185000577638, 1e-06]"
NU00370,kelvin_log,0.0040682735849308345,0.0037344996919454914,True,"[0.9105634641168874, 1e-06, 40.019930258171, 33.561381259130904, 27.909449103248036]"
NU00371,kelvin_log,0.004832272923341161,0.004424116858879455,True,"[0.4403975570126145, 4.056224464242223, 18.195740030539632, 23.255574339910325, 21.66277632138086]"
NU00372,kelvin_log,0.012780895205868148,0.011502881198687939,True,"[1e-06, 5.223805614962747, 11.079088716984417, 21.69212854716773, 17.893498113835626]"
NU00373,kelvin_log,0.015387387189240615,0.014275027677743335,True,"[1.7725875631775367, 0.44518740687586944, 16.44417178155547, 11.679361647206267, 17.1951160736581]"
NU00457,kelvin_log,0.026718195419395328,0.025314798185262288,True,"[1e-06, 13.727183088759858, 10.677193183715847, 1e-06, 6.836581210050303]"
NU00458,kelvin_log,0.009805551536198212,0.009480348806643533,True,"[1e-06, 12.471821985186077, 11.863138718470363, 1e-06, 0.9020261838804404]"
NU00459,kelvin_log,0.017939099754741995,0.01741097369866882,True,"[1e-06, 12.288798977860285, 13.26345498474808, 1e-06, 1e-06]"
NU00462,kelvin_log,0.024875623823571204,0.024164289809726434,True,"[1e-06, 12.753064538468593, 14.103611350595106, 1e-06, 0.11458215248865458]"
NU00464,kelvin_log,0.014831775493702608,0.01424695290864771,True,"[1e-06, 11.884467839320804, 12.891607678593008, 1e-06, 1.8747758311077773]"
NU00496,kelvin_log,0.005051757994822513,0.004824807900830265,True,"[2.448354202114881, 3.340239044440899, 7.148300639072512, 5.213532849012374, 4.717933754060176]"
NU00497,kelvin_log,0.009780159250367109,0.009724274499035882,True,"[2.405582792131144, 1.6458910452879554, 3.826320856128974, 3.42896200635569, 5.196041845690497]"
NU00498,kelvin_log,0.01398510952859846,0.013741005470272145,True,"[1.9972729410723706, 1.2194247746446596, 2.74111983569272, 4.023275022777798, 2.892510620207045]"
NU00507,kelvin_log,0.04519088012818112,0.04079467413807747,True,"[0.5955393507246505, 2.7756484965954673, 2.178929605823407, 11.254110789726711, 1e-06]"
NU00508,kelvin_log,0.0357094713496785,0.035143943086851745,True,"[0.27689189537424147, 1.8095344588247098, 3.1046030299161522, 1.3228888321679342, 8.147066720350537]"
NU00522,kelvin_log,0.03489639135769427,0.03360058902066,True,"[10.833168677327583, 21.40347659497074, 38.13744300616843, 1e-06, 1e-06]"
NU00523,kelvin_log,0.025381759887285416,0.02535160323867254,True,"[7.361468577158764, 8.870404197889743, 5.6364761297604655, 3.6001688578474784, 14.493562097113811]"
NU00524,kelvin_log,0.06939855802959867,0.07275729146400861,True,"[1e-06, 4.956312148357377, 1e-06, 16.588084574737874, 1e-06]"
NU00526,kelvin_log,0.019405157824441435,0.01854155438341291,True,"[20.763299059714118, 22.954219739732384, 55.74038891161364, 1e-06, 2.7884434347232774]"
NU00527,kelvin_log,0.022542292068732293,0.021654032331894692,True,"[13.091307805735799, 23.35271083349689, 34.73308082599994, 1e-06, 10.117857828596858]"
NU00528,kelvin_log,0.02434018443796273,0.02397448763319304,True,"[7.934147089667435, 12.270364065539995, 9.14874343388303, 1.8632280773336785, 14.29093930164246]"
NU00529,kelvin_log,0.03855222904397577,0.03297280367160144,True,"[3.269859233284702, 7.950936587550042, 1e-06, 16.72081941084233, 1e-06]"
NU00573,kelvin_log,0.04693301544347217,0.04786810588754075,True,"[9.667328118510369, 0.8398184801817168, 3.080673757309441, 2.6780079624387927, 17.940742126194504]"
NU00574,kelvin_log,0.02896320472312137,0.028973223828073914,True,"[7.118129891095944, 1.3728070258580565, 2.2624835206944285, 5.8450639615733495, 12.224445020600454]"
NU00575,kelvin_log,0.021174259940589638,0.020966922234961077,True,"[1.304036194822333, 3.4895595838977673, 3.578719173071757, 2.9194015769993453, 11.446232775251843]"
NU00576,kelvin_log,0.06965371253865817,0.06760843160870553,True,"[4.008702224649004, 1e-06, 8.973277416365166, 1.9382288468477236, 1e-06]"
NU00577,kelvin_log,0.05001434419662523,0.04965028013500436,True,"[11.605568575980142, 1e-06, 10.759032111670159, 11.218354134855929, 1e-06]"
NU00578,kelvin_log,0.027914516875962896,0.028965618312299147,True,"[6.975971866730189, 1.21257871072051, 0.7406896749706581, 1.7368230244604492, 10.026184725159041]"
NU00580,kelvin_log,0.03466593630457275,0.035493239409293796,True,"[4.656890904662567, 3.865656637012931, 6.51015965671875, 6.247224799217416, 1.2401264598699455]"
NU00581,kelvin_log,0.033206234628527474,0.034320784682832145,True,"[2.243175146165426, 6.645291254275646, 9.29776311902653, 4.081900008866775, 0.7905188889820045]"
NU00582,kelvin_log,0.040419745927927825,0.04185327944340233,True,"[7.381726199527054, 1e-06, 10.731553513999527, 4.004167426594413, 4.079931193000197]"
NU00583,kelvin_log,0.019277339642292602,0.019211942105297863,True,"[3.3045608388856236, 2.3911035011294346, 3.7596117854398345, 4.655235414227344, 5.720363843257458]"
NU00584,kelvin_log,0.021667263157671673,0.021566880651719408,True,"[1.6209830593587253, 2.9803957534004577, 3.3623666490894135, 5.491689813225116, 4.064231786511016]"
NU00585,kelvin_log,0.02607543368054494,0.023249983181524395,True,"[1.613221630455649, 4.15581024075808, 0.2507574339793909, 7.752004791772686, 6.068428942372659]"
NU00586,kelvin_log,0.026870055071693117,0.02716557919283475,True,"[4.544832573725334, 0.40791671707249816, 6.000137884863063, 4.7505008556297526, 4.228495729097282]"
NU00587,kelvin_log,0.01934383224138012,0.019425296138074307,True,"[1.8442529446064455, 4.626159142567076, 10.179475287359788, 1e-06, 7.746270547825693]"
NU00588,kelvin_log,0.013610380947014647,0.013524930926443992,True,"[2.776823981609865, 4.138444287194535, 10.550695619036846, 2.4482898342001524, 6.084172129791281]"
NU00589,kelvin_log,0.012686975219072827,0.012598369439264508,True,"[2.1965171425284584, 4.751358095723129, 9.84798786674572, 1e-06, 7.42670622091797]"
NU00590,kelvin_log,0.013506276694074932,0.013415818947799762,True,"[2.2337482824758625, 7.283459137405864, 7.361753866029306, 1.6208460879530042, 7.285287262945901]"
NU00591,kelvin_log,0.012443244442178371,0.012038209625051557,True,"[0.6069191719567433, 4.9707187899394105, 9.90980873898246, 1.2510573850771023, 4.5560458542307325]"
NU00592,kelvin_log,0.01216615624670312,0.011462761389599726,True,"[2.2403028930434687, 2.4396024781578487, 11.089582832410281, 2.313032936012179, 5.461280252157673]"
NU00593,kelvin_log,0.014616467610315695,0.013838200499806335,True,"[1.298167578298637, 3.9433527334781333, 9.983817322596424, 2.3646768899509003, 5.299139286318995]"
NU00594,kelvin_log,0.014490914990087011,0.01372437793603059,True,"[1.1946908299401269, 3.8512066858486156, 10.195040606900733, 2.098587431182751, 3.683442526790545]"
NU00599,kelvin_log,0.06189447559661346,0.06222406227931092,True,"[16.08601124286299, 5.4873503253932325, 9.619777458010924, 1e-06, 6.0452331454725545]"
NU00600,kelvin_log,0.039209064617286606,0.03451326499208519,True,"[10.20924079329223, 10.524144985975688, 4.124976445504721, 1e-06, 9.13816706412868]"
NU00601,kelvin_log,0.03172388163941607,0.03196332447441562,True,"[6.0102226098721605, 8.149681930554362, 9.701527520069705, 1e-06, 1.752738458631981]"
NU00602,kelvin_log,0.0279044720614209,0.027443662359679745,True,"[5.137894616749991, 4.373826689351778, 5.684166748225922, 1e-06, 6.844075163130993]"
NU00603,kelvin_log,0.028907385262883636,0.027923541726174148,True,"[3.7581137635560387, 2.6258965523746776, 1e-06, 4.245137924999548, 7.911882378026232]"
NU00604,kelvin_log,0.15943645635937442,0.15,True,"[48.44312845537056, 1e-06, 1e-06, 4.0034561113953, 1e-06]"
NU00605,kelvin_log,0.07046596992364981,0.0702622730400888,True,"[20.19709779256801, 1.0245596664673344, 8.348820306305724, 1e-06, 1e-06]"
NU00607,kelvin_log,0.023237352350339684,0.02356854152394558,True,"[3.1951459275915646, 3.2254500638713752, 1.8744745847738244, 0.6036482704414751, 4.697501716465852]"
NU00608,kelvin_log,0.023876113106046006,0.024280524967211833,True,"[2.2790567188505313, 0.30742886682762105, 2.9767739458753955, 0.08573473608891086, 2.9690341952493666]"
NU00610,kelvin_log,0.02119915971449728,0.020906273774860186,True,"[3.5940567643602757, 5.931694958529975, 4.873180835588931, 1e-06, 1e-06]"
NU00611,kelvin_log,0.03763922346866228,0.03771545368776801,True,"[2.313345115396575, 3.4512604403899085, 4.486001837611884, 1e-06, 0.3878456869265206]"
NU00612,kelvin_log,0.0264286179791326,0.02643862821876059,True,"[1.8278943442922915, 0.36948560304699885, 1.341302986806014, 0.186854445877412, 3.3642772452303773]"
NU00614,kelvin_log,0.02984534748857844,0.029493583758117798,True,"[7.903640252948225, 6.564297518384675, 9.949853630975467, 1e-06, 1e-06]"
NU00615,kelvin_log,0.01433760016512852,0.01434857329194829,True,"[2.485646652984153, 4.303519630117428, 4.408548182069939, 1e-06, 1.792342734640093]"
NU00616,kelvin_log,0.03513689023070511,0.03507633970085059,True,"[1.8437818003673319, 0.27458767297835296, 2.4899594917824115, 0.027939231296343313, 2.8566441532441558]"
NU00618,kelvin_log,0.02282346655587861,0.02230097409797562,True,"[2.5774837535769435, 4.273704759093974, 6.766557512967487, 1e-06, 1e-06]"
NU00619,kelvin_log,0.016958279206982556,0.015761920028476598,True,"[2.4291608138411367, 2.05407822905982, 3.5176609939098444, 0.040214673433861, 2.42095505732009]"
NU00621,kelvin_log,0.0255609418969934,0.025301171106911068,True,"[3.458763140130222, 4.644650116211308, 6.757614445246765, 1e-06, 1e-06]"
NU00622,kelvin_log,0.02098255626523448,0.02053268197700964,True,"[3.1098548105157007, 1.8041437028370375, 1.7355125806035296, 4.479089517087727, 1e-06]"
NU00624,kelvin_log,0.02620930173437886,0.025066653843362832,True,"[1.8896728701179455, 6.3410194728930485, 5.804533326901285, 1e-06, 1e-06]"
NU00625,kelvin_log,0.02169175593707449,0.02116634037167292,True,"[2.0811279782336607, 3.5435973901046434, 5.264018762753057, 1e-06, 1e-06]"
NU00626,kelvin_log,0.02873520711251521,0.028446349874729934,True,"[0.7856145240518378, 1.0082218739233026, 1.0722751488373254, 1.2133446584044902, 1.3181357769071589]"
NU00628,kelvin_log,0.029415322171240793,0.028796652033968438,True,"[4.958311713600377, 5.8337480892840015, 5.026347078960223, 1e-06, 2.139282587186957]"
NU00629,kelvin_log,0.04030576954919445,0.0399739819022671,True,"[3.5319937046138947, 3.9425750718179002, 4.917437329508381, 1e-06, 1e-06]"
NU00630,kelvin_log,0.02301812699674704,0.023153420770916838,True,"[1.2071307462226533, 1.4290725684305237, 0.9490972521814278, 1.6456225419218369, 2.9668925441942666]"
NU00632,kelvin_log,0.037738908636431034,0.03759787656464368,True,"[3.64401703383544, 2.3650665790842957, 4.271119501993218, 1e-06, 0.33195401781185574]"
NU00633,kelvin_log,0.02950599092286157,0.029117350823042874,True,"[2.0596348804508007, 2.854733588722752, 4.449016162804299, 1e-06, 1.55441894903963]"
NU00634,kelvin_log,0.023888327994006763,0.02396827765023903,True,"[2.9584744478847584, 1.2058221202095807, 3.060820282930772, 1.9327428666939719, 1.5662487462426329]"
NU00636,kelvin_log,0.047672355831246654,0.04782363477644499,True,"[11.026530399891936, 3.4335920772109882, 8.911666477185538, 1e-06, 1.2102038714416459]"
NU00637,kelvin_log,0.01994881389354561,0.02008139016483409,True,"[2.192419495067161, 3.7692740306906725, 4.1966334662954665, 1e-06, 1.0770039886529685]"
NU00638,kelvin_log,0.04497962710824166,0.04495936785857813,True,"[2.3560001220862747, 0.528123997275155, 1.2890998927982065, 0.780378862865341, 2.926613115489357]"
NU00640,kelvin_log,0.020694096844737365,0.02017207280299856,True,"[1.7996719940146095, 5.78168513665966, 6.60910594450029, 1e-06, 1e-06]"
NU00641,kelvin_log,0.023836948473818852,0.023655007327008037,True,"[2.4448439100372403, 4.289900058148095, 5.863076558377554, 1e-06, 1e-06]"
NU00642,kelvin_log,0.029491298011344962,0.028823250521182273,True,"[1.7308544090844251, 0.14772578924910063, 2.6009186230178356, 1.9517554381121873, 1.1760695763130402]"
NU00643,kelvin_log,0.03089693290977064,0.027281861237412653,True,"[0.7878910277941806, 1.0969929385896289, 1.547982837858324, 0.555062257698543, 1.8926200229574266]"
NU00644,kelvin_log,0.008461260582297188,0.00772764871851477,True,"[1.6477050248248037, 2.2065289363832217, 2.677730246003229, 0.5550412403342597, 1.8531256545492396]"
NU00645,kelvin_log,0.04782861233156831,0.04807463976291138,True,"[3.254185833741237, 1e-06, 3.1898052217338044, 0.510234825304322, 1e-06]"
NU00646,kelvin_log,0.016696003433072024,0.012311156320897874,True,"[6.256113195361714, 9.485112453641943, 30.34979441165528, 18.32810410143238, 16.27290657603629]"
NU00647,kelvin_log,0.014503724122773457,0.012072266308150394,True,"[0.7498193635450872, 19.879140731863163, 26.580796297402266, 1e-06, 24.994897270099653]"
NU00648,kelvin_log,0.025151808841655236,0.02384348967447366,True,"[12.019496225906657, 10.634363747239105, 30.486749852913604, 1e-06, 11.417502190309742]"
NU00649,kelvin_log,0.019623312071224364,0.017152462383817586,True,"[15.035908029989958, 8.590503882391477, 12.66971973954687, 11.208723817822822, 21.023870421832793]"
NU00650,kelvin_log,0.008077049936263066,0.006585173193830356,True,"[1.2963984995510538, 9.765152950421905, 10.53806562434518, 0.804378026314111, 6.677526121652368]"
NU00651,kelvin_log,0.014337125769128375,0.011792174192571702,True,"[7.620428761639195, 4.27279501651442, 10.009821689805927, 0.7297399237597485, 7.203363619380131]"
NU00652,kelvin_log,0.0058390672787534065,0.004433333597101074,True,"[7.429789269877503, 6.405552922061337, 9.110272102758167, 5.192740490101663, 7.6994672908446775]"
NU00653,kelvin_log,0.005978533126554654,0.00416290145685359,True,"[4.0211315687928035, 7.40169069579831, 10.04577837632692, 12.317610257634051, 8.594449415702574]"
NU00662,kelvin_log,0.039745813715553774,0.036657948503828766,True,"[18.02679718366285, 40.77052784365301, 9.4713884746922, 12.808496484845692, 3.6665611950829233]"
NU00663,kelvin_log,0.035369175055838434,0.03536074227583645,True,"[12.292580241900675, 20.50731031884105, 39.74505867363794, 1e-06, 4.733474621577001]"
NU00664,kelvin_log,0.02554351058953045,0.02531308899092468,True,"[18.588992351066405, 44.976989618630945, 3.0751760015048917, 33.85376730566042, 6.187429472229235]"
NU00665,kelvin_log,0.016599029495914828,0.015787848975640468,True,"[4.895108641706792, 15.819354337478938, 16.296892117876737, 10.862826223942443, 6.103670610258327]"
NU00666,kelvin_log,0.07423406340544456,0.06923985160724187,True,"[7.149659453001759, 4.015203183547377, 1e-06, 17.386269899609783, 11.535775466391094]"
NU00667,kelvin_log,0.06306915991914692,0.06776219447717323,True,"[1e-06, 3.490803490244106, 9.229645615098041, 1e-06, 7.709348592063174]"
NU00668,kelvin_log,0.012610873488959671,0.01174403683179995,True,"[7.011007423980831, 1.4005042918406578, 9.834588875863227, 9.132471188953897, 6.693444642300558]"
NU00669,kelvin_log,0.028121833515574204,0.024607873796395924,True,"[1e-06, 0.09654341343522227, 4.451697498828035, 3.2877149494352875, 7.008991563744505]"
NU00670,kelvin_log,0.04026311808111384,0.03727781458113177,True,"[1e-06, 36.06759075406051, 3.3531872826975793, 12.12101055690584, 14.235239416532655]"
NU00671,kelvin_log,0.02549954538234535,0.025150852127947522,True,"[1e-06, 48.986525144542746, 0.1304841954385653, 0.44768374119750426, 15.51524077613464]"
NU00672,kelvin_log,0.017067793900755135,0.01650287611515615,True,"[1e-06, 24.011961663299537, 8.412230291113728, 13.268178080130355, 11.686791179747472]"
NU00673,kelvin_log,0.017106225071180033,0.01618607819690381,True,"[1e-06, 5.2963690410818485, 5.238567045336927, 11.695276360224188, 5.660006416176848]"
NU00674,kelvin_log,0.019544544497290293,0.019064593204291498,True,"[1.0317219967729208, 13.353837181324689, 14.027585170489692, 1e-06, 1.6039788957339167]"
NU00675,kelvin_log,0.05910258587322739,0.05972987604646894,True,"[1e-06, 13.972143716982362, 5.154847352797294, 1e-06, 1e-06]"
NU00676,kelvin_log,0.059934388391137024,0.060776249095762944,True,"[1e-06, 15.96058564481491, 1.1082519539928986, 1e-06, 9.68536095229048]"
NU00677,kelvin_log,0.08286605790636929,0.08303435637549242,True,"[1e-06, 4.800705736954656, 1e-06, 9.829577591921216, 1e-06]"
NU00678,kelvin_log,0.046203267116437206,0.04624926828856302,True,"[2.0353618990931053, 24.438921623948474, 28.53397633751527, 1e-06, 0.3965766449755744]"
NU00679,kelvin_log,0.004063487852164472,0.003813178515015082,True,"[18.274973519598692, 21.66150078447239, 17.422872271776768, 24.810554304763166, 17.977118165834604]"
NU00680,kelvin_log,0.020990553629665395,0.020641453079396358,True,"[10.114767451959889, 16.256539845322205, 33.004748998688676, 1e-06, 4.684351669164014]"
NU00681,kelvin_log,0.023387560233787574,0.018993164659831304,True,"[1e-06, 15.798113821198, 1.3386174858111353, 22.164318776610983, 18.18778999108989]"
NU00683,kelvin_log,0.03720110322511488,0.035168992305995496,True,"[2.0005526083079546, 11.131169381812603, 1e-06, 9.033330782361952, 4.996655050538058]"
NU00684,kelvin_log,0.030046952149735698,0.02936159332183294,True,"[3.7589761212385344, 22.793777114534898, 1e-06, 9.857753750217032, 1e-06]"
NU00686,kelvin_log,0.009125255730841662,0.009239057553234996,True,"[21.630210567673277, 42.197532698228024, 27.92796168911829, 1e-06, 1e-06]"
NU00687,kelvin_log,0.006255015708833821,0.006275540278830077,True,"[1e-06, 39.02755816957632, 25.45243835356719, 1e-06, 2.599892370807468]"
NU00688,kelvin_log,0.0044738289032790896,0.004452860984343113,False,"[14.871880609068489, 14.310095151604191, 26.455282057794108, 1e-06, 2.0531241801350255]"
NU00689,kelvin_log,0.04461097173150855,0.0454891429869958,True,"[1.543998272868306, 11.892765247167366, 7.707017092142404, 1e-06, 1e-06]"
NU00690,kelvin_log,0.03742814589082817,0.03736151130540465,True,"[1e-06, 16.545006469833446, 7.297438040389447, 1e-06, 1e-06]"
NU00691,kelvin_log,0.024119703146614678,0.023701690715439833,True,"[1e-06, 26.74710836936158, 1e-06, 12.22874932418195, 1.485363458131694]"
NU00692,kelvin_log,0.012410542069314658,0.012266849054064471,True,"[1.6388087227411634, 10.505062192732783, 17.661219472197356, 1e-06, 1e-06]"
NU00693,kelvin_log,0.04236810620583784,0.04155015095647645,True,"[1e-06, 11.955558604436558, 1e-06, 4.4042159812488775, 3.167209843116682]"
NU00694,kelvin_log,0.01137298174600435,0.011354229736980123,True,"[11.272436626874265, 27.982221404296844, 18.290221166708218, 1e-06, 1e-06]"
NU00695,kelvin_log,0.02166869518159636,0.021573780855848816,True,"[1e-06, 17.681884862011625, 21.02214878173168, 1e-06, 0.05574191425967373]"
NU00696,kelvin_log,0.024649270709014442,0.02478185275395036,True,"[1.4006383623013274, 24.07905312436336, 8.408033205693018, 1e-06, 1e-06]"
NU00697,kelvin_log,0.05530394694161107,0.05351117888479282,True,"[1e-06, 3.6514801662119565, 4.63603050602152, 1e-06, 3.0293417053242333]"
NU00698,kelvin_log,0.05861238090436608,0.057597750454726836,True,"[10.21093500010667, 7.260608547821813, 11.97383455541473, 2.0498299051408475, 1e-06]"
NU00699,kelvin_log,0.02698423788771468,0.027169920835217604,True,"[2.6802936253906027, 17.585793590085263, 1e-06, 0.22292254866515623, 1e-06]"
NU00702,kelvin_log,0.02012349646808918,0.01978206354405216,True,"[14.4859090819563, 28.364894324633926, 17.248898989120924, 1e-06, 1e-06]"
NU00703,kelvin_log,0.02182186828741524,0.021445819526978393,True,"[2.643386263897152, 18.79466668829769, 12.002911228948154, 1e-06, 3.363269553877978]"
NU00704,kelvin_log,0.03972505307498856,0.039158188344196425,True,"[1e-06, 15.167971832871787, 15.249067341754504, 1e-06, 1e-06]"
NU00705,kelvin_log,0.029116216003238604,0.02768363797616932,True,"[1.4626453224710054, 7.070947895145034, 8.294375746779599, 1e-06, 1e-06]"
NU00706,kelvin_log,0.00965138254756572,0.008713710439251997,True,"[1.2524041343363659, 10.666099730112334, 0.6962033091218182, 7.1421185588544995, 5.064687949812317]"
NU00707,kelvin_log,0.030014196889928433,0.029278746845178536,True,"[1.4244842709477115, 8.088483767821215, 3.1518954683073237, 1.8540287117934544, 3.864565094834348]"
NU00709,kelvin_log,0.03191147276960431,0.027074313524016604,True,"[1.8112029697945031, 3.3657635256055842, 1.4946342453004866, 4.045896821624779, 3.36398098893222]"
NU00710,kelvin_log,0.03677471528154996,0.036472223897429455,True,"[16.601547491361387, 36.32908524869027, 21.380614386746267, 1e-06, 1e-06]"
NU00711,kelvin_log,0.02885707488909684,0.028250490129403446,True,"[1e-06, 30.01726930712302, 22.823456373165612, 1e-06, 1e-06]"
NU00712,kelvin_log,0.02582304084560249,0.024748436660891666,True,"[3.3771359173147157, 10.154851819830673, 18.490603625444294, 1e-06, 1e-06]"
NU00714,kelvin_log,0.03485827952428233,0.0344671860199992,True,"[19.329896966777103, 23.72649835879554, 1e-06, 11.151793079568431, 1e-06]"
NU00715,kelvin_log,0.03421837623083295,0.033624061679114615,True,"[1e-06, 8.735847576233267, 4.6409384075975355, 1e-06, 5.857274722057402]"
NU00716,kelvin_log,0.02559357561515187,0.02411054000874097,True,"[9.387741365654481, 11.272650707369209, 6.119334812823692, 10.215382332677754, 5.295443051892284]"
NU00717,kelvin_log,0.01546141726478009,0.015472111571221787,True,"[7.747838291585784, 0.6363233135416405, 9.663353342805122, 1e-06, 1e-06]"
NU00718,kelvin_log,0.007684239791536302,0.007631742358666234,True,"[25.524874165885638, 31.40878712981577, 12.325715683964956, 0.43992818193145106, 4.668764976197139]"
NU00719,kelvin_log,0.007745395452960301,0.0077341677560535185,True,"[10.39815577619549, 28.30463299925803, 10.638838054723104, 1e-06, 4.516444634591703]"
NU00720,kelvin_log,0.03479008434896271,0.03390104568952147,True,"[3.96842224269191, 20.29064104300617, 19.950687047002575, 1e-06, 1e-06]"
NU00721,kelvin_log,0.03546422099191821,0.03367591522317451,True,"[1e-06, 2.5643936815286805, 8.13574854258791, 3.2771924095000227, 5.947380791175521]"
NU00722,kelvin_log,0.044789986948469133,0.04564898205746426,True,"[10.775646236979341, 18.434961350998634, 6.445566132619964, 1e-06, 1e-06]"
NU00723,kelvin_log,0.057532032982045574,0.05824005849531936,True,"[1e-06, 4.834275010386279, 4.609500885415461, 1e-06, 1e-06]"
NU00724,kelvin_log,0.1330519096203549,0.14604376615645157,True,"[1e-06, 9.523282573426998, 4.6251865646481125, 1e-06, 1e-06]"
NU00725,kelvin_log,0.04584385916705135,0.04452376653963669,True,"[0.3728307013226406, 1e-06, 9.769210601992508, 1e-06, 1e-06]"
NU00726,kelvin_log,0.010765350090212688,0.00968405922668976,True,"[5.850322732754259, 12.362259347665166, 20.169173070458736, 0.3094231291464422, 14.223684413280596]"
NU00727,kelvin_log,0.013641840477357276,0.011423586229821916,True,"[2.101531076171967, 5.750748040163935, 6.447869972821285, 3.251839184146208, 6.809323502116778]"
NU00728,kelvin_log,0.01943610885848223,0.018579144463175115,True,"[0.93870674148256, 14.398039068746492, 14.522366480269387, 18.2276757091863, 4.428690666713721]"
NU00729,kelvin_log,0.05310775374821019,0.055747509415282503,True,"[1.3834264602955215, 5.658004091460436, 7.641893877023747, 1.9952733813118257, 2.945951137259609]"
NU00730,kelvin_log,0.012285994885887578,0.011306406308864333,True,"[8.36806199828841, 24.942043570232645, 42.11933393639608, 1e-06, 5.633913619252341]"
NU00731,kelvin_log,0.014105238614649756,0.01108586699303517,True,"[3.9193535361285474, 8.652089111524466, 3.6496562926623253, 10.677985861084787, 8.727058057640413]"
NU00732,kelvin_log,0.015156748307966773,0.01489278158412335,True,"[8.815157131334768, 10.740605344210863, 9.151742477457372, 7.075790086735211, 17.13837762176722]"
NU00733,kelvin_log,0.026098947151972814,0.025577193784721154,True,"[1.6062390777406463, 7.381867113548635, 4.293599209547029, 4.564529744280466, 8.378023366244149]"
NU00734,kelvin_log,0.007548540426043682,0.006533530332373238,True,"[11.871643362100237, 19.32229032492927, 31.51394555833252, 6.767866280741561, 26.64970755933509]"
NU00735,kelvin_log,0.02651467551022051,0.018247009257938027,True,"[0.18797727272440745, 9.076647186004806, 8.840390802284443, 26.778966580190506, 15.564855863272195]"
NU00736,kelvin_log,0.01653645883767423,0.016576470884392732,True,"[5.9144145712380505, 17.86870126384312, 18.64926946873559, 15.080485798050454, 9.82419837013711]"
NU00737,kelvin_log,0.02446457393555487,0.024348500458062042,True,"[2.565168049676461, 8.697061005154035, 1.4991403036621715, 25.254326860407904, 12.222662356184482]"
NU00738,kelvin_log,0.030730248033334864,0.026611626841731496,True,"[1e-06, 4.222203749449141, 11.240797169865699, 0.19050617694243174, 4.785880800368203]"
NU00739,kelvin_log,0.01179016512439055,0.009886709045368938,True,"[4.783812834345204, 11.243382708451833, 20.363835896542682, 8.717597779627916, 8.793580421972223]"
NU00741,kelvin_log,0.01716975825894812,0.01615277938216948,True,"[1.8174595159418594, 9.9069551986109, 15.515208683757258, 15.581075084500577, 7.03212518873467]"
NU00743,kelvin_log,0.020156170534452546,0.01891149265502926,True,"[2.636781667529822, 24.849843031762394, 42.32431811026751, 1e-06, 1e-06]"
NU00744,kelvin_log,0.017113774968995278,0.01603077666474533,True,"[2.0076502190949896, 4.4719175644829, 5.0194683006521545, 9.911879460761572, 4.477352483270415]"
NU00745,kelvin_log,0.025113587014549486,0.02476813190007913,True,"[10.358756079259068, 13.068162881430698, 22.99222499124417, 8.37596199691254, 4.419431811468184]"
NU00746,kelvin_log,0.02043623868279665,0.017466952545615547,True,"[6.442917588441744, 6.056637913871849, 24.5167599919906, 1.247092362449809, 18.130327795665462]"
NU00747,kelvin_log,0.009481344263298911,0.008475103034847938,True,"[11.91899967452895, 17.249712237196473, 42.26417529329559, 1e-06, 21.030070668695505]"
NU00748,kelvin_log,0.018158140900741963,0.017696146619110602,True,"[3.7997258439988952, 8.762287773522987, 1.9791953466429608, 24.064207018920147, 14.546929490966425]"
NU00749,kelvin_log,0.01866850616423969,0.018480098313972307,True,"[17.96392549825172, 13.543654870700335, 15.89081727841821, 13.810585152601668, 17.18216283856044]"
NU00760,kelvin_log,0.06360831298508746,0.07485000293914933,True,"[1e-06, 2.8588717525550416, 1.6279924031816928, 1.3087685049968547, 9.379516121550628]"
NU00761,kelvin_log,0.02296144608417089,0.01831003703437015,True,"[0.7313161781126134, 5.308448524777311, 9.950066326702729, 3.0086996951886387, 4.329172840240371]"
NU00763,kelvin_log,0.015280657561471924,0.012264988457222733,True,"[4.97501111238165, 12.336012883614034, 18.200463532902187, 13.312539980039034, 6.973536084656083]"
NU00765,kelvin_log,0.022127466571285014,0.01788540041943436,True,"[4.031511585262485, 6.935664771098455, 9.822429786606255, 7.8508353083095965, 3.6778031478381488]"
NU00766,kelvin_log,0.02212691347521924,0.02152443103472582,True,"[10.229565012071983, 17.799615097643272, 16.466012249721498, 15.08673250839622, 1e-06]"
NU00767,kelvin_log,0.013843157351988033,0.013013672209318507,True,"[4.353467908914337, 32.680149510024584, 44.61338786035979, 1e-06, 1e-06]"
NU00768,kelvin_log,0.017005442834509207,0.015031049151057586,True,"[3.2092770884183213, 8.950062224232726, 9.265075519886498, 22.101023554576805, 6.288772433722334]"
NU00769,kelvin_log,0.017414033584789733,0.014830017450199571,True,"[6.8047790646577, 7.170427271385183, 21.638386866895683, 8.412894598843442, 17.884849580284968]"
NU00770,kelvin_log,0.02259859368486089,0.022486639839406564,True,"[7.8869590927619395, 19.249343057637375, 23.358724786757374, 16.184259710074546, 5.084331627116602]"
NU00771,kelvin_log,0.015824608630625014,0.01439550994079146,True,"[2.9226840086677086, 14.638847146642503, 48.85305935889061, 1e-06, 12.530644407935464]"
NU00778,kelvin_log,0.019715179700534147,0.01939842685959981,True,"[26.793533969922365, 17.665821444101148, 105.70769317353623, 1e-06, 1e-06]"
NU00779,kelvin_log,0.022358340849990777,0.02114777161401642,True,"[9.060178778691439, 0.9847577111673611, 12.495499972979902, 1e-06, 6.723001148193305]"
NU00780,kelvin_log,0.009136450517160213,0.008835191211573354,True,"[15.612742966068428, 19.320653846731275, 14.942482696935409, 1e-06, 5.883182119856656]"
NU00826,kelvin_log,0.01282092064242437,0.012515313221900444,True,"[0.39640573852154354, 1.0365776461887417, 3.4295204202500065, 7.136038770208967, 2.932769443821185]"
NU00827,kelvin_log,0.008513628799490715,0.008261200833564242,True,"[3.252931792372955, 1.0362296996724805, 2.6355497524483744, 9.6852872414147, 5.6197094079089505]"
NU00831,kelvin_log,0.020274352153095875,0.020405495023420338,True,"[0.3784941579341115, 2.307787215433827, 3.239325387549567, 0.45961882884928007, 2.583262530706396]"
NU00834,kelvin_log,0.019162342189932728,0.0177031060745806,True,"[1.7595932751470027, 0.21854089693685363, 4.884997153510436, 0.5464501334555241, 3.4136186477527235]"
NU00835,kelvin_log,0.021132859258691898,0.01815059506548339,True,"[2.1225053585612987, 0.2554364117850211, 4.960624065224896, 4.208562627941646, 2.5254972041585306]"
NU00836,kelvin_log,0.007164173108600177,0.005879746444116667,True,"[2.4455862381425875, 2.070447936638057, 4.830183670880784, 6.957283899845961, 5.561449615644942]"
NU00837,kelvin_log,0.006764235744375233,0.005575327070389382,True,"[3.2481278658109756, 1e-06, 6.888290737219618, 6.290570773533631, 4.4915312428721]"
NU00838,kelvin_log,0.008268334369466905,0.007694849959101382,True,"[5.432370718223979, 3.4016089978381516, 9.622438898722704, 0.4018356185840631, 6.758286537263189]"
NU00839,kelvin_log,0.03388039532056611,0.0348139425839612,True,"[1e-06, 22.470315155766777, 16.709071936628984, 1e-06, 10.622168713767314]"
NU00840,kelvin_log,0.013702921534018735,0.013624048912175533,True,"[1.2033594126811216, 8.63715621531172, 5.386271195426458, 8.808532029737766, 12.080761630679072]"
NU00841,kelvin_log,0.03554019732475483,0.03657567479347861,True,"[0.16962314231762518, 7.140526652582259, 1.179594821157528, 6.893399176547174, 1.6610665125792106]"
NU00843,kelvin_log,0.028262230001851248,0.0282974627822699,True,"[1.045665024662889, 3.515550236231272, 2.602370007945562, 1.4063129041439961, 3.6597558710000806]"
NU00847,kelvin_log,0.016795319020269768,0.016740138219953,True,"[1e-06, 17.81020974760713, 35.362844589044975, 1e-06, 12.951896327887024]"
NU00849,kelvin_log,0.02350622301065129,0.02331483420813548,True,"[2.3726399779900444, 3.4578782519966693, 11.286607940979545, 10.032526620856498, 1e-06]"
NU00853,kelvin_log,0.04507739873812253,0.04375269033263371,True,"[1e-06, 5.866640637609781, 1e-06, 4.256380939174913, 6.4034467312401295]"
NU00924,kelvin_log,0.05843390428679175,0.059051511882016364,True,"[1e-06, 9.216237843889507, 17.61239824277259, 1e-06, 1e-06]"
NU00954,kelvin_log,0.00893083169309435,0.009068191541522611,False,"[16.088724930350736, 2.4685583226697783, 81.78179045382723, 78.28001184480064, 63.38883355531387]"
NU00955,kelvin_log,0.009442978049390632,0.00953996639592806,False,"[6.104287147029051, 1e-06, 50.20639437606122, 55.61103622071162, 44.06178265880343]"
NU00956,kelvin_log,0.008497551877376025,0.008627866300588913,False,"[1e-06, 9.055563371966771, 23.484566690741456, 38.95655713773917, 41.81373689003121]"
NU00957,kelvin_log,0.014342632817410357,0.014227313093602142,False,"[1.7445395041404272, 7.001912391571581, 19.495632817783193, 20.37350403429538, 31.561361637668103]"
NU01124,kelvin_log,0.008795651476517398,0.007882787855216837,True,"[1e-06, 5.917837489213052, 7.661686502302234, 7.346263425947938, 9.306180283244558]"
NU01125,kelvin_log,0.004728567917918536,0.004178651212449867,True,"[0.02755311452396315, 7.1765440785339445, 6.540243636542779, 11.133395576737882, 9.315843038311067]"
NU01171,kelvin_log,0.031048592766673256,0.03074903747717975,True,"[1e-06, 1.676259089131666, 5.741899949412401, 1e-06, 3.1182638685556405]"
NU01185,kelvin_log,0.029159532058458018,0.030076171564412064,True,"[11.954631234223639, 15.565726582235046, 14.361621611845264, 1e-06, 8.559766619493054]"
NU01203,kelvin_log,0.013821412461441068,0.011091984887997116,True,"[10.805523780808613, 19.93002387960565, 12.31502951384299, 0.6408844461314455, 10.050255658121232]"
NU01317,kelvin_log,0.017401820032972016,0.016509206705645117,True,"[5.561735772184037, 1e-06, 13.284951776878046, 4.040045010427118, 3.2139831592074044]"
NU01318,kelvin_log,0.007674502334564582,0.007464325348424129,True,"[5.535599668349111, 6.89265914813641, 23.9121815023454, 1e-06, 4.785859994842801]"
NU01319,kelvin_log,0.034664866212200426,0.03155463897699623,True,"[1.4343455172686603, 11.171906060550413, 1.197832532431225, 14.27648864823006, 1.6330118603972892]"
NU01322,kelvin_log,0.027465866672275716,0.026268446473174074,True,"[8.871262689393806, 5.696349986244752, 6.25985486115058, 6.526075984139997, 12.478187111569476]"
NU01323,kelvin_log,0.02761435535909612,0.027130390531001136,True,"[14.604890821491693, 4.890882651096248, 30.853085588637118, 1e-06, 21.772120852914064]"
NU01324,kelvin_log,0.043695287654196585,0.039943204676473436,True,"[2.818665486749182, 5.902653248758872, 0.16977605347935049, 6.111463177667234, 1e-06]"
NU01325,kelvin_log,0.011220707086357789,0.01061203182981236,True,"[10.294892248239996, 20.44525159213647, 65.86066901788526, 17.07021290284056, 31.37203868936061]"
NU01326,kelvin_log,0.015115395187305335,0.011612184145318057,True,"[2.3725686172482336, 11.266966566252819, 18.71893037339057, 10.031894092186862, 13.67057012780075]"
NU01327,kelvin_log,0.039889131897146574,0.03393449582495839,True,"[1e-06, 7.888424935756334, 17.539482608432838, 1e-06, 8.858328423732614]"
NU01328,kelvin_log,0.013301588247853572,0.011625570666769067,True,"[1.7604403882413358, 11.917966212138895, 20.432191609849223, 1e-06, 7.750676480849838]"
NU01329,kelvin_log,0.0274715399725614,0.01806034177235742,True,"[1e-06, 9.45004683347731, 15.33027706495381, 1e-06, 15.19168155936168]"
NU01330,kelvin_log,0.009210639566025766,0.0069873095274210996,True,"[4.832544336833014, 12.021141438283513, 14.13113955007961, 16.569864907398184, 13.868340009034346]"
NU01333,kelvin_log,0.021270727255801602,0.01860479047680359,True,"[1.5178552110129726, 34.123701884083104, 16.62836902718582, 2.3419163110892636, 23.14477408272037]"
NU01334,kelvin_log,0.018498520360717693,0.015828321771267306,True,"[1e-06, 35.71349311109864, 56.41176060394059, 1e-06, 26.37646525125733]"
NU01335,kelvin_log,0.01012001654032901,0.008373507694262677,True,"[0.7105915853552154, 21.433491367498682, 35.972835067497435, 3.4566733208355362, 23.31760023093484]"
NU01338,kelvin_log,0.012154220067010998,0.01011132034862527,True,"[1e-06, 20.20030015700232, 58.32229015994853, 1e-06, 34.63813395496621]"
NU01345,kelvin_log,0.010921090280741641,0.007499832456133573,True,"[11.952648930460386, 45.06255776546667, 40.2168662414836, 117.69056340608768, 72.3026298360746]"
NU01350,kelvin_log,0.020270298991723557,0.017450244936322006,True,"[1.810193848040089, 12.163810571799736, 12.23664914090937, 0.6414784286857407, 8.840866044761471]"
NU01353,kelvin_log,0.005799501496270182,0.005550641165583743,True,"[5.383674149853675, 1.1858795564598874, 5.156631478485491, 7.147521552732505, 6.079640400470736]"
NU01354,kelvin_log,0.0033301131338624975,0.003251348979300489,True,"[0.42581293370863826, 3.57856445300176, 3.0352657423700102, 8.380926373422122, 5.793251829995191]"
NU01355,kelvin_log,0.012442463118380875,0.011821773555241999,True,"[1e-06, 2.6275830620265848, 7.9368288915378695, 7.216558757171138, 8.809371784081645]"
NU01356,kelvin_log,0.0036844146514479325,0.003514430859323601,True,"[1.7430756654146677, 6.654803909888371, 8.893067724303139, 7.289496947161817, 8.702895650464304]"
NU01357,kelvin_log,0.0045038704069769,0.004494639154547467,True,"[1.3558460815912647, 6.497115576407752, 12.73810694944105, 1.7195961793067154, 7.773055605730154]"
NU01358,kelvin_log,0.008086685359274428,0.008040983461304352,True,"[0.7745823707433008, 10.3727858294177, 14.843733527808878, 3.5314496253973546, 7.8285483666646325]"
NU01359,kelvin_log,0.012338662258771628,0.01226936394508512,True,"[1.1691316511144085, 5.922189123817465, 7.167796456840476, 3.9892071010133177, 10.756486998973974]"
NU01360,kelvin_log,0.018848396424594342,0.018363821618640124,True,"[0.7070417768259376, 9.919941780730914, 6.5085317683191874, 8.915603919786433, 4.0477374689567265]"
NU01361,kelvin_log,0.008914373960052152,0.00882426114149871,True,"[0.3845600371468555, 0.7261531358877344, 7.624477774802976, 3.789009688301353, 5.596678066241544]"
NU01372,kelvin_log,0.013157395281443102,0.01197653068683297,True,"[3.1657219090523068, 8.171832579097666, 4.025895060292553, 3.5265610547510895, 4.347868502952095]"
NU01373,kelvin_log,0.011076830919903313,0.010806973885540883,True,"[2.610687591205979, 8.507642308277726, 8.64848583748548, 1e-06, 2.3640096066363716]"
NU01374,kelvin_log,0.010979780808749076,0.01024931801275905,True,"[2.959481804725509, 1e-06, 30.40236662091204, 27.38290587644093, 26.38265667252392]"
NU01375,kelvin_log,0.007749276038763584,0.0075419252045943064,True,"[24.188500191109107, 30.69878322279134, 60.56875444896653, 36.012913329044856, 49.78501080308104]"
NU01376,kelvin_log,0.027144765779017668,0.025559394590659822,True,"[1e-06, 11.80230072827098, 5.132984209566913, 2.69556982843197, 13.733251756149944]"
NU01377,kelvin_log,0.026561954787518816,0.0257523553753,True,"[1e-06, 11.962845000728509, 1.934902104272079, 2.6293272794287676, 9.358240296309003]"
NU01378,kelvin_log,0.031060661420787308,0.024392949859322152,True,"[1e-06, 1.5951669936900605, 1.2913124959820157, 7.732809950357061, 6.7569143346558755]"
NU01379,kelvin_log,0.017690936909664157,0.014538132657292768,True,"[1e-06, 4.658520538154311, 2.244443545238329, 7.807500652535982, 6.982017190990215]"
NU01434,kelvin_log,0.014364615859998967,0.014537496821237039,True,"[3.289859059914309, 25.51912973917097, 19.591200589682654, 1e-06, 9.967344908683366]"
NU01435,kelvin_log,0.005586869104261732,0.005511095070979708,True,"[5.786941397671473, 12.429314615029439, 20.136070229667325, 2.8295434820682397, 14.155666621152374]"
NU01436,kelvin_log,0.003756531649037456,0.003530570121992272,True,"[2.8341027660109024, 8.383448344272983, 16.669005308112606, 9.767551779002002, 11.029277109425067]"
NU01437,kelvin_log,0.006964981640754415,0.006971075441753523,True,"[4.891724975416085, 21.32642982784635, 18.394924261857952, 1e-06, 13.257287998585351]"
NU01438,kelvin_log,0.005607204451992728,0.005515807703624846,True,"[4.404590192791758, 10.607060246823607, 16.563331491429448, 3.135244158984891, 11.046604668008362]"
NU01439,kelvin_log,0.011526699818000682,0.011131330073935367,True,"[2.9398799234978843, 11.969087028357771, 12.787807566217243, 3.1819061945995073, 5.774537191026715]"
