curve_id,family,normalized_rmse,noise_fraction,extrapolated_to_160,params
NU00029,weibull,0.0402023520744326,0.0393210273416661,True,"[75.04515628808382, 2.318637025170152, 0.5657978528825812]"
NU00030,weibull,0.0305250509767362,0.0293975790267018,True,"[66.35072757664024, 0.8355110982053814, 0.48402596434091]"
NU00031,weibull,0.012853727026648,0.0127464639477709,True,"[63.832677370033245, 0.9622011069239033, 0.40513809206141416]"
NU00032,weibull,0.0164643657885029,0.0166398505285677,True,"[57.19043815577959, 2.673959560435747, 0.5183225203391251]"
NU00033,weibull,0.0309439403742311,0.0304274122491231,True,"[46.88258204715282, 0.8794841008096441, 0.45023674332184405]"
NU00034,weibull,0.0086118226609669,0.0084016581817245,True,"[43.9731281807095, 0.010000000000000002, 0.36277667242697986]"
NU00035,weibull,0.0225764846245301,0.0226145102866338,True,"[29.650060286507784, 0.010000000000496296, 0.23237215235529662]"
NU00036,weibull,0.0259934132716694,0.0253287217999452,True,"[36.842109279077455, 0.7539075308915593, 0.2842847818843834]"
NU00037,weibull,0.0151082988070228,0.0151069958773004,True,"[72.60626151609587, 0.010000000000013639, 0.3504575791508426]"
NU00056,weibull,0.0094441361641109,0.008595299547032,True,"[53.179785979745766, 0.010000000000000002, 0.11652481074247989]"
NU00057,weibull,0.0035594103379845,0.0032290459678479,True,"[66.57953666653732, 0.8704194799667434, 0.16683491801998798]"
NU00058,weibull,0.0058892762314087,0.0052550676160791,True,"[81.13760474734306, 0.010000000034631713, 0.10538923054206734]"
NU00059,weibull,0.0161113761758743,0.0143999203209456,True,"[94.43108843219625, 0.010000000001605659, 0.13376728972445182]"
NU00060,weibull,0.0144846595863507,0.0129467457736343,True,"[64.21841247162595, 0.010000000000002486, 0.1449165610919353]"
NU00061,weibull,0.0034474865154262,0.0031173086204997,True,"[63.47967111249424, 0.9965095046537312, 0.18714493165255178]"
NU00062,weibull,0.0116748522952715,0.0102897582815721,True,"[79.87647319753542, 0.010000000020801942, 0.13026286022889366]"
NU00063,weibull,0.0036326490732298,0.0032092407018093,True,"[86.4797673288527, 0.010000000000792354, 0.11225953851626884]"
NU00109,weibull,0.0074304971992652,0.0068459015514306,True,"[86.28878503491454, 1.9826150155143787, 0.19863969247982624]"
NU00110,weibull,0.0255344911776792,0.0242358320886668,True,"[77.43844299189735, 1.993200967160754, 0.10001000000000036]"
NU00111,weibull,0.0324826768252909,0.0311036277468094,True,"[66.7331497802215, 1.6981991248161517, 0.10001000000006854]"
NU00113,weibull,0.0154341139905974,0.0149824935716983,True,"[76.33361170690807, 2.9209854858376474, 0.10001000000000002]"
NU00114,weibull,0.0421390681417877,0.0437660078572343,True,"[48.719016249548304, 7.058181284602927, 0.10001000000000734]"
NU00115,weibull,0.0359111612794278,0.0363966708715299,True,"[52.09567991112497, 4.5452223914349466, 0.10001000000000024]"
NU00116,weibull,0.0335281556025777,0.033001328693306,True,"[52.728521689090336, 2.914448151557249, 0.10001000000001475]"
NU00117,weibull,0.0370647169256744,0.0381212331359255,True,"[68.25443235020298, 6.495688583865723, 0.10001000000000311]"
NU00118,weibull,0.0274133847899062,0.0279905290356744,True,"[74.49169840494332, 5.984999891155891, 0.10001000000000002]"
NU00119,weibull,0.0295716435161518,0.0292821578113797,True,"[36.35589881862284, 5.343893112671321, 0.10001000000000002]"
NU00120,weibull,0.030115223210687,0.0294144017633219,True,"[41.362562036833815, 4.132539320194571, 0.10001000000000348]"
NU00121,weibull,0.0257953550957346,0.0252795142018682,True,"[38.26520590409752, 4.167660768402378, 0.10001000000000031]"
NU00122,weibull,0.0336929027340434,0.0338704408067837,True,"[47.05206845141107, 4.892262709754772, 0.10001000000000465]"
NU00123,weibull,0.0425470414997752,0.0432701975414846,True,"[22.713939720347454, 4.21559716614827, 0.10001000000000346]"
NU00124,weibull,0.027157986828406,0.026434893001802,True,"[27.01940399525688, 2.7637785574328184, 0.10001000000000002]"
NU00125,weibull,0.0377529661209017,0.0366476603927948,True,"[27.71131302155161, 0.9219368646919681, 0.10001000000000074]"
NU00126,weibull,0.0403282508066555,0.0424799889740866,True,"[17.847723916021252, 8.94419010891753, 0.10001000000000021]"
NU00183,weibull,0.0092191785889907,0.008846235669189,True,"[24.07385846020638, 0.355099111960312, 0.30412780059432054]"
NU00184,weibull,0.0117031599042733,0.010656696349158,True,"[18.889001221227957, 0.010000000000000016, 0.3208190170802928]"
NU00185,weibull,0.0121620869859694,0.0120574837534644,True,"[20.879580330119236, 0.010000000000000002, 0.2696172961689803]"
NU00186,weibull,0.0155450304408511,0.0157638080458334,True,"[25.737771820524813, 0.010000000000000136, 0.206132377481668]"
NU00187,weibull,0.0118521317067218,0.0115093125172784,True,"[13.490199794728543, 0.010000000000000411, 0.3086354302248198]"
NU00188,weibull,0.0139390465667061,0.0139542791892584,True,"[29.967251717529003, 0.010000000000000049, 0.1659076396998729]"
NU00189,weibull,0.005565790610111,0.0055392098267047,True,"[29.84252019545512, 0.06790592916013849, 0.2530878488400216]"
NU00190,weibull,0.0312373157775327,0.031861685987123,True,"[25.68657771914906, 0.01000000000054818, 0.2114006334287005]"
NU00191,weibull,0.0321150217102323,0.0341335414839458,True,"[40.45715368238292, 0.010000000000061238, 0.2510998993271033]"
NU00192,weibull,0.0096572603763618,0.0095264778677054,True,"[60.92507185545419, 0.010000000000000064, 0.3711175753440105]"
NU00193,weibull,0.0235626704088661,0.0217124551182123,True,"[64.24469644774673, 0.010000000000000028, 0.3518362898909806]"
NU00194,weibull,0.0310712565755038,0.0315940918508021,True,"[83.29834085350872, 0.010000000000000021, 0.27151035506114995]"
NU00195,weibull,0.0129335019807827,0.0121076212589112,True,"[53.0901185872333, 0.010000000000000033, 0.3617261699605635]"
NU00196,weibull,0.0085186036981429,0.0083717525358952,True,"[23.403449184291595, 0.31127798375924043, 0.29018103513580185]"
NU00197,weibull,0.0127664220076746,0.0124916165316061,True,"[17.37398627162019, 0.010000000000000094, 0.29658104658769646]"
NU00198,weibull,0.0132348079364629,0.0128315575204367,True,"[18.978246845175608, 0.010000000000000004, 0.2662597648052689]"
NU00199,weibull,0.0115373805495674,0.0113723427133959,True,"[24.449744283299587, 0.010000000000000005, 0.18640308870724376]"
NU00200,weibull,0.0151716798944846,0.0150506227694921,True,"[13.406976288427376, 0.010000000000000406, 0.3102675733407251]"
NU00201,weibull,0.0187316415724384,0.0181805690384889,True,"[30.291145511662332, 0.9288277120272359, 0.2482612298625494]"
NU00202,weibull,0.0051751671931778,0.0050007709333608,True,"[29.07995588403496, 0.19521920896938935, 0.23995623403010113]"
NU00203,weibull,0.0067823705286237,0.006372037355974,True,"[28.525810508110332, 0.5361917247085991, 0.2663427503206721]"
NU00204,weibull,0.0187231551858948,0.0179976293961568,True,"[43.589085263446506, 0.010000000000000385, 0.3051630111575165]"
NU00205,weibull,0.0160978124243724,0.0159374034207303,True,"[48.88714307916574, 0.010000000000000047, 0.3362442800216572]"
NU00206,weibull,0.0201272103917518,0.0197663497373225,True,"[61.095378739802314, 0.01000000000000061, 0.291899559955493]"
NU00207,weibull,0.0204667590601841,0.0202606863909227,True,"[74.65164137900301, 0.010000000000005707, 0.2053635392516718]"
NU00208,weibull,0.0291117695487846,0.0289351559713222,True,"[43.46368292446525, 0.010000000000029655, 0.29261908568068645]"
NU00209,weibull,0.010821239700168,0.0084861115081987,True,"[58.65784649739844, 0.010000000000002358, 0.3357094260773266]"
NU00210,weibull,0.0176857656234517,0.0137294637479013,True,"[52.81461853689365, 0.010000000000010676, 0.36985424418123025]"
NU00211,weibull,0.0100237484276872,0.0084702027134846,True,"[53.253587252147184, 1.4191991155296066, 0.481527119214775]"
NU00212,weibull,0.0127596911383453,0.010316073221769,True,"[66.79123990867639, 0.010000000000001447, 0.2753336134808423]"
NU00214,weibull,0.0123894666311251,0.0097400031740172,True,"[52.1527686183105, 0.38480485915645446, 0.40557420812865824]"
NU00215,weibull,0.016377736325587,0.0120285298423702,True,"[57.730747589686985, 0.010000000000000002, 0.4780429248969188]"
NU00216,weibull,0.0087164055700634,0.0066412738652917,True,"[30.055331492595037, 0.35041069843599976, 0.49172629782247534]"
NU00217,weibull,0.0067746057657711,0.0055306830773237,True,"[73.49478179519093, 0.010000000000000002, 0.2627862189190827]"
NU00218,weibull,0.0037041615267178,0.0029315846249417,True,"[38.03242144388776, 0.22331074238573878, 0.36622027932053997]"
NU00219,weibull,0.006356318362927,0.0056884176407468,True,"[55.870707500412955, 2.808944432910377, 0.6786402334990194]"
NU00220,weibull,0.006870009589178,0.0054600510197427,True,"[49.825977586609916, 0.010000000000000049, 0.30050517284844785]"
NU00221,weibull,0.0075074014081778,0.006114877448129,True,"[29.2199075174108, 0.010007926837254613, 0.24130392874437967]"
NU00224,weibull,0.0148334096489837,0.0135105151341035,True,"[48.08871728254759, 3.481491028204932, 0.8495121528672847]"
NU00226,weibull,0.0069036849660684,0.0059054727702615,True,"[27.12153580985747, 1.4720147509427361, 0.4595679033872121]"
NU00242,weibull,0.0158495928242914,0.0156643948556954,True,"[83.27302148955386, 0.01000000000000274, 0.16858040135207208]"
NU00243,weibull,0.0196203935531702,0.018807042453769,True,"[72.81865149067193, 0.685976615658821, 0.10001000000000008]"
NU00244,weibull,0.0108640333118222,0.010446769551527,True,"[70.92403715921697, 0.2519352230146807, 0.22100138527919042]"
NU00245,weibull,0.0661531806082129,0.0690111076891679,True,"[14.858105220476617, 2.8178161993501134, 0.10001000000000405]"
NU00246,weibull,0.0486411298145188,0.0518959422392764,True,"[8.248081138871994, 0.01000000000031194, 0.21158654438062577]"
NU00247,weibull,0.0098229713691435,0.0094042474530919,True,"[55.046466369157955, 0.01000000000000004, 0.2145438498848928]"
NU00248,weibull,0.0585030493440098,0.0601233438421093,True,"[8.660149384389612, 0.010000000000000986, 0.19870300031944194]"
NU00250,weibull,0.0081082481175206,0.0077293238996154,True,"[52.031602227076334, 0.010000000000000007, 0.2587051943386057]"
NU00251,weibull,0.0080557008059965,0.0076640190931912,True,"[69.89858677083596, 0.46688301798483467, 0.24940981693263395]"
NU00252,weibull,0.0112616581492504,0.0111050386308925,True,"[57.49966643845701, 0.38405755454793783, 0.28077399829360233]"
NU00253,weibull,0.0162143321782916,0.0165658567358432,True,"[54.02866573783268, 0.010000000000000056, 0.2166130391054554]"
NU00254,weibull,0.0240211700929241,0.0244369427143043,True,"[10.616247704821237, 0.010000000000001147, 0.21849602922127753]"
NU00255,weibull,0.0280479102794474,0.0291604567399918,True,"[6.2520082741495395, 0.010000000000035644, 0.18947527547656434]"
NU00256,weibull,0.0360524154150056,0.0363088816106773,True,"[54.90939087100738, 0.010000000000000292, 0.23523649320822082]"
NU00257,weibull,0.011928109910627,0.0117156211322644,True,"[74.83308554735035, 0.010000000000000002, 0.39188601162199677]"
NU00258,weibull,0.0055106865660344,0.0051612847957149,True,"[60.00455260059644, 1.6079756869441864, 0.5765257769504433]"
NU00259,weibull,0.0433015924396469,0.0452300865255932,True,"[9.765098340779822, 0.010000000000046999, 0.23762424466006968]"
NU00260,weibull,0.016546882663823,0.0163008837501372,True,"[44.35948280429745, 3.043911788158094, 0.521986548473225]"
NU00261,weibull,0.0109986379463846,0.0102406958952761,True,"[39.20146532504901, 0.010000000000005576, 0.18856019693704132]"
NU00262,weibull,0.0486300361374087,0.0507675200680058,True,"[6.801066038149783, 0.010000000003847164, 0.2705891103617796]"
NU00264,weibull,0.0190197675999563,0.0169659689228823,True,"[56.27691161393439, 0.010000000000000748, 0.4357326798116051]"
NU00265,weibull,0.0390684102162049,0.0395915241093528,True,"[12.630876482203636, 0.01000000000001644, 0.2155817206863846]"
NU00266,weibull,0.0111667086004994,0.0106707794249775,True,"[60.2769853796434, 0.6438630170258118, 0.2806217539484328]"
NU00267,weibull,0.008243756231211,0.0080752318329791,False,"[59.1083322014086, 0.31609783789979123, 0.17366576007326212]"
NU00268,weibull,0.0112068656012838,0.0110651957765557,False,"[49.120954806228376, 1.1989795164262482, 0.33337948246438776]"
NU00269,weibull,0.0077739763934002,0.0076950399016822,False,"[53.13957607984051, 0.3740294045042823, 0.250356531206733]"
NU00270,weibull,0.0588846569913217,0.0654030196146022,True,"[5.5820797800700275, 0.010000000000091167, 0.3542963135092542]"
NU00271,weibull,0.049812415045136,0.0540944876147028,True,"[8.655904179356954, 0.010000000000020047, 0.24156304923453786]"
NU00272,weibull,0.0306957570271918,0.03008761816299,True,"[8.263719333758848, 0.010000000000016896, 0.2687534782568467]"
NU00274,weibull,0.0307333905296428,0.0290610224590407,True,"[9.729430314133774, 2.179283116560029, 0.7704869804956259]"
NU00275,weibull,0.0189006547376259,0.0180787679353742,True,"[9.827337524812725, 0.010000000000000158, 0.23397341691092907]"
NU00287,weibull,0.0205091125290776,0.0203971966593489,True,"[98.63825763430839, 1.6906937478469082, 0.5051192447112601]"
NU00288,weibull,0.0169445691878103,0.0165888230786066,True,"[126.76131551002587, 1.2526351872872317, 0.44403273796888526]"
NU00335,weibull,0.0191218583419506,0.0182552433268905,True,"[45.98402585930481, 1.5705499825660716, 0.41074282776336485]"
NU00339,weibull,0.0254389049589085,0.0246745208730507,True,"[318.778607850715, 0.010000000000000042, 0.18390961348174673]"
NU00341,weibull,0.0316063952556457,0.0305793599330254,True,"[235.65758518393713, 4.135224489561568, 0.41484651735398564]"
NU00342,weibull,0.0267935542536969,0.0273957298936089,True,"[341.52436097618477, 47.6260711990741, 0.7849370931250267]"
NU00343,weibull,0.0175426591712714,0.0172002259838984,True,"[214.69076970322956, 4.374731356643525, 0.3928742833534729]"
NU00344,weibull,0.0355502387311689,0.0351526663216483,True,"[298.2352833749464, 0.6388182790465737, 0.24285375919457414]"
NU00345,weibull,0.0370868114230231,0.0386937369641715,True,"[373.61186142554135, 1.6171624775234938, 0.10001000000000096]"
NU00346,weibull,0.0302235928330091,0.0290427715583537,True,"[167.54593948919594, 3.13528228819144, 0.3568848729614597]"
NU00350,weibull,0.0263534276421736,0.0259694344360992,True,"[26.90198619893242, 3.26615750885822, 0.4235016888357051]"
NU00351,weibull,0.0190807725451153,0.0182027489118607,True,"[55.3468487238012, 0.0100000000000012, 0.24637125469673732]"
NU00352,weibull,0.0111452670245175,0.0100821357891051,True,"[30.731427324793977, 1.743727624873866, 0.5921340272423975]"
NU00353,weibull,0.0108296366855673,0.0104470655437791,True,"[26.64113301986635, 0.010000000000031808, 0.15031641998382028]"
NU00354,weibull,0.0064888783788656,0.0062521573920065,True,"[30.93867481987789, 0.4805903037266472, 0.3034065038795906]"
NU00355,weibull,0.0152981865112961,0.0150404943781822,True,"[46.18801962292402, 0.010000000000000142, 0.20432713439695652]"
NU00356,weibull,0.0116719468118032,0.0116713451912318,True,"[32.10165465248653, 1.269860491070758, 0.5675914612555659]"
NU00357,weibull,0.0243546576742461,0.0222687456353369,True,"[17.279985031687968, 0.010000000000000005, 0.3687307660305426]"
NU00358,weibull,0.0120225855660162,0.0111890488025215,True,"[95.09287530792236, 0.6102388191920445, 0.4668803753524344]"
NU00359,weibull,0.005565493162612,0.0050691237874394,True,"[86.62590004571479, 1.1417596165522677, 0.655031042947429]"
NU00360,weibull,0.0262810281057687,0.0234925173252689,True,"[94.5299664650576, 0.010000000000000009, 0.3478410797226316]"
NU00361,weibull,0.0225214080549751,0.0219329529581591,True,"[85.84296501194636, 0.010000000000002287, 0.4040481224857181]"
NU00362,weibull,0.01430562323688,0.0132988046559304,True,"[68.19985229377298, 0.010000000000000042, 0.292414127594218]"
NU00363,weibull,0.0263804051227929,0.0248116967485733,True,"[44.12381884599882, 0.01000000000000004, 0.2660338904751033]"
NU00364,weibull,0.0172312818695932,0.0171623252656118,True,"[31.325358656879125, 3.3124267883001193, 0.6125843871596989]"
NU00365,weibull,0.0187194640493489,0.0179245006652394,True,"[28.09303267811605, 2.6185315273576104, 0.6609948551450965]"
NU00366,weibull,0.0370908863541442,0.0332406438669322,True,"[27.78415105060441, 1.562074254579854, 0.47914217889808963]"
NU00367,weibull,0.0316904196625513,0.0317318270768248,True,"[24.10849929321299, 0.892897911315944, 0.535985393575003]"
NU00368,weibull,0.0399397147153734,0.0386875817181762,True,"[17.8599187100737, 0.010000000004946445, 0.3203494753891852]"
NU00369,weibull,0.0799553199057748,0.0766696871652903,True,"[12.8271090075121, 0.0100000000000002, 0.21116680470893512]"
NU00370,weibull,0.0059985926070507,0.0056489893025284,True,"[99.81744961180831, 2.1593879719258826, 0.8097788119732457]"
NU00371,weibull,0.0044634152193207,0.0040985099788122,True,"[67.41118199156324, 1.0890742779674434, 0.5815918635730811]"
NU00372,weibull,0.0128603637546483,0.0115597907919689,True,"[55.95916989330128, 0.5122396866730592, 0.4712443988131173]"
NU00373,weibull,0.0163538929300627,0.015235870784238,True,"[47.336098371343326, 1.589953523474727, 0.6382259435900092]"
NU00389,weibull,0.0114631276716653,0.0110705162169364,True,"[53.533519938160616, 1.3018644243227246, 0.4136936018581939]"
NU00390,weibull,0.0174220419754788,0.0171334221277428,True,"[28.06493384322885, 1.9012948382511912, 0.5204646994214406]"
NU00391,weibull,0.0158427255380896,0.015585957925839,True,"[19.10971667787636, 2.0046308720126103, 0.5196839909975206]"
NU00392,weibull,0.018403962281429,0.0185032853517202,True,"[19.594253131401086, 2.0460898357624475, 0.4966551239774073]"
NU00414,weibull,0.0490676259507253,0.0496976251603335,True,"[13.032668270566267, 3.1733824692406247, 0.5392098170487828]"
NU00415,weibull,0.0255978610922211,0.0248297252792005,True,"[29.381679939061826, 0.010000000000009246, 0.13095529228797165]"
NU00416,weibull,0.0550730144569232,0.0585544116574869,True,"[5.737319847944828, 4.600741584613823, 0.7643652643959468]"
NU00417,weibull,0.0564623436564196,0.0586133891289892,True,"[8.188059557917667, 3.6508471351851384, 0.8199113706878438]"
NU00418,weibull,0.0495935173881152,0.0502537066865329,True,"[7.1054126896895875, 0.9787480952605233, 0.45717106340380587]"
NU00419,weibull,0.0320703526932475,0.0322924889052742,True,"[8.938090064407733, 3.6275722475554177, 0.7734086278944322]"
NU00420,weibull,0.019111470342693,0.0190990931888001,True,"[7.004536345071112, 4.216588307254749, 0.7879441549910761]"
NU00421,weibull,0.0514940507278115,0.054011792826661,True,"[9.34317619768872, 0.010000000000004419, 0.3778460559190316]"
NU00422,weibull,0.0310891467588882,0.0274792255290823,True,"[21.609149881837887, 2.5153808767095804, 0.6310815983301831]"
NU00423,weibull,0.0116032663815896,0.0100638214690358,True,"[41.62215294301253, 1.3628560873946005, 0.4422618498007386]"
NU00424,weibull,0.0208604273760232,0.0193427957623813,True,"[11.000289815873098, 3.1777458683322597, 0.64218384276251]"
NU00426,weibull,0.0243722474160431,0.0240581572564042,True,"[11.244915536748504, 2.417498675728322, 0.5902487043863361]"
NU00427,weibull,0.0344717010594086,0.033416468010708,True,"[13.926306159971576, 0.010000000000000026, 0.2502476278047451]"
NU00428,weibull,0.0349965584427584,0.0342571111546178,True,"[7.457572107556366, 0.010000000000000783, 0.25088754529989105]"
NU00429,weibull,0.0679243666864479,0.0649795923750546,True,"[8.258015743246458, 0.010000000000000562, 0.24387521987880836]"
NU00430,weibull,0.0124535280359222,0.0119290805094647,True,"[16.077042283438217, 1.1286605406728014, 0.3675632019531637]"
NU00431,weibull,0.015614084184319,0.0149435553429071,True,"[10.344220627397661, 1.7886501885205577, 0.5370726701468997]"
NU00432,weibull,0.0179264611673255,0.0176557878246334,True,"[16.04222305212387, 3.323736502890417, 0.5917028627756574]"
NU00435,weibull,0.0240361003832771,0.0241477740752185,True,"[9.057916179209665, 4.252533528065455, 0.9378771261045152]"
NU00439,weibull,0.0272815854170115,0.0264884943168388,True,"[11.535338816003915, 2.15384733852978, 0.6188280905321314]"
NU00445,weibull,0.0351113156384396,0.0338632510231079,True,"[24.26243083922546, 0.36540405240498414, 0.23221864482951698]"
NU00446,weibull,0.0320757954619856,0.0311463899811871,True,"[8.856623227914865, 0.26936493070212436, 0.3902542347522689]"
NU00448,weibull,0.0209664376162573,0.0202254353370909,True,"[25.397610139757223, 1.7331565471802863, 0.8013979656424931]"
NU00449,weibull,0.0079519531210593,0.0077203265322379,True,"[48.410102231965034, 1.0399519717710166, 0.4774424779260175]"
NU00457,weibull,0.0295813873635226,0.0294554831504731,True,"[29.726521934378987, 4.566642392422868, 0.4500812902637657]"
NU00458,weibull,0.0111284927923158,0.0108689393413542,True,"[24.982679137730262, 4.54497401801909, 0.405311481481974]"
NU00459,weibull,0.0152298700034347,0.0151471922602125,True,"[24.935365551363326, 5.4821488310907664, 0.5038656882542307]"
NU00462,weibull,0.0223962789139367,0.0225947471549269,True,"[25.969863859139913, 6.255733898731875, 0.5649278526510483]"
NU00464,weibull,0.0142261275809148,0.0139465863804274,True,"[26.113118732948237, 4.559580355673741, 0.4553340122055827]"
NU00496,weibull,0.0110177925125971,0.0103565143313785,True,"[23.235578937841744, 0.010000000000000002, 0.23645347364174882]"
NU00497,weibull,0.0114525193908088,0.0112796342896191,True,"[16.659996201918702, 0.010000000000000002, 0.27905822409610054]"
NU00498,weibull,0.0126288899926193,0.0123511125075296,True,"[12.933374749056702, 0.08717542915537202, 0.3428421261136538]"
NU00522,weibull,0.0289957287017643,0.0275134838951791,True,"[71.41140978266475, 3.46411642250806, 0.49397602164996357]"
NU00523,weibull,0.0249996693395387,0.0250276395802985,True,"[39.86999247845369, 0.9102973486701035, 0.26530699575855665]"
NU00524,weibull,0.0830555152279009,0.0900843879031402,True,"[20.824731917157504, 0.01000000000000155, 0.5005071167321101]"
NU00526,weibull,0.0175451207960016,0.015529405602859,True,"[110.37693039394942, 1.587105467123221, 0.3263134000216645]"
NU00527,weibull,0.0176803866280898,0.01666975204573,True,"[82.82604783913388, 2.6429465749148413, 0.4205977071694628]"
NU00528,weibull,0.0241689408925149,0.0239567869939239,True,"[45.22064482848164, 1.8883126053410673, 0.33998714919527984]"
NU00529,weibull,0.056785100384665,0.0545949002220187,True,"[24.85651528721614, 0.010000000000076784, 0.2129429278204136]"
NU00543,weibull,0.013209542358496,0.0131013110278212,True,"[80.09333837337256, 2.6826105196617456, 0.7132768810778122]"
NU00544,weibull,0.0246152957809705,0.0238952074893315,True,"[74.8465375894506, 2.2251716914032476, 0.6174489209290449]"
NU00545,weibull,0.0246695362067392,0.0239719645117991,True,"[65.23039671100344, 1.8613289970920315, 0.588029078119119]"
NU00546,weibull,0.028744966260819,0.0290157592208536,True,"[62.68061507340432, 2.856750088833636, 0.681529055778148]"
NU00547,weibull,0.0435012805950329,0.0435334182949135,True,"[36.60455743332237, 2.8964013906084554, 0.515535273108108]"
NU00548,weibull,0.0257278877737751,0.0251159069085966,True,"[24.66397389311432, 1.9247994986394361, 0.5704339831274062]"
NU00549,weibull,0.0348265960960165,0.0360402932055202,True,"[19.511625327859974, 5.1840386004063745, 0.6318513775112583]"
NU00550,weibull,0.03355934019008,0.033847975536704,True,"[18.387355037533602, 2.4250185607246686, 0.4836720017343449]"
NU00551,weibull,0.0337971385346143,0.0346922326095505,True,"[82.51465583376068, 2.468662388747317, 0.26156614806074735]"
NU00552,weibull,0.0129098941196706,0.0120767491775057,True,"[43.65745020434732, 2.0806496796783303, 0.12885115832397884]"
NU00553,weibull,0.0182236591181511,0.0187542297746358,True,"[45.79665838370259, 4.04274753932708, 0.48826498308670446]"
NU00554,weibull,0.0252587467033665,0.0249341011152046,True,"[40.58158697045771, 2.607459131362998, 0.40707514569643677]"
NU00555,weibull,0.0201069688452673,0.0168520705895401,True,"[20.37892175044222, 0.01000000000000838, 0.1548281770769689]"
NU00556,weibull,0.007928275485631,0.0078679387217853,True,"[36.98144083367169, 4.036079953964609, 0.31843826832273964]"
NU00557,weibull,0.0065585203807249,0.0065556158055288,True,"[30.953708484333614, 5.820053466830151, 0.3760000292057395]"
NU00558,weibull,0.0062548865757269,0.0062460266120556,True,"[28.85086686932735, 4.474189441752208, 0.3640537233660473]"
NU00559,weibull,0.0142907811268848,0.0142773490870748,True,"[26.524931032560488, 3.3113143060340007, 0.38492625589891766]"
NU00560,weibull,0.0227514678882734,0.0195996455701089,True,"[13.035898198841274, 0.010000000000000705, 0.1593679411167553]"
NU00573,weibull,0.0155530231497493,0.015833016925885,True,"[34.2711328795247, 0.010000000000000002, 0.26072198875478786]"
NU00574,weibull,0.0218382510895851,0.0220262061665001,True,"[28.586861717409803, 0.010000000000000033, 0.2902732072267935]"
NU00575,weibull,0.0211916340059383,0.0212258980443109,True,"[22.47895453647426, 1.5347912318682422, 0.5295718005184856]"
NU00576,weibull,0.0475947316147189,0.043980947710727,True,"[15.672051162949504, 0.01000000000000273, 0.26601057347090284]"
NU00577,weibull,0.0202471639525174,0.0204902865662592,True,"[32.94292997065843, 0.010000000000000002, 0.2467349592214252]"
NU00578,weibull,0.0187909537480665,0.0195908818240772,True,"[20.59468725957873, 0.5076046776328299, 0.27944864894263216]"
NU00580,weibull,0.035355804879796,0.0361113192744782,True,"[22.575095216530965, 0.4348025905018228, 0.30133038478154794]"
NU00581,weibull,0.0341903353297953,0.0353122075963607,True,"[23.07543598222556, 1.9618136598717069, 0.44986859126948664]"
NU00582,weibull,0.0421300699343698,0.0433623629101107,True,"[26.355605769080654, 1.3698660163623522, 0.42198376823926503]"
NU00583,weibull,0.0192640144579502,0.0191362476329784,True,"[19.895555463288506, 0.3664840098174981, 0.34785249211990216]"
NU00584,weibull,0.0217333112756407,0.0216346629506188,True,"[17.518014934890367, 0.407682994732028, 0.3894613019660709]"
NU00585,weibull,0.0281075741671313,0.0259824298718602,True,"[19.13732597368573, 0.010000000000001254, 0.34104930035823616]"
NU00586,weibull,0.0283028101970162,0.0283824659347236,True,"[20.094545691441784, 0.5646767206858818, 0.38214356805915495]"
NU00587,weibull,0.0176043230700405,0.0176747562482683,True,"[24.401272889003476, 2.75335940507573, 0.5811613467912613]"
NU00588,weibull,0.014379481629217,0.0142310349956938,True,"[26.104691886399028, 2.0300643635603635, 0.5187662997508277]"
NU00589,weibull,0.0121297452049755,0.0119862756265783,True,"[24.341306874873474, 2.5688259721505524, 0.5473746793599386]"
NU00590,weibull,0.0135456268458027,0.0135070696851457,True,"[25.68551292860916, 2.187037284349367, 0.47008662298278653]"
NU00591,weibull,0.013484992574532,0.013008598836427,True,"[21.35585311824926, 2.658092593280959, 0.5875755839937999]"
NU00592,weibull,0.0134546855411023,0.0125955503303704,True,"[23.695662329609352, 2.2487448371309307, 0.592784574834997]"
NU00593,weibull,0.0151974544475611,0.0143543213920212,True,"[22.943259236447545, 2.243467278529799, 0.5736811127064514]"
NU00594,weibull,0.0160095677882051,0.0150937345873893,True,"[21.11902136801179, 2.4276887144112016, 0.5826534058506767]"
NU00595,weibull,0.008399438780784,0.0083125319077884,True,"[13.492099346450171, 1.833450129358059, 0.5276030078641956]"
NU00596,weibull,0.0120474814884493,0.0118504201368666,True,"[10.149922875589462, 1.026056417104434, 0.4163805203121062]"
NU00597,weibull,0.0108423844128571,0.0103913468319938,True,"[50.05318666371299, 0.5600897416214881, 0.49802820154719424]"
NU00598,weibull,0.0109382200983335,0.0109315713037667,True,"[23.21110886717746, 0.5812842075523733, 0.43522034250288744]"
NU00599,weibull,0.0211234238925338,0.021199128627023,True,"[37.302975657001845, 2.4192823422228336, 0.31642896277968463]"
NU00600,weibull,0.0222666415007322,0.0211983713706894,True,"[31.4330396075017, 4.459908450187829, 0.42107067864076597]"
NU00601,weibull,0.0176259642767968,0.0177839667339036,True,"[25.578212098555014, 3.5260455589204267, 0.4409903129877922]"
NU00602,weibull,0.0132665084075955,0.0130205399072441,True,"[22.085477122423438, 2.044020636052575, 0.39020265758782985]"
NU00603,weibull,0.0156224610858135,0.0154091424706619,True,"[18.157939585518157, 0.010000000121044461, 0.2794471225865099]"
NU00604,weibull,0.0452957203783715,0.0480958810474206,True,"[49.014920108606155, 10.443687022109176, 0.3352613510182599]"
NU00605,weibull,0.0212971742998246,0.0216978302472561,True,"[28.940551984903497, 4.866849259241842, 0.3370301268879768]"
NU00607,weibull,0.019829553403816,0.0203790298503878,True,"[13.418182486906705, 1.8506713380350954, 0.358333175484237]"
NU00608,weibull,0.0264011656194997,0.0261382695475122,True,"[8.852147425777746, 0.2009179336012911, 0.225768497024333]"
NU00610,weibull,0.0165365249280053,0.0164022684403011,True,"[14.316230394127377, 4.268022521227654, 0.3950237018992991]"
NU00611,weibull,0.0191360091164682,0.0190836225094476,True,"[10.689262852509454, 3.3703667652850773, 0.44080550277375896]"
NU00612,weibull,0.0121042820595442,0.0119969984107991,True,"[7.155924971202735, 0.751872572841154, 0.33124704782747755]"
NU00614,weibull,0.0140779530731651,0.0138469723183082,True,"[24.532511501184153, 3.4038300982893186, 0.39719132939646556]"
NU00615,weibull,0.0085295574850412,0.008527692179108,True,"[13.00284355680562, 3.082369097951886, 0.41042420147714076]"
NU00616,weibull,0.0223349234723134,0.0217162853786466,True,"[7.6930849203693885, 0.655069136404449, 0.3285292856453762]"
NU00618,weibull,0.0093966704896574,0.0092238808347424,True,"[13.555259415802379, 3.9755463824930715, 0.5025868166666418]"
NU00619,weibull,0.00985970044582,0.0090195774636007,True,"[10.62973598509117, 2.053602782242283, 0.39499496185192357]"
NU00621,weibull,0.0064511278608846,0.006376625672048,True,"[14.881866321491923, 3.8174448760841555, 0.46774416909379785]"
NU00622,weibull,0.0301836009956752,0.0308412791096072,True,"[10.65777504476175, 0.01000000000000019, 0.15893930217088928]"
NU00624,weibull,0.011569909175186,0.0114268092441366,True,"[13.59143608480251, 6.0599061425533725, 0.5803406987438399]"
NU00625,weibull,0.0059818009318901,0.005864252562211,True,"[10.837977086950314, 4.040298928454508, 0.49938879200606245]"
NU00626,weibull,0.0205011005204405,0.0203530850547585,True,"[5.3821921092633405, 0.8160207073133956, 0.3710110830806364]"
NU00628,weibull,0.0231244168599499,0.022475425927083,True,"[18.0876326756527, 2.805577412204905, 0.30891379539880837]"
NU00629,weibull,0.0157102633656561,0.0156214165876022,True,"[12.359899352351219, 4.067376496477475, 0.44289446365828217]"
NU00630,weibull,0.0196508011468169,0.0198674808188269,True,"[8.156067079380227, 0.6475823018183936, 0.3593664489298679]"
NU00632,weibull,0.0167030045216737,0.0164461198768034,True,"[10.737640040826433, 2.947991546100423, 0.3802902254437432]"
NU00633,weibull,0.0111623078758479,0.0109244574351134,True,"[11.008574638026106, 2.8204510237970775, 0.4553089139304371]"
NU00634,weibull,0.0191467270754893,0.0192787012604194,True,"[10.686341395581316, 0.010000000000000068, 0.15339519909166466]"
NU00636,weibull,0.011474735438222,0.0115031284262498,True,"[24.59913211616693, 2.7676713957648853, 0.33559726802618656]"
NU00637,weibull,0.0067086508291216,0.0068080688996436,True,"[11.144840335170205, 3.8653628643512294, 0.4848027529397324]"
NU00638,weibull,0.0149279850587083,0.0147675992302264,True,"[7.962212440852033, 0.04211684722489869, 0.24446733482759628]"
NU00640,weibull,0.0096283914411867,0.0096139218804526,True,"[13.853318787727146, 5.227751575874307, 0.5698385429967614]"
NU00641,weibull,0.0088369299169744,0.008851918095902,True,"[12.480498687606834, 4.291618672513219, 0.5041431580030611]"
NU00642,weibull,0.0217144391457643,0.0209442210340081,True,"[7.7084201311000555, 0.010000000000000002, 0.3129138250083597]"
NU00643,weibull,0.0177248446254081,0.015495938440387,True,"[5.939379281319151, 1.4502036647511052, 0.42835448224420064]"
NU00644,weibull,0.0092160892343868,0.0081427119198551,True,"[9.241315343022357, 0.26527227959847555, 0.10001000000000002]"
NU00645,weibull,0.0335280451587549,0.0320604268182232,True,"[7.30997865338728, 0.04103382181067194, 0.18942900989509823]"
NU00646,weibull,0.0148368839914924,0.0100115183576421,True,"[88.17789329826627, 0.6805990242881932, 0.4786503529705482]"
NU00647,weibull,0.0186031721988022,0.0167976030257287,True,"[66.56013048025417, 4.068657832534461, 0.6519490303641547]"
NU00648,weibull,0.0184350073797129,0.0164115099584616,True,"[68.74580428577369, 1.536256114057529, 0.40651876804482195]"
NU00649,weibull,0.0145166639748611,0.0125726222845114,True,"[69.16203735519859, 0.4653360471364239, 0.3115162244240021]"
NU00650,weibull,0.0134704697013034,0.0119734321734176,True,"[26.674459920270333, 4.192332583112356, 0.588727099219704]"
NU00651,weibull,0.0073542251433871,0.0056771767734113,True,"[31.78916074340905, 1.0223832609544876, 0.33474895186749104]"
NU00652,weibull,0.0134096678844059,0.0106525536291339,True,"[34.252544116442856, 1.7014993405760308, 0.3867266025857868]"
NU00653,weibull,0.0093701238503992,0.0064879887856543,True,"[42.61911725813756, 0.6213999113994441, 0.40505694449458457]"
NU00654,weibull,0.0147643148449436,0.0147911629950986,True,"[78.92647624642787, 2.0091081943662235, 0.5317782415001162]"
NU00655,weibull,0.0376677879136112,0.0381897966824847,True,"[69.79279557122048, 2.2992669651001005, 0.5892255790734038]"
NU00656,weibull,0.0111698256935759,0.0111823006813164,True,"[75.99512506287013, 3.4365221302779405, 0.9026330976309195]"
NU00657,weibull,0.0105814179439037,0.0105999848083557,True,"[57.03991394761733, 3.33394458535089, 0.870972458588984]"
NU00658,weibull,0.0260616130962686,0.0259606903478797,True,"[45.35563823269366, 0.40997053835812325, 0.32423318579164273]"
NU00659,weibull,0.0195486783972564,0.0192036235518355,True,"[27.088134213153342, 0.9965723864913333, 0.46221986053202935]"
NU00660,weibull,0.0142249718008953,0.0133047237942185,True,"[38.361712434640076, 1.2351532029096668, 0.47591326734373846]"
NU00661,weibull,0.0134076699229092,0.0123979279174426,True,"[22.883363853859404, 0.4010251981237718, 0.43606301301463785]"
NU00726,weibull,0.0114725345504797,0.0094770875540751,True,"[57.62241210571233, 0.6017089717864195, 0.21663959718926146]"
NU00727,weibull,0.0144658817547578,0.0118857124672381,True,"[24.828464310447263, 0.01000000000007622, 0.13297465803248582]"
NU00728,weibull,0.0232729478925525,0.0225032164970778,True,"[51.917110798709366, 0.6976906275553203, 0.3236668863013355]"
NU00729,weibull,0.0526393957561255,0.0546384152203609,True,"[19.846321460877533, 1.677018501353311, 0.3022769395292941]"
NU00730,weibull,0.0110023661048911,0.0096082246656063,True,"[85.42436714275931, 2.2547149933877733, 0.3599491201344038]"
NU00731,weibull,0.0179120246747028,0.0152624010156995,True,"[32.860929966115826, 0.010000000000995102, 0.1357866369379381]"
NU00732,weibull,0.0200327018555858,0.0199950588821809,True,"[52.09789591661573, 0.1719906109721596, 0.10001000000000856]"
NU00733,weibull,0.0275161733049578,0.027265945597713,True,"[25.935856557886304, 0.8207813057929291, 0.2537733463871275]"
NU00734,weibull,0.0113367568261762,0.0092679206718404,True,"[101.77236095726686, 0.010000000000008785, 0.15697233555391985]"
NU00735,weibull,0.0283701402337694,0.0203478263143079,True,"[58.00117494097791, 0.010000000000000002, 0.3227658761202951]"
NU00736,weibull,0.0163063016592506,0.0163104422884389,True,"[67.48286420041384, 0.2011299372196674, 0.16310013352417096]"
NU00737,weibull,0.0324241256128696,0.0342637621860121,True,"[47.31547784630975, 0.010000000000000075, 0.3069036076777735]"
NU00738,weibull,0.0336638527712453,0.029140174101491,True,"[20.447722514484067, 3.2354322877214896, 0.653363158032002]"
NU00739,weibull,0.0122122887030001,0.0095879602900964,True,"[57.571728780079525, 0.010000000002094394, 0.2066774334383439]"
NU00741,weibull,0.0182500921445341,0.0171753310238374,True,"[49.83480786429775, 0.8711827892311543, 0.4171377453615223]"
NU00743,weibull,0.0163496682933906,0.0150035559347941,True,"[71.37663083813341, 3.3486962515795757, 0.42100174187967176]"
NU00744,weibull,0.0213789772811675,0.0204415232099478,True,"[25.362111900546395, 0.010000000000000132, 0.2485481558478949]"
NU00745,weibull,0.0262954783200947,0.0254255357244381,True,"[60.39817412450887, 0.836356193713257, 0.21248458534214226]"
NU00746,weibull,0.0230906942948543,0.0169261651716711,True,"[65.75449629161893, 0.010000000000011413, 0.3022008854861458]"
NU00747,weibull,0.0118122038086197,0.0093512997224034,True,"[104.40031586662721, 0.524418788667319, 0.2762424574350365]"
NU00748,weibull,0.02599063054606,0.0269211816242166,True,"[50.009493679684816, 0.010000000000000031, 0.2890111006744228]"
NU00749,weibull,0.0204571110501746,0.0202713760451887,True,"[78.31100434202298, 0.415597017467348, 0.22775487577057518]"
NU00772,weibull,0.0070065249545774,0.0065114916561861,True,"[2.428587435485347, 2.3339955085895348, 0.4785867293223063]"
NU00773,weibull,0.004411684008775,0.0038150789539841,True,"[3.745517373762229, 2.736077582242343, 0.47130733946595266]"
NU00778,weibull,0.0287138406736701,0.0267746062270964,True,"[158.4559737106471, 2.2386936574877407, 0.4764108965899667]"
NU00779,weibull,0.0320520658285079,0.0280901080743132,True,"[31.582973184732477, 0.010000000000001511, 0.19553199846680663]"
NU00780,weibull,0.0059467273776846,0.0057694562768212,True,"[55.57724994929869, 3.40168184208178, 0.3567346144064597]"
NU00826,weibull,0.0134230594599116,0.0131327891210879,True,"[14.897555960739293, 0.7518183029738209, 0.6072710081464677]"
NU00827,weibull,0.0200313966522976,0.0197104830142273,True,"[21.92179888824452, 0.010000000000000018, 0.3437231879647223]"
NU00831,weibull,0.0186819703478294,0.0187069710351135,True,"[9.014436651885202, 1.9300901395053365, 0.33927290072145305]"
NU00834,weibull,0.0438148436236566,0.0388349647118735,True,"[11.281190150251252, 0.01000000000002282, 0.11735795692405326]"
NU00835,weibull,0.0506054335749588,0.0443527494003704,True,"[13.790637610063154, 0.01000000000001605, 0.18347827449103152]"
NU00836,weibull,0.0079889787282546,0.0063977871259022,True,"[22.407970374669308, 0.010000000000000002, 0.36179581139963907]"
NU00837,weibull,0.0156004255287224,0.0120848524973981,True,"[22.25756722633051, 0.01000000000000001, 0.3977131571331467]"
NU00838,weibull,0.0126043361744342,0.0109076364249708,True,"[27.548117834527307, 0.6499125216513644, 0.2907289724706451]"
NU00892,weibull,0.0235886724273181,0.0236446302667801,True,"[76.34968072801388, 2.253891167376495, 0.35926312482117806]"
NU00893,weibull,0.0241340989256657,0.023724150437534,True,"[74.73913972589837, 0.010000000000000103, 0.12944963139573382]"
NU00894,weibull,0.0133548184534269,0.0129295156382369,True,"[47.42873417287685, 0.6694706770352902, 0.33972852792021]"
NU00895,weibull,0.0496512069894394,0.0412737879708578,True,"[47.87334929437942, 0.010000000000000907, 0.3232392667932304]"
NU00896,weibull,0.0689836973170955,0.0732091497167756,True,"[23.07630886428783, 8.06153433121247, 0.8858823848951504]"
NU00897,weibull,0.0181718326275074,0.0182380122149484,True,"[86.21660967355814, 0.010000000000009042, 0.1380970056091858]"
NU00898,weibull,0.0119587256965573,0.011817250451458,True,"[75.48511108352727, 0.16648739476550928, 0.2026779698406702]"
NU00899,weibull,0.0188013349005599,0.0184655636529986,True,"[50.18189365468123, 0.010000000000000031, 0.21847781062003496]"
NU00900,weibull,0.0108253821781668,0.0107293265756538,True,"[63.72867623840726, 1.0254517088816841, 0.2122510442925366]"
NU00901,weibull,0.0150575371456094,0.0151980477171611,False,"[138.20066976961328, 2.8426445651650334, 0.48980587489275357]"
NU00902,weibull,0.0124805040055581,0.0124830971142586,True,"[72.84176546571352, 0.9333606798814315, 0.10001000000000002]"
NU00903,weibull,0.0109620148202063,0.0107091800610411,True,"[52.12043835645863, 1.1258098994914876, 0.3751714863742259]"
NU00904,weibull,0.0135386354973417,0.0134819829511701,True,"[61.993813690036774, 1.76289398554576, 0.2619447497049409]"
NU00905,weibull,0.0237874492047477,0.0239808165557101,True,"[61.43965913816903, 2.5989223621372934, 0.16568306292927235]"
NU00906,weibull,0.0115322150031182,0.0113949131697007,True,"[125.78336895499045, 2.214210740406604, 0.33385348950377497]"
NU00908,weibull,0.0583139576163175,0.0627529765376203,True,"[27.593413437928284, 3.9524250264246685, 0.5697448046476953]"
NU00909,weibull,0.009806929303435,0.0089205966002508,True,"[81.13965683872408, 0.749278022548135, 0.23935092698700872]"
NU00910,weibull,0.0062127100088627,0.005747477037741,True,"[58.93337024245449, 2.141988343982584, 0.45172423574776427]"
NU00912,weibull,0.0047172994192707,0.0043592656625937,True,"[69.70919059095449, 1.9893855050635578, 0.4252166862020577]"
NU00913,weibull,0.0072166390828588,0.0066958761806565,True,"[64.71007037228391, 2.2331480146552742, 0.48619056913044373]"
NU00914,weibull,0.0053743366002006,0.0049688047906579,True,"[65.80170531006378, 1.5357024995674728, 0.3388546217008378]"
NU00915,weibull,0.0077757551812264,0.0071969918463729,True,"[46.86591358570951, 2.051236493330965, 0.4379815421118995]"
NU00916,weibull,0.0080681369362365,0.007922983348813,True,"[125.93957476563621, 1.911054466276458, 0.4328901397926183]"
NU00917,weibull,0.0038486894316481,0.0035156154322948,True,"[61.59583856082182, 1.5896777088877063, 0.36944990846128395]"
NU00918,weibull,0.0020352865867582,0.002,True,"[52.0864886684152, 1.0045563560653383, 0.2358135690230023]"
NU00919,weibull,0.0039169211283081,0.0035748899733815,True,"[46.3650636713591, 1.7175108067018934, 0.3924962703284721]"
NU00920,weibull,0.0119599457306002,0.0111019033861136,True,"[37.265541621485134, 0.662704873188131, 0.10001000000000002]"
NU00921,weibull,0.0048582953371206,0.0044580637149217,True,"[104.41916358412931, 1.5471763982758238, 0.3233577772328268]"
NU00922,weibull,0.0035274816974977,0.0032291151827268,True,"[59.33517265004169, 1.5782390929581283, 0.3747210057295847]"
NU00954,weibull,0.0125105814280241,0.0126736289338469,False,"[242.56875764733113, 1.0356606894933373, 0.526940454073074]"
NU00955,weibull,0.0112820431120921,0.0114237867580738,False,"[155.630315121943, 1.279338686763253, 0.6440573047357181]"
NU00956,weibull,0.0082903277659605,0.0084031585591154,False,"[113.50332748587516, 0.6885683174291515, 0.5011113136621224]"
NU00957,weibull,0.0136798119463664,0.0135539433007281,False,"[80.27087641745919, 0.8911245766932612, 0.4558340784566017]"
NU01117,weibull,0.0069937694395971,0.0069557735202953,True,"[29.15841252687976, 0.010000000000160278, 0.24808203943904553]"
NU01118,weibull,0.0147150803392126,0.0141878421606655,True,"[100.96764925915583, 0.010000000000052429, 0.10127404037904665]"
NU01120,weibull,0.0318901023923025,0.0181760351323896,True,"[225.1763918445332, 0.010000000000000196, 0.28817603275150944]"
NU01124,weibull,0.0059515193235071,0.0052940885298384,True,"[30.45894833991464, 0.010000000000001308, 0.20229036368753608]"
NU01125,weibull,0.0107720947829598,0.0096650653905204,True,"[33.678010387188614, 0.010000000000010476, 0.20770759240737882]"
NU01171,weibull,0.030892288795319,0.0307725237164649,True,"[10.475381587901882, 3.2639493222546285, 0.6630198761778405]"
NU01203,weibull,0.0118708513256732,0.0103561783540873,True,"[49.43684264937009, 3.979099224596467, 0.33281590649614573]"
NU01245,weibull,0.0249850112151968,0.0240679008232229,True,"[39.631677106693495, 0.010000000006449886, 0.5252893464792665]"
NU01247,weibull,0.0374058800602888,0.0383888487048231,True,"[35.09379926105732, 1.7017467104914743, 0.10001000000000002]"
NU01251,weibull,0.0364895841089676,0.0381278780455099,True,"[24.53335192646746, 2.942965258324572, 0.9422628098784656]"
NU01253,weibull,0.0323149023847322,0.0315027475580455,True,"[26.01522815843544, 2.0379113044616046, 0.9238226373452805]"
NU01255,weibull,0.0403227841379542,0.0395564314635453,True,"[26.103845338137294, 2.067843872661182, 0.7698736920791039]"
NU01257,weibull,0.0342647549002682,0.0348995351726657,True,"[24.471261534270468, 0.2845307141014859, 0.10001000090960553]"
NU01259,weibull,0.0268908541517399,0.0274465330397919,True,"[25.485041159810283, 3.2140768465185414, 0.8997747369032733]"
NU01325,weibull,0.0136435767019072,0.0127610419969401,True,"[146.66192610999596, 1.87763850579407, 0.5296247273356929]"
NU01353,weibull,0.05334329765385,0.0527985101279278,True,"[24.129009144860476, 0.01000000000005662, 0.10353614661372804]"
NU01354,weibull,0.0210971624952527,0.0210395552284529,True,"[20.76878059723034, 0.010000000000190827, 0.16617603088662633]"
NU01355,weibull,0.0102429682043431,0.0096943780728645,True,"[26.693535164712085, 0.671958944305084, 0.2951679828393204]"
NU01356,weibull,0.0060537558650206,0.005768175308296,True,"[33.319605813858104, 0.010000000000007175, 0.14617624320193728]"
NU01357,weibull,0.0133052817738063,0.013215028243778,True,"[30.227099054305246, 2.943835929027414, 0.10001000000000712]"
NU01358,weibull,0.0106639226448035,0.010504333682777,True,"[37.70426622267394, 1.6380050574321163, 0.17402048486736496]"
NU01359,weibull,0.0131533356309885,0.0132101359187406,True,"[28.717896984736758, 1.7879203352234918, 0.5311481248271701]"
NU01360,weibull,0.0241439423965397,0.0239808163425324,True,"[29.52452238718408, 0.4041160867922344, 0.10001000000000002]"
NU01361,weibull,0.0078603679067715,0.0078131711222278,True,"[18.046055717399017, 1.9639000749032116, 0.610378677967827]"
NU01372,weibull,0.0152283620395841,0.014142262155447,True,"[22.77675797756518, 1.3327069023761837, 0.1711013863241055]"
NU01373,weibull,0.0135209231921257,0.0132161619157049,True,"[22.089566894872696, 3.644193186294655, 0.4971420035666703]"
NU01374,weibull,0.0120360751400138,0.0112921660374432,True,"[86.68895090335582, 1.4194895723973904, 0.5400623096335692]"
NU01375,weibull,0.0079916387302758,0.0077636815475344,True,"[201.62002234962995, 1.309953619472804, 0.45443711824267946]"
NU01404,weibull,0.018716824026056,0.0186263177501916,True,"[31.193839600147623, 3.581923527854533, 0.6459168782459722]"
NU01405,weibull,0.0163691937689805,0.0156380056573989,True,"[28.59918401336253, 2.783396757021616, 0.68038957757607]"
NU01406,weibull,0.0231209666949378,0.0234502116900708,True,"[28.69902289842433, 1.6982773610323474, 0.5485216988422997]"
NU01407,weibull,0.0339305254654949,0.0344734673397739,True,"[21.08225076687287, 1.9474813284380936, 0.8147870323230924]"
NU01408,weibull,0.0507867961216152,0.0467381620770019,True,"[16.899172286280564, 0.010000000000139987, 0.47874663934038414]"
NU01409,weibull,0.0201121274537125,0.0173017614242804,True,"[11.678260513257628, 0.010000000000000002, 0.40309515970825327]"
NU01410,weibull,0.0069106286557063,0.0065111007535706,True,"[100.01311199166305, 2.0856603790964043, 0.7131202549593741]"
NU01413,weibull,0.0147792156046412,0.0135442076517139,True,"[54.218724627312255, 0.010000000001511238, 0.16063769570302236]"
NU01414,weibull,0.0161301571966701,0.0150440217703206,True,"[47.02817509062069, 1.3153868267352498, 0.36844446174623097]"
NU01415,weibull,0.0206268949390358,0.0197751710801094,True,"[27.29579549044072, 2.8222620724012213, 0.5064328151923131]"
NU01416,weibull,0.0104075559743301,0.0098469676301379,True,"[66.08138048870117, 0.6414584483955518, 0.4216726233518962]"
NU01417,weibull,0.0099027625075749,0.0091260829204031,True,"[56.75275231263212, 1.2322038408645242, 0.627481314621116]"
NU01418,weibull,0.0229848675567411,0.020227069292886,True,"[67.07659545104245, 0.010000000000000002, 0.3898820932334725]"
NU01419,weibull,0.0162362045883624,0.0161056730420368,True,"[51.95852239541288, 0.9059678038818045, 0.6004440508540677]"
NU01420,weibull,0.0286409005263389,0.0269175911308918,True,"[41.26722962660695, 0.010000000000005347, 0.26289820009815795]"
NU01421,weibull,0.0195289141156865,0.0169628095746792,True,"[35.374061094388075, 0.010000000000000423, 0.4832364050755436]"
NU01428,weibull,0.0119239614443173,0.0111373953889697,True,"[94.34444677032279, 0.5922832756848909, 0.4673087264731373]"
NU01429,weibull,0.0131008134043032,0.0117747965265274,True,"[100.48244956824776, 0.010000000000000024, 0.4128719181371982]"
NU01430,weibull,0.0206365172328196,0.0181535424780507,True,"[94.7904800374423, 0.01000000000000051, 0.40775245331600496]"
NU01431,weibull,0.0098951669563724,0.0098425608644235,True,"[71.28195927582529, 1.556645938274101, 0.8064900559046129]"
NU01432,weibull,0.0341144389834786,0.0323004401711769,True,"[66.1148884950523, 0.010000000002101711, 0.21350439536509824]"
NU01433,weibull,0.0226889389195404,0.020606020235775,True,"[35.98944893624416, 0.010000000000101964, 0.2561243027402054]"
NU01434,weibull,0.0157015288853476,0.016239657554449,True,"[57.112615099656765, 4.44330659987675, 0.5425073246472826]"
NU01435,weibull,0.0047284943510174,0.0046303356109773,True,"[55.74419282418087, 1.8680542433422758, 0.4164131843242472]"
NU01436,weibull,0.0054376319067433,0.0050998952716404,True,"[48.78508962263697, 1.3952163206196222, 0.4756502960120181]"
NU01437,weibull,0.0104208989966249,0.0105407178626746,True,"[57.26259811211307, 3.3477704217406825, 0.4786088527339875]"
NU01438,weibull,0.0052917559668155,0.0051781595044799,True,"[45.99843392546404, 1.89573670093689, 0.42597813254537553]"
NU01439,weibull,0.0121222369589325,0.0117258243911986,True,"[36.59262539531485, 2.2465832851590783, 0.3847014967941408]"
NU00029,kelvin_log,0.0318728833759121,0.0314116999503574,True,"[8.689536854382265, 1e-06, 43.730785963445996, 6.1387716793188725, 15.918555934937604]"
NU00030,kelvin_log,0.0232786981363754,0.0224826638077369,True,"[6.0693523089759545, 1e-06, 25.95656339190107, 26.256082029159767, 7.880481998892334]"
NU00031,kelvin_log,0.0147302709589109,0.0146372132897285,True,"[1e-06, 9.348101398931052, 17.227505164476383, 13.73827330524932, 23.388555738821267]"
NU00032,kelvin_log,0.0183452314759174,0.0185550551750182,True,"[1e-06, 12.199622675609312, 26.313310639123713, 0.476970013873509, 18.156483505132776]"
NU00033,kelvin_log,0.0258792497950313,0.0256390711198722,True,"[4.17934979907047, 1e-06, 16.6617072018919, 12.34905123232084, 13.34174092513588]"
NU00034,kelvin_log,0.0081157361849888,0.0079091714525566,True,"[1e-06, 5.235900550405678, 6.69794835436163, 18.34609363374533, 13.740480651871723]"
NU00035,kelvin_log,0.0157781320070591,0.0158068202277397,True,"[3.4003961023384757, 1.1559958955483876, 7.896544789449329, 8.379396268099095, 8.81376362043371]"
NU00036,kelvin_log,0.022821716468763,0.0221997521023956,True,"[1e-06, 8.040927465129815, 9.392871615809186, 8.53767206147946, 10.934328312001066]"
NU00037,kelvin_log,0.0099767927380391,0.0098666075288628,True,"[0.32123572929502936, 10.70047832725928, 8.19044440771049, 34.53156591011993, 19.667035166095634]"
NU00056,kelvin_log,0.0012903494718052,0.002,True,"[15.700216657817535, 8.701541970769407, 13.62234110082604, 4.841249789244525, 9.690940333979764]"
NU00057,kelvin_log,0.0021608821595677,0.0020273495177426,True,"[13.749585459742304, 15.650019875684995, 20.377292268650976, 1.8935526311798698, 12.70783347736695]"
NU00058,kelvin_log,0.0022419038495519,0.0020823450693495,True,"[14.288434705435092, 17.37360858131096, 26.206186857802205, 3.499714191592053, 16.57967399892499]"
NU00059,kelvin_log,0.0022916877144931,0.0021060132184807,True,"[20.941745440932646, 13.55301296222615, 30.940058257866504, 6.4272530617756205, 19.97896973788919]"
NU00060,kelvin_log,0.000501824342147,0.002,True,"[12.941891537661268, 11.23617988890286, 15.402169898914225, 11.798083691491806, 13.449386981232774]"
NU00061,kelvin_log,0.0022431058621617,0.0020977159994438,True,"[10.912511005682472, 15.534510734131647, 20.344926434790388, 1.8943189050967773, 12.692049395083194]"
NU00062,kelvin_log,0.0021514338529415,0.002,True,"[11.374937110962685, 14.535236799639502, 27.261053042177334, 6.066649153003402, 17.94588276718742]"
NU00063,kelvin_log,0.0015726107461844,0.002,True,"[10.271683132595992, 19.963508424527262, 27.268332840758625, 7.538068050404106, 18.838729754933585]"
NU00109,kelvin_log,0.0058223964099941,0.0055578756010666,True,"[5.510529584869914, 26.43257780863859, 34.98132942478659, 1e-06, 16.359274848050607]"
NU00110,kelvin_log,0.0062179491503643,0.0055668621994069,True,"[9.46908502377433, 18.05357135750585, 22.604616728063814, 16.493604652312406, 15.475507271992912]"
NU00111,kelvin_log,0.0071195480664228,0.0063553176714727,True,"[11.155251946303128, 11.859103157426144, 19.127989318944056, 15.937543597260332, 13.504121617620457]"
NU00113,kelvin_log,0.008430887178072,0.0077458212640708,True,"[10.40518600483239, 28.170664708657814, 16.01834771698923, 13.269340252742044, 12.790109083342935]"
NU00114,kelvin_log,0.0046486009547138,0.0043817988064137,True,"[14.548350006622945, 13.097474989967443, 12.242785806976489, 4.150675353622298, 9.641683394454056]"
NU00115,kelvin_log,0.0068379125270418,0.0062039544023923,True,"[11.017215342415506, 14.939756144504077, 11.711330851535209, 11.389063904542086, 9.138061706729282]"
NU00116,kelvin_log,0.0061352220954012,0.0055120571456882,True,"[9.130927719583637, 12.446449255086794, 13.44050632332183, 12.253524143833681, 10.496140741233452]"
NU00117,kelvin_log,0.0118387913701994,0.0111870108465513,True,"[17.73062989075794, 20.02765319311691, 16.64494779873162, 4.69712390856352, 15.189655792327278]"
NU00118,kelvin_log,0.0265729145279114,0.0244218516488426,True,"[17.29537739037208, 35.03155679052331, 10.660530529843749, 19.77185606610568, 1e-06]"
NU00119,kelvin_log,0.0076269611771078,0.0072603360466507,True,"[8.117568693933881, 10.946374019696858, 12.292741616494979, 1.367643039615896, 5.093564338252457]"
NU00120,kelvin_log,0.0107220402751098,0.0099533608878106,True,"[7.844021804617639, 11.554660102662591, 14.368454553406263, 4.850839297083814, 4.9020404454920365]"
NU00121,kelvin_log,0.0076558067480282,0.0073361662467179,True,"[7.391438091136052, 10.047752778871462, 12.889542700105396, 1e-06, 8.805159536975525]"
NU00122,kelvin_log,0.0087964177624974,0.0082049416347349,True,"[9.830708870057206, 12.942718644710798, 13.71650699112681, 5.339889058786565, 8.879929007442332]"
NU00123,kelvin_log,0.00802258997201,0.0072127035962858,True,"[4.87648360680494, 5.427832636073671, 4.955568342613643, 5.467367104254836, 4.966557279314446]"
NU00124,kelvin_log,0.0056210808259939,0.0050990443852092,True,"[4.0254047886514375, 6.920722572538871, 7.125176440697604, 5.085055755338586, 5.836215238251082]"
NU00125,kelvin_log,0.0118973050143891,0.010261181798085,True,"[3.952031256876431, 4.668802451191811, 3.92522704656545, 10.36991796828712, 8.273168023002139]"
NU00126,kelvin_log,0.0080107628379896,0.007599385599202,True,"[6.35256916550125, 5.688794813017075, 3.0081500773453755, 1.5058136790354697, 3.262371918348952]"
NU00183,kelvin_log,0.012197903590019,0.0116773953105985,True,"[2.800667765991646, 4.491313068890402, 3.745191517628117, 5.466413541094744, 7.62607362675922]"
NU00184,kelvin_log,0.0107887838949138,0.0101027701838518,True,"[2.6312943583791117, 1.5643409544392974, 5.441819017803904, 4.605636434876484, 4.124849870142537]"
NU00185,kelvin_log,0.0179055907786366,0.0176567180906622,True,"[4.274392077475576, 1.813214216563136, 3.7052994797128678, 4.908395000465158, 6.290467187112064]"
NU00186,kelvin_log,0.023086864944955,0.0229587527258198,True,"[7.115433031949189, 2.1076900706059853, 4.04402371752105, 5.080806299062236, 7.897687585274403]"
NU00187,kelvin_log,0.0141568076282678,0.013805239620482,True,"[2.0406062580805666, 1.4309812058235754, 2.4352934958178243, 3.562989343731224, 3.9637378792806124]"
NU00188,kelvin_log,0.0119552064098572,0.0117000640978763,True,"[7.081646211648077, 4.901874326327703, 5.551371430033356, 7.426224359650504, 5.69309114465801]"
NU00189,kelvin_log,0.0112348012785166,0.0111504917926993,True,"[5.358030989058018, 5.144584050971755, 4.580215732864456, 7.115463961303048, 7.726268610211741]"
NU00190,kelvin_log,0.0304701299678895,0.0318334962416119,True,"[6.42102405974602, 1.0944295231636976, 9.311852136252245, 2.6699418603721927, 5.580657753250688]"
NU00191,kelvin_log,0.0302693028554858,0.031350766934034,True,"[4.137960648934301, 8.455867470402714, 0.4115186034717781, 13.369896068295002, 15.14144563711159]"
NU00192,kelvin_log,0.009794518708028,0.0096639500685675,True,"[7.413337854924592, 4.3385779162550175, 11.972105865316085, 21.961872945459593, 15.226110361768315]"
NU00193,kelvin_log,0.0168368524446493,0.0145581767006851,True,"[10.948817776362933, 2.0346623209953343, 3.2157256797443567, 26.888041134658597, 25.378858783764013]"
NU00194,kelvin_log,0.0245263456366908,0.0231604288358944,True,"[19.268167496907118, 4.392076051119112, 4.839507883950466, 34.55467203707451, 26.640870609793748]"
NU00195,kelvin_log,0.0119041693034327,0.0109185048435205,True,"[7.118352841681633, 4.416961926563026, 4.286430439113108, 20.206589564485753, 18.158316501357437]"
NU00196,kelvin_log,0.0139665027770969,0.013856362533715,True,"[4.334095313676823, 3.022583366917119, 6.106209492419626, 4.638013915238767, 5.081918301414859]"
NU00197,kelvin_log,0.0193360431366423,0.0189378214941578,True,"[3.0399205890037218, 1.3816848577366352, 3.319599327963326, 4.186636679703544, 5.429631971156817]"
NU00198,kelvin_log,0.0228584816122098,0.022164324187142,True,"[3.828117672410732, 1.618155648352577, 4.1082431185098525, 4.181525027183498, 5.240222285751796]"
NU00199,kelvin_log,0.0284331147885046,0.027715093777693,True,"[7.1662558941660155, 2.10550147737928, 4.318493994205544, 3.879239999480434, 7.254872618501228]"
NU00200,kelvin_log,0.0158771672100315,0.0155260509868517,True,"[2.475883503438662, 1.0363116641273171, 2.1839980958505656, 4.712154648296988, 3.1924269454761793]"
NU00201,kelvin_log,0.0250882086650471,0.0229604805994826,True,"[8.277005785226665, 6.573892546064767, 1.1648810422405762, 7.808078972593904, 8.300614465170733]"
NU00202,kelvin_log,0.0150584374020753,0.0145369116315678,True,"[6.257102952939642, 4.662139113794698, 5.129827036805539, 5.765210988224565, 7.293834597427012]"
NU00203,kelvin_log,0.0193934109927368,0.0182150820823991,True,"[5.903373425556853, 5.04521761588195, 4.400588875737478, 4.0357287747753405, 9.148776319963092]"
NU00204,kelvin_log,0.0157293263599876,0.0153743507232156,True,"[8.235509587461815, 1.5897512647599206, 15.824183270698832, 10.503005432734222, 6.714972057687719]"
NU00205,kelvin_log,0.012417453809433,0.0121751650918355,True,"[7.767820418977906, 3.307796791439288, 9.35497862431895, 17.543006594874136, 11.389569227058665]"
NU00206,kelvin_log,0.0182996814098481,0.0173918659580582,True,"[12.798829168764009, 4.70296421193844, 7.03478979534869, 23.26908505137559, 15.326193945312554]"
NU00207,kelvin_log,0.0287799821623989,0.0276107258438025,True,"[23.050179662497232, 2.845557533756142, 16.765100952524545, 17.903960601573967, 16.464711224615613]"
NU00208,kelvin_log,0.0173724185865864,0.0164661136516416,True,"[4.886626623932276, 7.001749942348903, 2.154967936530379, 20.725158232884297, 10.809251603787374]"
NU00209,kelvin_log,0.0090508634671312,0.0072593986539561,True,"[1.2186345037383917, 5.535398594476749, 14.4578240860992, 20.232770943592932, 15.9071911252129]"
NU00210,kelvin_log,0.0046942774166545,0.0037329922613626,True,"[2.824915256764212, 1.6683320218005544, 13.434693059180812, 19.45027461671131, 14.179720505227262]"
NU00211,kelvin_log,0.0088073742260026,0.0076128800486338,True,"[0.9604104139008907, 5.858744567989733, 21.290896072283, 8.477179158489678, 15.473466611430737]"
NU00212,kelvin_log,0.0069821747387319,0.0056435855642836,True,"[1.9157288850699767, 8.344705146557574, 16.604298140210222, 23.563934386041318, 16.379470148273054]"
NU00214,kelvin_log,0.0086828268356166,0.0071351517763725,True,"[1.5590422858276267, 3.1543062678831566, 16.85243469740305, 14.501960071758525, 13.825505120578194]"
NU00215,kelvin_log,0.0052448241303571,0.0040110604700973,True,"[2.525145835063802, 1e-06, 12.635411877079937, 25.94566532180588, 14.335608564935198]"
NU00216,kelvin_log,0.0056217844616534,0.004460161447167,True,"[0.8095323390758927, 0.7390660135939288, 7.477640961467736, 10.577026599722318, 9.260905416448391]"
NU00217,kelvin_log,0.0026307614169959,0.0021322663793241,True,"[0.6296949364294259, 11.92293778392662, 15.55195680640278, 25.725163532342886, 20.197435358973305]"
NU00218,kelvin_log,0.0038475964143462,0.0031053112966137,True,"[0.018802397129806626, 4.634208782296173, 9.054489829484444, 12.749704889310628, 10.837815762929274]"
NU00219,kelvin_log,0.0070642509017795,0.0062726715205121,True,"[1e-06, 5.814603422669599, 28.704429917000247, 3.7367997103362494, 18.05391275148784]"
NU00220,kelvin_log,0.0013093725058524,0.002,True,"[1.348602351866552, 4.754926891508872, 14.904370908480228, 13.522258463114232, 13.390659197113687]"
NU00221,kelvin_log,0.0041604912705326,0.0034568040962844,True,"[0.12268741616462013, 4.997376351404837, 8.15553280027717, 8.11561350393311, 7.2536565392928845]"
NU00224,kelvin_log,0.0144047875971413,0.012562056878544,True,"[1e-06, 1.0878777801764103, 24.917763465299505, 3.761640338717242, 20.457748464059623]"
NU00226,kelvin_log,0.0074262215160534,0.0063920128862349,True,"[1e-06, 4.339446076297851, 9.624002370675061, 4.760734005760374, 8.229507385947487]"
NU00242,kelvin_log,0.009181477733334,0.0087633159761359,True,"[12.608907223920164, 19.79241362780474, 4.044710098946154, 21.58782765306495, 28.193274996275772]"
NU00243,kelvin_log,0.0133218621505559,0.0119473985143408,True,"[12.92890369174376, 23.99417407544452, 1.7243471065408038, 18.70431543797676, 20.478255648724897]"
NU00244,kelvin_log,0.0062234547665509,0.0061177868022136,True,"[15.481579852084053, 8.88773562214344, 19.731707731078437, 6.607677478151964, 18.66926700335258]"
NU00245,kelvin_log,0.0373843862459216,0.0365878626493672,True,"[3.4850658834737045, 2.405216745985018, 3.856306005602095, 4.107851927941744, 1.9829969053981142]"
NU00246,kelvin_log,0.0264562997503843,0.025669756451246,True,"[2.4265137795763674, 1.1639212495918518, 1e-06, 5.2893311152833045, 0.18987238428972747]"
NU00247,kelvin_log,0.0092526609258137,0.008794081727063,True,"[3.5057129620417986, 8.235797642757394, 10.441914867201108, 17.02549125343534, 16.239195530536783]"
NU00248,kelvin_log,0.0374937159373078,0.0360029139551826,True,"[1e-06, 3.622223879661236, 1e-06, 5.646302669292259, 1e-06]"
NU00250,kelvin_log,0.005337878561092,0.0050321597033423,True,"[0.3958950816430401, 8.9081171391662, 9.41035345614097, 18.391012217724953, 15.50797148974836]"
NU00251,kelvin_log,0.0065084157733699,0.0062999636874786,True,"[15.197467769182165, 11.415945764018012, 18.024965795099153, 8.711623430055969, 15.35033749746643]"
NU00252,kelvin_log,0.0123747196347889,0.0122622215096245,True,"[8.857018674613915, 9.102039526217622, 8.118583743581013, 7.060207695936391, 24.08233699074548]"
NU00253,kelvin_log,0.0050876794126659,0.005086641584234,True,"[7.4057908178860234, 9.756995895770947, 8.012518324661508, 17.71870425659873, 12.31725317138567]"
NU00254,kelvin_log,0.0132232761820375,0.0128452363612298,True,"[1.5899863263208238, 2.5662690517984226, 1e-06, 4.33795867325569, 2.6236327444854264]"
NU00255,kelvin_log,0.0174745616235063,0.0173688738652081,True,"[0.11985271410246996, 2.0563043179577485, 1e-06, 2.6845953343796705, 1.6787984452820006]"
NU00256,kelvin_log,0.0247801853918793,0.0242169683872301,True,"[6.925745066099981, 2.0235929897785336, 4.967005464785754, 15.60762915578907, 27.062146207590192]"
NU00257,kelvin_log,0.0111184039543353,0.0108808100929369,True,"[0.06522744582204884, 8.492107500937902, 7.56742395107793, 33.08679080183669, 25.893399625202658]"
NU00258,kelvin_log,0.0055017405422136,0.0051407582249693,True,"[0.7584058634801276, 4.865818726387088, 21.407496783524604, 13.0887681830316, 20.025855582041462]"
NU00259,kelvin_log,0.0195437799381633,0.0190555722884426,True,"[1e-06, 3.7156062556380864, 1e-06, 6.7457168253514626, 1e-06]"
NU00260,kelvin_log,0.0202695759847253,0.0200762354786833,True,"[1e-06, 10.946024883610416, 24.28346004892802, 1e-06, 8.891357907770763]"
NU00261,kelvin_log,0.0095411201005158,0.008846051672344,True,"[1.2040194934025858, 6.878369998479393, 9.697299108383282, 10.620750835581957, 10.967506464535388]"
NU00262,kelvin_log,0.0328453437646588,0.0319408691412024,True,"[0.1654609647397375, 2.164743701982475, 1e-06, 4.9465412387586785, 0.024304913057663115]"
NU00264,kelvin_log,0.0124375012835832,0.0107736256256306,True,"[1.201640762118436, 5.121609760326176, 1.8472076994828233, 31.65558357943243, 18.126831830197112]"
NU00265,kelvin_log,0.0285015717156623,0.0278488286733462,True,"[1e-06, 4.479438274173007, 1e-06, 5.336110202706136, 3.2844661248834472]"
NU00266,kelvin_log,0.0033826790222638,0.003302600171385,True,"[10.170556306694362, 7.819347883418545, 19.292602485571347, 7.180528375336672, 14.533604436430172]"
NU00267,kelvin_log,0.0068757332178945,0.0068002647131919,False,"[11.372326538911457, 11.841731997105846, 14.758212628542404, 7.50587582835817, 13.064420113888987]"
NU00268,kelvin_log,0.0040868533403807,0.0040998146005548,False,"[8.511555473987553, 7.067478249368759, 16.15305088856627, 3.388325182099656, 13.226261048517566]"
NU00269,kelvin_log,0.0033691978134714,0.0033730871096556,False,"[8.166958845408216, 7.993874936054389, 13.643932347082574, 7.904201111810506, 14.830382983153083]"
NU00270,kelvin_log,0.0325002185615389,0.0341029278945516,True,"[0.000491586329033377, 1.359349663683052, 1e-06, 4.548780071263916, 1e-06]"
NU00271,kelvin_log,0.0253163988272412,0.0254610858779554,True,"[0.3451255769729634, 2.8099301586008965, 1e-06, 6.191525128832105, 1e-06]"
NU00272,kelvin_log,0.0228074483663621,0.0215735450761947,True,"[0.3402701376896558, 2.026538070256959, 0.6772335962895681, 4.037602409416337, 1.4816369306868296]"
NU00274,kelvin_log,0.0248470335199232,0.0230723507056576,True,"[0.5085318249827162, 1e-06, 5.425648487267969, 3.973464780129898, 1e-06]"
NU00275,kelvin_log,0.0060979619006695,0.0057288387074248,True,"[1.4012484836428076, 1.2201123233350029, 2.2071485090301364, 3.0279631391414012, 2.14919270557562]"
NU00287,kelvin_log,0.0193566323866927,0.0193521866951041,True,"[5.878000947873129, 11.70799126776307, 35.40087661331147, 8.833262617355638, 36.30240462942355]"
NU00288,kelvin_log,0.0110884456088189,0.0109847062737043,True,"[10.466190797389462, 10.237736486038406, 45.144357042832326, 14.584136046513176, 44.83957741824128]"
NU00335,kelvin_log,0.0182099574645498,0.0172676950264234,True,"[1.6285884871442415, 11.115092568436209, 11.31753266306287, 5.616110635939366, 16.618207936811814]"
NU00339,kelvin_log,0.0228820393710784,0.0215242045337487,True,"[82.69417961653328, 44.4317112895392, 15.880572264856653, 69.22928508725434, 116.4698521018221]"
NU00341,kelvin_log,0.0386462492047429,0.0370084731797979,True,"[85.79243037567623, 61.953951238142, 90.34354719400851, 1e-06, 1e-06]"
NU00342,kelvin_log,0.0435126471339731,0.0439249959305481,True,"[145.5563952583443, 200.36546370854893, 1e-06, 1e-06, 1e-06]"
NU00343,kelvin_log,0.0266510793803262,0.0259185665367972,True,"[70.80187540970083, 69.17079387353597, 76.47649852690486, 1e-06, 1e-06]"
NU00344,kelvin_log,0.0269751061428992,0.0251517568905326,True,"[50.902554838197595, 90.91617414327014, 6.928398801891335, 111.58034799570922, 55.95097888965215]"
NU00345,kelvin_log,0.0271999060111567,0.0258597109730377,True,"[90.97212659222541, 146.75928988494022, 1e-06, 137.33462022764377, 34.93558119199439]"
NU00346,kelvin_log,0.0264524481016265,0.0258380688545795,True,"[41.92549959513788, 51.576392530087766, 71.32637413008646, 1e-06, 1e-06]"
NU00350,kelvin_log,0.0293228499728479,0.0290829183986401,True,"[1.5442678034575534, 10.194111585270305, 12.58103302990246, 1e-06, 2.4092918001879386]"
NU00351,kelvin_log,0.0112152529988293,0.0105131737045902,True,"[3.7631179467148352, 6.567026616671318, 9.427059979900738, 19.65783034623139, 16.910997094490753]"
NU00352,kelvin_log,0.010565200806348,0.0094446865751964,True,"[1e-06, 3.795669105400784, 10.019471263056632, 6.502770429150776, 10.780270241361901]"
NU00353,kelvin_log,0.0064092994370396,0.0061184366867928,True,"[1.3635679118409747, 7.250373021148797, 4.920502209207353, 7.392587855684108, 5.994714533535328]"
NU00354,kelvin_log,0.0056592678799056,0.0054917586857677,True,"[0.9126222694351656, 4.565860585003303, 9.156965574943204, 7.42388603048918, 8.659927829856166]"
NU00355,kelvin_log,0.0057828813794255,0.0055632150584618,True,"[4.325814276937123, 9.186866958543105, 7.588621509830156, 14.653351031024808, 11.44838271967275]"
NU00356,kelvin_log,0.0116889533047312,0.0116734224271533,True,"[1e-06, 2.542368860012162, 8.84922007346768, 8.418897803258123, 12.332219633217994]"
NU00357,kelvin_log,0.015514702948956,0.0143088542928304,True,"[2.1600588647371444, 0.4963996544346489, 4.446231976944231, 6.570377151115518, 3.4584441829175923]"
NU00358,kelvin_log,0.0103090207969198,0.0096868810204429,True,"[5.19086534901081, 1.9553209032680403, 23.659302048371487, 29.311137210903738, 34.06728555352492]"
NU00359,kelvin_log,0.0052615541335323,0.0047537393993832,True,"[1e-06, 3.7218806690220503, 21.7643837742613, 35.719861853345925, 26.12230749084783]"
NU00360,kelvin_log,0.0151599515681727,0.0133559097826117,True,"[11.001270523531655, 5.902257547090498, 20.743937313923723, 41.51264832127087, 16.753674898712983]"
NU00361,kelvin_log,0.0088531111671695,0.0087095412928373,True,"[10.683998895411387, 1e-06, 22.53563287384547, 33.647325603554854, 18.111121263143584]"
NU00362,kelvin_log,0.0087678508281139,0.0081040798984906,True,"[6.569077688437179, 8.179390666221416, 12.454079378706329, 21.69845786690989, 19.69182041640362]"
NU00363,kelvin_log,0.0184166134636874,0.0166574602481351,True,"[6.331031309794487, 6.770337759540244, 4.976537316693018, 17.451811004598603, 10.352995061207091]"
NU00364,kelvin_log,0.0203996318990227,0.0203249515466501,True,"[1e-06, 5.974491503186015, 18.7892977923244, 1e-06, 6.550847452270959]"
NU00365,kelvin_log,0.0172473445011506,0.0164383730821533,True,"[0.29933749066010173, 2.689832233475705, 14.87281619712346, 3.1499058748972866, 7.2119211543265695]"
NU00366,kelvin_log,0.0212438293939018,0.0194499372823817,True,"[3.235401706941934, 1e-06, 15.695516558903531, 5.48562376291546, 2.7800152031934355]"
NU00367,kelvin_log,0.0230471809773255,0.0233155008048012,True,"[2.665309945550151, 1e-06, 9.822251995540306, 8.295476358551962, 3.0791523577664814]"
NU00368,kelvin_log,0.0275498462119788,0.0250287866454958,True,"[1e-06, 3.9445710867795003, 1e-06, 11.86350322525282, 3.234490401963972]"
NU00369,kelvin_log,0.0608454082135175,0.051778014993767,True,"[0.16695217561811254, 3.778843293320641, 1e-06, 10.508185000577638, 1e-06]"
NU00370,kelvin_log,0.0040682735849308,0.0037344996919454,True,"[0.9105634641168874, 1e-06, 40.019930258171, 33.561381259130904, 27.909449103248036]"
NU00371,kelvin_log,0.0048322729233411,0.0044241168588794,True,"[0.4403975570126145, 4.056224464242223, 18.195740030539632, 23.255574339910325, 21.66277632138086]"
NU00372,kelvin_log,0.0127808952058681,0.0115028811986879,True,"[1e-06, 5.223805614962747, 11.079088716984417, 21.69212854716773, 17.893498113835626]"
NU00373,kelvin_log,0.0153873871892406,0.0142750276777433,True,"[1.7725875631775367, 0.44518740687586944, 16.44417178155547, 11.679361647206267, 17.1951160736581]"
NU00389,kelvin_log,0.009589373881062,0.0093749387194691,True,"[5.972929020724893, 7.247866885571838, 17.554039215050807, 5.051391418292043, 17.05631962797739]"
NU00390,kelvin_log,0.0164962239588058,0.0161384124550941,True,"[0.2613422427061241, 5.9821087461997555, 9.53511111767059, 3.921825925419366, 8.511543130993244]"
NU00391,kelvin_log,0.0160138611273964,0.0158304472514291,True,"[1.3210345044967164, 2.928221070703453, 7.052611643113912, 0.9614103468556459, 6.754541983035043]"
NU00392,kelvin_log,0.020284327623309,0.0203869350125735,True,"[0.9987458068910505, 3.473780036256199, 5.661057792852797, 1e-06, 9.467265316812165]"
NU00414,kelvin_log,0.0495150921082767,0.0503288966927756,True,"[1.2529450180643031, 1.7630107043709944, 7.773511664847119, 1e-06, 2.1970911993312323]"
NU00415,kelvin_log,0.0203565169008193,0.0199204128313359,True,"[2.9711220415813404, 3.3544815446116556, 8.655869331173648, 4.389012943121276, 9.753445284188262]"
NU00416,kelvin_log,0.06016080027458,0.0620423117630232,True,"[1e-06, 0.946864217207583, 3.761647683631848, 1e-06, 1.2064958924232396]"
NU00417,kelvin_log,0.056107194520944,0.0570934747628213,True,"[1e-06, 0.2559092671701392, 4.892200699415591, 1e-06, 3.205051952920248]"
NU00418,kelvin_log,0.0500828722509269,0.0509889004983647,True,"[1e-06, 0.6877917270080303, 1.2800997666236222, 0.9251376292186867, 4.179032162906122]"
NU00419,kelvin_log,0.0326936382721149,0.0326518475626178,True,"[1e-06, 0.7471873133014871, 5.647796793390067, 1e-06, 2.6165328857560572]"
NU00420,kelvin_log,0.0229114509859613,0.0226732830109809,True,"[1e-06, 0.7840108649422388, 5.280432973534852, 1e-06, 1.0090845728028013]"
NU00421,kelvin_log,0.0459842437682846,0.0464791262990758,True,"[1e-06, 1.6760567383429714, 1e-06, 5.719745221452529, 2.2998513765258783]"
NU00422,kelvin_log,0.0309857781269102,0.0268239484423818,True,"[1e-06, 2.8193246406006396, 8.828871587849179, 2.3244828039512444, 8.090751959918743]"
NU00423,kelvin_log,0.0104613528611605,0.0090166754008986,True,"[1e-06, 7.148616673801236, 12.5095940724165, 8.764263127012805, 13.46157013190048]"
NU00424,kelvin_log,0.0217984695730657,0.0202518652249539,True,"[1e-06, 1.7559379384231597, 6.282016100133066, 1e-06, 2.9410025499742827]"
NU00426,kelvin_log,0.024895310772629,0.0245364359369499,True,"[1e-06, 1.6104866639650603, 5.114191061917923, 0.8418487015368225, 3.695823399989465]"
NU00427,kelvin_log,0.0310811737773438,0.0301711946788916,True,"[0.5542268908641411, 1.8970792257161087, 4.0896799122388, 4.971725895703317, 2.3944551750854033]"
NU00428,kelvin_log,0.0237933231794903,0.0232595283347101,True,"[0.7550780667725775, 0.4722479577217609, 2.081612680117154, 2.5534724652932255, 1.6051202740188835]"
NU00429,kelvin_log,0.0587476321822888,0.0558307509325725,True,"[0.764148886767385, 0.6581784049025106, 3.121827559196926, 3.7685801680448408, 1e-06]"
NU00430,kelvin_log,0.0103923680917464,0.0100280018818422,True,"[0.7484288007380381, 1.948094941956123, 5.860996465265301, 2.7870014633586226, 4.6150354267598575]"
NU00431,kelvin_log,0.0149710799187052,0.0142794004758423,True,"[1e-06, 1.4979199232072005, 3.9599389535447207, 1.9947546503926985, 2.9269312700285472]"
NU00432,kelvin_log,0.0152853381187996,0.0151161948255124,True,"[1e-06, 3.4273327479012923, 10.018819117276745, 1e-06, 2.530640894666409]"
NU00435,kelvin_log,0.0220887325180177,0.021769118778565,True,"[1e-06, 1e-06, 6.142868925865583, 0.1835178406420305, 2.9072172401757674]"
NU00439,kelvin_log,0.0204749662912825,0.0198506101589343,True,"[1.4330214409314528, 1e-06, 6.544203288719805, 3.086117031339911, 0.4889279564483386]"
NU00445,kelvin_log,0.0266836911536636,0.0260710383465415,True,"[2.483883190363246, 1.535420826431663, 8.850500894077365, 4.480889251864149, 6.599190943337896]"
NU00446,kelvin_log,0.0275944041843853,0.0268841773246712,True,"[0.5605360890884333, 0.3367911467164587, 2.2995726648504613, 3.446135835951887, 2.184159275528624]"
NU00448,kelvin_log,0.022890727124411,0.0218143777916103,True,"[1e-06, 0.5179068014000234, 8.513499706059783, 11.575265539113902, 5.102188324836053]"
NU00449,kelvin_log,0.0086608352120803,0.0084103252752797,True,"[1e-06, 5.643081244819357, 13.155662935215997, 12.707085456627269, 16.894111297121444]"
NU00457,kelvin_log,0.0267181954193953,0.0253147981852622,True,"[1e-06, 13.727183088759858, 10.677193183715847, 1e-06, 6.836581210050303]"
NU00458,kelvin_log,0.0098055515361982,0.0094803488066435,True,"[1e-06, 12.471821985186077, 11.863138718470363, 1e-06, 0.9020261838804404]"
NU00459,kelvin_log,0.0179390997547419,0.0174109736986688,True,"[1e-06, 12.288798977860285, 13.26345498474808, 1e-06, 1e-06]"
NU00462,kelvin_log,0.0248756238235712,0.0241642898097264,True,"[1e-06, 12.753064538468593, 14.103611350595106, 1e-06, 0.11458215248865458]"
NU00464,kelvin_log,0.0148317754937026,0.0142469529086477,True,"[1e-06, 11.884467839320804, 12.891607678593008, 1e-06, 1.8747758311077773]"
NU00496,kelvin_log,0.0050517579948225,0.0048248079008302,True,"[2.448354202114881, 3.340239044440899, 7.148300639072512, 5.213532849012374, 4.717933754060176]"
NU00497,kelvin_log,0.0097801592503671,0.0097242744990358,True,"[2.405582792131144, 1.6458910452879554, 3.826320856128974, 3.42896200635569, 5.196041845690497]"
NU00498,kelvin_log,0.0139851095285984,0.0137410054702721,True,"[1.9972729410723706, 1.2194247746446596, 2.74111983569272, 4.023275022777798, 2.892510620207045]"
NU00522,kelvin_log,0.0348963913576942,0.03360058902066,True,"[10.833168677327583, 21.40347659497074, 38.13744300616843, 1e-06, 1e-06]"
NU00523,kelvin_log,0.0253817598872854,0.0253516032386725,True,"[7.361468577158764, 8.870404197889743, 5.6364761297604655, 3.6001688578474784, 14.493562097113811]"
NU00524,kelvin_log,0.0693985580295986,0.0727572914640086,True,"[1e-06, 4.956312148357377, 1e-06, 16.588084574737874, 1e-06]"
NU00526,kelvin_log,0.0194051578244414,0.0185415543834129,True,"[20.763299059714118, 22.954219739732384, 55.74038891161364, 1e-06, 2.7884434347232774]"
NU00527,kelvin_log,0.0225422920687322,0.0216540323318946,True,"[13.091307805735799, 23.35271083349689, 34.73308082599994, 1e-06, 10.117857828596858]"
NU00528,kelvin_log,0.0243401844379627,0.023974487633193,True,"[7.934147089667435, 12.270364065539995, 9.14874343388303, 1.8632280773336785, 14.29093930164246]"
NU00529,kelvin_log,0.0385522290439757,0.0329728036716014,True,"[3.269859233284702, 7.950936587550042, 1e-06, 16.72081941084233, 1e-06]"
NU00543,kelvin_log,0.0126472195491788,0.0124483999992548,True,"[1e-06, 9.92564999244575, 38.18254038799956, 8.910532587815263, 23.687105223459845]"
NU00544,kelvin_log,0.0220915747887511,0.0213602647017217,True,"[0.6537679805837934, 15.3665682975701, 39.84401674747271, 19.2801992765107, 1e-06]"
NU00545,kelvin_log,0.0226813416043482,0.0219282692661563,True,"[1.3625204835624913, 12.745959666858298, 31.232199578083847, 20.222051712853055, 1e-06]"
NU00546,kelvin_log,0.026377780052041,0.0263673498524593,True,"[1e-06, 10.556991418780006, 23.78563674398459, 0.8846792922157432, 28.06881985482122]"
NU00547,kelvin_log,0.0264539489700658,0.025587217367569,True,"[1e-06, 18.130161939105697, 8.461918229949722, 8.835549651731235, 2.4448139695603537]"
NU00548,kelvin_log,0.0251250118442032,0.0246196560339301,True,"[2.036289737250162, 2.38657478501194, 9.707649437340566, 2.389570007582265, 8.051439162249489]"
NU00549,kelvin_log,0.0230061878355018,0.0233366310522029,True,"[1e-06, 9.85257348927129, 7.536679612353929, 1e-06, 2.5164348525152613]"
NU00550,kelvin_log,0.0251641878386617,0.0249317100840956,True,"[0.8380571290512718, 7.37340342934977, 6.1881898033810065, 4.318777658440126, 1e-06]"
NU00551,kelvin_log,0.0463208930102194,0.0476571455129692,True,"[51.10886205244072, 0.23129443106641126, 30.984949236129523, 1e-06, 1e-06]"
NU00552,kelvin_log,0.0156694342614134,0.0151507481016129,True,"[11.482645361897724, 13.485415626793614, 12.398421068402346, 1e-06, 4.8716751476487445]"
NU00553,kelvin_log,0.010603151496536,0.0106276566234146,True,"[8.534608849134736, 17.155112916668845, 13.291116149763134, 1.572802178008857, 6.467688101273802]"
NU00554,kelvin_log,0.0380672409711053,0.0360234758669609,True,"[9.32628315907015, 10.467547932936148, 4.868772841703144, 1e-06, 17.670169364206522]"
NU00555,kelvin_log,0.029152954225547,0.0229579577231872,True,"[6.230735213222913, 1.3599578868587203, 5.156717760584493, 2.7187441445621663, 6.222727959715794]"
NU00556,kelvin_log,0.0553254219158547,0.0542222503147845,True,"[21.967869212450942, 4.791751442514664, 10.687052326692958, 1e-06, 1e-06]"
NU00557,kelvin_log,0.0455564300505237,0.0449145572281091,True,"[17.8402178209592, 7.316047172995991, 6.225895778008626, 1e-06, 1e-06]"
NU00558,kelvin_log,0.0394026064009028,0.0388375267319766,True,"[14.364903026743772, 6.651847408390235, 8.212428358074453, 1e-06, 1e-06]"
NU00559,kelvin_log,0.0269939461048637,0.0271439117014692,True,"[9.319388350709964, 6.261436970764993, 10.772764586951759, 1e-06, 1e-06]"
NU00560,kelvin_log,0.0264112853837472,0.0216767452465104,True,"[2.672143108735204, 2.5499764762413766, 1.4485985579806393, 2.82125295454565, 4.190836514365349]"
NU00573,kelvin_log,0.0469330154434721,0.0478681058875407,True,"[9.667328118510369, 0.8398184801817168, 3.080673757309441, 2.6780079624387927, 17.940742126194504]"
NU00574,kelvin_log,0.0289632047231213,0.0289732238280739,True,"[7.118129891095944, 1.3728070258580565, 2.2624835206944285, 5.8450639615733495, 12.224445020600454]"
NU00575,kelvin_log,0.0211742599405896,0.020966922234961,True,"[1.304036194822333, 3.4895595838977673, 3.578719173071757, 2.9194015769993453, 11.446232775251843]"
NU00576,kelvin_log,0.0696537125386581,0.0676084316087055,True,"[4.008702224649004, 1e-06, 8.973277416365166, 1.9382288468477236, 1e-06]"
NU00577,kelvin_log,0.0500143441966252,0.0496502801350043,True,"[11.605568575980142, 1e-06, 10.759032111670159, 11.218354134855929, 1e-06]"
NU00578,kelvin_log,0.0279145168759628,0.0289656183122991,True,"[6.975971866730189, 1.21257871072051, 0.7406896749706581, 1.7368230244604492, 10.026184725159041]"
NU00580,kelvin_log,0.0346659363045727,0.0354932394092937,True,"[4.656890904662567, 3.865656637012931, 6.51015965671875, 6.247224799217416, 1.2401264598699455]"
NU00581,kelvin_log,0.0332062346285274,0.0343207846828321,True,"[2.243175146165426, 6.645291254275646, 9.29776311902653, 4.081900008866775, 0.7905188889820045]"
NU00582,kelvin_log,0.0404197459279278,0.0418532794434023,True,"[7.381726199527054, 1e-06, 10.731553513999527, 4.004167426594413, 4.079931193000197]"
NU00583,kelvin_log,0.0192773396422926,0.0192119421052978,True,"[3.3045608388856236, 2.3911035011294346, 3.7596117854398345, 4.655235414227344, 5.720363843257458]"
NU00584,kelvin_log,0.0216672631576716,0.0215668806517194,True,"[1.6209830593587253, 2.9803957534004577, 3.3623666490894135, 5.491689813225116, 4.064231786511016]"
NU00585,kelvin_log,0.0260754336805449,0.0232499831815243,True,"[1.613221630455649, 4.15581024075808, 0.2507574339793909, 7.752004791772686, 6.068428942372659]"
NU00586,kelvin_log,0.0268700550716931,0.0271655791928347,True,"[4.544832573725334, 0.40791671707249816, 6.000137884863063, 4.7505008556297526, 4.228495729097282]"
NU00587,kelvin_log,0.0193438322413801,0.0194252961380743,True,"[1.8442529446064455, 4.626159142567076, 10.179475287359788, 1e-06, 7.746270547825693]"
NU00588,kelvin_log,0.0136103809470146,0.0135249309264439,True,"[2.776823981609865, 4.138444287194535, 10.550695619036846, 2.4482898342001524, 6.084172129791281]"
NU00589,kelvin_log,0.0126869752190728,0.0125983694392645,True,"[2.1965171425284584, 4.751358095723129, 9.84798786674572, 1e-06, 7.42670622091797]"
NU00590,kelvin_log,0.0135062766940749,0.0134158189477997,True,"[2.2337482824758625, 7.283459137405864, 7.361753866029306, 1.6208460879530042, 7.285287262945901]"
NU00591,kelvin_log,0.0124432444421783,0.0120382096250515,True,"[0.6069191719567433, 4.9707187899394105, 9.90980873898246, 1.2510573850771023, 4.5560458542307325]"
NU00592,kelvin_log,0.0121661562467031,0.0114627613895997,True,"[2.2403028930434687, 2.4396024781578487, 11.089582832410281, 2.313032936012179, 5.461280252157673]"
NU00593,kelvin_log,0.0146164676103156,0.0138382004998063,True,"[1.298167578298637, 3.9433527334781333, 9.983817322596424, 2.3646768899509003, 5.299139286318995]"
NU00594,kelvin_log,0.014490914990087,0.0137243779360305,True,"[1.1946908299401269, 3.8512066858486156, 10.195040606900733, 2.098587431182751, 3.683442526790545]"
NU00595,kelvin_log,0.0093924879960697,0.0092746675101182,True,"[0.907527865750707, 2.381930591523702, 4.433943177478196, 1.7479133163827572, 4.05080816871789]"
NU00596,kelvin_log,0.0171495772257815,0.0171161742700725,True,"[1.890632303498257, 0.6452881770158386, 3.1469709699772257, 1.1733069584189404, 3.1471856045287394]"
NU00597,kelvin_log,0.0109101830300497,0.0105425118460679,True,"[5.03715932867219, 2.036650982360951, 11.478967624506042, 16.808583533190895, 14.282632085777522]"
NU00598,kelvin_log,0.0132518771086194,0.0132945728982297,True,"[3.1568928357902815, 1.57112562016257, 4.775097403481463, 6.124743577947604, 7.49464292819452]"
NU00599,kelvin_log,0.0618944755966134,0.0622240622793109,True,"[16.08601124286299, 5.4873503253932325, 9.619777458010924, 1e-06, 6.0452331454725545]"
NU00600,kelvin_log,0.0392090646172866,0.0345132649920851,True,"[10.20924079329223, 10.524144985975688, 4.124976445504721, 1e-06, 9.13816706412868]"
NU00601,kelvin_log,0.031723881639416,0.0319633244744156,True,"[6.0102226098721605, 8.149681930554362, 9.701527520069705, 1e-06, 1.752738458631981]"
NU00602,kelvin_log,0.0279044720614209,0.0274436623596797,True,"[5.137894616749991, 4.373826689351778, 5.684166748225922, 1e-06, 6.844075163130993]"
NU00603,kelvin_log,0.0289073852628836,0.0279235417261741,True,"[3.7581137635560387, 2.6258965523746776, 1e-06, 4.245137924999548, 7.911882378026232]"
NU00604,kelvin_log,0.1594364563593744,0.15,True,"[48.44312845537056, 1e-06, 1e-06, 4.0034561113953, 1e-06]"
NU00605,kelvin_log,0.0704659699236498,0.0702622730400888,True,"[20.19709779256801, 1.0245596664673344, 8.348820306305724, 1e-06, 1e-06]"
NU00607,kelvin_log,0.0232373523503396,0.0235685415239455,True,"[3.1951459275915646, 3.2254500638713752, 1.8744745847738244, 0.6036482704414751, 4.697501716465852]"
NU00608,kelvin_log,0.023876113106046,0.0242805249672118,True,"[2.2790567188505313, 0.30742886682762105, 2.9767739458753955, 0.08573473608891086, 2.9690341952493666]"
NU00610,kelvin_log,0.0211991597144972,0.0209062737748601,True,"[3.5940567643602757, 5.931694958529975, 4.873180835588931, 1e-06, 1e-06]"
NU00611,kelvin_log,0.0376392234686622,0.037715453687768,True,"[2.313345115396575, 3.4512604403899085, 4.486001837611884, 1e-06, 0.3878456869265206]"
NU00612,kelvin_log,0.0264286179791326,0.0264386282187605,True,"[1.8278943442922915, 0.36948560304699885, 1.341302986806014, 0.186854445877412, 3.3642772452303773]"
NU00614,kelvin_log,0.0298453474885784,0.0294935837581177,True,"[7.903640252948225, 6.564297518384675, 9.949853630975467, 1e-06, 1e-06]"
NU00615,kelvin_log,0.0143376001651285,0.0143485732919482,True,"[2.485646652984153, 4.303519630117428, 4.408548182069939, 1e-06, 1.792342734640093]"
NU00616,kelvin_log,0.0351368902307051,0.0350763397008505,True,"[1.8437818003673319, 0.27458767297835296, 2.4899594917824115, 0.027939231296343313, 2.8566441532441558]"
NU00618,kelvin_log,0.0228234665558786,0.0223009740979756,True,"[2.5774837535769435, 4.273704759093974, 6.766557512967487, 1e-06, 1e-06]"
NU00619,kelvin_log,0.0169582792069825,0.0157619200284765,True,"[2.4291608138411367, 2.05407822905982, 3.5176609939098444, 0.040214673433861, 2.42095505732009]"
NU00621,kelvin_log,0.0255609418969934,0.025301171106911,True,"[3.458763140130222, 4.644650116211308, 6.757614445246765, 1e-06, 1e-06]"
NU00622,kelvin_log,0.0209825562652344,0.0205326819770096,True,"[3.1098548105157007, 1.8041437028370375, 1.7355125806035296, 4.479089517087727, 1e-06]"
NU00624,kelvin_log,0.0262093017343788,0.0250666538433628,True,"[1.8896728701179455, 6.3410194728930485, 5.804533326901285, 1e-06, 1e-06]"
NU00625,kelvin_log,0.0216917559370744,0.0211663403716729,True,"[2.0811279782336607, 3.5435973901046434, 5.264018762753057, 1e-06, 1e-06]"
NU00626,kelvin_log,0.0287352071125152,0.0284463498747299,True,"[0.7856145240518378, 1.0082218739233026, 1.0722751488373254, 1.2133446584044902, 1.3181357769071589]"
NU00628,kelvin_log,0.0294153221712407,0.0287966520339684,True,"[4.958311713600377, 5.8337480892840015, 5.026347078960223, 1e-06, 2.139282587186957]"
NU00629,kelvin_log,0.0403057695491944,0.0399739819022671,True,"[3.5319937046138947, 3.9425750718179002, 4.917437329508381, 1e-06, 1e-06]"
NU00630,kelvin_log,0.023018126996747,0.0231534207709168,True,"[1.2071307462226533, 1.4290725684305237, 0.9490972521814278, 1.6456225419218369, 2.9668925441942666]"
NU00632,kelvin_log,0.037738908636431,0.0375978765646436,True,"[3.64401703383544, 2.3650665790842957, 4.271119501993218, 1e-06, 0.33195401781185574]"
NU00633,kelvin_log,0.0295059909228615,0.0291173508230428,True,"[2.0596348804508007, 2.854733588722752, 4.449016162804299, 1e-06, 1.55441894903963]"
NU00634,kelvin_log,0.0238883279940067,0.023968277650239,True,"[2.9584744478847584, 1.2058221202095807, 3.060820282930772, 1.9327428666939719, 1.5662487462426329]"
NU00636,kelvin_log,0.0476723558312466,0.0478236347764449,True,"[11.026530399891936, 3.4335920772109882, 8.911666477185538, 1e-06, 1.2102038714416459]"
NU00637,kelvin_log,0.0199488138935456,0.020081390164834,True,"[2.192419495067161, 3.7692740306906725, 4.1966334662954665, 1e-06, 1.0770039886529685]"
NU00638,kelvin_log,0.0449796271082416,0.0449593678585781,True,"[2.3560001220862747, 0.528123997275155, 1.2890998927982065, 0.780378862865341, 2.926613115489357]"
NU00640,kelvin_log,0.0206940968447373,0.0201720728029985,True,"[1.7996719940146095, 5.78168513665966, 6.60910594450029, 1e-06, 1e-06]"
NU00641,kelvin_log,0.0238369484738188,0.023655007327008,True,"[2.4448439100372403, 4.289900058148095, 5.863076558377554, 1e-06, 1e-06]"
NU00642,kelvin_log,0.0294912980113449,0.0288232505211822,True,"[1.7308544090844251, 0.14772578924910063, 2.6009186230178356, 1.9517554381121873, 1.1760695763130402]"
NU00643,kelvin_log,0.0308969329097706,0.0272818612374126,True,"[0.7878910277941806, 1.0969929385896289, 1.547982837858324, 0.555062257698543, 1.8926200229574266]"
NU00644,kelvin_log,0.0084612605822971,0.0077276487185147,True,"[1.6477050248248037, 2.2065289363832217, 2.677730246003229, 0.5550412403342597, 1.8531256545492396]"
NU00645,kelvin_log,0.0478286123315683,0.0480746397629113,True,"[3.254185833741237, 1e-06, 3.1898052217338044, 0.510234825304322, 1e-06]"
NU00646,kelvin_log,0.016696003433072,0.0123111563208978,True,"[6.256113195361714, 9.485112453641943, 30.34979441165528, 18.32810410143238, 16.27290657603629]"
NU00647,kelvin_log,0.0145037241227734,0.0120722663081503,True,"[0.7498193635450872, 19.879140731863163, 26.580796297402266, 1e-06, 24.994897270099653]"
NU00648,kelvin_log,0.0251518088416552,0.0238434896744736,True,"[12.019496225906657, 10.634363747239105, 30.486749852913604, 1e-06, 11.417502190309742]"
NU00649,kelvin_log,0.0196233120712243,0.0171524623838175,True,"[15.035908029989958, 8.590503882391477, 12.66971973954687, 11.208723817822822, 21.023870421832793]"
NU00650,kelvin_log,0.008077049936263,0.0065851731938303,True,"[1.2963984995510538, 9.765152950421905, 10.53806562434518, 0.804378026314111, 6.677526121652368]"
NU00651,kelvin_log,0.0143371257691283,0.0117921741925717,True,"[7.620428761639195, 4.27279501651442, 10.009821689805927, 0.7297399237597485, 7.203363619380131]"
NU00652,kelvin_log,0.0058390672787534,0.004433333597101,True,"[7.429789269877503, 6.405552922061337, 9.110272102758167, 5.192740490101663, 7.6994672908446775]"
NU00653,kelvin_log,0.0059785331265546,0.0041629014568535,True,"[4.0211315687928035, 7.40169069579831, 10.04577837632692, 12.317610257634051, 8.594449415702574]"
NU00654,kelvin_log,0.0145145155448207,0.0144507102435354,True,"[4.856484875996273, 15.279040099412207, 19.909693543890274, 4.431518693019261, 34.9423864700206]"
NU00655,kelvin_log,0.0386873816274233,0.0390597955253878,True,"[2.0741418036723847, 12.181745741535469, 20.05476584501104, 1e-06, 35.774687510179994]"
NU00656,kelvin_log,0.0092935269243345,0.0091674738659132,True,"[1e-06, 1e-06, 49.21893208214236, 10.161035260461038, 17.74613308702633]"
NU00657,kelvin_log,0.0076682771528923,0.0075446454068489,True,"[1e-06, 0.24773166182611295, 30.422765306693094, 3.0591339193238896, 24.346703431839813]"
NU00658,kelvin_log,0.0189195099137001,0.0185435373089963,True,"[5.617595714332706, 13.423841664305645, 3.7282723690731023, 16.07036519059858, 7.255955374432563]"
NU00659,kelvin_log,0.0168521801328319,0.0163926001952855,True,"[0.9135090700710045, 7.009267471660709, 6.067973650087852, 9.43725685337478, 3.92802604244388]"
NU00660,kelvin_log,0.0123947034320649,0.0115654583250494,True,"[2.7699735751585437, 7.230790177238521, 13.146175049538439, 10.985161326637584, 4.320501285352228]"
NU00661,kelvin_log,0.0109444433234043,0.0102172944940197,True,"[2.530636585916035, 1.6465739419288787, 6.144307490450777, 7.793324181400992, 4.5510818234177375]"
NU00726,kelvin_log,0.0107653500902126,0.0096840592266897,True,"[5.850322732754259, 12.362259347665166, 20.169173070458736, 0.3094231291464422, 14.223684413280596]"
NU00727,kelvin_log,0.0136418404773572,0.0114235862298219,True,"[2.101531076171967, 5.750748040163935, 6.447869972821285, 3.251839184146208, 6.809323502116778]"
NU00728,kelvin_log,0.0194361088584822,0.0185791444631751,True,"[0.93870674148256, 14.398039068746492, 14.522366480269387, 18.2276757091863, 4.428690666713721]"
NU00729,kelvin_log,0.0531077537482101,0.0557475094152825,True,"[1.3834264602955215, 5.658004091460436, 7.641893877023747, 1.9952733813118257, 2.945951137259609]"
NU00730,kelvin_log,0.0122859948858875,0.0113064063088643,True,"[8.36806199828841, 24.942043570232645, 42.11933393639608, 1e-06, 5.633913619252341]"
NU00731,kelvin_log,0.0141052386146497,0.0110858669930351,True,"[3.9193535361285474, 8.652089111524466, 3.6496562926623253, 10.677985861084787, 8.727058057640413]"
NU00732,kelvin_log,0.0151567483079667,0.0148927815841233,True,"[8.815157131334768, 10.740605344210863, 9.151742477457372, 7.075790086735211, 17.13837762176722]"
NU00733,kelvin_log,0.0260989471519728,0.0255771937847211,True,"[1.6062390777406463, 7.381867113548635, 4.293599209547029, 4.564529744280466, 8.378023366244149]"
NU00734,kelvin_log,0.0075485404260436,0.0065335303323732,True,"[11.871643362100237, 19.32229032492927, 31.51394555833252, 6.767866280741561, 26.64970755933509]"
NU00735,kelvin_log,0.0265146755102205,0.018247009257938,True,"[0.18797727272440745, 9.076647186004806, 8.840390802284443, 26.778966580190506, 15.564855863272195]"
NU00736,kelvin_log,0.0165364588376742,0.0165764708843927,True,"[5.9144145712380505, 17.86870126384312, 18.64926946873559, 15.080485798050454, 9.82419837013711]"
NU00737,kelvin_log,0.0244645739355548,0.024348500458062,True,"[2.565168049676461, 8.697061005154035, 1.4991403036621715, 25.254326860407904, 12.222662356184482]"
NU00738,kelvin_log,0.0307302480333348,0.0266116268417314,True,"[1e-06, 4.222203749449141, 11.240797169865699, 0.19050617694243174, 4.785880800368203]"
NU00739,kelvin_log,0.0117901651243905,0.0098867090453689,True,"[4.783812834345204, 11.243382708451833, 20.363835896542682, 8.717597779627916, 8.793580421972223]"
NU00741,kelvin_log,0.0171697582589481,0.0161527793821694,True,"[1.8174595159418594, 9.9069551986109, 15.515208683757258, 15.581075084500577, 7.03212518873467]"
NU00743,kelvin_log,0.0201561705344525,0.0189114926550292,True,"[2.636781667529822, 24.849843031762394, 42.32431811026751, 1e-06, 1e-06]"
NU00744,kelvin_log,0.0171137749689952,0.0160307766647453,True,"[2.0076502190949896, 4.4719175644829, 5.0194683006521545, 9.911879460761572, 4.477352483270415]"
NU00745,kelvin_log,0.0251135870145494,0.0247681319000791,True,"[10.358756079259068, 13.068162881430698, 22.99222499124417, 8.37596199691254, 4.419431811468184]"
NU00746,kelvin_log,0.0204362386827966,0.0174669525456155,True,"[6.442917588441744, 6.056637913871849, 24.5167599919906, 1.247092362449809, 18.130327795665462]"
NU00747,kelvin_log,0.0094813442632989,0.0084751030348479,True,"[11.91899967452895, 17.249712237196473, 42.26417529329559, 1e-06, 21.030070668695505]"
NU00748,kelvin_log,0.0181581409007419,0.0176961466191106,True,"[3.7997258439988952, 8.762287773522987, 1.9791953466429608, 24.064207018920147, 14.546929490966425]"
NU00749,kelvin_log,0.0186685061642396,0.0184800983139723,True,"[17.96392549825172, 13.543654870700335, 15.89081727841821, 13.810585152601668, 17.18216283856044]"
NU00772,kelvin_log,0.0027653126206661,0.0025460914008326,True,"[0.08930879983619629, 0.6806085179994329, 0.8644638990227977, 0.21590706930896517, 0.6010418517853564]"
NU00773,kelvin_log,0.0049394272392026,0.0042509172331458,True,"[0.38038743382214135, 1.039601856367106, 1.4513808913053277, 1e-06, 0.892241222677758]"
NU00778,kelvin_log,0.0197151797005341,0.0193984268595998,True,"[26.793533969922365, 17.665821444101148, 105.70769317353623, 1e-06, 1e-06]"
NU00779,kelvin_log,0.0223583408499907,0.0211477716140164,True,"[9.060178778691439, 0.9847577111673611, 12.495499972979902, 1e-06, 6.723001148193305]"
NU00780,kelvin_log,0.0091364505171602,0.0088351912115733,True,"[15.612742966068428, 19.320653846731275, 14.942482696935409, 1e-06, 5.883182119856656]"
NU00826,kelvin_log,0.0128209206424243,0.0125153132219004,True,"[0.39640573852154354, 1.0365776461887417, 3.4295204202500065, 7.136038770208967, 2.932769443821185]"
NU00827,kelvin_log,0.0085136287994907,0.0082612008335642,True,"[3.252931792372955, 1.0362296996724805, 2.6355497524483744, 9.6852872414147, 5.6197094079089505]"
NU00831,kelvin_log,0.0202743521530958,0.0204054950234203,True,"[0.3784941579341115, 2.307787215433827, 3.239325387549567, 0.45961882884928007, 2.583262530706396]"
NU00834,kelvin_log,0.0191623421899327,0.0177031060745806,True,"[1.7595932751470027, 0.21854089693685363, 4.884997153510436, 0.5464501334555241, 3.4136186477527235]"
NU00835,kelvin_log,0.0211328592586918,0.0181505950654833,True,"[2.1225053585612987, 0.2554364117850211, 4.960624065224896, 4.208562627941646, 2.5254972041585306]"
NU00836,kelvin_log,0.0071641731086001,0.0058797464441166,True,"[2.4455862381425875, 2.070447936638057, 4.830183670880784, 6.957283899845961, 5.561449615644942]"
NU00837,kelvin_log,0.0067642357443752,0.0055753270703893,True,"[3.2481278658109756, 1e-06, 6.888290737219618, 6.290570773533631, 4.4915312428721]"
NU00838,kelvin_log,0.0082683343694669,0.0076948499591013,True,"[5.432370718223979, 3.4016089978381516, 9.622438898722704, 0.4018356185840631, 6.758286537263189]"
NU00892,kelvin_log,0.0236260973782664,0.0241657666703108,True,"[15.200541819971216, 17.44971315030786, 34.10635228605391, 1e-06, 8.06510784746547]"
NU00893,kelvin_log,0.0278955112754401,0.0278833179595067,True,"[17.86984516155999, 10.95730075678109, 14.36887608791894, 1e-06, 30.305705094334172]"
NU00894,kelvin_log,0.0133756198303473,0.0130202992538627,True,"[4.060532837740571, 7.998649724378314, 11.658518167751037, 9.214396761285373, 14.239300959892683]"
NU00895,kelvin_log,0.0419490168846127,0.032029152113661,True,"[6.060517860437222, 6.571246461298936, 8.287499690393012, 31.20196739246922, 1e-06]"
NU00896,kelvin_log,0.07686898691853,0.0752858996826469,True,"[1e-06, 6.412616964587038, 18.592143527285344, 1e-06, 1e-06]"
NU00897,kelvin_log,0.0165178617910843,0.0162813685337807,True,"[17.284110081302916, 21.449399808845378, 4.4357329326643, 13.797001274387563, 30.821246772137734]"
NU00898,kelvin_log,0.0146804408745287,0.0145658091516066,True,"[13.781883259695201, 12.506965212522779, 4.659400599256133, 2.8374065371257036, 41.393478098239406]"
NU00899,kelvin_log,0.0140066749497194,0.013404560977129,True,"[4.041987910399241, 11.996315744829785, 5.294793922882366, 16.30873157715223, 13.857714973576549]"
NU00900,kelvin_log,0.0090226660161614,0.0089108554947625,True,"[5.400876293399567, 19.808643542639196, 12.305745332748455, 7.818535148301097, 18.621951007458627]"
NU00901,kelvin_log,0.0191405903327791,0.0194191451175715,False,"[15.747764218326544, 35.622744546434376, 62.39355067266406, 1e-06, 23.72534352611828]"
NU00902,kelvin_log,0.0102117840713212,0.0101311234556787,True,"[14.897258800240918, 19.259873306743195, 11.126065432364056, 5.651198367307841, 22.502566357268964]"
NU00903,kelvin_log,0.0111751003752344,0.0110067385040822,True,"[7.4487495984613865, 8.983038812523054, 18.371231582413998, 9.27715068445443, 7.616988587378717]"
NU00904,kelvin_log,0.0164757516180701,0.0164482742266719,True,"[12.335216479518218, 17.487763517822536, 11.872995023083876, 1e-06, 20.141553356442184]"
NU00905,kelvin_log,0.0230389944741589,0.0227309576207529,True,"[20.05274741130772, 23.297917000101435, 9.525332858895489, 9.90246475984684, 1e-06]"
NU00906,kelvin_log,0.0122251573316219,0.0120646520149129,True,"[18.847657810253846, 41.28212890803378, 28.807224319615493, 1.414330368884933, 35.587927890691304]"
NU00908,kelvin_log,0.0536956706112483,0.0538927556148039,True,"[1e-06, 10.666515373194766, 7.277515872678197, 1e-06, 11.641276604665965]"
NU00909,kelvin_log,0.0209220075324772,0.0197765290770418,True,"[19.37520672745041, 13.066502534107364, 21.707833732444623, 0.9566317474010703, 22.975173645338153]"
NU00910,kelvin_log,0.0048460000797709,0.0044645017194411,True,"[0.8820054078116679, 16.038583793602992, 20.74601675825175, 4.478294281991124, 17.034132526685227]"
NU00912,kelvin_log,0.0042572319018334,0.003938884595043,True,"[3.462163914189861, 18.531908927275527, 23.78580733780054, 5.127822600282232, 18.71710112818498]"
NU00913,kelvin_log,0.005670574573676,0.0052115202027307,True,"[1.7145701531378277, 17.41926779842261, 22.209575995811985, 5.440177766338452, 18.54554823904185]"
NU00914,kelvin_log,0.0070931069752249,0.006618620273062,True,"[8.40647384581054, 16.177634561569043, 18.90484619946261, 4.422587480564863, 17.28630651172894]"
NU00915,kelvin_log,0.003050668312491,0.0027999706142099,True,"[1.3289092934085067, 13.557266136114297, 15.465936062448767, 4.94887128493794, 11.960466725570004]"
NU00916,kelvin_log,0.0047108010468067,0.0045971010422859,True,"[1.7008858516639087, 36.406099215185925, 38.19370368487159, 15.303160569237896, 35.12877220368329]"
NU00917,kelvin_log,0.0039976838664684,0.0036613346181304,True,"[5.025804429857958, 15.988489401053574, 18.46963883411073, 6.4583243118634845, 15.49175704898145]"
NU00918,kelvin_log,0.0047462539639523,0.0043288537746251,True,"[3.7218764320777225, 13.5883469236935, 15.654635402972703, 5.904405955968838, 12.438826857622638]"
NU00919,kelvin_log,0.0052372722019575,0.0047911235608595,True,"[1.6465152147141093, 12.032316628698071, 15.228352365421625, 4.723726472630042, 12.625985554198603]"
NU00920,kelvin_log,0.0075608954581357,0.0069277859161191,True,"[4.516830469871798, 9.769527513062188, 8.539217405324438, 4.7471358129155945, 10.180547755526895]"
NU00921,kelvin_log,0.0032650400199619,0.003031725089921,True,"[7.49909887949624, 27.931170559413687, 35.149419260360176, 9.263348292353879, 23.347829697689473]"
NU00922,kelvin_log,0.0048373516288353,0.0044485715023093,True,"[3.5632718229340683, 14.828751317724132, 18.50082486684574, 5.971780343877929, 16.19871948422582]"
NU00954,kelvin_log,0.0089308316930943,0.0090681915415226,False,"[16.088724930350736, 2.4685583226697783, 81.78179045382723, 78.28001184480064, 63.38883355531387]"
NU00955,kelvin_log,0.0094429780493906,0.009539966395928,False,"[6.104287147029051, 1e-06, 50.20639437606122, 55.61103622071162, 44.06178265880343]"
NU00956,kelvin_log,0.008497551877376,0.0086278663005889,False,"[1e-06, 9.055563371966771, 23.484566690741456, 38.95655713773917, 41.81373689003121]"
NU00957,kelvin_log,0.0143426328174103,0.0142273130936021,False,"[1.7445395041404272, 7.001912391571581, 19.495632817783193, 20.37350403429538, 31.561361637668103]"
NU01117,kelvin_log,0.0091122986227992,0.0090383579300749,True,"[4.5493953320289435, 5.351317162503073, 4.631878606235148, 7.343097231159666, 7.361553886802828]"
NU01118,kelvin_log,0.0134407317604093,0.0129537196703974,True,"[25.680467247025078, 23.17463679252699, 21.856292609892336, 15.38031508607804, 14.918289265657299]"
NU01120,kelvin_log,0.0153991261877415,0.0093941798535728,True,"[32.89842618091453, 6.955416909295892, 85.97866098133058, 21.30487315141683, 63.24206671908289]"
NU01124,kelvin_log,0.0087956514765173,0.0078827878552168,True,"[1e-06, 5.917837489213052, 7.661686502302234, 7.346263425947938, 9.306180283244558]"
NU01125,kelvin_log,0.0047285679179185,0.0041786512124498,True,"[0.02755311452396315, 7.1765440785339445, 6.540243636542779, 11.133395576737882, 9.315843038311067]"
NU01171,kelvin_log,0.0310485927666732,0.0307490374771797,True,"[1e-06, 1.676259089131666, 5.741899949412401, 1e-06, 3.1182638685556405]"
NU01203,kelvin_log,0.013821412461441,0.0110919848879971,True,"[10.805523780808613, 19.93002387960565, 12.31502951384299, 0.6408844461314455, 10.050255658121232]"
NU01245,kelvin_log,0.0251563956582903,0.0244821505623488,True,"[1e-06, 1e-06, 2.942961379259201, 21.98398306837086, 14.301396880173895]"
NU01247,kelvin_log,0.016460922006692,0.016374043714867,True,"[7.023107292776145, 4.3369702298511825, 5.433688935513057, 11.659280672686752, 7.75405857415804]"
NU01251,kelvin_log,0.0344484581456494,0.0349988235443522,True,"[1e-06, 1e-06, 14.84631584441563, 10.385406778913886, 1e-06]"
NU01253,kelvin_log,0.0316618670872448,0.0298783630516622,True,"[1e-06, 1e-06, 11.39135086137549, 15.483922891839361, 1e-06]"
NU01255,kelvin_log,0.039090948124523,0.037704291688628,True,"[1e-06, 1e-06, 11.964995907615165, 9.930439241276964, 4.654072208916928]"
NU01257,kelvin_log,0.0347238322085823,0.035532688366488,True,"[3.65665034276757, 1e-06, 7.819624467789693, 4.702721488510526, 8.17823586544032]"
NU01259,kelvin_log,0.0248892678908023,0.0249596984837375,True,"[1e-06, 1e-06, 17.57870286656166, 7.131475061078055, 1.2280910550392734]"
NU01325,kelvin_log,0.0112207070863577,0.0106120318298123,True,"[10.294892248239996, 20.44525159213647, 65.86066901788526, 17.07021290284056, 31.37203868936061]"
NU01353,kelvin_log,0.0057995014962701,0.0055506411655837,True,"[5.383674149853675, 1.1858795564598874, 5.156631478485491, 7.147521552732505, 6.079640400470736]"
NU01354,kelvin_log,0.0033301131338624,0.0032513489793004,True,"[0.42581293370863826, 3.57856445300176, 3.0352657423700102, 8.380926373422122, 5.793251829995191]"
NU01355,kelvin_log,0.0124424631183808,0.0118217735552419,True,"[1e-06, 2.6275830620265848, 7.9368288915378695, 7.216558757171138, 8.809371784081645]"
NU01356,kelvin_log,0.0036844146514479,0.0035144308593236,True,"[1.7430756654146677, 6.654803909888371, 8.893067724303139, 7.289496947161817, 8.702895650464304]"
NU01357,kelvin_log,0.0045038704069769,0.0044946391545474,True,"[1.3558460815912647, 6.497115576407752, 12.73810694944105, 1.7195961793067154, 7.773055605730154]"
NU01358,kelvin_log,0.0080866853592744,0.0080409834613043,True,"[0.7745823707433008, 10.3727858294177, 14.843733527808878, 3.5314496253973546, 7.8285483666646325]"
NU01359,kelvin_log,0.0123386622587716,0.0122693639450851,True,"[1.1691316511144085, 5.922189123817465, 7.167796456840476, 3.9892071010133177, 10.756486998973974]"
NU01360,kelvin_log,0.0188483964245943,0.0183638216186401,True,"[0.7070417768259376, 9.919941780730914, 6.5085317683191874, 8.915603919786433, 4.0477374689567265]"
NU01361,kelvin_log,0.0089143739600521,0.0088242611414987,True,"[0.3845600371468555, 0.7261531358877344, 7.624477774802976, 3.789009688301353, 5.596678066241544]"
NU01372,kelvin_log,0.0131573952814431,0.0119765306868329,True,"[3.1657219090523068, 8.171832579097666, 4.025895060292553, 3.5265610547510895, 4.347868502952095]"
NU01373,kelvin_log,0.0110768309199033,0.0108069738855408,True,"[2.610687591205979, 8.507642308277726, 8.64848583748548, 1e-06, 2.3640096066363716]"
NU01374,kelvin_log,0.010979780808749,0.010249318012759,True,"[2.959481804725509, 1e-06, 30.40236662091204, 27.38290587644093, 26.38265667252392]"
NU01375,kelvin_log,0.0077492760387635,0.0075419252045943,True,"[24.188500191109107, 30.69878322279134, 60.56875444896653, 36.012913329044856, 49.78501080308104]"
NU01404,kelvin_log,0.0217962547050461,0.0216923819238209,True,"[1e-06, 6.05408029394261, 20.21156239093634, 1e-06, 4.926003018213257]"
NU01405,kelvin_log,0.0156332220867907,0.0148347065152168,True,"[1e-06, 3.3695671461980896, 14.991761893148587, 2.5316248490238005, 7.899404667279871]"
NU01406,kelvin_log,0.0204468877728643,0.0208212662327335,True,"[2.497905174268564, 0.7752825024048472, 12.55201722519011, 4.510495572183631, 8.248626174182107]"
NU01407,kelvin_log,0.030293902907037,0.030426884109998,True,"[1e-06, 1e-06, 9.076015049439963, 8.107125281407155, 4.1428429511736615]"
NU01408,kelvin_log,0.0355847001296999,0.0308412961954643,True,"[1e-06, 2.8907667254277203, 1e-06, 15.053134217833932, 1e-06]"
NU01409,kelvin_log,0.0050451965196816,0.0042384611049438,True,"[1.695627613344818, 0.057588222098602856, 0.9889543389708338, 6.251565171033933, 2.9648649720605253]"
NU01410,kelvin_log,0.0052466320502458,0.0048659865169721,True,"[0.6651534474980016, 1e-06, 41.429263535922225, 27.267504039289364, 32.24037033924156]"
NU01413,kelvin_log,0.0132854996499663,0.0120580829569071,True,"[1e-06, 4.62983006113715, 12.22791860640843, 19.355463940157723, 18.532628576886374]"
NU01414,kelvin_log,0.0169593221533938,0.0158739623685954,True,"[0.16101059316068622, 2.6568818900109883, 17.67143623008879, 10.735863120225169, 15.635276357034654]"
NU01415,kelvin_log,0.0181072078450899,0.017389583807903,True,"[1e-06, 2.6773508682443956, 15.70126290040163, 1.7631340532833553, 7.10686708344148]"
NU01416,kelvin_log,0.0111961077179345,0.0106645063573283,True,"[1.6203870050667153, 5.702329685441434, 16.578086995142318, 18.505792099409828, 23.231983562748123]"
NU01417,kelvin_log,0.0094395849407342,0.0086324547445775,True,"[1e-06, 3.488933948334186, 15.481242553090961, 20.523707536718092, 17.697888373287192]"
NU01418,kelvin_log,0.0187472929242485,0.0166145427267005,True,"[8.265063379712435, 4.13495224940525, 16.98169989033238, 27.532899934034404, 9.691198561449887]"
NU01419,kelvin_log,0.0154189004239461,0.0153199766977449,True,"[1e-06, 2.261182827883347, 12.072709363480932, 19.259819230431344, 18.279895394298755]"
NU01420,kelvin_log,0.0091183213956933,0.0081809504172829,True,"[1.9230191204480664, 5.323748564926098, 2.4958595679638127, 21.09923361965882, 12.386221762456131]"
NU01421,kelvin_log,0.0168139621961902,0.0144734948811534,True,"[1e-06, 4.031744716486877, 2.2018630625044655, 19.93045470153538, 9.53043361821063]"
NU01428,kelvin_log,0.0105669952233214,0.0099597851119967,True,"[4.854359529094821, 1.9073778085035566, 22.533903053665142, 29.361858764180145, 34.83590211811376]"
NU01429,kelvin_log,0.0054093970581575,0.0049618730612973,True,"[9.777304141675309, 3.3070813695692225, 23.255890805434706, 35.700626921938664, 26.416544764021925]"
NU01430,kelvin_log,0.0175681482352724,0.0154339676467234,True,"[9.439736508059966, 7.82369732200736, 19.197913792860923, 43.14518588956567, 15.309177554167157]"
NU01431,kelvin_log,0.0100584614911054,0.0099062911208873,True,"[1e-06, 1e-06, 22.31390602827635, 33.32861294731009, 16.34961880719548]"
NU01432,kelvin_log,0.0107808272209777,0.0099396448365811,True,"[10.109504732989963, 4.752597974358239, 11.985537322939845, 21.929032742739782, 19.120344529884076]"
NU01433,kelvin_log,0.0100759471380674,0.0091923412142594,True,"[2.9729809871826975, 1e-06, 10.589316596546993, 12.695260068293855, 9.569807032620968]"
NU01434,kelvin_log,0.0143646158599989,0.014537496821237,True,"[3.289859059914309, 25.51912973917097, 19.591200589682654, 1e-06, 9.967344908683366]"
NU01435,kelvin_log,0.0055868691042617,0.0055110950709797,True,"[5.786941397671473, 12.429314615029439, 20.136070229667325, 2.8295434820682397, 14.155666621152374]"
NU01436,kelvin_log,0.0037565316490374,0.0035305701219922,True,"[2.8341027660109024, 8.383448344272983, 16.669005308112606, 9.767551779002002, 11.029277109425067]"
NU01437,kelvin_log,0.0069649816407544,0.0069710754417535,True,"[4.891724975416085, 21.32642982784635, 18.394924261857952, 1e-06, 13.257287998585351]"
NU01438,kelvin_log,0.0056072044519927,0.0055158077036248,True,"[4.404590192791758, 10.607060246823607, 16.563331491429448, 3.135244158984891, 11.046604668008362]"
NU01439,kelvin_log,0.0115266998180006,0.0111313300739353,True,"[2.9398799234978843, 11.969087028357771, 12.787807566217243, 3.1819061945995073, 5.774537191026715]"
