curve_id,family,normalized_rmse,noise_fraction,extrapolated_to_160,params
NU00017,weibull,0.0232657057614978,0.0221668845762759,True,"[60.87508280758047, 0.010000000009225036, 0.18180341814955517]"
NU00019,weibull,0.0264402373068036,0.025327024799722,True,"[43.846048861528445, 0.12983181025982093, 0.14212004838521494]"
NU00020,weibull,0.022288376834542,0.0216253357609095,True,"[41.22641531389489, 0.01000000000008411, 0.11605295542112769]"
NU00022,weibull,0.0046632274664701,0.0038398512558983,True,"[68.00803487405891, 0.010000000038950019, 0.14010261128165144]"
NU00024,weibull,0.0149823724789931,0.0119969630380035,True,"[41.211954245468206, 0.010000000000000241, 0.2173927340425462]"
NU00025,weibull,0.0058603549892514,0.0048496010203636,True,"[94.98181401335565, 0.010000000011585818, 0.13516369231240175]"
NU00026,weibull,0.0184348469568208,0.0172339412587005,True,"[99.58744931972868, 3.587004079195233, 0.6276243139521598]"
NU00027,weibull,0.0045231341774255,0.0037546003203084,True,"[45.53732949467068, 0.01000000013965945, 0.15779342764125787]"
NU00050,weibull,0.0176285265928123,0.0177901691140729,True,"[79.37220669629677, 0.010000000000000004, 0.18835909080341517]"
NU00051,weibull,0.0233739476085617,0.024148045195082,True,"[55.36637820613401, 0.01000000000000001, 0.24618972410576942]"
NU00052,weibull,0.021497901839391,0.0208330238114737,True,"[76.25849038083585, 0.010000000000001744, 0.16500857214931708]"
NU00053,weibull,0.0178238492087652,0.017893595808941,True,"[75.60415298244891, 0.010000000000000096, 0.14876665809646822]"
NU00054,weibull,0.0174876949357328,0.0165436673217966,True,"[69.34331822984754, 0.010000000000000083, 0.23114096533667886]"
NU00055,weibull,0.0208702336646109,0.0203484032305354,True,"[48.00017595671024, 0.01000000000000146, 0.11636297014594038]"
NU00064,weibull,0.0490894825581346,0.0480428969035272,True,"[54.15457316834123, 0.010000000000014346, 0.21158898914379629]"
NU00068,weibull,0.0126578152619943,0.0124900448834475,True,"[71.95369528196079, 0.7730360666139118, 0.18435126955476233]"
NU00069,weibull,0.0444102345760787,0.0426595011548863,True,"[44.76470739397405, 3.5356422382604267, 0.6418162304263367]"
NU00070,weibull,0.0239716000011103,0.0239321325808408,True,"[54.08905352196889, 1.207052646079895, 0.5222114288902863]"
NU00079,weibull,0.0467002736462038,0.0481862323398551,True,"[20.352405634319176, 2.6650956410396716, 0.5915263929033457]"
NU00082,weibull,0.0561689442467826,0.0547744308678256,True,"[13.330969644763393, 4.233045963016953, 0.9560102436003123]"
NU00085,weibull,0.0394155022359744,0.04030619533826,True,"[23.469643952363782, 5.072469348834504, 0.7350489035836413]"
NU00086,weibull,0.0539599465045391,0.0563698543429728,True,"[14.35872430401246, 3.9962957114439948, 0.8866181989929809]"
NU00090,weibull,0.0312705422301775,0.0306908364722803,True,"[51.96331664597865, 0.010000000216161273, 0.4302511200865796]"
NU00091,weibull,0.0466580080043491,0.0464664120831737,True,"[42.17317947154956, 0.6535823562257363, 0.311631729924136]"
NU00092,weibull,0.0521753469880374,0.0522308887485331,True,"[23.974478660351437, 0.010000000000020577, 0.40900114543271315]"
NU00093,weibull,0.0547956389510756,0.0538551663616992,True,"[15.261944949643272, 2.4898441229403496, 0.6522155210081232]"
NU00109,weibull,0.0074304971992652,0.006845901504179,True,"[86.2887856304942, 1.9826148658833316, 0.19863966621417795]"
NU00110,weibull,0.0255344911776792,0.0242358320886668,True,"[77.43844299189735, 1.993200967160754, 0.10001000000000036]"
NU00111,weibull,0.0324826768252909,0.0311036277468094,True,"[66.7331497802215, 1.6981991248161517, 0.10001000000006854]"
NU00113,weibull,0.0154341139905974,0.0149824935716983,True,"[76.33361170690807, 2.9209854858376474, 0.10001000000000002]"
NU00114,weibull,0.0421390681417877,0.0437660078572343,True,"[48.719016249548304, 7.058181284602927, 0.10001000000000734]"
NU00115,weibull,0.0359111612794278,0.0363966708715299,True,"[52.09567991112497, 4.5452223914349466, 0.10001000000000024]"
NU00116,weibull,0.0335281556025777,0.033001328693306,True,"[52.728521689090336, 2.914448151557249, 0.10001000000001475]"
NU00117,weibull,0.0370647169256744,0.0381212331359255,True,"[68.25443235020298, 6.495688583865723, 0.10001000000000311]"
NU00118,weibull,0.0274133847899062,0.027990529052339,True,"[74.49169836059342, 5.984999906970974, 0.10001000000000002]"
NU00119,weibull,0.0295716435161518,0.0292821578113797,True,"[36.35589881862284, 5.343893112671321, 0.10001000000000002]"
NU00120,weibull,0.030115223210687,0.0294144017633219,True,"[41.362562036833815, 4.132539320194571, 0.10001000000000348]"
NU00121,weibull,0.0257953550957346,0.0252795142018682,True,"[38.26520590409752, 4.167660768402378, 0.10001000000000031]"
NU00122,weibull,0.0336929027340434,0.0338704408067837,True,"[47.05206845141107, 4.892262709754772, 0.10001000000000465]"
NU00123,weibull,0.0425470414997752,0.0432701975414846,True,"[22.713939720347454, 4.21559716614827, 0.10001000000000346]"
NU00124,weibull,0.027157986828406,0.026434893001802,True,"[27.01940399525688, 2.7637785574328184, 0.10001000000000002]"
NU00125,weibull,0.0377529661209017,0.0366476603927948,True,"[27.71131302155161, 0.9219368646919681, 0.10001000000000074]"
NU00126,weibull,0.0403282508066555,0.0424799889740866,True,"[17.847723916021252, 8.94419010891753, 0.10001000000000021]"
NU00142,weibull,0.0177086512104987,0.0171982172064179,True,"[35.93581356884892, 4.371592126413646, 0.67998868339522]"
NU00143,weibull,0.0934017983219075,0.0876807551546526,True,"[11.078585042230829, 0.010000000000210198, 0.290315376877651]"
NU00150,weibull,0.0283727933408119,0.0269309301564099,True,"[15.276319869102341, 0.7638770286221361, 0.4093702249056001]"
NU00151,weibull,0.0556810981637043,0.0566232572695259,True,"[7.670215148690088, 3.01901010082868, 0.46415129049799037]"
NU00152,weibull,0.0567114827028718,0.0544690203501385,True,"[16.1381272555286, 0.010000000000027197, 0.34964302888150195]"
NU00153,weibull,0.0421037289955254,0.0400224752120277,True,"[19.356839111361353, 0.010000000000118215, 0.3073639598973156]"
NU00155,weibull,0.0480968045806749,0.047739089525551,True,"[20.754358413802784, 0.010000000000000002, 0.4535282273019158]"
NU00156,weibull,0.0321139580376447,0.030638608018446,True,"[15.407853479151651, 0.654303466890068, 0.3233088596287456]"
NU00157,weibull,0.053611182020821,0.0537516339011531,True,"[10.37282502038653, 0.010000000000000873, 0.17896314517703263]"
NU00158,weibull,0.0148041041387305,0.0142875557248267,True,"[23.520689642192703, 0.010000000000000012, 0.2087779389252345]"
NU00159,weibull,0.0167528178130232,0.0161890381595068,True,"[27.733304039768896, 0.01000000000020456, 0.15122744970065166]"
NU00160,weibull,0.013684950925939,0.0124789009482681,True,"[25.33254873163045, 0.010000000000000285, 0.23777066978487196]"
NU00161,weibull,0.0058030581689899,0.0052240991488287,True,"[31.76958532081505, 0.14239033490933628, 0.31271241587042725]"
NU00162,weibull,0.0046986464308863,0.0039614081630176,True,"[27.51763835250025, 0.23601947651613386, 0.28505666778952804]"
NU00163,weibull,0.0086491986476566,0.0076176283531582,True,"[16.46357298843878, 1.577755069071685, 0.5199803410459524]"
NU00166,weibull,0.028205321513673,0.0251338014131174,True,"[5.835475082354767, 1.003580200814662, 0.5310636889459661]"
NU00167,weibull,0.0304409358560391,0.0276733610733431,True,"[5.720044848613708, 1.7921482181746096, 0.5854803124793081]"
NU00170,weibull,0.020728168318985,0.0189197715537611,True,"[14.790362109349488, 0.6108650023010918, 0.3028590739668791]"
NU00171,weibull,0.0277513951785818,0.0254274329325509,True,"[15.9343796395827, 0.10542101096832159, 0.25412531071059763]"
NU00173,weibull,0.0283669777182972,0.0288016229935625,True,"[11.424944406979945, 0.01000000000000245, 0.3259945835475982]"
NU00176,weibull,0.0447782351833851,0.044500306151632,True,"[7.748090760032212, 5.429590904934369, 0.7507603178875892]"
NU00177,weibull,0.0296038231755281,0.0276597386951147,True,"[19.907314278499552, 1.7246441218261375, 0.5767339292433067]"
NU00178,weibull,0.0238920666682648,0.023724078542147,True,"[19.83949397775942, 1.279636649331001, 0.46862471059139144]"
NU00183,weibull,0.0092191785889907,0.008846235669189,True,"[24.07385846020638, 0.355099111960312, 0.30412780059432054]"
NU00184,weibull,0.0117031599042733,0.010656696349158,True,"[18.889001221227957, 0.010000000000000016, 0.3208190170802928]"
NU00185,weibull,0.0121620869859694,0.0120574837534644,True,"[20.879580330119236, 0.010000000000000002, 0.2696172961689803]"
NU00186,weibull,0.0155450304408511,0.0157638080458334,True,"[25.737771820524813, 0.010000000000000136, 0.206132377481668]"
NU00187,weibull,0.0118521317067218,0.0115093125172784,True,"[13.490199794728543, 0.010000000000000411, 0.3086354302248198]"
NU00188,weibull,0.0139390465667061,0.0139542791892584,True,"[29.967251717529003, 0.010000000000000049, 0.1659076396998729]"
NU00189,weibull,0.005565790610111,0.0055392098267047,True,"[29.84252019545512, 0.06790592916013849, 0.2530878488400216]"
NU00190,weibull,0.0312373157775327,0.031861685987123,True,"[25.68657771914906, 0.01000000000054818, 0.2114006334287005]"
NU00191,weibull,0.0321150217102323,0.0341335414839458,True,"[40.45715368238292, 0.010000000000061238, 0.2510998993271033]"
NU00192,weibull,0.0096572603763618,0.0095264778677054,True,"[60.92507185545419, 0.010000000000000064, 0.3711175753440105]"
NU00193,weibull,0.0235626704088661,0.0217124551182123,True,"[64.24469644774673, 0.010000000000000028, 0.3518362898909806]"
NU00194,weibull,0.0310712565755038,0.0315940918508021,True,"[83.29834085350872, 0.010000000000000021, 0.27151035506114995]"
NU00195,weibull,0.0129335019807827,0.0121076212625207,True,"[53.090118571405874, 0.010000000000000033, 0.36172616965593457]"
NU00196,weibull,0.0085186036981429,0.0083717525358952,True,"[23.403449184291595, 0.31127798375924043, 0.29018103513580185]"
NU00197,weibull,0.0127664220076746,0.0124916165316061,True,"[17.37398627162019, 0.010000000000000094, 0.29658104658769646]"
NU00198,weibull,0.0132348079364629,0.0128315575204367,True,"[18.978246845175608, 0.010000000000000004, 0.2662597648052689]"
NU00199,weibull,0.0115373805495674,0.0113723427133959,True,"[24.449744283299587, 0.010000000000000005, 0.18640308870724376]"
NU00200,weibull,0.0151716798944846,0.0150506227694921,True,"[13.406976288427376, 0.010000000000000406, 0.3102675733407251]"
NU00201,weibull,0.0187316415724384,0.0181805690384889,True,"[30.291145511662332, 0.9288277120272359, 0.2482612298625494]"
NU00202,weibull,0.0051751671931778,0.0050007709333608,True,"[29.07995588403496, 0.19521920896938935, 0.23995623403010113]"
NU00203,weibull,0.0067823705286237,0.006372037355974,True,"[28.525810508110332, 0.5361917247085991, 0.2663427503206721]"
NU00204,weibull,0.0187231551858948,0.0179976293961568,True,"[43.589085263446506, 0.010000000000000385, 0.3051630111575165]"
NU00205,weibull,0.0160978124243724,0.0159374034207303,True,"[48.88714307916574, 0.010000000000000047, 0.3362442800216572]"
NU00206,weibull,0.0201272103917518,0.0197663497373225,True,"[61.095378739802314, 0.01000000000000061, 0.291899559955493]"
NU00207,weibull,0.0204667590601841,0.0202606863909227,True,"[74.65164137900301, 0.010000000000005707, 0.2053635392516718]"
NU00208,weibull,0.0291117695487846,0.0289351559713222,True,"[43.46368292446525, 0.010000000000029655, 0.29261908568068645]"
NU00209,weibull,0.010821239700168,0.0084861115081987,True,"[58.65784649739844, 0.010000000000002358, 0.3357094260773266]"
NU00210,weibull,0.0176857656234517,0.0137294637479013,True,"[52.81461853689365, 0.010000000000010676, 0.36985424418123025]"
NU00211,weibull,0.0100237484276872,0.0084702027134846,True,"[53.253587252147184, 1.4191991155296066, 0.481527119214775]"
NU00212,weibull,0.0127596911383453,0.010316073221769,True,"[66.79123990867639, 0.010000000000001447, 0.2753336134808423]"
NU00214,weibull,0.0123894666311251,0.0097400031740172,True,"[52.1527686183105, 0.38480485915645446, 0.40557420812865824]"
NU00215,weibull,0.016377736325587,0.0120285298423702,True,"[57.730747589686985, 0.010000000000000002, 0.4780429248969188]"
NU00216,weibull,0.0087164055700634,0.0066412738652917,True,"[30.055331492595037, 0.35041069843599976, 0.49172629782247534]"
NU00217,weibull,0.0067746057657711,0.0055306830773237,True,"[73.49478179519093, 0.010000000000000002, 0.2627862189190827]"
NU00218,weibull,0.0037041615267178,0.0029315846249417,True,"[38.03242144388776, 0.22331074238573878, 0.36622027932053997]"
NU00219,weibull,0.006356318362927,0.0056884176407468,True,"[55.870707500412955, 2.808944432910377, 0.6786402334990194]"
NU00220,weibull,0.006870009589178,0.0054600510197427,True,"[49.825977586609916, 0.010000000000000049, 0.30050517284844785]"
NU00221,weibull,0.0075074014081778,0.006114877448129,True,"[29.2199075174108, 0.010007926837254613, 0.24130392874437967]"
NU00224,weibull,0.0148334096489837,0.0135105151341035,True,"[48.08871728254759, 3.481491028204932, 0.8495121528672847]"
NU00226,weibull,0.0069036849660684,0.0059054727702615,True,"[27.12153580985747, 1.4720147509427361, 0.4595679033872121]"
NU00242,weibull,0.0158495928242914,0.0156643948556954,True,"[83.27302148955386, 0.01000000000000274, 0.16858040135207208]"
NU00243,weibull,0.0196203935531702,0.018807042453769,True,"[72.81865149067193, 0.685976615658821, 0.10001000000000008]"
NU00244,weibull,0.0108640333118222,0.010446769551527,True,"[70.92403715921697, 0.2519352230146807, 0.22100138527919042]"
NU00245,weibull,0.0661531806082129,0.0690111076891679,True,"[14.858105220476617, 2.8178161993501134, 0.10001000000000405]"
NU00246,weibull,0.0486411298145188,0.0518959422392764,True,"[8.248081138871994, 0.01000000000031194, 0.21158654438062577]"
NU00247,weibull,0.0098229713691435,0.0094042474530919,True,"[55.046466369157955, 0.01000000000000004, 0.2145438498848928]"
NU00248,weibull,0.0585030493440098,0.0601233438421093,True,"[8.660149384389612, 0.010000000000000986, 0.19870300031944194]"
NU00250,weibull,0.0081082481175206,0.0077293238996154,True,"[52.031602227076334, 0.010000000000000007, 0.2587051943386057]"
NU00251,weibull,0.0080557008059965,0.0076640190931912,True,"[69.89858677083596, 0.46688301798483467, 0.24940981693263395]"
NU00252,weibull,0.0112616581492504,0.0111050386308925,True,"[57.49966643845701, 0.38405755454793783, 0.28077399829360233]"
NU00253,weibull,0.0162143321782916,0.0165658567358432,True,"[54.02866573783268, 0.010000000000000056, 0.2166130391054554]"
NU00254,weibull,0.0240211700929241,0.0244369427143043,True,"[10.616247704821237, 0.010000000000001147, 0.21849602922127753]"
NU00255,weibull,0.0280479102794474,0.0291604567399918,True,"[6.2520082741495395, 0.010000000000035644, 0.18947527547656434]"
NU00256,weibull,0.0360524154150056,0.0363088816106773,True,"[54.90939087100738, 0.010000000000000292, 0.23523649320822082]"
NU00257,weibull,0.011928109910627,0.0117156211322644,True,"[74.83308554735035, 0.010000000000000002, 0.39188601162199677]"
NU00258,weibull,0.0055106865660344,0.0051612847957149,True,"[60.00455260059644, 1.6079756869441864, 0.5765257769504433]"
NU00259,weibull,0.0433015924396469,0.0452300865255932,True,"[9.765098340779822, 0.010000000000046999, 0.23762424466006968]"
NU00260,weibull,0.016546882663823,0.0163008837501372,True,"[44.35948280429745, 3.043911788158094, 0.521986548473225]"
NU00261,weibull,0.0109986379463846,0.0102406958952761,True,"[39.20146532504901, 0.010000000000005576, 0.18856019693704132]"
NU00262,weibull,0.0486300361374087,0.0507675200680058,True,"[6.801066038149783, 0.010000000003847164, 0.2705891103617796]"
NU00264,weibull,0.0190197675999563,0.0169659689228823,True,"[56.27691161393439, 0.010000000000000748, 0.4357326798116051]"
NU00265,weibull,0.0390684102162049,0.0395915241093528,True,"[12.630876482203636, 0.01000000000001644, 0.2155817206863846]"
NU00266,weibull,0.0111667086004994,0.0106707794249775,True,"[60.2769853796434, 0.6438630170258118, 0.2806217539484328]"
NU00267,weibull,0.008243756231211,0.0080752318329791,False,"[59.1083322014086, 0.31609783789979123, 0.17366576007326212]"
NU00268,weibull,0.0112068656012838,0.0110651957765557,False,"[49.120954806228376, 1.1989795164262482, 0.33337948246438776]"
NU00269,weibull,0.0077739763934002,0.0076950399016822,False,"[53.13957607984051, 0.3740294045042823, 0.250356531206733]"
NU00270,weibull,0.0588846569913217,0.0654030196146022,True,"[5.5820797800700275, 0.010000000000091167, 0.3542963135092542]"
NU00271,weibull,0.049812415045136,0.0540944876147028,True,"[8.655904179356954, 0.010000000000020047, 0.24156304923453786]"
NU00272,weibull,0.0306957570271918,0.03008761816299,True,"[8.263719333758848, 0.010000000000016896, 0.2687534782568467]"
NU00276,weibull,0.0469188662678381,0.0364379561166222,True,"[33.22103868383592, 0.01000000000013802, 0.22065479940995478]"
NU00277,weibull,0.0211106760209051,0.0179303377520599,True,"[24.37159855410603, 2.354721533229554, 0.3784580682505842]"
NU00278,weibull,0.0251128231706002,0.0122595346467412,True,"[52.849545800150516, 0.010000000000015372, 0.7024570057780978]"
NU00279,weibull,0.0720148254013248,0.0758515114840421,True,"[107.94887917102696, 0.010000000000448978, 0.18971788770733106]"
NU00280,weibull,0.0321637296997525,0.032675573708728,True,"[125.10905183423297, 0.01000000000000029, 0.26092530074766657]"
NU00282,weibull,0.0367306546243041,0.037915376109487,True,"[75.36902499711282, 0.010000000000041231, 0.15869963885171215]"
NU00283,weibull,0.0687336893905215,0.0690818256186793,True,"[63.677473511990144, 0.010000000000001306, 0.24309794332571422]"
NU00284,weibull,0.0142419892409778,0.0138728448288111,True,"[70.52804763037356, 1.964402029640572, 0.469962772214746]"
NU00285,weibull,0.0283407311917401,0.0275423407145875,True,"[152.0843893968916, 0.01000000000000001, 0.2569543311276072]"
NU00286,weibull,0.0292599889812789,0.0284569559103613,True,"[144.87608795714857, 0.010000000000000094, 0.39552720842800154]"
NU00287,weibull,0.0205091125290776,0.0203971966593489,True,"[98.63825763430839, 1.6906937478469082, 0.5051192447112601]"
NU00288,weibull,0.0169445691878103,0.0165888230786066,True,"[126.76131551002587, 1.2526351872872317, 0.44403273796888526]"
NU00350,weibull,0.0263534276421736,0.0259694344360992,True,"[26.90198619893242, 3.26615750885822, 0.4235016888357051]"
NU00351,weibull,0.0190807725451153,0.0182027489118607,True,"[55.3468487238012, 0.0100000000000012, 0.24637125469673732]"
NU00352,weibull,0.0111452670245175,0.0100821357891051,True,"[30.731427324793977, 1.743727624873866, 0.5921340272423975]"
NU00353,weibull,0.0108296366855673,0.0104470655437791,True,"[26.64113301986635, 0.010000000000031808, 0.15031641998382028]"
NU00354,weibull,0.0064888783788656,0.0062521573920065,True,"[30.93867481987789, 0.4805903037266472, 0.3034065038795906]"
NU00355,weibull,0.0152981865112961,0.0150404943781822,True,"[46.18801962292402, 0.010000000000000142, 0.20432713439695652]"
NU00356,weibull,0.0116719468118032,0.0116713451912318,True,"[32.10165465248653, 1.269860491070758, 0.5675914612555659]"
NU00357,weibull,0.0243546576742461,0.0222687456353369,True,"[17.279985031687968, 0.010000000000000005, 0.3687307660305426]"
NU00414,weibull,0.0490676259507253,0.0496976251603335,True,"[13.032668270566267, 3.1733824692406247, 0.5392098170487828]"
NU00415,weibull,0.0255978610922211,0.0248297252792005,True,"[29.381679939061826, 0.010000000000009246, 0.13095529228797165]"
NU00416,weibull,0.0550730144569232,0.0585544116574869,True,"[5.737319847944828, 4.600741584613823, 0.7643652643959468]"
NU00417,weibull,0.0564623436564196,0.0586133891289892,True,"[8.188059557917667, 3.6508471351851384, 0.8199113706878438]"
NU00418,weibull,0.0495935173881152,0.0502537066865329,True,"[7.1054126896895875, 0.9787480952605233, 0.45717106340380587]"
NU00419,weibull,0.0320703526932475,0.0322924889052742,True,"[8.938090064407733, 3.6275722475554177, 0.7734086278944322]"
NU00420,weibull,0.019111470342693,0.0190990931888001,True,"[7.004536345071112, 4.216588307254749, 0.7879441549910761]"
NU00421,weibull,0.0514940507278115,0.054011792826661,True,"[9.34317619768872, 0.010000000000004419, 0.3778460559190316]"
NU00422,weibull,0.0310891467588882,0.0274792255290823,True,"[21.609149881837887, 2.5153808767095804, 0.6310815983301831]"
NU00423,weibull,0.0116032663815896,0.0100638214690358,True,"[41.62215294301253, 1.3628560873946005, 0.4422618498007386]"
NU00424,weibull,0.0208604273760232,0.0193427957623813,True,"[11.000289815873098, 3.1777458683322597, 0.64218384276251]"
NU00426,weibull,0.0243722474160431,0.0240581572564042,True,"[11.244915536748504, 2.417498675728322, 0.5902487043863361]"
NU00427,weibull,0.0344717010594086,0.033416468010708,True,"[13.926306159971576, 0.010000000000000026, 0.2502476278047451]"
NU00428,weibull,0.0349965584427584,0.0342571111546178,True,"[7.457572107556366, 0.010000000000000783, 0.25088754529989105]"
NU00429,weibull,0.0679243666864479,0.0649795923750546,True,"[8.258015743246458, 0.010000000000000562, 0.24387521987880836]"
NU00430,weibull,0.0124535280359222,0.0119290805094647,True,"[16.077042283438217, 1.1286605406728014, 0.3675632019531637]"
NU00431,weibull,0.015614084184319,0.0149435553429071,True,"[10.344220627397661, 1.7886501885205577, 0.5370726701468997]"
NU00432,weibull,0.0179264611673255,0.0176557878246334,True,"[16.04222305212387, 3.323736502890417, 0.5917028627756574]"
NU00435,weibull,0.0240361003832771,0.0241477740752185,True,"[9.057916179209665, 4.252533528065455, 0.9378771261045152]"
NU00439,weibull,0.0272815854170115,0.0264884943168388,True,"[11.535338816003915, 2.15384733852978, 0.6188280905321314]"
NU00445,weibull,0.0351113156384396,0.0338632510231079,True,"[24.26243083922546, 0.36540405240498414, 0.23221864482951698]"
NU00446,weibull,0.0320757954619856,0.0311463899811871,True,"[8.856623227914865, 0.26936493070212436, 0.3902542347522689]"
NU00448,weibull,0.0209664376162573,0.0202254353370909,True,"[25.397610139757223, 1.7331565471802863, 0.8013979656424931]"
NU00449,weibull,0.0079519531210593,0.0077203265322379,True,"[48.410102231965034, 1.0399519717710166, 0.4774424779260175]"
NU00472,weibull,0.001753641323855,0.002,True,"[54.60047812724806, 0.807941622577226, 0.22547478353660472]"
NU00473,weibull,0.0086471467912673,0.0071275599506863,True,"[45.61627283406336, 0.9191448438240062, 0.4382477502964533]"
NU00474,weibull,0.0109450158808714,0.0094624940725752,True,"[61.65069610359998, 0.010000000000000299, 0.23001060407127275]"
NU00475,weibull,0.0184522037762415,0.0157069664343348,True,"[51.925202127320496, 0.010000000000000002, 0.2817750978264331]"
NU00476,weibull,0.0123941392452217,0.0106173830847019,True,"[46.46029421982304, 0.010000000000000005, 0.25209816403559543]"
NU00477,weibull,0.0057599489873911,0.0048663535404614,True,"[52.43469016787292, 0.010000000000147287, 0.1614277847216115]"
NU00478,weibull,0.0061125010940193,0.0052367767056059,True,"[41.78668510567605, 1.7944342882093625, 0.5624732102428496]"
NU00479,weibull,0.0095866294034059,0.0075232912031812,True,"[50.970401886621836, 0.22321256419566726, 0.43716255181319463]"
NU00480,weibull,0.0085203346393079,0.0067981148073112,True,"[33.827588740866496, 0.5042868379796279, 0.45805043146548235]"
NU00496,weibull,0.0110177925125971,0.0103565143313785,True,"[23.235578937841744, 0.010000000000000002, 0.23645347364174882]"
NU00497,weibull,0.0114525193908088,0.0112796342896191,True,"[16.659996201918702, 0.010000000000000002, 0.27905822409610054]"
NU00498,weibull,0.0126288899926193,0.0123511125075296,True,"[12.933374749056702, 0.08717542915537202, 0.3428421261136538]"
NU00506,weibull,0.0264206015765512,0.0262336373693951,True,"[10.265946512032235, 1.4097826618955256, 0.5236827861904665]"
NU00507,weibull,0.0517744635682114,0.0489066145553637,True,"[16.059028665926085, 0.01000000000000098, 0.3788814516466801]"
NU00508,weibull,0.0346627890234292,0.0342546732794093,True,"[14.600707067957783, 1.5772436510746883, 0.5388869638477073]"
NU00543,weibull,0.013209542358496,0.0131013110278212,True,"[80.09333837337256, 2.6826105196617456, 0.7132768810778122]"
NU00544,weibull,0.0246152957809705,0.0238952074893315,True,"[74.8465375894506, 2.2251716914032476, 0.6174489209290449]"
NU00545,weibull,0.0246695362067392,0.0239719645117991,True,"[65.23039671100344, 1.8613289970920315, 0.588029078119119]"
NU00546,weibull,0.028744966260819,0.0290157592208536,True,"[62.68061507340432, 2.856750088833636, 0.681529055778148]"
NU00547,weibull,0.0435012805950329,0.0435334182949135,True,"[36.60455743332237, 2.8964013906084554, 0.515535273108108]"
NU00548,weibull,0.0257278877737751,0.0251159069085966,True,"[24.66397389311432, 1.9247994986394361, 0.5704339831274062]"
NU00549,weibull,0.0348265960960165,0.0360402932055202,True,"[19.511625327859974, 5.1840386004063745, 0.6318513775112583]"
NU00550,weibull,0.03355934019008,0.033847975536704,True,"[18.387355037533602, 2.4250185607246686, 0.4836720017343449]"
NU00551,weibull,0.0337971385346143,0.0346922326095505,True,"[82.51465583376068, 2.468662388747317, 0.26156614806074735]"
NU00552,weibull,0.0129098941196706,0.0120767491775057,True,"[43.65745020434732, 2.0806496796783303, 0.12885115832397884]"
NU00553,weibull,0.0182236591181511,0.0187542297746358,True,"[45.79665838370259, 4.04274753932708, 0.48826498308670446]"
NU00554,weibull,0.0252587467033665,0.0249341011152046,True,"[40.58158697045771, 2.607459131362998, 0.40707514569643677]"
NU00555,weibull,0.0201069688452673,0.0168520705895401,True,"[20.37892175044222, 0.01000000000000838, 0.1548281770769689]"
NU00556,weibull,0.007928275485631,0.0078679387217853,True,"[36.98144083367169, 4.036079953964609, 0.31843826832273964]"
NU00557,weibull,0.0065585203807249,0.0065556158055288,True,"[30.953708484333614, 5.820053466830151, 0.3760000292057395]"
NU00558,weibull,0.0062548865757269,0.0062460266120556,True,"[28.85086686932735, 4.474189441752208, 0.3640537233660473]"
NU00559,weibull,0.0142907811268848,0.0142773490870748,True,"[26.524931032560488, 3.3113143060340007, 0.38492625589891766]"
NU00560,weibull,0.0227514678882734,0.0195996455701089,True,"[13.035898198841274, 0.010000000000000705, 0.1593679411167553]"
NU00561,weibull,0.0243555189617417,0.0247371801620757,True,"[54.54525300135386, 8.789730956793957, 0.5266717841500818]"
NU00562,weibull,0.026192530347916,0.0269343647189007,True,"[41.62118953205293, 12.591159007475646, 0.5682292812781012]"
NU00563,weibull,0.026078161043133,0.0231375964332359,True,"[44.22702428427749, 2.1675505978399934, 0.27701891769279396]"
NU00564,weibull,0.0217012004904551,0.0199881482216273,True,"[34.416797790356874, 2.764279635675135, 0.2665021731781519]"
NU00565,weibull,0.0144931467595977,0.0077338404930546,True,"[25.861074515573925, 0.010000000000000002, 0.36502585342339827]"
NU00566,weibull,0.0211502080121056,0.0128750083532791,True,"[15.704532614476522, 0.010000000000000002, 0.29688250940439637]"
NU00567,weibull,0.0145356866763007,0.0144434824000707,True,"[35.42470969489197, 0.9658708048841538, 0.3505646040064817]"
NU00568,weibull,0.0136148275647651,0.0134531099950264,True,"[22.3656603783472, 0.8568149033709498, 0.3212015507637708]"
NU00569,weibull,0.0105952016539882,0.0102211627127645,True,"[31.71979350325311, 0.010000000000000382, 0.27814451237387]"
NU00570,weibull,0.0239796908809018,0.0220434362056455,True,"[22.73581735330778, 0.9556002982006688, 0.34858837767362133]"
NU00571,weibull,0.0099471534331786,0.0084207549223141,True,"[24.924717483927022, 0.1978761909472423, 0.34055325212789594]"
NU00572,weibull,0.0209101329886747,0.0191183872837466,True,"[14.108968060460995, 1.296879060395671, 0.40812387373961334]"
NU00573,weibull,0.0155530231497493,0.015833016925885,True,"[34.2711328795247, 0.010000000000000002, 0.26072198875478786]"
NU00574,weibull,0.0218382510895851,0.0220262061665001,True,"[28.586861717409803, 0.010000000000000033, 0.2902732072267935]"
NU00575,weibull,0.0211916340059383,0.0212258980443109,True,"[22.47895453647426, 1.5347912318682422, 0.5295718005184856]"
NU00576,weibull,0.0475947316147189,0.043980947710727,True,"[15.672051162949504, 0.01000000000000273, 0.26601057347090284]"
NU00577,weibull,0.0202471639525174,0.0204902865662592,True,"[32.94292997065843, 0.010000000000000002, 0.2467349592214252]"
NU00578,weibull,0.0187909537480665,0.0195908818240772,True,"[20.59468725957873, 0.5076046776328299, 0.27944864894263216]"
NU00595,weibull,0.008399438780784,0.0083125319077884,True,"[13.492099346450171, 1.833450129358059, 0.5276030078641956]"
NU00596,weibull,0.0120474814884493,0.0118504201368666,True,"[10.149922875589462, 1.026056417104434, 0.4163805203121062]"
NU00597,weibull,0.0108423844128571,0.0103913468319938,True,"[50.05318666371299, 0.5600897416214881, 0.49802820154719424]"
NU00598,weibull,0.0109382200983335,0.0109315713037667,True,"[23.21110886717746, 0.5812842075523733, 0.43522034250288744]"
NU00650,weibull,0.0134704697013034,0.0119734321734176,True,"[26.674459920270333, 4.192332583112356, 0.588727099219704]"
NU00651,weibull,0.0073542251433871,0.0056771767734113,True,"[31.78916074340905, 1.0223832609544876, 0.33474895186749104]"
NU00652,weibull,0.0134096678844059,0.0106525536291339,True,"[34.252544116442856, 1.7014993405760308, 0.3867266025857868]"
NU00653,weibull,0.0093701238503992,0.0064879887856543,True,"[42.61911725813756, 0.6213999113994441, 0.40505694449458457]"
NU00726,weibull,0.0114725345504797,0.0094770875540751,True,"[57.62241210571233, 0.6017089717864195, 0.21663959718926146]"
NU00727,weibull,0.0144658817547578,0.0118857124672381,True,"[24.828464310447263, 0.01000000000007622, 0.13297465803248582]"
NU00728,weibull,0.0232729478925525,0.0225032164970778,True,"[51.917110798709366, 0.6976906275553203, 0.3236668863013355]"
NU00729,weibull,0.0526393957561255,0.0546384152203609,True,"[19.846321460877533, 1.677018501353311, 0.3022769395292941]"
NU00730,weibull,0.0110023661048911,0.0096082246656063,True,"[85.42436714275931, 2.2547149933877733, 0.3599491201344038]"
NU00731,weibull,0.0179120246747028,0.0152624010156995,True,"[32.860929966115826, 0.010000000000995102, 0.1357866369379381]"
NU00732,weibull,0.0200327018555858,0.0199950588821809,True,"[52.09789591661573, 0.1719906109721596, 0.10001000000000856]"
NU00733,weibull,0.0275161733049578,0.027265945597713,True,"[25.935856557886304, 0.8207813057929291, 0.2537733463871275]"
NU00734,weibull,0.0113367568261762,0.0092679206718404,True,"[101.77236095726686, 0.010000000000008785, 0.15697233555391985]"
NU00735,weibull,0.0283701402337694,0.0203478263143079,True,"[58.00117494097791, 0.010000000000000002, 0.3227658761202951]"
NU00736,weibull,0.0163063016592506,0.0163104422884389,True,"[67.48286420041384, 0.2011299372196674, 0.16310013352417096]"
NU00737,weibull,0.0324241256128696,0.0342637621860121,True,"[47.31547784630975, 0.010000000000000075, 0.3069036076777735]"
NU00738,weibull,0.0336638527712453,0.029140174101491,True,"[20.447722514484067, 3.2354322877214896, 0.653363158032002]"
NU00739,weibull,0.0122122887030001,0.0095879602900964,True,"[57.571728780079525, 0.010000000002094394, 0.2066774334383439]"
NU00741,weibull,0.0182500921445341,0.0171753310238374,True,"[49.83480786429775, 0.8711827892311543, 0.4171377453615223]"
NU00743,weibull,0.0163496682933906,0.0150035559347941,True,"[71.37663083813341, 3.3486962515795757, 0.42100174187967176]"
NU00744,weibull,0.0213789772811675,0.0204415232099478,True,"[25.362111900546395, 0.010000000000000132, 0.2485481558478949]"
NU00745,weibull,0.0262954783200947,0.0254255357244381,True,"[60.39817412450887, 0.836356193713257, 0.21248458534214226]"
NU00746,weibull,0.0230906942948543,0.0169261651716711,True,"[65.75449629161893, 0.010000000000011413, 0.3022008854861458]"
NU00747,weibull,0.0118122038086197,0.0093512997224034,True,"[104.40031586662721, 0.524418788667319, 0.2762424574350365]"
NU00748,weibull,0.02599063054606,0.0269211816242166,True,"[50.009493679684816, 0.010000000000000031, 0.2890111006744228]"
NU00749,weibull,0.0204571110501746,0.0202713760451887,True,"[78.31100434202298, 0.415597017467348, 0.22775487577057518]"
NU00760,weibull,0.0651168141257991,0.0778021874985994,True,"[14.945562572347198, 1.4344415212953967, 0.42966393652924345]"
NU00761,weibull,0.0241993396641201,0.0182627787895418,True,"[24.648961779228927, 1.1965419671427786, 0.3734382361692328]"
NU00763,weibull,0.0155120970723004,0.0122354119689106,True,"[56.779590162217325, 0.010000000000917782, 0.18235478089990573]"
NU00765,weibull,0.0250152998911046,0.0203835842800213,True,"[32.05825641007896, 0.010000000000239677, 0.14373499561780634]"
NU00766,weibull,0.0237152817212595,0.0233109562253598,True,"[58.964901703867866, 0.3709912332581629, 0.10001000000000002]"
NU00767,weibull,0.0111440386506139,0.0104915970687922,True,"[81.52784917375223, 4.094825006039572, 0.5284994644026373]"
NU00768,weibull,0.0210896482097286,0.019367235547074,True,"[47.94643315026796, 0.010000000000000061, 0.28516615981067545]"
NU00769,weibull,0.0185315454823315,0.014312627939218,True,"[68.26604268150703, 0.029413640549206005, 0.3169930725669233]"
NU00770,weibull,0.0233606834172867,0.0230086131911584,True,"[72.50076324334795, 0.010000001706314446, 0.13327143929821006]"
NU00771,weibull,0.0167239272210895,0.0141196036265,True,"[85.06203462186274, 2.070570500739144, 0.46323438383920695]"
NU00772,weibull,0.0070065249545774,0.0065114916561861,True,"[2.428587435485347, 2.3339955085895348, 0.4785867293223063]"
NU00773,weibull,0.004411684008775,0.0038150789539841,True,"[3.745517373762229, 2.736077582242343, 0.47130733946595266]"
NU00808,weibull,0.0143375537887268,0.0142470793844545,True,"[23.08628158586352, 0.6797607899005822, 0.41921280596033833]"
NU00809,weibull,0.0256926344639885,0.02611704972807,True,"[26.709782521186042, 0.010000000000002084, 0.23680631075545297]"
NU00811,weibull,0.0187515604179714,0.0182418295295013,True,"[32.60253732812744, 1.3577433431693666, 0.4114887135984811]"
NU00812,weibull,0.0125215201144321,0.0124273451736972,True,"[43.976690756124384, 0.8094284337173161, 0.3767241240549274]"
NU00813,weibull,0.0115607078240357,0.0117006320614016,True,"[32.81303961665804, 2.1249951621851397, 0.5621666419859112]"
NU00814,weibull,0.0144215809218174,0.0138447689236105,True,"[23.432204945149877, 0.08672453711413977, 0.32059106850741054]"
NU00816,weibull,0.022797099843323,0.0225817768380229,True,"[23.44786965166539, 0.1597128609253147, 0.29629189431912856]"
NU00818,weibull,0.013085117420982,0.0124413495159659,True,"[53.71409173908722, 1.9576042630952133, 0.5270763265159043]"
NU00820,weibull,0.0145125852018956,0.0138701166613558,True,"[35.660271351212806, 1.7575959785234603, 0.46843210934216206]"
NU00821,weibull,0.0145125852018956,0.0138701166613558,True,"[35.660271351212806, 1.7575959785234603, 0.46843210934216206]"
NU00822,weibull,0.0118232052051926,0.0111487246697153,True,"[45.23351452129112, 0.3256371597016894, 0.30247280248169645]"
NU00823,weibull,0.0155378896672315,0.014701563659966,True,"[17.158213334370554, 0.9463104349680781, 0.4376147649038749]"
NU00824,weibull,0.008064525468099,0.0076668191711898,True,"[38.973046182978116, 1.4423487233150118, 0.4758750313270015]"
NU00825,weibull,0.008064525468099,0.0076668191711898,True,"[38.973046182978116, 1.4423487233150118, 0.4758750313270015]"
NU00839,weibull,0.0350503264545954,0.0367299108230165,True,"[48.833725858059864, 4.010611956807545, 0.5265642360437506]"
NU00840,weibull,0.0149676792291441,0.0149119692895062,True,"[36.04235019945862, 0.09944481932674154, 0.2454775002401426]"
NU00841,weibull,0.04316344062042,0.0464107994099324,True,"[16.31347205522665, 0.010000000000236455, 0.11061048538466456]"
NU00843,weibull,0.0277285769378139,0.0277153875340721,True,"[12.250727193636722, 0.5385572655475193, 0.12600482036819724]"
NU00847,weibull,0.0162810629444257,0.0162730606038507,True,"[65.94011036672555, 3.4680183432595175, 0.619564235766905]"
NU00849,weibull,0.0266818152736243,0.0262739899113385,True,"[27.346586232312188, 0.3161935819656616, 0.3023966992502288]"
NU00853,weibull,0.0496539913391988,0.0501588097651393,True,"[15.879358940199307, 0.17988535552774798, 0.10001000000069935]"
NU00909,weibull,0.009806929303435,0.0089205966002508,True,"[81.13965683872408, 0.749278022548135, 0.23935092698700872]"
NU00910,weibull,0.0062127100088627,0.005747477037741,True,"[58.93337024245449, 2.141988343982584, 0.45172423574776427]"
NU00912,weibull,0.0047172994192707,0.0043592656625937,True,"[69.70919059095449, 1.9893855050635578, 0.4252166862020577]"
NU00913,weibull,0.0072166390828588,0.0066958761806565,True,"[64.71007037228391, 2.2331480146552742, 0.48619056913044373]"
NU00914,weibull,0.0053743366002006,0.0049688047906579,True,"[65.80170531006378, 1.5357024995674728, 0.3388546217008378]"
NU00915,weibull,0.0077757551812264,0.0071969918463729,True,"[46.86591358570951, 2.051236493330965, 0.4379815421118995]"
NU00916,weibull,0.0080681369362365,0.007922983348813,True,"[125.93957476563621, 1.911054466276458, 0.4328901397926183]"
NU00917,weibull,0.0038486894316481,0.0035156154322948,True,"[61.59583856082182, 1.5896777088877063, 0.36944990846128395]"
NU00918,weibull,0.0020352865867582,0.002,True,"[52.0864886684152, 1.0045563560653383, 0.2358135690230023]"
NU00919,weibull,0.0039169211283081,0.0035748899733815,True,"[46.3650636713591, 1.7175108067018934, 0.3924962703284721]"
NU00920,weibull,0.0119599457306002,0.0111019033861136,True,"[37.265541621485134, 0.662704873188131, 0.10001000000000002]"
NU00921,weibull,0.0048582953371206,0.0044580637149217,True,"[104.41916358412931, 1.5471763982758238, 0.3233577772328268]"
NU00922,weibull,0.0035274816974977,0.0032291151827268,True,"[59.33517265004169, 1.5782390929581283, 0.3747210057295847]"
NU00924,weibull,0.0548631539075934,0.0574060908736187,True,"[25.91120173376979, 5.6355370742882975, 0.7218855885859928]"
NU00954,weibull,0.0125105814280241,0.0126736289338469,False,"[242.56875764733113, 1.0356606894933373, 0.526940454073074]"
NU00955,weibull,0.0112820431120921,0.0114237867580738,False,"[155.630315121943, 1.279338686763253, 0.6440573047357181]"
NU00956,weibull,0.0082903277659605,0.0084031585591154,False,"[113.50332748587516, 0.6885683174291515, 0.5011113136621224]"
NU00957,weibull,0.0136798119463664,0.0135539433007281,False,"[80.27087641745919, 0.8911245766932612, 0.4558340784566017]"
NU00962,weibull,0.030684700090575,0.0301612299074422,True,"[30.35463946503592, 0.010000000000237281, 0.5249620162393481]"
NU00965,weibull,0.0474111160098645,0.0502949831696316,True,"[131.78022848443803, 0.010000000000003322, 0.4584966367633616]"
NU00966,weibull,0.0435587985426645,0.0455466768665241,True,"[109.29800355875794, 0.010000000000000425, 0.4114380543698397]"
NU00967,weibull,0.0367870099858798,0.0368932146381362,True,"[70.20551561832335, 0.010000000000000139, 0.47929860228939863]"
NU01124,weibull,0.0059515193235071,0.0052940885298384,True,"[30.45894833991464, 0.010000000000001308, 0.20229036368753608]"
NU01125,weibull,0.0107720947829598,0.0096650653905204,True,"[33.678010387188614, 0.010000000000010476, 0.20770759240737882]"
NU01167,weibull,0.0057933122851911,0.0053652975870052,True,"[303.5317883798223, 2.6740002449618676, 0.42486903092375083]"
NU01168,weibull,0.0149503646865742,0.0137114957401943,True,"[214.6338436102067, 2.9205414834468995, 0.5148283113687636]"
NU01169,weibull,0.0085520621046406,0.0080855291998059,True,"[180.86348185377085, 3.956751348117619, 0.6051450895118737]"
NU01170,weibull,0.013361954869275,0.0131842348118206,True,"[222.78412992807537, 5.520618895712108, 0.6577741504449639]"
NU01185,weibull,0.0278007154761589,0.028535637983137,True,"[50.687457740354546, 2.53790894142436, 0.30623388793566836]"
NU01203,weibull,0.0118708513256732,0.0103561783540873,True,"[49.43684264937009, 3.979099224596467, 0.33281590649614573]"
NU01245,weibull,0.0249850112151968,0.0240679008232229,True,"[39.631677106693495, 0.010000000006449886, 0.5252893464792665]"
NU01247,weibull,0.0374058800602888,0.0383888487048231,True,"[35.09379926105732, 1.7017467104914743, 0.10001000000000002]"
NU01251,weibull,0.0364895841089676,0.0381278780455099,True,"[24.53335192646746, 2.942965258324572, 0.9422628098784656]"
NU01253,weibull,0.0323149023847322,0.0315027475580455,True,"[26.01522815843544, 2.0379113044616046, 0.9238226373452805]"
NU01255,weibull,0.0403227841379542,0.0395564314635453,True,"[26.103845338137294, 2.067843872661182, 0.7698736920791039]"
NU01257,weibull,0.0342647549002682,0.0348995351726657,True,"[24.471261534270468, 0.2845307141014859, 0.10001000090960553]"
NU01259,weibull,0.0268908541517399,0.0274465330397919,True,"[25.485041159810283, 3.2140768465185414, 0.8997747369032733]"
NU01353,weibull,0.05334329765385,0.0527985101279278,True,"[24.129009144860476, 0.01000000000005662, 0.10353614661372804]"
NU01354,weibull,0.0210971624952527,0.0210395552284529,True,"[20.76878059723034, 0.010000000000190827, 0.16617603088662633]"
NU01355,weibull,0.0102429682043431,0.0096943780728645,True,"[26.693535164712085, 0.671958944305084, 0.2951679828393204]"
NU01356,weibull,0.0060537558650206,0.005768175308296,True,"[33.319605813858104, 0.010000000000007175, 0.14617624320193728]"
NU01357,weibull,0.0133052817738063,0.013215028243778,True,"[30.227099054305246, 2.943835929027414, 0.10001000000000712]"
NU01358,weibull,0.0106639226448035,0.010504333682777,True,"[37.70426622267394, 1.6380050574321163, 0.17402048486736496]"
NU01359,weibull,0.0131533356309885,0.0132101359187406,True,"[28.717896984736758, 1.7879203352234918, 0.5311481248271701]"
NU01360,weibull,0.0241439423965397,0.0239808163425324,True,"[29.52452238718408, 0.4041160867922344, 0.10001000000000002]"
NU01361,weibull,0.0078603679067715,0.0078131711222278,True,"[18.046055717399017, 1.9639000749032116, 0.610378677967827]"
NU01372,weibull,0.0152283620395841,0.014142262155447,True,"[22.77675797756518, 1.3327069023761837, 0.1711013863241055]"
NU01373,weibull,0.0135209231921257,0.0132161619157049,True,"[22.089566894872696, 3.644193186294655, 0.4971420035666703]"
NU01374,weibull,0.0120360751400138,0.0112921660374432,True,"[86.68895090335582, 1.4194895723973904, 0.5400623096335692]"
NU01375,weibull,0.0079916387302758,0.0077636815475344,True,"[201.62002234962995, 1.309953619472804, 0.45443711824267946]"
NU01404,weibull,0.018716824026056,0.0186263177501916,True,"[31.193839600147623, 3.581923527854533, 0.6459168782459722]"
NU01405,weibull,0.0163691937689805,0.0156380056573989,True,"[28.59918401336253, 2.783396757021616, 0.68038957757607]"
NU01406,weibull,0.0231209666949378,0.0234502116900708,True,"[28.69902289842433, 1.6982773610323474, 0.5485216988422997]"
NU01407,weibull,0.0339305254654949,0.0344734673397739,True,"[21.08225076687287, 1.9474813284380936, 0.8147870323230924]"
NU01408,weibull,0.0507867961216152,0.0467381620770019,True,"[16.899172286280564, 0.010000000000139987, 0.47874663934038414]"
NU01409,weibull,0.0201121274537125,0.0173017614242804,True,"[11.678260513257628, 0.010000000000000002, 0.40309515970825327]"
NU01410,weibull,0.0069106286557063,0.0065111007535706,True,"[100.01311199166305, 2.0856603790964043, 0.7131202549593741]"
NU01413,weibull,0.0147792156046412,0.0135442076517139,True,"[54.218724627312255, 0.010000000001511238, 0.16063769570302236]"
NU01414,weibull,0.0161301571966701,0.0150440217703206,True,"[47.02817509062069, 1.3153868267352498, 0.36844446174623097]"
NU01415,weibull,0.0206268949390358,0.0197751710801094,True,"[27.29579549044072, 2.8222620724012213, 0.5064328151923131]"
NU01416,weibull,0.0104075559743301,0.0098469676301379,True,"[66.08138048870117, 0.6414584483955518, 0.4216726233518962]"
NU01417,weibull,0.0099027625075749,0.0091260829204031,True,"[56.75275231263212, 1.2322038408645242, 0.627481314621116]"
NU01418,weibull,0.0229848675567411,0.020227069292886,True,"[67.07659545104245, 0.010000000000000002, 0.3898820932334725]"
NU01419,weibull,0.0162362045883624,0.0161056730420368,True,"[51.95852239541288, 0.9059678038818045, 0.6004440508540677]"
NU01420,weibull,0.0286409005263389,0.0269175911308918,True,"[41.26722962660695, 0.010000000000005347, 0.26289820009815795]"
NU01421,weibull,0.0195289141156865,0.0169628095746792,True,"[35.374061094388075, 0.010000000000000423, 0.4832364050755436]"
NU01428,weibull,0.0119239614443173,0.0111373953889697,True,"[94.34444677032279, 0.5922832756848909, 0.4673087264731373]"
NU01429,weibull,0.0131008134043032,0.0117747965265274,True,"[100.48244956824776, 0.010000000000000024, 0.4128719181371982]"
NU01430,weibull,0.0206365172328196,0.0181535424780507,True,"[94.7904800374423, 0.01000000000000051, 0.40775245331600496]"
NU01431,weibull,0.0098951669563724,0.0098425608644235,True,"[71.28195927582529, 1.556645938274101, 0.8064900559046129]"
NU01432,weibull,0.0341144389834786,0.0323004401711769,True,"[66.1148884950523, 0.010000000002101711, 0.21350439536509824]"
NU01433,weibull,0.0226889389195404,0.020606020235775,True,"[35.98944893624416, 0.010000000000101964, 0.2561243027402054]"
NU00017,kelvin_log,0.006561300435979,0.0063114118279734,True,"[5.971592896888402, 4.433388118842391, 22.368979482003407, 13.827520749589384, 13.694920835025808]"
NU00019,kelvin_log,0.014104340159064,0.0138658341125224,True,"[4.356425412297472, 3.701869720744598, 19.71053935328629, 5.3738616273685675, 9.579745383400043]"
NU00020,kelvin_log,0.0120727341272993,0.0118374145317296,True,"[4.189672791851738, 4.338931941918746, 14.807499466440934, 5.862816979948913, 11.596251093105444]"
NU00022,kelvin_log,0.0023419413827549,0.002,True,"[1.822989146116446, 13.529144122494191, 22.814656971687114, 10.749296055140116, 16.83345567003206]"
NU00024,kelvin_log,0.0082715003717558,0.0070842830860428,True,"[2.3967712016770024, 3.9801340126691906, 16.31637501836056, 6.01955490013726, 9.817459175371702]"
NU00025,kelvin_log,0.0030328211543843,0.0025688303480614,True,"[4.010149969832202, 17.52045727837512, 30.652186571170613, 16.133156747519322, 24.481046679147557]"
NU00026,kelvin_log,0.0236287107250103,0.0213816992463747,True,"[1e-06, 20.402570261736308, 51.16316942272305, 1e-06, 31.318175218050037]"
NU00027,kelvin_log,0.0026711229813061,0.0022522245202797,True,"[0.7205238308592009, 9.446986134104089, 13.411279510188288, 9.566146469812693, 11.685607273182535]"
NU00050,kelvin_log,0.0095387190578724,0.0094536915344372,True,"[14.862229570158883, 13.823415267679005, 15.38111187395989, 23.510866404013672, 13.24280494156147]"
NU00051,kelvin_log,0.0151716144736656,0.0152856359634918,True,"[5.005831699455189, 11.08874757464013, 5.345348754291332, 21.05630171500165, 14.277093261710377]"
NU00052,kelvin_log,0.0118579393254916,0.0111284970404376,True,"[11.624319988553143, 14.31466553295492, 14.325958360399271, 23.962720135187524, 14.516277143118712]"
NU00053,kelvin_log,0.0091178177281638,0.0090917430396239,True,"[18.025447427679467, 11.136070110461754, 18.307867340696685, 15.751672596363262, 12.896620130903287]"
NU00054,kelvin_log,0.0143583866354132,0.0135924304626076,True,"[14.784484549988266, 6.682304784694468, 15.790535811224224, 14.544081241391908, 17.49526324616169]"
NU00055,kelvin_log,0.0176228341355303,0.0173002246368721,True,"[7.253534859927297, 9.131213478720529, 16.44991453776403, 8.910260129118155, 5.927789624167501]"
NU00064,kelvin_log,0.0396043626413081,0.0375160770886862,True,"[13.057052779275852, 0.7992379899836634, 7.160726810165535, 24.51429595566336, 10.418865238329644]"
NU00068,kelvin_log,0.0134260270557255,0.0132977926617923,True,"[1e-06, 19.10541898088277, 20.28418278991641, 11.098988260982207, 21.196082146754115]"
NU00069,kelvin_log,0.044651646638641,0.0430055417062748,True,"[1e-06, 8.386267457655595, 29.427597096899174, 1e-06, 6.832026260263968]"
NU00070,kelvin_log,0.0248206905877721,0.0248024681672813,True,"[1e-06, 5.1789300194361365, 14.405264762463702, 12.29033646397869, 22.16514165672951]"
NU00079,kelvin_log,0.0475697939344317,0.0490001352369187,True,"[1e-06, 3.139988550547983, 8.896732078273311, 1e-06, 8.350275647673373]"
NU00082,kelvin_log,0.0575285834449618,0.0558374079829683,True,"[0.1815281810865138, 1e-06, 11.142269578116924, 1.672005172837525, 0.39793356044117034]"
NU00085,kelvin_log,0.0419780489474147,0.0425104491099986,True,"[1e-06, 6.021358832366991, 17.678062563998466, 1e-06, 1e-06]"
NU00086,kelvin_log,0.0523156079424307,0.0538085081758863,True,"[0.22845825742584053, 1e-06, 9.825696446101174, 0.2772362608019893, 4.252437726160942]"
NU00090,kelvin_log,0.0308182701507584,0.0303188348355853,True,"[1e-06, 3.7926796696946456, 0.3773548368896173, 18.53130289877889, 29.138773070290597]"
NU00091,kelvin_log,0.0472240180496719,0.0471092280222818,True,"[1e-06, 7.582002097617239, 9.089778335029814, 8.375980998685948, 17.054578051684516]"
NU00092,kelvin_log,0.0496196243094806,0.0490351800044545,True,"[1.879018447738909, 0.6767324877264794, 1.1531712740299442, 11.238961990235024, 9.338168860936532]"
NU00093,kelvin_log,0.0548899616320016,0.0539855496513206,True,"[0.8969404780720721, 0.16153449915041596, 6.691493764557999, 1e-06, 7.501323054122035]"
NU00109,kelvin_log,0.0058223964099941,0.0055578756010666,True,"[5.510529584869914, 26.43257780863859, 34.98132942478659, 1e-06, 16.359274848050607]"
NU00110,kelvin_log,0.0062179491503643,0.0055668621994069,True,"[9.46908502377433, 18.05357135750585, 22.604616728063814, 16.493604652312406, 15.475507271992912]"
NU00111,kelvin_log,0.0071195480664228,0.0063553176714727,True,"[11.155251946303128, 11.859103157426144, 19.127989318944056, 15.937543597260332, 13.504121617620457]"
NU00113,kelvin_log,0.008430887178072,0.0077458212640708,True,"[10.40518600483239, 28.170664708657814, 16.01834771698923, 13.269340252742044, 12.790109083342935]"
NU00114,kelvin_log,0.0046486009547138,0.0043817988064137,True,"[14.548350006622945, 13.097474989967443, 12.242785806976489, 4.150675353622298, 9.641683394454056]"
NU00115,kelvin_log,0.0068379125270418,0.0062039544023923,True,"[11.017215342415506, 14.939756144504077, 11.711330851535209, 11.389063904542086, 9.138061706729282]"
NU00116,kelvin_log,0.0061352220954012,0.0055120571456882,True,"[9.130927719583637, 12.446449255086794, 13.44050632332183, 12.253524143833681, 10.496140741233452]"
NU00117,kelvin_log,0.0118387913701994,0.0111870108465513,True,"[17.73062989075794, 20.02765319311691, 16.64494779873162, 4.69712390856352, 15.189655792327278]"
NU00118,kelvin_log,0.0265729145279114,0.0244218516488426,True,"[17.29537739037208, 35.03155679052331, 10.660530529843749, 19.77185606610568, 1e-06]"
NU00119,kelvin_log,0.0076269611771078,0.0072603360466507,True,"[8.117568693933881, 10.946374019696858, 12.292741616494979, 1.367643039615896, 5.093564338252457]"
NU00120,kelvin_log,0.0107220402751098,0.0099533608878106,True,"[7.844021804617639, 11.554660102662591, 14.368454553406263, 4.850839297083814, 4.9020404454920365]"
NU00121,kelvin_log,0.0076558067480282,0.0073361662467179,True,"[7.391438091136052, 10.047752778871462, 12.889542700105396, 1e-06, 8.805159536975525]"
NU00122,kelvin_log,0.0087964177624974,0.0082049416347349,True,"[9.830708870057206, 12.942718644710798, 13.71650699112681, 5.339889058786565, 8.879929007442332]"
NU00123,kelvin_log,0.00802258997201,0.0072127035962858,True,"[4.87648360680494, 5.427832636073671, 4.955568342613643, 5.467367104254836, 4.966557279314446]"
NU00124,kelvin_log,0.0056210808259939,0.0050990443852092,True,"[4.0254047886514375, 6.920722572538871, 7.125176440697604, 5.085055755338586, 5.836215238251082]"
NU00125,kelvin_log,0.0118973050143891,0.010261181798085,True,"[3.952031256876431, 4.668802451191811, 3.92522704656545, 10.36991796828712, 8.273168023002139]"
NU00126,kelvin_log,0.0080107628379896,0.007599385599202,True,"[6.35256916550125, 5.688794813017075, 3.0081500773453755, 1.5058136790354697, 3.262371918348952]"
NU00142,kelvin_log,0.0242012449041815,0.0233763122776666,True,"[0.24783994854011643, 9.934760795888028, 25.94899222758438, 1e-06, 1e-06]"
NU00143,kelvin_log,0.0676616620570998,0.0596687555941735,True,"[1.972321565566508, 1e-06, 2.5319980452152113, 7.288806608278208, 1e-06]"
NU00150,kelvin_log,0.0276231110296629,0.0266054510146742,True,"[1.1829103859794756, 1.093050744686534, 3.724727174956782, 1.8978552877355916, 7.156082231597437]"
NU00151,kelvin_log,0.0508369543338058,0.052061304175963,True,"[1.3982415486750843, 1.2015302214163364, 5.016790011396878, 1e-06, 1e-06]"
NU00152,kelvin_log,0.0483502114663172,0.0438303039661196,True,"[0.7635757903829206, 3.1092303262665784, 1.6480944639701907, 11.577503173935938, 1e-06]"
NU00153,kelvin_log,0.0369739770663344,0.0340695870721533,True,"[0.6304976541246358, 4.948561674878669, 3.4476970140842673, 10.941819809895025, 1e-06]"
NU00155,kelvin_log,0.0478072482046539,0.0466945158197973,True,"[0.6099230444153961, 1.8771309048378684, 1e-06, 10.343727049850905, 8.260116915374523]"
NU00156,kelvin_log,0.0312517838676777,0.0297839319230323,True,"[0.8662010873381936, 3.435576890388469, 3.917577209542958, 3.9962043154734816, 3.2089057438888102]"
NU00157,kelvin_log,0.0464202898266267,0.0434800710806565,True,"[0.35527370577904205, 3.3972434423751903, 1e-06, 5.374926422903154, 1.975826472390695]"
NU00158,kelvin_log,0.0135713459205296,0.0129553121687694,True,"[1.4913099321980492, 5.505403002890133, 4.808077151160409, 7.283671875100091, 4.690938209236742]"
NU00159,kelvin_log,0.0151869117172149,0.014499520265891,True,"[2.0279663173312024, 7.824634132454887, 5.584741224141625, 7.5400271685958655, 5.0931622204120215]"
NU00160,kelvin_log,0.0092197520403071,0.00812266896549,True,"[1.712438722115669, 5.163176565020796, 4.068977228491103, 9.576092582910393, 5.699301587604999]"
NU00161,kelvin_log,0.0048797665657819,0.0044897581754804,True,"[2.5263979629741464, 4.349027369439321, 8.181614009187589, 7.6149943370243705, 8.412340652165692]"
NU00162,kelvin_log,0.0047678507559629,0.0040734691707812,True,"[2.17703172564918, 5.225623075694309, 6.665301431763159, 6.765152205387858, 6.321666251288438]"
NU00163,kelvin_log,0.0102726776943283,0.0089624051931009,True,"[0.9174176455732697, 2.651876228476442, 4.464476923547888, 2.763230370944317, 5.822848454238093]"
NU00166,kelvin_log,0.0269414853817162,0.0241345171642313,True,"[0.4653082447427145, 1e-06, 2.005111987507371, 1.982047489005175, 1.3523179679333492]"
NU00167,kelvin_log,0.029317685433514,0.0267346036447195,True,"[0.39780697708188417, 0.16168361104257722, 2.6907035594114093, 1.2717374275476945, 1.180489387659408]"
NU00170,kelvin_log,0.0212045636171834,0.0195315139972613,True,"[1e-06, 2.5922145747861003, 3.6605155354482406, 2.7769584116114276, 5.626706744829488]"
NU00171,kelvin_log,0.0283928784684164,0.0260726541790096,True,"[1e-06, 2.43803630472624, 1.0407952214951979, 2.1423785356184455, 10.278053462314698]"
NU00173,kelvin_log,0.0255329662619332,0.0252930639098595,True,"[0.02862086531789975, 1.7954055940334774, 0.6127315855323241, 5.131059484988347, 4.142207388183475]"
NU00176,kelvin_log,0.0524782853756425,0.0503065113169692,True,"[0.14041033528209038, 1.7072737127455362, 6.184729375224818, 1e-06, 1e-06]"
NU00177,kelvin_log,0.0272744064508991,0.0257100913636732,True,"[0.8158570323288024, 1.1365252102710988, 9.372046769350915, 4.170708544178129, 4.236568286951511]"
NU00178,kelvin_log,0.0211867229546222,0.0211812035960489,True,"[0.9575727722052619, 1.4586453029090876, 7.922315732553096, 4.40312002470794, 4.96347955692425]"
NU00183,kelvin_log,0.012197903590019,0.0116773953105985,True,"[2.800667765991646, 4.491313068890402, 3.745191517628117, 5.466413541094744, 7.62607362675922]"
NU00184,kelvin_log,0.0107887838949138,0.0101027701838518,True,"[2.6312943583791117, 1.5643409544392974, 5.441819017803904, 4.605636434876484, 4.124849870142537]"
NU00185,kelvin_log,0.0179055907786366,0.0176567180906622,True,"[4.274392077475576, 1.813214216563136, 3.7052994797128678, 4.908395000465158, 6.290467187112064]"
NU00186,kelvin_log,0.023086864944955,0.0229587527258198,True,"[7.115433031949189, 2.1076900706059853, 4.04402371752105, 5.080806299062236, 7.897687585274403]"
NU00187,kelvin_log,0.0141568076282678,0.013805239620482,True,"[2.0406062580805666, 1.4309812058235754, 2.4352934958178243, 3.562989343731224, 3.9637378792806124]"
NU00188,kelvin_log,0.0119552064098572,0.0117000640978763,True,"[7.081646211648077, 4.901874326327703, 5.551371430033356, 7.426224359650504, 5.69309114465801]"
NU00189,kelvin_log,0.0112348012785166,0.0111504917926993,True,"[5.358030989058018, 5.144584050971755, 4.580215732864456, 7.115463961303048, 7.726268610211741]"
NU00190,kelvin_log,0.0304701299678895,0.0318334962416119,True,"[6.42102405974602, 1.0944295231636976, 9.311852136252245, 2.6699418603721927, 5.580657753250688]"
NU00191,kelvin_log,0.0302693028554858,0.031350766934034,True,"[4.137960648934301, 8.455867470402714, 0.4115186034717781, 13.369896068295002, 15.14144563711159]"
NU00192,kelvin_log,0.009794518708028,0.0096639500685675,True,"[7.413337854924592, 4.3385779162550175, 11.972105865316085, 21.961872945459593, 15.226110361768315]"
NU00193,kelvin_log,0.0168368524446493,0.0145581767006851,True,"[10.948817776362933, 2.0346623209953343, 3.2157256797443567, 26.888041134658597, 25.378858783764013]"
NU00194,kelvin_log,0.0245263456366908,0.0231604288358944,True,"[19.268167496907118, 4.392076051119112, 4.839507883950466, 34.55467203707451, 26.640870609793748]"
NU00195,kelvin_log,0.0119041693034327,0.0109185048435205,True,"[7.118352841681633, 4.416961926563026, 4.286430439113108, 20.206589564485753, 18.158316501357437]"
NU00196,kelvin_log,0.0139665027770969,0.013856362533715,True,"[4.334095313676823, 3.022583366917119, 6.106209492419626, 4.638013915238767, 5.081918301414859]"
NU00197,kelvin_log,0.0193360431366423,0.0189378214941578,True,"[3.0399205890037218, 1.3816848577366352, 3.319599327963326, 4.186636679703544, 5.429631971156817]"
NU00198,kelvin_log,0.0228584816122098,0.022164324187142,True,"[3.828117672410732, 1.618155648352577, 4.1082431185098525, 4.181525027183498, 5.240222285751796]"
NU00199,kelvin_log,0.0284331147885046,0.027715093777693,True,"[7.1662558941660155, 2.10550147737928, 4.318493994205544, 3.879239999480434, 7.254872618501228]"
NU00200,kelvin_log,0.0158771672100315,0.0155260509868517,True,"[2.475883503438662, 1.0363116641273171, 2.1839980958505656, 4.712154648296988, 3.1924269454761793]"
NU00201,kelvin_log,0.0250882086650471,0.0229604805994826,True,"[8.277005785226665, 6.573892546064767, 1.1648810422405762, 7.808078972593904, 8.300614465170733]"
NU00202,kelvin_log,0.0150584374020753,0.0145369116315678,True,"[6.257102952939642, 4.662139113794698, 5.129827036805539, 5.765210988224565, 7.293834597427012]"
NU00203,kelvin_log,0.0193934109927368,0.0182150820823991,True,"[5.903373425556853, 5.04521761588195, 4.400588875737478, 4.0357287747753405, 9.148776319963092]"
NU00204,kelvin_log,0.0157293263599876,0.0153743507232156,True,"[8.235509587461815, 1.5897512647599206, 15.824183270698832, 10.503005432734222, 6.714972057687719]"
NU00205,kelvin_log,0.012417453809433,0.0121751650918355,True,"[7.767820418977906, 3.307796791439288, 9.35497862431895, 17.543006594874136, 11.389569227058665]"
NU00206,kelvin_log,0.0182996814098481,0.0173918659580582,True,"[12.798829168764009, 4.70296421193844, 7.03478979534869, 23.26908505137559, 15.326193945312554]"
NU00207,kelvin_log,0.0287799821623989,0.0276107258438025,True,"[23.050179662497232, 2.845557533756142, 16.765100952524545, 17.903960601573967, 16.464711224615613]"
NU00208,kelvin_log,0.0173724185865864,0.0164661136516416,True,"[4.886626623932276, 7.001749942348903, 2.154967936530379, 20.725158232884297, 10.809251603787374]"
NU00209,kelvin_log,0.0090508634671312,0.0072593986539561,True,"[1.2186345037383917, 5.535398594476749, 14.4578240860992, 20.232770943592932, 15.9071911252129]"
NU00210,kelvin_log,0.0046942774166545,0.0037329922613626,True,"[2.824915256764212, 1.6683320218005544, 13.434693059180812, 19.45027461671131, 14.179720505227262]"
NU00211,kelvin_log,0.0088073742260026,0.0076128800486338,True,"[0.9604104139008907, 5.858744567989733, 21.290896072283, 8.477179158489678, 15.473466611430737]"
NU00212,kelvin_log,0.0069821747387319,0.0056435855642836,True,"[1.9157288850699767, 8.344705146557574, 16.604298140210222, 23.563934386041318, 16.379470148273054]"
NU00214,kelvin_log,0.0086828268356166,0.0071351517763725,True,"[1.5590422858276267, 3.1543062678831566, 16.85243469740305, 14.501960071758525, 13.825505120578194]"
NU00215,kelvin_log,0.0052448241303571,0.0040110604700973,True,"[2.525145835063802, 1e-06, 12.635411877079937, 25.94566532180588, 14.335608564935198]"
NU00216,kelvin_log,0.0056217844616534,0.004460161447167,True,"[0.8095323390758927, 0.7390660135939288, 7.477640961467736, 10.577026599722318, 9.260905416448391]"
NU00217,kelvin_log,0.0026307614169959,0.0021322663793241,True,"[0.6296949364294259, 11.92293778392662, 15.55195680640278, 25.725163532342886, 20.197435358973305]"
NU00218,kelvin_log,0.0038475964143462,0.0031053112966137,True,"[0.018802397129806626, 4.634208782296173, 9.054489829484444, 12.749704889310628, 10.837815762929274]"
NU00219,kelvin_log,0.0070642509017795,0.0062726715205121,True,"[1e-06, 5.814603422669599, 28.704429917000247, 3.7367997103362494, 18.05391275148784]"
NU00220,kelvin_log,0.0013093725058524,0.002,True,"[1.348602351866552, 4.754926891508872, 14.904370908480228, 13.522258463114232, 13.390659197113687]"
NU00221,kelvin_log,0.0041604912705326,0.0034568040962844,True,"[0.12268741616462013, 4.997376351404837, 8.15553280027717, 8.11561350393311, 7.2536565392928845]"
NU00224,kelvin_log,0.0144047875971413,0.012562056878544,True,"[1e-06, 1.0878777801764103, 24.917763465299505, 3.761640338717242, 20.457748464059623]"
NU00226,kelvin_log,0.0074262215160534,0.0063920128862349,True,"[1e-06, 4.339446076297851, 9.624002370675061, 4.760734005760374, 8.229507385947487]"
NU00242,kelvin_log,0.009181477733334,0.0087633159761359,True,"[12.608907223920164, 19.79241362780474, 4.044710098946154, 21.58782765306495, 28.193274996275772]"
NU00243,kelvin_log,0.0133218621505559,0.0119473985143408,True,"[12.92890369174376, 23.99417407544452, 1.7243471065408038, 18.70431543797676, 20.478255648724897]"
NU00244,kelvin_log,0.0062234547665509,0.0061177868022136,True,"[15.481579852084053, 8.88773562214344, 19.731707731078437, 6.607677478151964, 18.66926700335258]"
NU00245,kelvin_log,0.0373843862459216,0.0365878626493672,True,"[3.4850658834737045, 2.405216745985018, 3.856306005602095, 4.107851927941744, 1.9829969053981142]"
NU00246,kelvin_log,0.0264562997503843,0.025669756451246,True,"[2.4265137795763674, 1.1639212495918518, 1e-06, 5.2893311152833045, 0.18987238428972747]"
NU00247,kelvin_log,0.0092526609258137,0.008794081727063,True,"[3.5057129620417986, 8.235797642757394, 10.441914867201108, 17.02549125343534, 16.239195530536783]"
NU00248,kelvin_log,0.0374937159373078,0.0360029139551826,True,"[1e-06, 3.622223879661236, 1e-06, 5.646302669292259, 1e-06]"
NU00250,kelvin_log,0.005337878561092,0.0050321597033423,True,"[0.3958950816430401, 8.9081171391662, 9.41035345614097, 18.391012217724953, 15.50797148974836]"
NU00251,kelvin_log,0.0065084157733699,0.0062999636874786,True,"[15.197467769182165, 11.415945764018012, 18.024965795099153, 8.711623430055969, 15.35033749746643]"
NU00252,kelvin_log,0.0123747196347889,0.0122622215096245,True,"[8.857018674613915, 9.102039526217622, 8.118583743581013, 7.060207695936391, 24.08233699074548]"
NU00253,kelvin_log,0.0050876794126659,0.005086641584234,True,"[7.4057908178860234, 9.756995895770947, 8.012518324661508, 17.71870425659873, 12.31725317138567]"
NU00254,kelvin_log,0.0132232761820375,0.0128452363612298,True,"[1.5899863263208238, 2.5662690517984226, 1e-06, 4.33795867325569, 2.6236327444854264]"
NU00255,kelvin_log,0.0174745616235063,0.0173688738652081,True,"[0.11985271410246996, 2.0563043179577485, 1e-06, 2.6845953343796705, 1.6787984452820006]"
NU00256,kelvin_log,0.0247801853918793,0.0242169683872301,True,"[6.925745066099981, 2.0235929897785336, 4.967005464785754, 15.60762915578907, 27.062146207590192]"
NU00257,kelvin_log,0.0111184039543353,0.0108808100929369,True,"[0.06522744582204884, 8.492107500937902, 7.56742395107793, 33.08679080183669, 25.893399625202658]"
NU00258,kelvin_log,0.0055017405422136,0.0051407582249693,True,"[0.7584058634801276, 4.865818726387088, 21.407496783524604, 13.0887681830316, 20.025855582041462]"
NU00259,kelvin_log,0.0195437799381633,0.0190555722884426,True,"[1e-06, 3.7156062556380864, 1e-06, 6.7457168253514626, 1e-06]"
NU00260,kelvin_log,0.0202695759847253,0.0200762354786833,True,"[1e-06, 10.946024883610416, 24.28346004892802, 1e-06, 8.891357907770763]"
NU00261,kelvin_log,0.0095411201005158,0.008846051672344,True,"[1.2040194934025858, 6.878369998479393, 9.697299108383282, 10.620750835581957, 10.967506464535388]"
NU00262,kelvin_log,0.0328453437646588,0.0319408691412024,True,"[0.1654609647397375, 2.164743701982475, 1e-06, 4.9465412387586785, 0.024304913057663115]"
NU00264,kelvin_log,0.0124375012835832,0.0107736256256306,True,"[1.201640762118436, 5.121609760326176, 1.8472076994828233, 31.65558357943243, 18.126831830197112]"
NU00265,kelvin_log,0.0285015717156623,0.0278488286733462,True,"[1e-06, 4.479438274173007, 1e-06, 5.336110202706136, 3.2844661248834472]"
NU00266,kelvin_log,0.0033826790222638,0.003302600171385,True,"[10.170556306694362, 7.819347883418545, 19.292602485571347, 7.180528375336672, 14.533604436430172]"
NU00267,kelvin_log,0.0068757332178945,0.0068002647131919,False,"[11.372326538911457, 11.841731997105846, 14.758212628542404, 7.50587582835817, 13.064420113888987]"
NU00268,kelvin_log,0.0040868533403807,0.0040998146005548,False,"[8.511555473987553, 7.067478249368759, 16.15305088856627, 3.388325182099656, 13.226261048517566]"
NU00269,kelvin_log,0.0033691978134714,0.0033730871096556,False,"[8.166958845408216, 7.993874936054389, 13.643932347082574, 7.904201111810506, 14.830382983153083]"
NU00270,kelvin_log,0.0325002185615389,0.0341029278945516,True,"[0.000491586329033377, 1.359349663683052, 1e-06, 4.548780071263916, 1e-06]"
NU00271,kelvin_log,0.0253163988272412,0.0254610858779554,True,"[0.3451255769729634, 2.8099301586008965, 1e-06, 6.191525128832105, 1e-06]"
NU00272,kelvin_log,0.0228074483663621,0.0215735450761947,True,"[0.3402701376896558, 2.026538070256959, 0.6772335962895681, 4.037602409416337, 1.4816369306868296]"
NU00276,kelvin_log,0.0304194811375428,0.017878398081848,True,"[1e-06, 8.010659543050851, 1e-06, 32.171221567463206, 3.7159319932582715]"
NU00277,kelvin_log,0.0194450709581305,0.0157916505413485,True,"[1e-06, 7.087624873393863, 7.973401660024271, 2.1093446704239747, 8.318601718128189]"
NU00278,kelvin_log,0.0241657055795704,0.0131356778939913,True,"[0.7447422524402187, 1e-06, 6.6761981960055445, 33.601124342544324, 6.442192162389977]"
NU00279,kelvin_log,0.0436599475551165,0.0436649542880066,True,"[7.171808095632581, 39.56893898460363, 1e-06, 66.94621379333397, 1e-06]"
NU00280,kelvin_log,0.0075759120954411,0.0073999760886736,True,"[15.49181737855106, 24.095888261995928, 1e-06, 60.491621500957486, 30.042501414726235]"
NU00282,kelvin_log,0.0075452213859988,0.0073898106347487,True,"[13.067201126460075, 18.76691733466033, 1e-06, 35.1433387192347, 12.458707757429897]"
NU00283,kelvin_log,0.0560706144674781,0.0542244894851526,True,"[2.072908694340003, 24.186847485453036, 1e-06, 39.91918347536414, 1e-06]"
NU00284,kelvin_log,0.0019929117241687,0.002,True,"[5.452669995582809, 10.563976198141189, 32.48390854612322, 3.4412630828364557, 17.87246555879661]"
NU00285,kelvin_log,0.0043394362740749,0.0042270878573935,True,"[21.497786006844585, 5.466579512679053, 55.3567133232014, 30.558265698296903, 38.84891447457344]"
NU00286,kelvin_log,0.0170052142583085,0.0162784376164809,True,"[14.322863796396398, 7.14332836938835, 9.433317204843453, 64.47470852255941, 51.81648587372824]"
NU00287,kelvin_log,0.0193566323866927,0.0193521866951041,True,"[5.878000947873129, 11.70799126776307, 35.40087661331147, 8.833262617355638, 36.30240462942355]"
NU00288,kelvin_log,0.0110884456088189,0.0109847062737043,True,"[10.466190797389462, 10.237736486038406, 45.144357042832326, 14.584136046513176, 44.83957741824128]"
NU00350,kelvin_log,0.0293228499728479,0.0290829183986401,True,"[1.5442678034575534, 10.194111585270305, 12.58103302990246, 1e-06, 2.4092918001879386]"
NU00351,kelvin_log,0.0112152529988293,0.0105131737045902,True,"[3.7631179467148352, 6.567026616671318, 9.427059979900738, 19.65783034623139, 16.910997094490753]"
NU00352,kelvin_log,0.010565200806348,0.0094446865751964,True,"[1e-06, 3.795669105400784, 10.019471263056632, 6.502770429150776, 10.780270241361901]"
NU00353,kelvin_log,0.0064092994370396,0.0061184366867928,True,"[1.3635679118409747, 7.250373021148797, 4.920502209207353, 7.392587855684108, 5.994714533535328]"
NU00354,kelvin_log,0.0056592678799056,0.0054917586857677,True,"[0.9126222694351656, 4.565860585003303, 9.156965574943204, 7.42388603048918, 8.659927829856166]"
NU00355,kelvin_log,0.0057828813794255,0.0055632150584618,True,"[4.325814276937123, 9.186866958543105, 7.588621509830156, 14.653351031024808, 11.44838271967275]"
NU00356,kelvin_log,0.0116889533047312,0.0116734224271533,True,"[1e-06, 2.542368860012162, 8.84922007346768, 8.418897803258123, 12.332219633217994]"
NU00357,kelvin_log,0.015514702948956,0.0143088542928304,True,"[2.1600588647371444, 0.4963996544346489, 4.446231976944231, 6.570377151115518, 3.4584441829175923]"
NU00414,kelvin_log,0.0495150921082767,0.0503288966927756,True,"[1.2529450180643031, 1.7630107043709944, 7.773511664847119, 1e-06, 2.1970911993312323]"
NU00415,kelvin_log,0.0203565169008193,0.0199204128313359,True,"[2.9711220415813404, 3.3544815446116556, 8.655869331173648, 4.389012943121276, 9.753445284188262]"
NU00416,kelvin_log,0.06016080027458,0.0620423117630232,True,"[1e-06, 0.946864217207583, 3.761647683631848, 1e-06, 1.2064958924232396]"
NU00417,kelvin_log,0.056107194520944,0.0570934747628213,True,"[1e-06, 0.2559092671701392, 4.892200699415591, 1e-06, 3.205051952920248]"
NU00418,kelvin_log,0.0500828722509269,0.0509889004983647,True,"[1e-06, 0.6877917270080303, 1.2800997666236222, 0.9251376292186867, 4.179032162906122]"
NU00419,kelvin_log,0.0326936382721149,0.0326518475626178,True,"[1e-06, 0.7471873133014871, 5.647796793390067, 1e-06, 2.6165328857560572]"
NU00420,kelvin_log,0.0229114509859613,0.0226732830109809,True,"[1e-06, 0.7840108649422388, 5.280432973534852, 1e-06, 1.0090845728028013]"
NU00421,kelvin_log,0.0459842437682846,0.0464791262990758,True,"[1e-06, 1.6760567383429714, 1e-06, 5.719745221452529, 2.2998513765258783]"
NU00422,kelvin_log,0.0309857781269102,0.0268239484423818,True,"[1e-06, 2.8193246406006396, 8.828871587849179, 2.3244828039512444, 8.090751959918743]"
NU00423,kelvin_log,0.0104613528611605,0.0090166754008986,True,"[1e-06, 7.148616673801236, 12.5095940724165, 8.764263127012805, 13.46157013190048]"
NU00424,kelvin_log,0.0217984695730657,0.0202518652249539,True,"[1e-06, 1.7559379384231597, 6.282016100133066, 1e-06, 2.9410025499742827]"
NU00426,kelvin_log,0.024895310772629,0.0245364359369499,True,"[1e-06, 1.6104866639650603, 5.114191061917923, 0.8418487015368225, 3.695823399989465]"
NU00427,kelvin_log,0.0310811737773438,0.0301711946788916,True,"[0.5542268908641411, 1.8970792257161087, 4.0896799122388, 4.971725895703317, 2.3944551750854033]"
NU00428,kelvin_log,0.0237933231794903,0.0232595283347101,True,"[0.7550780667725775, 0.4722479577217609, 2.081612680117154, 2.5534724652932255, 1.6051202740188835]"
NU00429,kelvin_log,0.0587476321822888,0.0558307509325725,True,"[0.764148886767385, 0.6581784049025106, 3.121827559196926, 3.7685801680448408, 1e-06]"
NU00430,kelvin_log,0.0103923680917464,0.0100280018818422,True,"[0.7484288007380381, 1.948094941956123, 5.860996465265301, 2.7870014633586226, 4.6150354267598575]"
NU00431,kelvin_log,0.0149710799187052,0.0142794004758423,True,"[1e-06, 1.4979199232072005, 3.9599389535447207, 1.9947546503926985, 2.9269312700285472]"
NU00432,kelvin_log,0.0152853381187996,0.0151161948255124,True,"[1e-06, 3.4273327479012923, 10.018819117276745, 1e-06, 2.530640894666409]"
NU00435,kelvin_log,0.0220887325180177,0.021769118778565,True,"[1e-06, 1e-06, 6.142868925865583, 0.1835178406420305, 2.9072172401757674]"
NU00439,kelvin_log,0.0204749662912825,0.0198506101589343,True,"[1.4330214409314528, 1e-06, 6.544203288719805, 3.086117031339911, 0.4889279564483386]"
NU00445,kelvin_log,0.0266836911536636,0.0260710383465415,True,"[2.483883190363246, 1.535420826431663, 8.850500894077365, 4.480889251864149, 6.599190943337896]"
NU00446,kelvin_log,0.0275944041843853,0.0268841773246712,True,"[0.5605360890884333, 0.3367911467164587, 2.2995726648504613, 3.446135835951887, 2.184159275528624]"
NU00448,kelvin_log,0.022890727124411,0.0218143777916103,True,"[1e-06, 0.5179068014000234, 8.513499706059783, 11.575265539113902, 5.102188324836053]"
NU00449,kelvin_log,0.0086608352120803,0.0084103252752797,True,"[1e-06, 5.643081244819357, 13.155662935215997, 12.707085456627269, 16.894111297121444]"
NU00472,kelvin_log,0.0041755064645683,0.0036898764564638,True,"[1.1690037792061843, 11.558134116575285, 19.000322615471244, 6.801570686628538, 14.543546027625819]"
NU00473,kelvin_log,0.0075473067917859,0.0062622686898764,True,"[1e-06, 6.095374809805989, 12.873705098993062, 12.200577823951736, 14.145984754394183]"
NU00474,kelvin_log,0.0042835922224223,0.0036976923756586,True,"[9.923271848353831, 8.574852308266484, 14.246616427837282, 14.012832825372362, 14.98781865092567]"
NU00475,kelvin_log,0.0044727628979325,0.0037097066796999,True,"[7.951441547032134, 5.1262582158204095, 10.596747688365566, 17.404319201194504, 12.212810595578615]"
NU00476,kelvin_log,0.004122081808148,0.0035330742872717,True,"[7.306978589955295, 5.578097640801269, 11.013676998047716, 11.203330137076449, 11.333072712022267]"
NU00477,kelvin_log,0.0019068661988423,0.002,True,"[1.2202812452007967, 10.350776725279353, 14.745201493170612, 12.206422849917542, 13.627489211987683]"
NU00478,kelvin_log,0.0064705606890682,0.0055190029010507,True,"[1e-06, 4.97895120690716, 15.525108534428067, 7.580121221736984, 13.888267919956958]"
NU00479,kelvin_log,0.0057479301597343,0.0047294792100034,True,"[3.263261992441227, 3.104775694532199, 13.31015479678916, 14.531164344770016, 14.404284585319271]"
NU00480,kelvin_log,0.0042008472445141,0.0034916868517413,True,"[1.8263718257872585, 2.348068055068326, 9.798229078289856, 8.812342188394291, 9.686648524028772]"
NU00496,kelvin_log,0.0050517579948225,0.0048248079008302,True,"[2.448354202114881, 3.340239044440899, 7.148300639072512, 5.213532849012374, 4.717933754060176]"
NU00497,kelvin_log,0.0097801592503671,0.0097242744990358,True,"[2.405582792131144, 1.6458910452879554, 3.826320856128974, 3.42896200635569, 5.196041845690497]"
NU00498,kelvin_log,0.0139851095285984,0.0137410054702721,True,"[1.9972729410723706, 1.2194247746446596, 2.74111983569272, 4.023275022777798, 2.892510620207045]"
NU00506,kelvin_log,0.0249258942916683,0.0248293718733433,True,"[0.23189956832202516, 1.1551574836587566, 4.320553088867628, 2.8298064882090563, 1.6955091001688691]"
NU00507,kelvin_log,0.0451908801281811,0.0407946741380774,True,"[0.5955393507246505, 2.7756484965954673, 2.178929605823407, 11.254110789726711, 1e-06]"
NU00508,kelvin_log,0.0357094713496785,0.0351439430868517,True,"[0.27689189537424147, 1.8095344588247098, 3.1046030299161522, 1.3228888321679342, 8.147066720350537]"
NU00543,kelvin_log,0.0126472195491788,0.0124483999992548,True,"[1e-06, 9.92564999244575, 38.18254038799956, 8.910532587815263, 23.687105223459845]"
NU00544,kelvin_log,0.0220915747887511,0.0213602647017217,True,"[0.6537679805837934, 15.3665682975701, 39.84401674747271, 19.2801992765107, 1e-06]"
NU00545,kelvin_log,0.0226813416043482,0.0219282692661563,True,"[1.3625204835624913, 12.745959666858298, 31.232199578083847, 20.222051712853055, 1e-06]"
NU00546,kelvin_log,0.026377780052041,0.0263673498524593,True,"[1e-06, 10.556991418780006, 23.78563674398459, 0.8846792922157432, 28.06881985482122]"
NU00547,kelvin_log,0.0264539489700658,0.025587217367569,True,"[1e-06, 18.130161939105697, 8.461918229949722, 8.835549651731235, 2.4448139695603537]"
NU00548,kelvin_log,0.0251250118442032,0.0246196560339301,True,"[2.036289737250162, 2.38657478501194, 9.707649437340566, 2.389570007582265, 8.051439162249489]"
NU00549,kelvin_log,0.0230061878355018,0.0233366310522029,True,"[1e-06, 9.85257348927129, 7.536679612353929, 1e-06, 2.5164348525152613]"
NU00550,kelvin_log,0.0251641878386617,0.0249317100840956,True,"[0.8380571290512718, 7.37340342934977, 6.1881898033810065, 4.318777658440126, 1e-06]"
NU00551,kelvin_log,0.0463208930102194,0.0476571455129692,True,"[51.10886205244072, 0.23129443106641126, 30.984949236129523, 1e-06, 1e-06]"
NU00552,kelvin_log,0.0156694342614134,0.0151507481016129,True,"[11.482645361897724, 13.485415626793614, 12.398421068402346, 1e-06, 4.8716751476487445]"
NU00553,kelvin_log,0.010603151496536,0.0106276566234146,True,"[8.534608849134736, 17.155112916668845, 13.291116149763134, 1.572802178008857, 6.467688101273802]"
NU00554,kelvin_log,0.0380672409711053,0.0360234758669609,True,"[9.32628315907015, 10.467547932936148, 4.868772841703144, 1e-06, 17.670169364206522]"
NU00555,kelvin_log,0.029152954225547,0.0229579577231872,True,"[6.230735213222913, 1.3599578868587203, 5.156717760584493, 2.7187441445621663, 6.222727959715794]"
NU00556,kelvin_log,0.0553254219158547,0.0542222503147845,True,"[21.967869212450942, 4.791751442514664, 10.687052326692958, 1e-06, 1e-06]"
NU00557,kelvin_log,0.0455564300505237,0.0449145572281091,True,"[17.8402178209592, 7.316047172995991, 6.225895778008626, 1e-06, 1e-06]"
NU00558,kelvin_log,0.0394026064009028,0.0388375267319766,True,"[14.364903026743772, 6.651847408390235, 8.212428358074453, 1e-06, 1e-06]"
NU00559,kelvin_log,0.0269939461048637,0.0271439117014692,True,"[9.319388350709964, 6.261436970764993, 10.772764586951759, 1e-06, 1e-06]"
NU00560,kelvin_log,0.0264112853837472,0.0216767452465104,True,"[2.672143108735204, 2.5499764762413766, 1.4485985579806393, 2.82125295454565, 4.190836514365349]"
NU00561,kelvin_log,0.0288404183120561,0.0261681797541489,True,"[17.24479866814698, 28.469934870041744, 5.671044206034901, 6.180609591292971, 3.4909421959570137]"
NU00562,kelvin_log,0.0262719692932399,0.0237004048333833,True,"[15.018172910620896, 23.226881218987348, 1.7599926108040738, 7.438879637858965, 1e-06]"
NU00563,kelvin_log,0.0708847860466506,0.0647478605078547,True,"[16.62230448559685, 12.07733526225465, 8.407246729783562, 1e-06, 5.852354459527294]"
NU00564,kelvin_log,0.0750914728070321,0.0689837122524836,True,"[18.867843745355966, 5.36637803768638, 7.136373028801425, 1e-06, 3.136095844159635]"
NU00565,kelvin_log,0.014441688086918,0.0091236658273069,True,"[3.1853564663785714, 2.4658914897811735, 8.064132506510573, 2.645107605589867, 5.483286065047457]"
NU00566,kelvin_log,0.0105515781959362,0.00703033204811,True,"[3.334800523909882, 0.9324031701233162, 5.269005882802022, 0.8727878360800222, 3.939270472990395]"
NU00567,kelvin_log,0.0146583538030953,0.0145178154329263,True,"[6.022496929501005, 7.049709376544892, 5.965983251142585, 5.226385722860252, 11.276175065814707]"
NU00568,kelvin_log,0.0142924659624777,0.0143578668201785,True,"[5.809936281688972, 1.8976134429742932, 5.233348195669656, 0.45566538864771, 8.602769999143153]"
NU00569,kelvin_log,0.0093619981958013,0.0090871524067587,True,"[7.836719397152761, 2.206788300669889, 6.764374101263356, 6.910054354291321, 7.807577227299194]"
NU00570,kelvin_log,0.0238453698449356,0.0219652091909768,True,"[3.8803446089767655, 4.65685809126215, 5.562966932405223, 4.167776077367419, 4.421036007671377]"
NU00571,kelvin_log,0.009827849477936,0.0086350351152491,True,"[4.008235135740888, 2.5592436060628803, 6.437771676850886, 4.876200843123102, 6.133230927324855]"
NU00572,kelvin_log,0.0206858794397289,0.0183397458968896,True,"[1.3835973475812904, 3.5659299396968582, 1.87040339687818, 2.747352711239935, 4.982964261947779]"
NU00573,kelvin_log,0.0469330154434721,0.0478681058875407,True,"[9.667328118510369, 0.8398184801817168, 3.080673757309441, 2.6780079624387927, 17.940742126194504]"
NU00574,kelvin_log,0.0289632047231213,0.0289732238280739,True,"[7.118129891095944, 1.3728070258580565, 2.2624835206944285, 5.8450639615733495, 12.224445020600454]"
NU00575,kelvin_log,0.0211742599405896,0.020966922234961,True,"[1.304036194822333, 3.4895595838977673, 3.578719173071757, 2.9194015769993453, 11.446232775251843]"
NU00576,kelvin_log,0.0696537125386581,0.0676084316087055,True,"[4.008702224649004, 1e-06, 8.973277416365166, 1.9382288468477236, 1e-06]"
NU00577,kelvin_log,0.0500143441966252,0.0496502801350043,True,"[11.605568575980142, 1e-06, 10.759032111670159, 11.218354134855929, 1e-06]"
NU00578,kelvin_log,0.0279145168759628,0.0289656183122991,True,"[6.975971866730189, 1.21257871072051, 0.7406896749706581, 1.7368230244604492, 10.026184725159041]"
NU00595,kelvin_log,0.0093924879960697,0.0092746675101182,True,"[0.907527865750707, 2.381930591523702, 4.433943177478196, 1.7479133163827572, 4.05080816871789]"
NU00596,kelvin_log,0.0171495772257815,0.0171161742700725,True,"[1.890632303498257, 0.6452881770158386, 3.1469709699772257, 1.1733069584189404, 3.1471856045287394]"
NU00597,kelvin_log,0.0109101830300497,0.0105425118460679,True,"[5.03715932867219, 2.036650982360951, 11.478967624506042, 16.808583533190895, 14.282632085777522]"
NU00598,kelvin_log,0.0132518771086194,0.0132945728982297,True,"[3.1568928357902815, 1.57112562016257, 4.775097403481463, 6.124743577947604, 7.49464292819452]"
NU00650,kelvin_log,0.008077049936263,0.0065851731938303,True,"[1.2963984995510538, 9.765152950421905, 10.53806562434518, 0.804378026314111, 6.677526121652368]"
NU00651,kelvin_log,0.0143371257691283,0.0117921741925717,True,"[7.620428761639195, 4.27279501651442, 10.009821689805927, 0.7297399237597485, 7.203363619380131]"
NU00652,kelvin_log,0.0058390672787534,0.004433333597101,True,"[7.429789269877503, 6.405552922061337, 9.110272102758167, 5.192740490101663, 7.6994672908446775]"
NU00653,kelvin_log,0.0059785331265546,0.0041629014568535,True,"[4.0211315687928035, 7.40169069579831, 10.04577837632692, 12.317610257634051, 8.594449415702574]"
NU00726,kelvin_log,0.0107653500902126,0.0096840592266897,True,"[5.850322732754259, 12.362259347665166, 20.169173070458736, 0.3094231291464422, 14.223684413280596]"
NU00727,kelvin_log,0.0136418404773572,0.0114235862298219,True,"[2.101531076171967, 5.750748040163935, 6.447869972821285, 3.251839184146208, 6.809323502116778]"
NU00728,kelvin_log,0.0194361088584822,0.0185791444631751,True,"[0.93870674148256, 14.398039068746492, 14.522366480269387, 18.2276757091863, 4.428690666713721]"
NU00729,kelvin_log,0.0531077537482101,0.0557475094152825,True,"[1.3834264602955215, 5.658004091460436, 7.641893877023747, 1.9952733813118257, 2.945951137259609]"
NU00730,kelvin_log,0.0122859948858875,0.0113064063088643,True,"[8.36806199828841, 24.942043570232645, 42.11933393639608, 1e-06, 5.633913619252341]"
NU00731,kelvin_log,0.0141052386146497,0.0110858669930351,True,"[3.9193535361285474, 8.652089111524466, 3.6496562926623253, 10.677985861084787, 8.727058057640413]"
NU00732,kelvin_log,0.0151567483079667,0.0148927815841233,True,"[8.815157131334768, 10.740605344210863, 9.151742477457372, 7.075790086735211, 17.13837762176722]"
NU00733,kelvin_log,0.0260989471519728,0.0255771937847211,True,"[1.6062390777406463, 7.381867113548635, 4.293599209547029, 4.564529744280466, 8.378023366244149]"
NU00734,kelvin_log,0.0075485404260436,0.0065335303323732,True,"[11.871643362100237, 19.32229032492927, 31.51394555833252, 6.767866280741561, 26.64970755933509]"
NU00735,kelvin_log,0.0265146755102205,0.018247009257938,True,"[0.18797727272440745, 9.076647186004806, 8.840390802284443, 26.778966580190506, 15.564855863272195]"
NU00736,kelvin_log,0.0165364588376742,0.0165764708843927,True,"[5.9144145712380505, 17.86870126384312, 18.64926946873559, 15.080485798050454, 9.82419837013711]"
NU00737,kelvin_log,0.0244645739355548,0.024348500458062,True,"[2.565168049676461, 8.697061005154035, 1.4991403036621715, 25.254326860407904, 12.222662356184482]"
NU00738,kelvin_log,0.0307302480333348,0.0266116268417314,True,"[1e-06, 4.222203749449141, 11.240797169865699, 0.19050617694243174, 4.785880800368203]"
NU00739,kelvin_log,0.0117901651243905,0.0098867090453689,True,"[4.783812834345204, 11.243382708451833, 20.363835896542682, 8.717597779627916, 8.793580421972223]"
NU00741,kelvin_log,0.0171697582589481,0.0161527793821694,True,"[1.8174595159418594, 9.9069551986109, 15.515208683757258, 15.581075084500577, 7.03212518873467]"
NU00743,kelvin_log,0.0201561705344525,0.0189114926550292,True,"[2.636781667529822, 24.849843031762394, 42.32431811026751, 1e-06, 1e-06]"
NU00744,kelvin_log,0.0171137749689952,0.0160307766647453,True,"[2.0076502190949896, 4.4719175644829, 5.0194683006521545, 9.911879460761572, 4.477352483270415]"
NU00745,kelvin_log,0.0251135870145494,0.0247681319000791,True,"[10.358756079259068, 13.068162881430698, 22.99222499124417, 8.37596199691254, 4.419431811468184]"
NU00746,kelvin_log,0.0204362386827966,0.0174669525456155,True,"[6.442917588441744, 6.056637913871849, 24.5167599919906, 1.247092362449809, 18.130327795665462]"
NU00747,kelvin_log,0.0094813442632989,0.0084751030348479,True,"[11.91899967452895, 17.249712237196473, 42.26417529329559, 1e-06, 21.030070668695505]"
NU00748,kelvin_log,0.0181581409007419,0.0176961466191106,True,"[3.7997258439988952, 8.762287773522987, 1.9791953466429608, 24.064207018920147, 14.546929490966425]"
NU00749,kelvin_log,0.0186685061642396,0.0184800983139723,True,"[17.96392549825172, 13.543654870700335, 15.89081727841821, 13.810585152601668, 17.18216283856044]"
NU00760,kelvin_log,0.0636083129850874,0.0748500029391493,True,"[1e-06, 2.8588717525550416, 1.6279924031816928, 1.3087685049968547, 9.379516121550628]"
NU00761,kelvin_log,0.0229614460841708,0.0183100370343701,True,"[0.7313161781126134, 5.308448524777311, 9.950066326702729, 3.0086996951886387, 4.329172840240371]"
NU00763,kelvin_log,0.0152806575614719,0.0122649884572227,True,"[4.97501111238165, 12.336012883614034, 18.200463532902187, 13.312539980039034, 6.973536084656083]"
NU00765,kelvin_log,0.022127466571285,0.0178854004194343,True,"[4.031511585262485, 6.935664771098455, 9.822429786606255, 7.8508353083095965, 3.6778031478381488]"
NU00766,kelvin_log,0.0221269134752192,0.0215244310347258,True,"[10.229565012071983, 17.799615097643272, 16.466012249721498, 15.08673250839622, 1e-06]"
NU00767,kelvin_log,0.013843157351988,0.0130136722093185,True,"[4.353467908914337, 32.680149510024584, 44.61338786035979, 1e-06, 1e-06]"
NU00768,kelvin_log,0.0170054428345092,0.0150310491510575,True,"[3.2092770884183213, 8.950062224232726, 9.265075519886498, 22.101023554576805, 6.288772433722334]"
NU00769,kelvin_log,0.0174140335847897,0.0148300174501995,True,"[6.8047790646577, 7.170427271385183, 21.638386866895683, 8.412894598843442, 17.884849580284968]"
NU00770,kelvin_log,0.0225985936848608,0.0224866398394065,True,"[7.8869590927619395, 19.249343057637375, 23.358724786757374, 16.184259710074546, 5.084331627116602]"
NU00771,kelvin_log,0.015824608630625,0.0143955099407914,True,"[2.9226840086677086, 14.638847146642503, 48.85305935889061, 1e-06, 12.530644407935464]"
NU00772,kelvin_log,0.0027653126206661,0.0025460914008326,True,"[0.08930879983619629, 0.6806085179994329, 0.8644638990227977, 0.21590706930896517, 0.6010418517853564]"
NU00773,kelvin_log,0.0049394272392026,0.0042509172331458,True,"[0.38038743382214135, 1.039601856367106, 1.4513808913053277, 1e-06, 0.892241222677758]"
NU00808,kelvin_log,0.0146422351106914,0.0145629167812144,True,"[1.0917816874033908, 3.517169019783394, 4.583810688043232, 5.871217952768729, 8.001568840371517]"
NU00809,kelvin_log,0.0295205307533003,0.0296825602609279,True,"[5.9760214100279585, 2.4230990286987573, 2.648227513800877, 4.4488557298394324, 11.506585950234589]"
NU00811,kelvin_log,0.0178153410207548,0.0174640326471988,True,"[1.3779404887190978, 3.8425150518124234, 11.493165816014965, 4.035167134401906, 11.605509836235798]"
NU00812,kelvin_log,0.011524799742863,0.0114672003869251,True,"[1e-06, 7.074187323691602, 13.47818896986021, 12.00875018894132, 11.30404458361544]"
NU00813,kelvin_log,0.0106395305581662,0.0108009591731449,True,"[0.9228984561028736, 3.1930013408157465, 14.508197486571401, 2.5435975491378895, 11.5461434185192]"
NU00814,kelvin_log,0.0147979462872357,0.0142987739557516,True,"[1.1579221347106734, 3.4628562853880513, 3.9559396581199633, 6.372468775035011, 8.331116951917574]"
NU00816,kelvin_log,0.0224908998450354,0.0222535209448027,True,"[0.5818075866192152, 4.97873322557524, 4.147906211788331, 6.917993636440463, 6.8477159665860485]"
NU00818,kelvin_log,0.014107030922161,0.013459131216866,True,"[0.26844119685755624, 7.59973029859279, 19.527972005260757, 3.4168308898437045, 22.716957943893092]"
NU00820,kelvin_log,0.0138537509048758,0.0133582183309994,True,"[0.6890111372586496, 5.4971739920888645, 14.793283248714355, 3.980726717026497, 10.385686005231172]"
NU00821,kelvin_log,0.0138537509048758,0.0133582183309994,True,"[0.6890111372586496, 5.4971739920888645, 14.793283248714355, 3.980726717026497, 10.385686005231172]"
NU00822,kelvin_log,0.0106507872624948,0.0101017343844563,True,"[1e-06, 7.888398775424822, 12.46607558104645, 13.712691475531178, 10.904197230125325]"
NU00823,kelvin_log,0.0157637476339189,0.0149885814206665,True,"[0.11736808172176787, 1.9956385665327974, 5.011290986094359, 4.253260121559534, 5.696726246726124]"
NU00824,kelvin_log,0.0069751252758439,0.0066793636412274,True,"[0.9458234158051134, 4.601427726190635, 14.619648592448938, 6.657375216274342, 11.867413170422228]"
NU00825,kelvin_log,0.0069751252758439,0.0066793636412274,True,"[0.9458234158051134, 4.601427726190635, 14.619648592448938, 6.657375216274342, 11.867413170422228]"
NU00839,kelvin_log,0.0338803953205661,0.0348139425839612,True,"[1e-06, 22.470315155766777, 16.709071936628984, 1e-06, 10.622168713767314]"
NU00840,kelvin_log,0.0137029215340187,0.0136240489121755,True,"[1.2033594126811216, 8.63715621531172, 5.386271195426458, 8.808532029737766, 12.080761630679072]"
NU00841,kelvin_log,0.0355401973247548,0.0365756747934786,True,"[0.16962314231762518, 7.140526652582259, 1.179594821157528, 6.893399176547174, 1.6610665125792106]"
NU00843,kelvin_log,0.0282622300018512,0.0282974627822699,True,"[1.045665024662889, 3.515550236231272, 2.602370007945562, 1.4063129041439961, 3.6597558710000806]"
NU00847,kelvin_log,0.0167953190202697,0.016740138219953,True,"[1e-06, 17.81020974760713, 35.362844589044975, 1e-06, 12.951896327887024]"
NU00849,kelvin_log,0.0235062230106512,0.0233148342081354,True,"[2.3726399779900444, 3.4578782519966693, 11.286607940979545, 10.032526620856498, 1e-06]"
NU00853,kelvin_log,0.0450773987381225,0.0437526903326337,True,"[1e-06, 5.866640637609781, 1e-06, 4.256380939174913, 6.4034467312401295]"
NU00909,kelvin_log,0.0209220075324772,0.0197765290770418,True,"[19.37520672745041, 13.066502534107364, 21.707833732444623, 0.9566317474010703, 22.975173645338153]"
NU00910,kelvin_log,0.0048460000797709,0.0044645017194411,True,"[0.8820054078116679, 16.038583793602992, 20.74601675825175, 4.478294281991124, 17.034132526685227]"
NU00912,kelvin_log,0.0042572319018334,0.003938884595043,True,"[3.462163914189861, 18.531908927275527, 23.78580733780054, 5.127822600282232, 18.71710112818498]"
NU00913,kelvin_log,0.005670574573676,0.0052115202027307,True,"[1.7145701531378277, 17.41926779842261, 22.209575995811985, 5.440177766338452, 18.54554823904185]"
NU00914,kelvin_log,0.0070931069752249,0.006618620273062,True,"[8.40647384581054, 16.177634561569043, 18.90484619946261, 4.422587480564863, 17.28630651172894]"
NU00915,kelvin_log,0.003050668312491,0.0027999706142099,True,"[1.3289092934085067, 13.557266136114297, 15.465936062448767, 4.94887128493794, 11.960466725570004]"
NU00916,kelvin_log,0.0047108010468067,0.0045971010422859,True,"[1.7008858516639087, 36.406099215185925, 38.19370368487159, 15.303160569237896, 35.12877220368329]"
NU00917,kelvin_log,0.0039976838664684,0.0036613346181304,True,"[5.025804429857958, 15.988489401053574, 18.46963883411073, 6.4583243118634845, 15.49175704898145]"
NU00918,kelvin_log,0.0047462539639523,0.0043288537746251,True,"[3.7218764320777225, 13.5883469236935, 15.654635402972703, 5.904405955968838, 12.438826857622638]"
NU00919,kelvin_log,0.0052372722019575,0.0047911235608595,True,"[1.6465152147141093, 12.032316628698071, 15.228352365421625, 4.723726472630042, 12.625985554198603]"
NU00920,kelvin_log,0.0075608954581357,0.0069277859161191,True,"[4.516830469871798, 9.769527513062188, 8.539217405324438, 4.7471358129155945, 10.180547755526895]"
NU00921,kelvin_log,0.0032650400199619,0.003031725089921,True,"[7.49909887949624, 27.931170559413687, 35.149419260360176, 9.263348292353879, 23.347829697689473]"
NU00922,kelvin_log,0.0048373516288353,0.0044485715023093,True,"[3.5632718229340683, 14.828751317724132, 18.50082486684574, 5.971780343877929, 16.19871948422582]"
NU00924,kelvin_log,0.0584339042867917,0.0590515118820163,True,"[1e-06, 9.216237843889507, 17.61239824277259, 1e-06, 1e-06]"
NU00954,kelvin_log,0.0089308316930943,0.0090681915415226,False,"[16.088724930350736, 2.4685583226697783, 81.78179045382723, 78.28001184480064, 63.38883355531387]"
NU00955,kelvin_log,0.0094429780493906,0.009539966395928,False,"[6.104287147029051, 1e-06, 50.20639437606122, 55.61103622071162, 44.06178265880343]"
NU00956,kelvin_log,0.008497551877376,0.0086278663005889,False,"[1e-06, 9.055563371966771, 23.484566690741456, 38.95655713773917, 41.81373689003121]"
NU00957,kelvin_log,0.0143426328174103,0.0142273130936021,False,"[1.7445395041404272, 7.001912391571581, 19.495632817783193, 20.37350403429538, 31.561361637668103]"
NU00962,kelvin_log,0.0181150566730063,0.0171538617540621,True,"[1.482045634285146, 1.417136537428146, 1e-06, 22.832625506414438, 5.776858623167269]"
NU00965,kelvin_log,0.0338806807241678,0.0344217106635737,True,"[3.6779806801391666, 27.834026085323238, 1e-06, 106.08672038567113, 1e-06]"
NU00966,kelvin_log,0.0298623719494892,0.0296569704178662,True,"[6.717121587380322, 23.975362753427753, 1e-06, 84.38504830053657, 1e-06]"
NU00967,kelvin_log,0.0258059908523224,0.0250022091891978,True,"[1e-06, 13.574674162620058, 1e-06, 57.23512943139152, 1.861907188613212]"
NU01124,kelvin_log,0.0087956514765173,0.0078827878552168,True,"[1e-06, 5.917837489213052, 7.661686502302234, 7.346263425947938, 9.306180283244558]"
NU01125,kelvin_log,0.0047285679179185,0.0041786512124498,True,"[0.02755311452396315, 7.1765440785339445, 6.540243636542779, 11.133395576737882, 9.315843038311067]"
NU01167,kelvin_log,0.0064626574481698,0.0061492066384213,True,"[29.654024169856335, 89.0231788224816, 146.52933757946386, 1e-06, 30.22924838603637]"
NU01168,kelvin_log,0.0129095690469587,0.0122648776186226,True,"[17.73479875021949, 48.681915555405396, 133.9378966046359, 1e-06, 6.840628582787872]"
NU01169,kelvin_log,0.010781307564672,0.0102748857345225,True,"[12.038535987674445, 54.069715673635145, 113.3167343404569, 1e-06, 1e-06]"
NU01170,kelvin_log,0.024457884620976,0.0234232168027945,True,"[9.608984775551042, 88.70351769108515, 131.218592843027, 1e-06, 1e-06]"
NU01185,kelvin_log,0.029159532058458,0.030076171564412,True,"[11.954631234223639, 15.565726582235046, 14.361621611845264, 1e-06, 8.559766619493054]"
NU01203,kelvin_log,0.013821412461441,0.0110919848879971,True,"[10.805523780808613, 19.93002387960565, 12.31502951384299, 0.6408844461314455, 10.050255658121232]"
NU01245,kelvin_log,0.0251563956582903,0.0244821505623488,True,"[1e-06, 1e-06, 2.942961379259201, 21.98398306837086, 14.301396880173895]"
NU01247,kelvin_log,0.016460922006692,0.016374043714867,True,"[7.023107292776145, 4.3369702298511825, 5.433688935513057, 11.659280672686752, 7.75405857415804]"
NU01251,kelvin_log,0.0344484581456494,0.0349988235443522,True,"[1e-06, 1e-06, 14.84631584441563, 10.385406778913886, 1e-06]"
NU01253,kelvin_log,0.0316618670872448,0.0298783630516622,True,"[1e-06, 1e-06, 11.39135086137549, 15.483922891839361, 1e-06]"
NU01255,kelvin_log,0.039090948124523,0.037704291688628,True,"[1e-06, 1e-06, 11.964995907615165, 9.930439241276964, 4.654072208916928]"
NU01257,kelvin_log,0.0347238322085823,0.035532688366488,True,"[3.65665034276757, 1e-06, 7.819624467789693, 4.702721488510526, 8.17823586544032]"
NU01259,kelvin_log,0.0248892678908023,0.0249596984837375,True,"[1e-06, 1e-06, 17.57870286656166, 7.131475061078055, 1.2280910550392734]"
NU01353,kelvin_log,0.0057995014962701,0.0055506411655837,True,"[5.383674149853675, 1.1858795564598874, 5.156631478485491, 7.147521552732505, 6.079640400470736]"
NU01354,kelvin_log,0.0033301131338624,0.0032513489793004,True,"[0.42581293370863826, 3.57856445300176, 3.0352657423700102, 8.380926373422122, 5.793251829995191]"
NU01355,kelvin_log,0.0124424631183808,0.0118217735552419,True,"[1e-06, 2.6275830620265848, 7.9368288915378695, 7.216558757171138, 8.809371784081645]"
NU01356,kelvin_log,0.0036844146514479,0.0035144308593236,True,"[1.7430756654146677, 6.654803909888371, 8.893067724303139, 7.289496947161817, 8.702895650464304]"
NU01357,kelvin_log,0.0045038704069769,0.0044946391545474,True,"[1.3558460815912647, 6.497115576407752, 12.73810694944105, 1.7195961793067154, 7.773055605730154]"
NU01358,kelvin_log,0.0080866853592744,0.0080409834613043,True,"[0.7745823707433008, 10.3727858294177, 14.843733527808878, 3.5314496253973546, 7.8285483666646325]"
NU01359,kelvin_log,0.0123386622587716,0.0122693639450851,True,"[1.1691316511144085, 5.922189123817465, 7.167796456840476, 3.9892071010133177, 10.756486998973974]"
NU01360,kelvin_log,0.0188483964245943,0.0183638216186401,True,"[0.7070417768259376, 9.919941780730914, 6.5085317683191874, 8.915603919786433, 4.0477374689567265]"
NU01361,kelvin_log,0.0089143739600521,0.0088242611414987,True,"[0.3845600371468555, 0.7261531358877344, 7.624477774802976, 3.789009688301353, 5.596678066241544]"
NU01372,kelvin_log,0.0131573952814431,0.0119765306868329,True,"[3.1657219090523068, 8.171832579097666, 4.025895060292553, 3.5265610547510895, 4.347868502952095]"
NU01373,kelvin_log,0.0110768309199033,0.0108069738855408,True,"[2.610687591205979, 8.507642308277726, 8.64848583748548, 1e-06, 2.3640096066363716]"
NU01374,kelvin_log,0.010979780808749,0.010249318012759,True,"[2.959481804725509, 1e-06, 30.40236662091204, 27.38290587644093, 26.38265667252392]"
NU01375,kelvin_log,0.0077492760387635,0.0075419252045943,True,"[24.188500191109107, 30.69878322279134, 60.56875444896653, 36.012913329044856, 49.78501080308104]"
NU01404,kelvin_log,0.0217962547050461,0.0216923819238209,True,"[1e-06, 6.05408029394261, 20.21156239093634, 1e-06, 4.926003018213257]"
NU01405,kelvin_log,0.0156332220867907,0.0148347065152168,True,"[1e-06, 3.3695671461980896, 14.991761893148587, 2.5316248490238005, 7.899404667279871]"
NU01406,kelvin_log,0.0204468877728643,0.0208212662327335,True,"[2.497905174268564, 0.7752825024048472, 12.55201722519011, 4.510495572183631, 8.248626174182107]"
NU01407,kelvin_log,0.030293902907037,0.030426884109998,True,"[1e-06, 1e-06, 9.076015049439963, 8.107125281407155, 4.1428429511736615]"
NU01408,kelvin_log,0.0355847001296999,0.0308412961954643,True,"[1e-06, 2.8907667254277203, 1e-06, 15.053134217833932, 1e-06]"
NU01409,kelvin_log,0.0050451965196816,0.0042384611049438,True,"[1.695627613344818, 0.057588222098602856, 0.9889543389708338, 6.251565171033933, 2.9648649720605253]"
NU01410,kelvin_log,0.0052466320502458,0.0048659865169721,True,"[0.6651534474980016, 1e-06, 41.429263535922225, 27.267504039289364, 32.24037033924156]"
NU01413,kelvin_log,0.0132854996499663,0.0120580829569071,True,"[1e-06, 4.62983006113715, 12.22791860640843, 19.355463940157723, 18.532628576886374]"
NU01414,kelvin_log,0.0169593221533938,0.0158739623685954,True,"[0.16101059316068622, 2.6568818900109883, 17.67143623008879, 10.735863120225169, 15.635276357034654]"
NU01415,kelvin_log,0.0181072078450899,0.017389583807903,True,"[1e-06, 2.6773508682443956, 15.70126290040163, 1.7631340532833553, 7.10686708344148]"
NU01416,kelvin_log,0.0111961077179345,0.0106645063573283,True,"[1.6203870050667153, 5.702329685441434, 16.578086995142318, 18.505792099409828, 23.231983562748123]"
NU01417,kelvin_log,0.0094395849407342,0.0086324547445775,True,"[1e-06, 3.488933948334186, 15.481242553090961, 20.523707536718092, 17.697888373287192]"
NU01418,kelvin_log,0.0187472929242485,0.0166145427267005,True,"[8.265063379712435, 4.13495224940525, 16.98169989033238, 27.532899934034404, 9.691198561449887]"
NU01419,kelvin_log,0.0154189004239461,0.0153199766977449,True,"[1e-06, 2.261182827883347, 12.072709363480932, 19.259819230431344, 18.279895394298755]"
NU01420,kelvin_log,0.0091183213956933,0.0081809504172829,True,"[1.9230191204480664, 5.323748564926098, 2.4958595679638127, 21.09923361965882, 12.386221762456131]"
NU01421,kelvin_log,0.0168139621961902,0.0144734948811534,True,"[1e-06, 4.031744716486877, 2.2018630625044655, 19.93045470153538, 9.53043361821063]"
NU01428,kelvin_log,0.0105669952233214,0.0099597851119967,True,"[4.854359529094821, 1.9073778085035566, 22.533903053665142, 29.361858764180145, 34.83590211811376]"
NU01429,kelvin_log,0.0054093970581575,0.0049618730612973,True,"[9.777304141675309, 3.3070813695692225, 23.255890805434706, 35.700626921938664, 26.416544764021925]"
NU01430,kelvin_log,0.0175681482352724,0.0154339676467234,True,"[9.439736508059966, 7.82369732200736, 19.197913792860923, 43.14518588956567, 15.309177554167157]"
NU01431,kelvin_log,0.0100584614911054,0.0099062911208873,True,"[1e-06, 1e-06, 22.31390602827635, 33.32861294731009, 16.34961880719548]"
NU01432,kelvin_log,0.0107808272209777,0.0099396448365811,True,"[10.109504732989963, 4.752597974358239, 11.985537322939845, 21.929032742739782, 19.120344529884076]"
NU01433,kelvin_log,0.0100759471380674,0.0091923412142594,True,"[2.9729809871826975, 1e-06, 10.589316596546993, 12.695260068293855, 9.569807032620968]"
